date,Combined 75% V5 + 25% Radar,V5 S&P500 approx,Radar Top5 gated,SPY,QQQ,50/50 SPY/QQQ
2016-01-04,1.0,0.999,0.9996,0.986020597589368,0.9789027308377687,0.9824616642135684
2016-01-05,1.010945923193725,1.0075067751710294,1.0178305262618708,0.9876881834117716,0.9772038594293677,0.982439923697882
2016-01-06,1.0009129617490886,0.9964259700721819,1.011008424868342,0.9752292841955157,0.9678171139744619,0.9715250545885221
2016-01-07,0.9781667326885624,0.9707848012804854,0.9971550750011375,0.9518319889573799,0.9375112246074232,0.9446598428706762
2016-01-08,0.9641722460197923,0.9563395999505183,0.9846032414874619,0.9413841635310881,0.9298231302906173,0.9356019344367874
2016-01-11,0.9639992171798925,0.9573319380792192,0.9808314630600569,0.9423158934601095,0.9326840009603784,0.937504263354959
2016-01-12,0.9714455876118029,0.9668458505827247,0.9818946761238236,0.9499190292865333,0.9435009614798638,0.9467228519602503
2016-01-13,0.9433190716824517,0.9350638453837,0.965008535230322,0.9262272145897467,0.9109605033323224,0.9185910132908838
2016-01-14,0.9578032550814711,0.9522864927014544,0.9709548239760916,0.9414335747932432,0.9303595618970562,0.9359122854073794
2016-01-15,0.9382670478003876,0.9277103859584779,0.9669106579789394,0.9212242800212381,0.9014840344414643,0.9113429658912957
2016-01-19,0.9401631461019201,0.929929206092999,0.9677888609042519,0.9224506179595594,0.9034511216530846,0.9129438578035981
2016-01-20,0.9357357031706366,0.9235092549072756,0.9696026745056541,0.910629106314972,0.9006796073021074,0.9056937005339603
2016-01-21,0.9368044603808892,0.9246632929761021,0.970397516610644,0.9157304206545454,0.9015737578774167,0.9086800978738921
2016-01-22,0.9541883590584236,0.944614585779049,0.97961232630074,0.9345169721486959,0.9276776975585975,0.931155901049296
2016-01-25,0.9426172301089591,0.931596765563873,0.9725949599472559,0.9203901329074404,0.9139103632036997,0.9172084090609767
2016-01-26,0.9483333385544339,0.936550490986831,0.9806713487769784,0.932947323344112,0.9221351093972452,0.9275925131144258
2016-01-27,0.935794459386172,0.9214809066716991,0.9761440728354119,0.9227937517245242,0.8991599624953103,0.9109893068788099
2016-01-28,0.9445142270497512,0.934616448697514,0.970782793872457,0.9276007237067445,0.9118541399435963,0.9197926382967385
2016-01-29,0.9588786211605832,0.9487824211565985,0.9856959282336301,0.9502134601945355,0.9308959935034948,0.9406076499937326
2016-02-01,0.960186345200464,0.9501442312391761,0.9868287400038732,0.9498699722269748,0.9333991452043855,0.9417022752168729
2016-02-02,0.9590432477909018,0.9486360414801516,0.9868287400038732,0.9327511836565259,0.9131953658065605,0.9230247291445716
2016-02-03,0.9574002764449445,0.9464691849628405,0.9868287400038732,0.9383431571423364,0.9088147034831348,0.923577652926603
2016-02-04,0.9550315076241238,0.9433468870060827,0.9868287400038732,0.9398145147265047,0.908725494011218,0.9242564259806557
2016-02-05,0.9527021823451326,0.9402791184096623,0.9868287400038732,0.9219109017537638,0.8771680287937341,0.8994044062315034
2016-02-08,0.952071137124785,0.9394486964030642,0.9868287400038732,0.9095011481477157,0.8637586336780078,0.8864763453853298
2016-02-09,0.9542274874729725,0.9422857120343552,0.9868287400038732,0.9095500281059764,0.8610764756458145,0.8851238159164895
2016-02-10,0.9547435832724349,0.9429652281235599,0.9868287400038732,0.9087652037036844,0.8643840544860619,0.8864419169589803
2016-02-11,0.9523982449768112,0.9398766886110212,0.9868287400038732,0.896943869160395,0.8631327723293514,0.8800348352219056
2016-02-12,0.9536614428105279,0.9415388087073516,0.9868287400038732,0.9154361668478417,0.8762740984887255,0.8958060085366834
2016-02-16,0.9585076975671969,0.9479183430304745,0.9868287400038732,0.9308871039439399,0.8960312431394981,0.9134645789770586
2016-02-17,0.9593853447643897,0.9490756112562662,0.9868287400038732,0.9460932870461383,0.9163240851623725,0.931269202223741
2016-02-18,0.9593181453643418,0.9489869749058852,0.9868287400038732,0.9422179564422901,0.9058649904586252,0.924047057151294
2016-02-19,0.959050105056021,0.9486334366313994,0.9868287400038732,0.9417764429062608,0.9085464142564815,0.925198179724663
2016-02-22,0.9609119395675019,0.9510889196998424,0.9868287400038732,0.9554127115519282,0.9232973289289068,0.9394069273044253
2016-02-23,0.9607240091616098,0.9508409073421938,0.9868287400038732,0.9433459146095466,0.9080996326625617,0.9257431727446843
2016-02-24,0.9633106851551728,0.954254329338196,0.9868287400038732,0.9476624045468279,0.9167711604500274,0.9322811488704718
2016-02-25,0.9677642477167411,0.9601365871543512,0.9868287400038732,0.9591405167745037,0.9258004072063636,0.9425180579376049
2016-02-26,0.9632036641854491,0.9541037361888426,0.9868287400038732,0.9569333032969533,0.9246381876747023,0.9408419741790622
2016-02-29,0.9630264943068515,0.953869741449003,0.9868287400038732,0.9494283701402962,0.9163240851623726,0.9329227059280775
2016-03-01,0.964331458346208,0.9555931495008481,0.9868287400038732,0.9717463215174892,0.9457359708009693,0.9588600160679143
2016-03-02,0.9674639086072896,0.9597319035011583,0.9868287400038732,0.9761118685143294,0.9460935429229725,0.9611951109454313
2016-03-03,0.9697357300598378,0.962736790136785,0.9868287400038732,0.9799381420586187,0.9443053151957874,0.9621706257913514
2016-03-04,0.9699533382596592,0.963024840325181,0.9868287400038732,0.9831262310753983,0.944663107588092,0.9639180489923519
2016-03-07,0.9722745666884447,0.9660977037971498,0.9868287400038732,0.9839113211296374,0.938852523893821,0.9613384145087824
2016-03-08,0.9676879101478996,0.9600210137979186,0.9868287400038732,0.9731692418966419,0.9310748529879304,0.952108622748955
2016-03-09,0.972653741589893,0.9665896639936391,0.9868287400038732,0.9779760367775643,0.9370642961666363,0.9575223825017111
2016-03-10,0.9740462712832387,0.9684347944867607,0.9868287400038732,0.9787608611798562,0.9356338608317558,0.9571757553135473
2016-03-11,0.9808378983969614,0.9774381285883925,0.9868287400038732,0.9945552862435152,0.9519937032063285,0.9732670611157116
2016-03-14,0.9794370795210956,0.9755768440917317,0.9868287400038732,0.9932800683469332,0.9536029980256441,0.9734657281897993
2016-03-15,0.9787517401613809,0.9746666597642073,0.9868287400038732,0.9916611853814924,0.9532454993270746,0.9724899612185964
2016-03-16,0.9840616006656628,0.9817169242853807,0.9868287400038732,0.9974003300459793,0.9617381676301047,0.9796361184015859
2016-03-17,0.9902582871297736,0.9899594868406686,0.9868287400038732,1.0037276281212777,0.961201589176799,0.9824701391364765
2016-03-18,0.9911174438812942,0.9911046835203702,0.9868287400038732,1.0076722053326619,0.9627080177655343,0.9851705382429102
2016-03-21,0.9909910472182596,0.9909361568060865,0.9868287400038732,1.0091018555611402,0.9664737588319217,0.987796203941594
2016-03-22,0.9888729687446166,0.9881122086000597,0.9868287400038732,1.0085594828358735,0.969432796632508,0.9890429034676949
2016-03-23,0.9830762312609911,0.9803891713530659,0.9868287400038732,1.0019033076501032,0.9614528441668388,0.9817085303140931
2016-03-24,0.9831208359472895,0.9804484817097442,0.9868287400038732,1.0014594917971993,0.9617216473575276,0.9816283283954266
2016-03-28,0.9843499282246031,0.9820828167960135,0.9868287400038732,1.002051275784621,0.9603766768994462,0.9812319560542514
2016-03-29,0.9928241658923536,0.9933557770314098,0.9868287400038732,1.0113205806230638,0.9757986817556719,0.9936487681491376
2016-03-30,0.994146536971753,0.9951198825615098,0.9868287400038732,1.0157578536456127,0.9805507198066322,0.9982481192705892
2016-03-31,0.9924210590395693,0.9928169928185585,0.9868287400038732,1.0132922493742127,0.9791163196063332,0.9963064238652624
2016-04-01,0.9943607519653285,0.9957352208571117,0.9858419112638693,1.0201949495668634,0.9895171895271753,1.0049916566714394
2016-04-04,0.9824327766607903,0.9857045790400145,0.9683317068200009,1.0168917447063537,0.9857512281904872,1.0014522395074523
2016-04-05,0.9745731886904333,0.9765291679381748,0.9643856846119082,1.0067351623646992,0.9762469318182654,0.9916232119831109
2016-04-06,0.979617028683074,0.9844939776479039,0.9607528520228916,1.0177299651500067,0.9922967804558571,1.0051894127995957
2016-04-07,0.9802690062767573,0.9774001213407617,0.984078905422261,1.00555212569375,0.9780405928795426,0.9919548141398761
2016-04-08,0.9834865621904995,0.9816188618487787,0.9842564461070478,1.008263458016189,0.977322952238791,0.9929282235413125
2016-04-11,0.9892057645177875,0.9873859845084463,0.9898033073267836,1.005897296123642,0.9737368783146094,0.9899414696891248
2016-04-12,0.9945011670438187,0.9948529639804037,0.9885419319680073,1.0152647150812026,0.9818959839584485,0.9986983281729279
2016-04-13,1.002628778303496,1.002717381789534,0.9974139830998328,1.025520119947167,0.9944484541797394,1.0101259952483408
2016-04-14,0.997892391805487,0.9975504850169776,0.9939856819729098,1.025569265557375,0.9945383244625591,1.0101958427367355
2016-04-15,1.0029651009573377,1.0014607891854934,1.0025080893189693,1.0244352859459849,0.9920273164542652,1.0083620821486758
2016-04-18,1.007088281223056,1.0065700112073752,1.0036495999823414,1.031633833857022,0.9973178419678072,1.0145937039191526
2016-04-19,1.0260832716173094,1.0228830014019907,1.0305731480829157,1.0348878045566747,0.991220686611898,1.0130924292265595
2016-04-20,1.0263659707605706,1.0248037607217144,1.0259032933335361,1.0358738160335472,0.9920273164542652,1.013987266211472
2016-04-21,1.0173404398701658,1.0184397307436577,1.008930018537718,1.0303025633996081,0.9921175538542534,1.0113066137091298
2016-04-22,1.0167914663211761,1.018700806789387,1.005976363225225,1.0303025633996081,0.9771437990606211,1.0036749287358975
2016-04-25,1.0043715868810843,1.0101230211672785,0.9822371869377012,1.0285276541905886,0.9771437990606211,1.002810409934742
2016-04-26,1.0144125163137077,1.0213763329290637,0.9886878284261191,1.0300560383927277,0.9723916141627934,1.0011169890142364
2016-04-27,1.0227244675448646,1.0329515615339544,0.9874781835109496,1.0321760294809903,0.9645910351455954,0.9981316965922987
2016-04-28,1.014528434802445,1.0204109788417377,0.9917894311512463,1.0228081677701848,0.952934697932323,0.9875714310569422
2016-04-29,1.0190736973805192,1.024642237786336,0.9972252542237183,1.0172861492971026,0.9479137098438066,0.9823037972091104
2016-05-02,1.0288222357187524,1.0315077371032126,1.0153380071758875,1.0253719747113512,0.956879959294049,0.9908534540080277
2016-05-03,1.0144486724557826,1.012292960956599,1.0153380071758875,1.0164481945053965,0.9480033598563257,0.9819458916075076
2016-05-04,1.0120512132190644,1.0091031414675753,1.0153380071758875,1.0107779422458496,0.9419062779238503,0.9760493093256096
2016-05-05,1.0132865752041418,1.0107454926894746,1.0153380071758875,1.010581094153071,0.9416374747331615,0.9758149934638638
2016-05-06,1.0237424859613604,1.0246517457718507,1.0153380071758875,1.0142789692562768,0.9466584628216778,0.9802019382240638
2016-05-09,1.0126577548060658,1.0098589773619078,1.0153380071758875,1.0151168354973334,0.9493484037378406,0.9819994238681905
2016-05-10,1.0235029367204977,1.0242792547826305,1.0153380071758875,1.0277386679077918,0.962349564562327,0.9948286066765963
2016-05-11,1.0283574118110248,1.0307567976727607,1.0153380071758875,1.0181244582914037,0.9536522651496411,0.9856800186282196
2016-05-12,1.0273579955646681,1.0294211335313443,1.0153380071758875,1.0184206602123862,0.949438127173793,0.9836455666282802
2016-05-13,1.0219788140886468,1.0222344882834715,1.0153380071758875,1.0095458485153415,0.9459411892980943,0.9775482161126167
2016-05-16,1.0355934446135657,1.0403918703817427,1.0153380071758875,1.0195050514603234,0.9577766796895368,0.9884854653922378
2016-05-17,1.0292290738312277,1.0318667235602372,1.0153380071758875,1.0099892216150002,0.9457617424261897,0.9776722318346648
2016-05-18,1.0149895128953381,1.0128319858632695,1.0153380071758875,1.0102852464346845,0.9491690302893696,0.9795766339952826
2016-05-19,1.0192581149618458,1.0185113571315803,1.0153380071758875,1.0067844850762042,0.9442373250962035,0.9753346091417266
2016-05-20,1.0238007733081749,1.0245637973648416,1.0153380071758875,1.0131446354422904,0.954638562134214,0.9837872397522427
2016-05-23,1.0269195536570603,1.0287252703398044,1.0153380071758875,1.0117642193746688,0.9533830214183502,0.9824700930089072
2016-05-24,1.0307159222223472,1.0337959957141876,1.0153380071758875,1.024879013248239,0.9724809704815776,0.9986779375723385
2016-05-25,1.0379778857125668,1.0435075481285199,1.0153380071758875,1.0318309476017467,0.9794753601970102,1.005656444780685
2016-05-26,1.0367099195037732,1.0418079199985304,1.0153380071758875,1.032126972421431,0.9823443074444758,1.0072735192293127
2016-05-27,1.0389831856054879,1.0448538464555204,1.0153380071758875,1.0365643339946289,0.9874550189689445,1.0120589782382743
2016-05-31,1.0415823971067892,1.0483390438709832,1.0153380071758875,1.0345916911863406,0.9893381097724391,1.0120609798521227
2016-06-01,1.043130573925607,1.0504166701320654,1.0153380071758875,1.0367122135784974,0.9894275395146568,1.0131438931930106
2016-06-02,1.047235057828903,1.0559275408668582,1.0153380071758875,1.0398671846525425,0.9914898569197552,1.0157413919655711
2016-06-03,1.0534238903159674,1.0642478106669049,1.0153380071758875,1.0367611820874072,0.9868272486110126,1.0118360944855727
2016-06-06,1.0648768984465782,1.0796753942390434,1.0153380071758875,1.0420366755536088,0.9904138364992299,1.0162491671719214
2016-06-07,1.0677667973666507,1.0835821403432386,1.0153380071758875,1.0436637051787598,0.9879031956081044,1.015754483788081
2016-06-08,1.0697001496529543,1.0861981247992667,1.0153380071758875,1.0470659096648776,0.9896070598099953,1.0182860459091945
2016-06-09,1.062867846299076,1.0769478875953173,1.0153380071758875,1.0456359052338031,0.9879929190440567,1.016760236963896
2016-06-10,1.0451082440580917,1.0529547308611618,1.0153380071758875,1.0357255822470817,0.9767849053168115,1.0061747359822943
2016-06-13,1.0409409414555195,1.047356610902129,1.0153380071758875,1.0277386679077918,0.968625652826105,0.9980928428939069
2016-06-14,1.0367733210362826,1.0417655350796269,1.0153380071758875,1.0257172336918918,0.968625652826105,0.9971112806124284
2016-06-15,1.0426983754937111,1.0497036476859574,1.0153380071758875,1.0242873178114664,0.9658462087442907,0.9949856705476355
2016-06-16,1.041832613367246,1.0485415427940883,1.0153380071758875,1.027344351867692,0.9687155965323583,0.9979484399311676
2016-06-17,1.0495608404294585,1.058912200579104,1.0153380071758875,1.0235182554247007,0.9573607359377607,0.990241373103821
2016-06-20,1.056013022970768,1.0675917607026322,1.0153380071758875,1.0301095229847372,0.96338439443656,0.996545129196621
2016-06-21,1.058770541415104,1.0713087653318323,1.0153380071758875,1.033033819618077,0.9664409385570683,0.9995405126994737
2016-06-22,1.0550904425595238,1.0663438593305736,1.0153380071758875,1.031348789317816,0.9641034301225514,0.9975165310015096
2016-06-23,1.0669581029771007,1.082336177840829,1.0153380071758875,1.0447797975590478,0.9778583559171581,1.0111275567535871
2016-06-24,1.0344693478114837,1.0383934900687488,1.0153380071758875,1.0072625700302804,0.937582739031824,0.9721502085095974
2016-06-27,1.0120318735943397,1.008363372424427,1.0153380071758875,0.9892225890580439,0.9189727621088094,0.9537965962072449
2016-06-28,1.0317340328724505,1.034537693994174,1.0153380071758875,1.0070642165764687,0.939110680686627,0.9728484537063717
2016-06-29,1.0465278180505695,1.0543163422581479,1.0153380071758875,1.0242121383104463,0.9557427037298374,0.98974587401525
2016-06-30,1.0574651184683284,1.0690079403494566,1.0153380071758875,1.0381880872457665,0.9668006399586483,1.0022243690641883
2016-07-01,1.0645372531073185,1.0785403815963148,1.0153380071758875,1.0403686469779612,0.9716552505464545,1.0057931228542407
2016-07-05,1.0573287132048674,1.0688025650261597,1.0153380071758875,1.0328850545277186,0.9657215357539086,0.9991045870100191
2016-07-06,1.0621828980985046,1.0753450466601573,1.0153380071758875,1.0390799693827275,0.9736329841559578,1.0061932078378855
2016-07-07,1.05853045978146,1.0704147828176536,1.0153380071758875,1.0384356748604353,0.9765098611342603,1.0073677992339936
2016-07-08,1.0733596151862526,1.0904089763593523,1.0153380071758875,1.05389874339545,0.9916135754054998,1.0226585193513011
2016-07-11,1.0743031769053633,1.0916870421678169,1.0153380071758875,1.0576155683375468,0.9972770919621172,1.0273822573329467
2016-07-12,1.082719145827705,1.1030899116957942,1.0153380071758875,1.0652974256909522,1.0023115899624297,1.033706626197015
2016-07-13,1.0784238984210606,1.0972551648601503,1.0153380071758875,1.0651488377018914,0.9998841378216594,1.0323827921849396
2016-07-14,1.0818568050950792,1.101912300251981,1.0153380071758875,1.0710960763915827,1.0067168491361371,1.0387923327116997
2016-07-15,1.0792244019988466,1.0983373633628608,1.0153380071758875,1.0696588993579375,1.0050986700813462,1.0372605481666888
2016-07-18,1.0851999217649773,1.106445824232227,1.0153380071758875,1.072533607627824,1.0117513471364499,1.042087144144
2016-07-19,1.0812121588725083,1.101024711173508,1.0153380071758875,1.0714431063851042,1.0080653439190348,1.03965911062454
2016-07-20,1.0793100414888757,1.0984420811432574,1.0153380071758875,1.07590331402575,1.019842536104138,1.0478962097013664
2016-07-21,1.072261351226469,1.0888772323620346,1.0153380071758875,1.0718392819888338,1.0175049542461876,1.044716147740334
2016-07-22,1.083903116304764,1.1046401219147397,1.0153380071758875,1.0766469623762465,1.0217302525839544,1.04922830608403
2016-07-25,1.0845554391924248,1.1055265259033298,1.0153380071758875,1.0737224886416086,1.021820122866774,1.0478494520702726
2016-07-26,1.0886946242667142,1.1111521536704174,1.0153380071758875,1.074218460826787,1.0229891707777674,1.0486908763701177
2016-07-27,1.0835034788483013,1.1040878495847535,1.0153380071758875,1.073078636872561,1.030091125823536,1.0517747004237148
2016-07-28,1.0847241726311754,1.1057463622399748,1.0153380071758875,1.0743174604523948,1.0336873321815647,1.0542177684939673
2016-07-29,1.0883004135222507,1.1106070945263626,1.0153380071758875,1.0760518134641621,1.035934750062961,1.0562147480918618
2016-08-01,1.080126028441424,1.099854718417645,1.0143226691687117,1.075160108428499,1.0414188197476733,1.0585728292300691
2016-08-02,1.0760636494831122,1.0901471580024567,1.0259210121866413,1.0682711335864468,1.0335073713456242,1.0511606004553973
2016-08-03,1.08347461277742,1.0934360005090649,1.0448982750297697,1.0713935180216514,1.036923543444279,1.0544340486918422
2016-08-04,1.0818454935704973,1.0929413499285425,1.0400318916794173,1.0725336076278238,1.0398902907054013,1.056503493381535
2016-08-05,1.09048809576695,1.1037945369534055,1.04228279769085,1.081305346369406,1.0498694164232072,1.0658930871476913
2016-08-08,1.0913735571663514,1.1046470042263659,1.0432531909796579,1.0806612289484117,1.048700588782515,1.0649822854054842
2016-08-09,1.0894856535230926,1.1026990678145145,1.0415535622684338,1.081305346369406,1.0511279674998517,1.0665322040799698
2016-08-10,1.087380085260488,1.1009557935446541,1.0384416535747754,1.0786291686546288,1.0484310513574895,1.0638441769559477
2016-08-11,1.095480685922101,1.107991041177991,1.0494784365718082,1.0836347597426084,1.0529261808140167,1.0685932726460168
2016-08-12,1.0950984611181662,1.1097790608505482,1.0429329550340085,1.0826932892421943,1.0536452165000079,1.0684939387925756
2016-08-15,1.1034389456755593,1.1187559996147853,1.049397008962803,1.0858154080254516,1.0581404193799686,1.0723138013860045
2016-08-16,1.0919644325580125,1.1063500936080732,1.0406572044277425,1.0802151107786329,1.0522969419874109,1.066587597043751
2016-08-17,1.0886998751843158,1.102904304640689,1.0379360855627313,1.0822470825217663,1.054184731890661,1.0685474791491174
2016-08-18,1.1048229102654559,1.115107033286557,1.0649693664997355,1.0846754955205766,1.0544544161625538,1.0698829949330424
2016-08-19,1.1100415238875032,1.1241872681747282,1.0590749280212302,1.0830896419472216,1.054184731890661,1.0689640667390528
2016-08-22,1.1060438699102249,1.1204690166447284,1.054327184425146,1.0830400535837685,1.0549937112829055,1.0693497564343024
2016-08-23,1.116648345316474,1.1276459107752668,1.0745019831142801,1.085220790417261,1.0568817948798903,1.0713832299613897
2016-08-24,1.093780791640121,1.1065785513494562,1.0467076641418156,1.0796699929832463,1.0500493772591473,1.065180137641574
2016-08-25,1.094462255558615,1.106819802129905,1.048631612879308,1.078926521734048,1.048341254498103,1.0639470229064978
2016-08-26,1.0956062479756679,1.1070290185817258,1.052421311354805,1.0768947270922125,1.0498694164232067,1.0637206851942382
2016-08-29,1.10559322413068,1.113568744709879,1.0721432100121244,1.0821974941583137,1.0513077814889242,1.0670683043375118
2016-08-30,1.0965068123248456,1.1039863454208545,1.0645749919536724,1.0804132871311465,1.0478916093902697,1.0644549799227832
2016-08-31,1.0893732815873343,1.097064563904397,1.0568958625793226,1.0773405796100441,1.0468130925729993,1.0623935368339819
2016-09-01,1.0898610305104683,1.097446155424069,1.0576858343865825,1.0773899908721989,1.0495101555622286,1.063786502321503
2016-09-02,1.0973868705637488,1.1030090545206515,1.0708164062781225,1.0822470825217663,1.052926180814016,1.0679156310035194
2016-09-06,1.1019781955030596,1.1083816667091637,1.073089618385928,1.0855183205979786,1.059488914162866,1.0728576708558817
2016-09-07,1.1035673618893964,1.1099392010926696,1.0747558201740133,1.0854188782191256,1.060118299836339,1.0731271932443676
2016-09-08,1.1015520188704915,1.1098831315701443,1.0670677881277293,1.0829410539581605,1.053914974195334,1.068762587156506
2016-09-09,1.0673629034741121,1.0778032656110068,1.027119522056466,1.0570207736280581,1.0273939159874386,1.042524784179362
2016-09-12,1.08121539999813,1.0924147532637112,1.0386672089018623,1.0721864890836528,1.0458239320745129,1.0593543719446963
2016-09-13,1.0594701635375052,1.0721063324966946,1.0130368517536221,1.056773186013389,1.0364741186067463,1.0470045662209897
2016-09-14,1.064185942389146,1.074673291519472,1.0237966705078365,1.0563766562070636,1.041418819747673,1.0493056033861783
2016-09-15,1.0740838232771583,1.0847949781569493,1.0329580355529975,1.0669333103810046,1.0576010508361828,1.0627009894992605
2016-09-16,1.0745648604804932,1.0852229007412542,1.033586087394487,1.0628085325988583,1.0570963381530922,1.0603932084631338
2016-09-19,1.082034962750339,1.0909307756474333,1.0460181477881234,1.0630078601098096,1.0524995906643573,1.058187103815524
2016-09-20,1.0796770201218446,1.0898921008418976,1.0398880654490925,1.0630578912265074,1.054482684184519,1.0592089108233549
2016-09-21,1.0979181850427953,1.1057923176215938,1.0646516305062907,1.0750125830472257,1.0648473563525587,1.0703701782322146
2016-09-22,1.104462829842671,1.112038332116479,1.0719961075615172,1.081786530596197,1.073319172400425,1.0780004030024672
2016-09-23,1.0936059969346266,1.1018154736017596,1.0594096260350163,1.0758590387012377,1.0664695736962018,1.0716072933707692
2016-09-26,1.0861149146433635,1.0950167978603276,1.0499933028008135,1.0671421128114011,1.0575469377655635,1.062783244495422
2016-09-27,1.0931194497300614,1.101001037779889,1.0598650632298035,1.0737670296180661,1.0680013333695555,1.071335252365279
2016-09-28,1.1117776298844104,1.118166728843382,1.0826543188481168,1.079096804632119,1.0698038786663073,1.0748981907591486
2016-09-29,1.1080556791983807,1.1127090705242277,1.0840094836114174,1.0693338299253725,1.062053227584009,1.0661419170854542
2016-09-30,1.119116840516588,1.120228781928615,1.1053166877157594,1.077403362020201,1.0699843534662834,1.0741454690938463
2016-10-03,1.1175197956545546,1.1188579856914789,1.1030649287818626,1.0748132555362746,1.0684522266757612,1.0720852893052413
2016-10-04,1.1109910837582246,1.1110031499680337,1.100519757091869,1.0693338299253725,1.0668300093321184,1.06853866343271
2016-10-05,1.1194983240888636,1.1202584781898972,1.1067240025793663,1.0740660651598173,1.0706152076084299,1.0727986519419839
2016-10-06,1.1237975745870117,1.1232062189666214,1.114988391424318,1.0748132555362746,1.0700746642897054,1.0729009834232004
2016-10-07,1.1166958112056702,1.1183852540681811,1.101161092419502,1.071126980568091,1.0677315022507954,1.0698864497474465
2016-10-10,1.1270722062528724,1.1280566478675154,1.1135219386609405,1.0767057600071968,1.074490790131597,1.076059073823688
2016-10-11,1.0956858988872613,1.100119233594584,1.0722184258087926,1.0631076566912583,1.0591693019560737,1.0615921803788329
2016-10-12,1.0989386597499984,1.1033301541336635,1.0755623387086923,1.0645020637614253,1.058267809037397,1.0618366124855017
2016-10-13,1.0914347871302912,1.0976409642553022,1.0628233548764803,1.0610154705067882,1.0544826841845192,1.058198736244503
2016-10-14,1.0952763930860858,1.100654059746236,1.069034398671855,1.0615635990242416,1.0557443190453784,1.0591051133942548
2016-10-17,1.0847766379599237,1.0908363191565456,1.0566487306572903,1.057877235505409,1.052860319994009,1.0558196103755582
2016-10-18,1.0935367441135175,1.099225251630632,1.0664025163610111,1.064502063761425,1.0622335555371183,1.0638253722081077
2016-10-19,1.102587269467479,1.1073820519167945,1.0779666074861163,1.0673414403223518,1.0621433915605638,1.0651990084631102
2016-10-20,1.1070142774685707,1.1103125793430129,1.0867211698884598,1.0653487850673844,1.0608814630059702,1.0635719012635432
2016-10-21,1.0967490910241486,1.1038459626613288,1.065400775529865,1.0658470595694374,1.064847356352559,1.0658085984874062
2016-10-24,1.1068932858439438,1.1116959859593516,1.082087892412606,1.07038005584358,1.0776452076891958,1.0744797168430293
2016-10-25,1.108108167320993,1.111077314257281,1.0886451000832855,1.0667935774568458,1.0742205184722347,1.070972294624695
2016-10-26,1.1044581464076528,1.1080776645037813,1.0831187196768204,1.0646515372569763,1.0669200998852395,1.0662579074472014
2016-10-27,1.0883448047825752,1.0920096620457798,1.0670289018678951,1.0618126034492947,1.0620532275840096,1.0624043730006318
2016-10-28,1.0809345348260155,1.086793089175861,1.0532600772393943,1.0586742798972661,1.0553840302563289,1.057498635520856
2016-10-31,1.0634814066007718,1.074244410462594,1.0217193956030843,1.0587244881152624,1.0543925936313985,1.0570270002006181
2016-11-01,1.0595748694309504,1.068785373213532,1.0222832278947331,1.0510529911877928,1.0464612474788233,1.0492218203834225
2016-11-02,1.0441771661945007,1.0564232131063127,0.9983329701008473,1.0447275526761237,1.0380795954075115,1.0418627298288523
2016-11-03,1.0375576602295675,1.051007639911639,0.9883708041272518,1.0399453748756298,1.0278953980394478,1.0343675415878524
2016-11-04,1.0285910216861174,1.041290098724872,0.9816197700664879,1.0387999722305157,1.0242901605990768,1.0319839430870843
2016-11-07,1.0578932441446982,1.068218700968742,1.0173198045424048,1.0617128068678459,1.048624375258359,1.0556236882514731
2016-11-08,1.060316336396623,1.0718929196290228,1.0161429973519445,1.066494807567042,1.0554738271157151,1.0614485609157984
2016-11-09,1.068958571826805,1.0822319842720536,1.0198678113405806,1.0778015742888578,1.0603408462638124,1.0695224795948473
2016-11-10,1.0559060817315513,1.0727816329706605,0.996772846527407,1.0804911231516372,1.04321666594467,1.0622206937445453
2016-11-11,1.070264618290855,1.0819249115109275,1.0255041695670801,1.078000901799809,1.043667338980575,1.0612260785310168
2016-11-14,1.0697633644012923,1.0808956699678964,1.02650971194961,1.078847711656417,1.0331225591297273,1.0562818018162257
2016-11-15,1.079972899375709,1.0896115354651956,1.0408646833344282,1.0872656020045024,1.0474529043740546,1.067728502294666
2016-11-16,1.0903827460384186,1.0963109569636198,1.061797103542621,1.0852232698354332,1.0536714286658306,1.0698951338538996
2016-11-17,1.1120094251209487,1.1130417772359376,1.0974236351410334,1.090802403477135,1.0613322828887428,1.0765347050790133
2016-11-18,1.123390761152455,1.1224559501161278,1.1145056201008128,1.0883612391848658,1.0573668300827563,1.0733189613641592
2016-11-21,1.1371688207006352,1.1347856302924826,1.132454915660142,1.096579979123298,1.068362209546075,1.0829521670848379
2016-11-22,1.1371477669390995,1.1373707188850515,1.124631712325802,1.0987221078738167,1.071606644233361,1.0856542917006438
2016-11-23,1.1419886143836728,1.1415738438270395,1.1313138335232162,1.099320178957319,1.0672808292148912,1.0837585096434303
2016-11-25,1.1455936571334273,1.1454437961533752,1.1340936992238835,1.1034039577889678,1.0707056652787197,1.0875103505875023
2016-11-28,1.1404191861545656,1.1385996916817152,1.1339324501132315,1.0982238333717638,1.068271972146087,1.083721651121885
2016-11-29,1.141252039109128,1.139967952107955,1.133156957425946,1.1003657850209843,1.0719673735630122,1.0866529073039768
2016-11-30,1.143307647249744,1.1396294387657455,1.1423305394249492,1.0977259130723067,1.0589889005795317,1.078771284021308
2016-12-01,1.1182668767494912,1.118442222909934,1.1059653586944425,1.0936912798508662,1.0406932493760848,1.0674700897254892
2016-12-02,1.1290348223164899,1.12387051505891,1.1324601196112252,1.094239142716372,1.0427659929087651,1.0688004910824953
2016-12-05,1.1417419808860902,1.1393614004184842,1.136615118324936,1.1008142055076373,1.0508776670144493,1.0761686928106946
2016-12-06,1.160051396909315,1.1550928939576226,1.1624431925379655,1.104300887312923,1.053401157006468,1.0791651139064034
2016-12-07,1.1743080685565594,1.1654959027282075,1.188179835529068,1.1187460661374165,1.0667397719321308,1.0930557294241328
2016-12-08,1.1934385677077466,1.1858822540364764,1.203256378087734,1.121485646116894,1.0686325546288709,1.095363802595548
2016-12-09,1.1947717156009616,1.1870032232434509,1.2052206612627467,1.128259505115216,1.0770144269704836,1.1029676132333979
2016-12-12,1.1868732810690823,1.179749794125352,1.1954448698995455,1.1269645404239017,1.0721476280926876,1.0998426074262055
2016-12-13,1.1897210875058366,1.1794977880107842,1.2076844391924535,1.134485855450628,1.085666570971459,1.1104468370580596
2016-12-14,1.1755272891045667,1.1660256782266256,1.1914341736995606,1.1251216243164326,1.0834133526388026,1.1047116085342605
2016-12-15,1.1887473454229243,1.1796331558033417,1.2033179770009927,1.1297543286213754,1.0851258808058675,1.1078590383523326
2016-12-16,1.1697591632458415,1.1638397586126672,1.1747657827205777,1.1275445471750034,1.0811033045684806,1.1047221368692965
2016-12-19,1.174574307027739,1.168157102244646,1.1810351705275461,1.1299996139191695,1.085532573205,1.1081878413461685
2016-12-20,1.1928647802296912,1.183553770506065,1.20790028221431,1.134358608167982,1.0896904688306523,1.1124476046571778
2016-12-21,1.190465763576742,1.1806975508514466,1.2069281838239754,1.1312020431822547,1.0888770106089531,1.1104845846403915
2016-12-22,1.1867432207079462,1.1748318766092887,1.2098200648080897,1.1292477303583142,1.085803652522133,1.1079581516509605
2016-12-23,1.189393302379271,1.1784399035693094,1.2094800827787953,1.1309015908301192,1.086526653073543,1.109138368113303
2016-12-27,1.1976354740424662,1.1856185745007954,1.2209022804123213,1.133707406695066,1.0921312106129182,1.113374875312362
2016-12-28,1.1779754269746967,1.1664606411507485,1.1999185324039536,1.124337862521929,1.0836341369038671,1.1044429449429662
2016-12-29,1.1725016896541507,1.162014965432094,1.1913353046548047,1.1240871756345447,1.0820975312838907,1.1035367630505761
2016-12-30,1.1645387519575485,1.1552762897035058,1.1796980513453479,1.119978956823766,1.0709793144160318,1.0958509574348914
2017-01-03,1.1786437430264451,1.1650152680806265,1.2070178970091228,1.1285465863193496,1.0805607053936133,1.1049444359510798
2017-01-04,1.1913356191623374,1.1751222262609622,1.227593514543864,1.135260585078932,1.0864364890969886,1.1112354156268616
2017-01-05,1.189101653785935,1.1678432354940658,1.241197724907366,1.1343586081679824,1.0925833521174964,1.113937556752954
2017-01-06,1.1916216179297607,1.171463686832581,1.2401756163081579,1.1384173271659574,1.1021648165185116,1.1208147487196747
2017-01-09,1.1883503863675915,1.1672879429693146,1.2398195430733348,1.134659237621416,1.1057805535098983,1.1208032181167125
2017-01-10,1.1941348622593742,1.1758793072842897,1.2365839683859108,1.134659237621416,1.1082211484452966,1.1220400940271409
2017-01-11,1.197965009607126,1.1797633747915934,1.2401954276836022,1.137866099375788,1.1112039754383942,1.1251357029570659
2017-01-12,1.1863975633001638,1.1692209405229297,1.2255419252732314,1.1350102523941434,1.109486748171574,1.1228543765043688
2017-01-13,1.1924928625477593,1.1746465320149926,1.2336667415891762,1.1376154124884037,1.1132833270801055,1.126064166971323
2017-01-17,1.1626058801867851,1.142651759236476,1.210798170956162,1.1336069902590737,1.1099385225589842,1.122388704477477
2017-01-18,1.1726640727272943,1.15414916139342,1.2161493870003037,1.1361123537718851,1.1121985692709726,1.1247716884020715
2017-01-19,1.1665380685108901,1.1449152064194694,1.2199266930423212,1.1319036299744647,1.1116561169429724,1.1224140399226334
2017-01-20,1.1753407568881507,1.1519294100906092,1.2343276661750493,1.1360624112058362,1.1140966384549371,1.12570806714786
2017-01-23,1.169646747434541,1.1441823091712942,1.2353123339308352,1.1331058821362519,1.1150005543469255,1.1246999442478798
2017-01-24,1.1938133077606348,1.1635135555265639,1.2747928189854587,1.1403711972366524,1.1225032544936988,1.132089636021946
2017-01-25,1.206422797198435,1.1805565735151815,1.2726330436604016,1.1502415838806643,1.13380246012557,1.142686840616299
2017-01-26,1.2181289751580318,1.186181631396895,1.3038362261748508,1.1490391546175793,1.134977675604992,1.142681786924162
2017-01-27,1.2172540053617555,1.1816223112081983,1.3151247419973353,1.1472354664476272,1.1371469709529562,1.1428769426842182
2017-01-30,1.2050042176880753,1.1696886088152454,1.3020319174582813,1.140120687450566,1.1282884336799175,1.1348814809693477
2017-01-31,1.1950194452692726,1.1607984397459474,1.2885650235465194,1.140020359565223,1.1260289009319646,1.133695179488006
2017-02-01,1.2233670130249352,1.1794386361018387,1.3487557855281622,1.1404715251219957,1.1338024601255698,1.1378327524018346
2017-02-02,1.2166998544413017,1.1742635952694878,1.3371076233084664,1.1412227888283077,1.1328081599867261,1.1377085978612913
2017-02-03,1.2237602109274315,1.18677555783743,1.325402620316575,1.149089185734277,1.1360622131438236,1.1432637497007665
2017-02-06,1.2330179823607175,1.1909563431590344,1.3515019872564733,1.1470351648795365,1.1374182705403904,1.1429242725625155
2017-02-07,1.2272435142694822,1.1891482269896338,1.3323401506132482,1.1470851074455857,1.1415762395894762,1.1450382028005113
2017-02-08,1.2250912917800476,1.1865347744622468,1.33177848533296,1.148588254712753,1.143474455620308,1.146740421592246
2017-02-09,1.2340085980748656,1.1992679339437018,1.327678492183741,1.1554022271550828,1.1476324980928272,1.1522268859903047
2017-02-10,1.2418860656322128,1.2017533083506502,1.353325701170201,1.1599618771745814,1.1514291504247922,1.1564063713092694
2017-02-13,1.247664963249237,1.2067016575029577,1.36179815574657,1.1662750071460362,1.1579376238561556,1.162821564447033
2017-02-14,1.245731901844142,1.2081772612212447,1.348362798101742,1.1709346308482822,1.161824513588109,1.167096119433798
2017-02-15,1.243627252625049,1.2118283519920439,1.327026439405047,1.1770475478022957,1.1686942303131596,1.1735930018712062
2017-02-16,1.232671809565544,1.2059230612435414,1.2996658924260016,1.176045420107301,1.1683327667491712,1.1729119192597823
2017-02-17,1.2327878050649086,1.2051105449818285,1.302782123684041,1.177899139393951,1.1733947251136787,1.1763772084208408
2017-02-21,1.2425606135708054,1.2173771644013909,1.3043104445904612,1.1849137676069672,1.179180197993632,1.1827800798943107
2017-02-22,1.2388846777448612,1.2141369506674025,1.2992907847169586,1.1838616087952745,1.1796317521107411,1.18248141413183
2017-02-23,1.2242290060072667,1.2046639115679048,1.2682220459514693,1.1846631692702319,1.1752025568976554,1.1806617796651504
2017-02-24,1.221086661649905,1.2026244004419402,1.2616423316751486,1.1861662279867502,1.1774623833393427,1.1825459326715921
2017-02-27,1.2412788477085672,1.2186338333144038,1.2947083766293797,1.1880202129253474,1.1789087515593313,1.1841964022378642
2017-02-28,1.231880927818288,1.2104070611004152,1.281719615437937,1.1848134397216237,1.1752929411445108,1.1807821623241492
2017-03-01,1.2642336647986312,1.2417992292460234,1.3166411687397979,1.2013981793278141,1.1881288992432257,1.1954942719963895
2017-03-02,1.2362546578602776,1.2211892632947825,1.265642098438178,1.1938323233246293,1.1821628047164288,1.1887283944688594
2017-03-03,1.2377298860417254,1.2250106776455139,1.2598017278057327,1.1945837641322394,1.184332393758128,1.190193327913772
2017-03-06,1.232807852912582,1.2200398711510256,1.2550984475803342,1.1910265074596824,1.181710956905585,1.187104031734156
2017-03-07,1.2244465976550976,1.21199209851435,1.24588579242171,1.1874689851351785,1.1797222832044638,1.1843322538775485
2017-03-08,1.2223802303358042,1.2094446455955574,1.2453316800482104,1.1852645167277476,1.1818014879993077,1.184276596080315
2017-03-09,1.2275808352310624,1.2127016052213337,1.2564638829448433,1.1867673983429683,1.182705403891296,1.1854803150652526
2017-03-10,1.2442583319868832,1.2239359004116546,1.289824342996637,1.1909263566756376,1.1876769045855144,1.1900491214917392
2017-03-13,1.2446713748574776,1.2227056475545754,1.2954264627720784,1.1915274384812065,1.189665504863202,1.191345727129357
2017-03-14,1.231403054584763,1.2094762519370044,1.2822376192484215,1.1869681426643037,1.186772841846659,1.1876180526413729
2017-03-15,1.245423781880232,1.2237507841786726,1.2952358945695959,1.1972393980964433,1.1940947734997218,1.196420065447142
2017-03-16,1.2406210509179245,1.2211915207344683,1.2833828950275807,1.1948843935856732,1.193281241854589,1.1948358110889827
2017-03-17,1.239067538066038,1.2196549800460872,1.2817990324648598,1.1927863630583682,1.1928646372919098,1.1935782648259776
2017-03-20,1.2509832707110435,1.2279769686884665,1.3048676700188957,1.1914778501177534,1.193951597804053,1.1934673793802533
2017-03-21,1.2124908256235647,1.190125511106924,1.2649305164263929,1.176179928543167,1.1758353200490774,1.1767511810980047
2017-03-22,1.218896782408212,1.1969585815715211,1.2698748791531365,1.1789473134264379,1.1838063882792715,1.182124184035351
2017-03-23,1.2187053674922128,1.1993319323725427,1.2615234055891555,1.1776896285583625,1.180817467141179,1.1800013101590783
2017-03-24,1.221953437957427,1.2039459555227414,1.2604123074477576,1.1768337865355538,1.1832629814466338,1.180794461191361
2017-03-27,1.2254093897536957,1.2092246315018438,1.2580924404666727,1.1756260442335276,1.1851653091897516,1.181137737247066
2017-03-28,1.2381907267953207,1.222619541017527,1.2687726648335533,1.1841810995369497,1.1924116881295614,1.1890461959611276
2017-03-29,1.242261338863664,1.223387819373446,1.2830654303736275,1.185287982649739,1.1979371686308673,1.1923568539043938
2017-03-30,1.2449612321120185,1.2278733239008428,1.2801068022848714,1.1890620998617536,1.1999297337739732,1.1952468082497452
2017-03-31,1.2433904475574467,1.2224069281962902,1.2907430946439293,1.1862944493265355,1.1991148070836004,1.1934499120939268
2017-04-03,1.2421731451789295,1.2192533965530021,1.2956779188366132,1.1842313077549458,1.1983902646400832,1.1920515593349648
2017-04-04,1.2440311181433665,1.2236176818644964,1.2895163938519765,1.1849860249365698,1.2002921518425989,1.1933773235985448
2017-04-05,1.2324629294261469,1.2168363470970611,1.2629914206041797,1.1814636572197277,1.1954009029613883,1.1891721328740208
2017-04-06,1.2318347491265873,1.21822087919524,1.2561053147088752,1.1847848378619892,1.196034840887749,1.1911588751001732
2017-04-07,1.2319045105150923,1.217407964436551,1.258904442986441,1.1835771841106117,1.1954009029613881,1.1902361229376928
2017-04-10,1.22760208143662,1.2151260085573585,1.2483967527697004,1.184281427422293,1.1958539255471705,1.1908157583110088
2017-04-11,1.224107556586532,1.2137198139241228,1.2385159654930435,1.1828725865963348,1.1906904959973224,1.1875366132880585
2017-04-12,1.2147870341550169,1.2077547357572331,1.2190558773942468,1.1776896285583622,1.1858899250567019,1.1825409885237528
2017-04-13,1.2031956017652088,1.1966895794061605,1.2060332995670957,1.1700407120463936,1.1811793712457688,1.1763521502056498
2017-04-17,1.206517763570678,1.2033522535794483,1.1992091991684812,1.180407070875584,1.190962529819093,1.1864348772217141
2017-04-18,1.2028444980859825,1.197803680544564,1.2011935505665092,1.176884437506795,1.1891506597462642,1.1837620753219245
2017-04-19,1.191833884778717,1.191565968008073,1.1759776443216046,1.1747204367459678,1.1910530609128158,1.1836206420593514
2017-04-20,1.1928775348533387,1.1974150734562081,1.1627789468917782,1.184281427422293,1.2010165474392485,1.1933880127086807
2017-04-21,1.186079851885226,1.1887296992777412,1.161576719035446,1.1805075758622254,1.2007448807346464,1.1913516067527095
2017-04-24,1.1999233943635281,1.1993509132532076,1.184671106035512,1.1934907834713473,1.2152385931189036,1.2050930067764403
2017-04-25,1.2106698225599721,1.2128625210234443,1.1870717397489843,1.200435102469039,1.2240247348863378,1.2129553147367302
2017-04-26,1.2046456642519192,1.211281083997831,1.1680882184499648,1.199679853983521,1.222303616177533,1.2117209750563185
2017-04-27,1.2067047485906888,1.2162806515265308,1.1616107408297849,1.2006867634135625,1.2296406730579328,1.2158662494305872
2017-04-28,1.2011050875309508,1.2121397160250362,1.1519135445464188,1.1980700917349294,1.231814594082219,1.2156161575597986
2017-05-01,1.2076273469230023,1.2195196408784095,1.1558943579904706,1.201089403214671,1.242774289756771,1.2225557101292661
2017-05-02,1.2057279650707728,1.2184113545961723,1.1517736904778764,1.2015424283350733,1.244858046804503,1.2238111993031922
2017-05-03,1.1973239959185873,1.2066905200404103,1.152901454202962,1.200082670885927,1.2408727696714237,1.221108844406504
2017-05-04,1.2017930575900233,1.214493336202248,1.1477494642632426,1.2014918659144809,1.241325351716604,1.222048473681117
2017-05-05,1.2064496939505092,1.2218460516183869,1.1446924745191227,1.2062221530346475,1.245854549646357,1.226683514433698
2017-05-08,1.200996176248938,1.214325852134559,1.1451310564587858,1.206020965960067,1.2485723914673168,1.2279192245362553
2017-05-09,1.2080006227391216,1.2226641331937949,1.1482561311108315,1.2049135515433838,1.2529200866690218,1.229493352483265
2017-05-10,1.2065831415513557,1.2216457883109333,1.1457357393063998,1.2070777294055088,1.2536444822656716,1.230952941166983
2017-05-11,1.2055192497394132,1.22020249543315,1.1457556089294605,1.2046118594821618,1.252648126270685,1.2292064588074676
2017-05-12,1.2028101443304622,1.2170822792588587,1.1442459405768646,1.202598837577919,1.2554561320681992,1.2295571267138115
2017-05-15,1.206959930687267,1.2215269088165914,1.1475009606381428,1.2092414645143887,1.2594418497418807,1.2349046408800946
2017-05-16,1.2104317045778639,1.2249086278569215,1.1511735815979376,1.2081341386483546,1.2646958838088855,1.2369150637095476
2017-05-17,1.1832887477466678,1.1908506808279822,1.1439403644478967,1.186696912026346,1.2325396504897719,1.2102161666448328
2017-05-18,1.192165551679774,1.2002980343111707,1.1510412420179872,1.1914778501177536,1.2433187979409142,1.2179459715808694
2017-05-19,1.1967777017346948,1.2064284515609236,1.151216921652134,1.1992273601670125,1.248572391467317,1.2244799933055914
2017-05-22,1.2053093620823296,1.2172687626201506,1.1530117467210925,1.2053165455470876,1.2590795785201225,1.2327409176758355
2017-05-23,1.2060449103957154,1.2198626040538907,1.1484555257918814,1.2079834254437174,1.2603476012197115,1.2347254456461951
2017-05-24,1.2106039485252895,1.2251669584160967,1.1508393304757045,1.2108015498488784,1.266144821849053,1.2390053845007338
2017-05-25,1.221186973267378,1.2388927185744099,1.1524024309381922,1.2165885118638378,1.27692426299393,1.247240458393156
2017-05-26,1.2249995596424228,1.243130625314682,1.1549676432092277,1.216336850919314,1.2791884948416379,1.2482172560041471
2017-05-30,1.2276544502799995,1.2463980598297355,1.155872973780391,1.2152802645751701,1.2802757490475158,1.2482055811786603
2017-05-31,1.2329849168741815,1.251398319369449,1.1620368598280901,1.2149781297607034,1.279822139074264,1.2478292972831837
2017-06-01,1.241867660503542,1.261267667899048,1.1680295651981347,1.2246399796262655,1.2848045064366664,1.2552197524731368
2017-06-02,1.248462022307095,1.2714350117975253,1.1645914848407335,1.2287159660008005,1.2994790607380682,1.2644769593823812
2017-06-05,1.2498475680283627,1.2742564220444346,1.162008399754375,1.2278102699625917,1.2992068066459965,1.263878471113169
2017-06-06,1.2561116851711913,1.276762577922358,1.1784477290430684,1.2238852624446415,1.2940438176367504,1.2593470188672697
2017-06-07,1.2631413296912073,1.2841730867222239,1.1843081404904596,1.2261496796414608,1.2991163489757074,1.2629802944730264
2017-06-08,1.2701295821379546,1.2918780474185423,1.1891992597998446,1.2267535950677988,1.3004755635799221,1.2639520257085834
2017-06-09,1.238104111122357,1.2559597814325856,1.1684502122157512,1.2248916405707895,1.2679566184984477,1.2471899895202212
2017-06-12,1.2333530494503484,1.2502965137515385,1.1663211470141095,1.2246399796262657,1.2611627481803847,1.2437205683267973
2017-06-13,1.2434847714669122,1.2603023065752008,1.17664414575851,1.230628305817104,1.2713984153754552,1.251808434934705
2017-06-14,1.2410399005051453,1.2580730478669733,1.1736341805661274,1.2290683975839125,1.265873008297583,1.248294921955691
2017-06-15,1.2356442217715582,1.252946791808891,1.1675702889763429,1.2267034754004518,1.2602572903962892,1.2443250947896773
2017-06-16,1.2327335285968326,1.2482373846832302,1.169734454611461,1.2269712525630978,1.2547891535966844,1.241761402425765
2017-06-19,1.2482395356398877,1.2692924293108594,1.1693961196097524,1.2371858355798628,1.2757706340040083,1.257312079124549
2017-06-20,1.2390915398134166,1.2587323419640881,1.164302371674605,1.2288423277769562,1.2657794668430795,1.248149155412208
2017-06-21,1.2508585994386041,1.2742366189833734,1.1655062190840173,1.2285387761521054,1.2783135812059512,1.2541747619500567
2017-06-22,1.2528252508520308,1.2768988001975985,1.1655309934304805,1.227982500974942,1.2779499883623864,1.253712456949546
2017-06-23,1.2573960094818113,1.2810590840228515,1.1711478002059064,1.2294490768240633,1.2828549674256942,1.2568670852248802
2017-06-26,1.254325559438957,1.2769715992867727,1.1709188120430523,1.2302581641041876,1.2768605314534982,1.2543441498171373
2017-06-27,1.2315468682485726,1.250702210815481,1.158125879405374,1.220346778509678,1.253699696687796,1.237915228221025
2017-06-28,1.249892823465279,1.273474158688765,1.1638756452397387,1.2312695010666808,1.2717740496621426,1.2523786083959079
2017-06-29,1.2299585044033259,1.2497506099997753,1.1546713742086354,1.2204480804521605,1.2497031123459306,1.2360079658268777
2017-06-30,1.2293273466238492,1.249157191142605,1.1539460957760928,1.222723655030757,1.2501574565535192,1.2373849417208322
2017-07-03,1.2250334964539358,1.2395216734950545,1.1645271630113518,1.2247968913763354,1.2369869078675415,1.2319159952426948
2017-07-05,1.2272004044139577,1.2424450541086633,1.1645271630113518,1.2276284754801479,1.249158016774318,1.2394006238431323
2017-07-06,1.215749273027892,1.226987213098189,1.1645271630113518,1.216402644051539,1.2378950088952492,1.228146368692739
2017-07-07,1.2270886560991285,1.2422461466535453,1.1645271630113518,1.2242910900691155,1.2512467666155398,1.2387519762339119
2017-07-10,1.2286313073283859,1.244328422220352,1.1645271630113518,1.2256057130045128,1.2594214380273183,1.243463571721964
2017-07-11,1.2372379186036087,1.2559505158078896,1.1645271630113518,1.2246955894338531,1.2629633844678605,1.244750412983571
2017-07-12,1.2490908184924538,1.2719934078072082,1.1645271630113518,1.2338989240387739,1.2779499883623864,1.2568126765819185
2017-07-13,1.2444124893082975,1.265641263464887,1.1645271630113518,1.2359723374856506,1.2807659238907376,1.259253315115311
2017-07-14,1.2501883499555415,1.2734737869836636,1.1645271630113518,1.2417370732877049,1.2908479892625575,1.267146335869791
2017-07-17,1.2461127864254393,1.267938489497802,1.1645271630113518,1.2415852089246304,1.2914836893513266,1.2673808638155115
2017-07-18,1.2540381839594397,1.27869077097922,1.1645271630113518,1.2422425203923289,1.3001124112769589,1.2719501903217791
2017-07-19,1.2708830669798676,1.301592143236151,1.1645271630113518,1.2489683849388808,1.307741546576523,1.2791254844784548
2017-07-20,1.2707879494222813,1.3014622553192583,1.1645271630113518,1.249524305913448,1.3094674378085167,1.2802542190897679
2017-07-21,1.270665792823279,1.301295448362559,1.1645271630113518,1.2484118441097705,1.308923076471241,1.2794182001145107
2017-07-24,1.2798669016738444,1.313859319612581,1.1645271630113518,1.2481081153836209,1.3149173655965696,1.2821921488674861
2017-07-25,1.2800465906819831,1.3141052681849585,1.1645271630113518,1.2511426575749944,1.311556775037208,1.282112377788109
2017-07-26,1.2803595755121926,1.3145336848975318,1.1645271630113518,1.2511931314449378,1.3158254666242777,1.2842246692323458
2017-07-27,1.2623607414024567,1.2898946963106308,1.1645271630113518,1.2500300186700193,1.3075600438484754,1.279594299336389
2017-07-28,1.2766704066143946,1.3093904032111825,1.1645271630113518,1.248563442820898,1.3064698527052505,1.2783102313109957
2017-07-31,1.2715671908698936,1.3024117273402127,1.1645271630113518,1.2478555689326072,1.3009299077875105,1.2752375933502278
2017-08-01,1.273284451217633,1.3051042586129367,1.1635955412809427,1.250636856267775,1.303927199197042,1.278127800942307
2017-08-02,1.2644852232870039,1.2953403094327138,1.1575465342477786,1.2512436938655305,1.3074694393313187,1.2801739661871754
2017-08-03,1.2629709279604202,1.2982427133814949,1.1442206453069077,1.2488166976771047,1.302383251233698,1.2764424075687861
2017-08-04,1.2593834608289673,1.2950878717215213,1.13956168110813,1.251092095154403,1.3047451362481954,1.2787626944382937
2017-08-07,1.2707760193561266,1.3085387975782465,1.1452893761321825,1.2534182321535914,1.3130093842490589,1.2840013243893695
2017-08-08,1.2660646729846432,1.3053188529798643,1.136759637121978,1.25033365884552,1.3107392785266567,1.2813114299656088
2017-08-09,1.2601094181046506,1.3006942659067957,1.1274536995252753,1.2502831849755767,1.3090136809883977,1.280442139986678
2017-08-10,1.2305956151435795,1.2699719072180236,1.1017178000546977,1.2326349520746185,1.2809474266187855,1.2576783415122785
2017-08-11,1.2405027798899841,1.2799702843720224,1.1111750468325707,1.2344550221146398,1.290666927075112,1.2633783359772894
2017-08-14,1.2616143769477117,1.29993478254693,1.1348224576398769,1.246692810360285,1.3072882302970057,1.2777755353249587
2017-08-15,1.259487789388182,1.2993780499736032,1.1286290495378575,1.2465409459972103,1.3081960376309787,1.2781413665527632
2017-08-16,1.262539331173018,1.3036964460089437,1.1283142462353166,1.2487153957346222,1.3104670244345848,1.2803655595260375
2017-08-17,1.2391093458580495,1.279493392571173,1.1073992854820778,1.2292470042429935,1.2836726107831127,1.2572951665105527
2017-08-18,1.2441851484777464,1.2833629320082691,1.1154971449222675,1.2273252780578936,1.2827640692148028,1.2558674428288934
2017-08-21,1.2362074532816614,1.277268061148148,1.1027799037513288,1.2282858754984964,1.2811295167343022,1.2555587713477372
2017-08-22,1.265548406357086,1.3069450849863233,1.1306077932295826,1.2411300585886524,1.3006572131548362,1.2716924255741047
2017-08-23,1.2627702163927432,1.3027722108634356,1.1315095137146294,1.2366802113739421,1.2960249287242018,1.2671481508095632
2017-08-24,1.271593025813773,1.310320990807939,1.1434630988952652,1.2337977991975901,1.2922102876509862,1.2638066144435547
2017-08-25,1.2515360100061097,1.2879895992502906,1.129782134963842,1.2366802113739421,1.2894851034866586,1.263950232627552
2017-08-28,1.2566925069779682,1.294092269528398,1.132342368133916,1.2367310394464812,1.2934818346753914,1.2659350002728376
2017-08-29,1.2594324531592065,1.297038638043374,1.1344833817341438,1.2381466986724141,1.298568463313614,1.2691486946918102
2017-08-30,1.2685500846279416,1.3073006550403226,1.140407947372532,1.244012647866302,1.313827614993946,1.2796118318226533
2017-08-31,1.2737868608690537,1.3138871255695028,1.142002203748835,1.2514966830697898,1.3279058241670294,1.290316718973204
2017-09-01,1.2764817490966531,1.3148479430383426,1.1491611502445318,1.253266367790517,1.326088887877277,1.290346256074197
2017-09-05,1.2675323611689966,1.305681418399606,1.1409684611613116,1.244265371418614,1.3141909141437762,1.2799239621369136
2017-09-06,1.263051161657029,1.303184199562839,1.131380042313802,1.2485127918496572,1.318186911098172,1.2840544359227706
2017-09-07,1.2718673661542135,1.3131509315680199,1.1370102282304961,1.2483615473411258,1.3212756881060645,1.2854810597932513
2017-09-08,1.2695711822921951,1.3120666919754942,1.1316157701643204,1.2468946172894084,1.3098308838052135,1.279158408713109
2017-09-11,1.2786485176629456,1.3248167869190017,1.1309899762169735,1.2601942163674904,1.3249083859106303,1.2933424890802012
2017-09-12,1.2770560201147978,1.3225715603534691,1.1311058122091533,1.2644419910011295,1.32808718004821,1.2970737730762298
2017-09-13,1.2749272245398577,1.3220318223278706,1.1249486039751966,1.2650486514975872,1.3299041163379623,1.2982721851015695
2017-09-14,1.2790711037506324,1.3283930260644423,1.1233355239066818,1.2646441521328493,1.322092744076014,1.2942518348949128
2017-09-15,1.2845964452561065,1.3328693837301795,1.1313898057484955,1.266346538360319,1.326634130295757,1.2973458324031721
2017-09-18,1.2930860619805224,1.3446891076324115,1.1311991536793669,1.2690401605529535,1.3248960507737728,1.2978757586690157
2017-09-19,1.2984940014750157,1.348780424266442,1.1397974677602836,1.2703103310625412,1.3271708555959303,1.2996394804804683
2017-09-20,1.3023000478127322,1.3559877319531746,1.1348892409962212,1.2707678722660436,1.3230752964654693,1.2978682333900289
2017-09-21,1.298445135064611,1.3510059463971364,1.1339602523026637,1.2673629227098067,1.314973607946765,1.2921557835937667
2017-09-22,1.3040687529535904,1.3553173403395777,1.1427489189587094,1.267616974521854,1.3136997113724822,1.291659398685872
2017-09-25,1.2795216957375046,1.3326293710806385,1.114095807513059,1.2650256283288412,1.2998635058367958,1.283537115239674
2017-09-26,1.2809793654853203,1.3336836886946395,1.11652838336291,1.2657874295623874,1.3032312918926576,1.2855863328811694
2017-09-27,1.2959359164126747,1.3494348129681608,1.1291147486080895,1.2707172212948028,1.3149736079467647,1.2938814497083013
2017-09-28,1.2951069036205693,1.3496918914427418,1.1255802437263827,1.2722413550657887,1.3145185295048392,1.294433519010421
2017-09-29,1.3030579620352192,1.3572983969133203,1.1341909577682323,1.2767134284934036,1.3239854533493194,1.3013696973398843
2017-10-02,1.3091869873872124,1.363441992021547,1.1401287431371472,1.2822531570962903,1.3251685985595785,1.3047745216968876
2017-10-03,1.3132142881320115,1.3664523916775837,1.1466057172552278,1.2849968104056233,1.3279905548094912,1.3075597064328233
2017-10-04,1.3157691677348125,1.3710061716052684,1.1440652916767717,1.2865214754805034,1.3292648919243761,1.3089627904085128
2017-10-05,1.3204450567993244,1.37696553120317,1.1454093471939446,1.2941443581016594,1.3422816919402354,1.319249712278164
2017-10-06,1.3295432111263916,1.384903386119951,1.1571688498874544,1.2926704325486695,1.3441027399422738,1.3193933534966564
2017-10-09,1.3299885848382398,1.3847600176906607,1.1590787536118634,1.2905362733565633,1.3425552676541133,1.3175447024163953
2017-10-10,1.3322263455836185,1.3881322143287056,1.1584117065117208,1.2939411343621514,1.3435558822082532,1.3197737485124728
2017-10-11,1.3368496351030943,1.3942797655823749,1.1591014763787908,1.2959737259598283,1.347561424209027,1.3227776541068523
2017-10-12,1.3412861456190897,1.3990379880708748,1.1626210894368028,1.294042701956581,1.3451036481901484,1.3205858861096056
2017-10-13,1.3479261666186266,1.4051786464705618,1.170334324944405,1.2956181065533514,1.350291748013712,1.3239365127119218
2017-10-16,1.347637061487885,1.405552553174927,1.168396015455912,1.2973457297157927,1.354934311725061,1.327095179339188
2017-10-17,1.340178574961179,1.3982922894834646,1.1606358564142123,1.2982605464708505,1.356664020975606,1.3284101614593624
2017-10-18,1.3460673895127202,1.4064011604388156,1.1608434191492376,1.2995310711830343,1.3550249162422174,1.32825769218269
2017-10-19,1.3426476228803779,1.404333104150054,1.1541675645239597,1.29988677914016,1.3500186128404363,1.3259857733621458
2017-10-20,1.3510221586102384,1.4159627840271047,1.1542892937411624,1.3065944022530132,1.3536593872227065,1.3311949033221413
2017-10-23,1.34598220930894,1.411052602401043,1.1490734247780825,1.301512923258821,1.3448308067106074,1.3242652934372556
2017-10-24,1.3486313571761437,1.414146453955977,1.1505614806498827,1.3037995666685451,1.3471061989202344,1.3265489002468525
2017-10-25,1.3382544899146969,1.4014538254740703,1.14613059116361,1.2973457297157929,1.3420088504606946,1.3207558963216568
2017-10-26,1.3436050657503364,1.40932293233365,1.1451538830150008,1.2990228790082907,1.3377301732866451,1.3195041441815933
2017-10-27,1.3700397934218442,1.4421974878195158,1.15513784295197,1.3096439095040717,1.3766901156639344,1.3441129530816804
2017-10-30,1.3690534043974911,1.4417194258376391,1.15295990055268,1.3047653000467914,1.3797843260059188,1.3431199427226324
2017-10-31,1.3825185927929047,1.4579739612246394,1.1593223629634317,1.3067982458470646,1.384973160063819,1.346691772436244
2017-11-01,1.3724438695267447,1.4458768831146878,1.1543867265863872,1.3085260461108037,1.384518228468761,1.3473608669170478
2017-11-02,1.365415304368958,1.4380863705975557,1.1493991398088592,1.3090344153868456,1.3818780686406305,1.3463379433892728
2017-11-03,1.371823901415251,1.4449676448847781,1.1544783286725078,1.313404567017435,1.3951684443703676,1.3550595694534104
2017-11-06,1.3747540561166784,1.4475159502637225,1.1582339665380716,1.3154372471657605,1.399901172058271,1.358406477689619
2017-11-07,1.3690832345623427,1.4395125638446271,1.1583350338626925,1.3145223418600538,1.4007210181186998,1.3583318546175882
2017-11-08,1.3774814214125606,1.4570525893828072,1.1444148346737903,1.316758334298537,1.4063644900779233,1.3622234541691227
2017-11-09,1.3641196206120239,1.4437252894440045,1.1314138103699192,1.3119818237395804,1.3989908683275527,1.356181642729498
2017-11-10,1.3640078183948363,1.4519471105281243,1.1117131432556364,1.311575110608617,1.398899823269794,1.3559273056767878
2017-11-13,1.3614725311665612,1.454932451348984,1.0965903965074277,1.3127944530456654,1.4006292388266042,1.3573957385208117
2017-11-14,1.3564130463919495,1.4470162964545952,1.098189207509513,1.3097455656491501,1.395532477754534,1.3533497837310842
2017-11-15,1.3497611099145386,1.4394463312857877,1.0938821480980714,1.30318998400067,1.388978555217725,1.3467849595569552
2017-11-16,1.3652316095127535,1.4606993416290162,1.0955803941353779,1.3142684671493043,1.4067285234620899,1.3611148875971903
2017-11-17,1.3686238241725028,1.4656536100948965,1.095321551851851,1.3104059763895648,1.4013578929824073,1.3565165609651753
2017-11-20,1.3773100939980607,1.4767989499026906,1.0981407229529334,1.3126417917267497,1.4002652054424374,1.3571449439890038
2017-11-21,1.3968619775958386,1.5038452387767804,1.1001617586642078,1.3212302306248538,1.4154672336913692,1.368951698321383
2017-11-22,1.391969151881522,1.4972722629488842,1.0991731880322757,1.3200618048109936,1.4171967960950467,1.3691827467356128
2017-11-24,1.394221528859465,1.499559852577485,1.1012495006135383,1.3231111349607538,1.4223854833060796,1.3732705945660528
2017-11-27,1.3753352962666607,1.4737750076409857,1.0983868216124577,1.3224501929164454,1.4217480210549025,1.372619869950206
2017-11-28,1.3816279157839293,1.4843394733997946,1.094868063111628,1.3358660589966944,1.4253890891309076,1.381339907192759
2017-11-29,1.3460165250790093,1.4400387849927705,1.0800176724118404,1.335053164038662,1.400538781156315,1.3688784478314415
2017-11-30,1.3537204115174253,1.4489313814590017,1.0847353408211269,1.3467413184058206,1.412281390904157,1.380609171392812
2017-12-01,1.3397289240007129,1.4308074457730702,1.0805950446375716,1.3439463942707037,1.4062737387138993,1.376240104500135
2017-12-04,1.3064655583581852,1.3996007668593793,1.043982206488668,1.3423200730507447,1.390070802217093,1.3674789583620068
2017-12-05,1.3171832986182894,1.4059438814241416,1.0640456589203942,1.337492380216653,1.3909809591009437,1.365467551988679
2017-12-06,1.3254814961794186,1.413816455127496,1.072985074201567,1.3377466976806474,1.397261746464477,1.3686801628932177
2017-12-07,1.3521973133739544,1.4381697351118856,1.1040443518822223,1.341964187992321,1.401995648927319,1.3731562039797274
2017-12-08,1.3613139995205195,1.4491770246834812,1.1084687778673439,1.3492823678301884,1.4081850975393593,1.3799314091061814
2017-12-11,1.3655316180541657,1.4541991418154774,1.110681612850063,1.353348082329436,1.4191083017673742,1.387362463909231
2017-12-12,1.3593571007875518,1.449924147547003,1.100388366686321,1.3557362933335897,1.417196796095047,1.3876522090827819
2017-12-13,1.3528433514509062,1.4430141205527616,1.0950297047934627,1.3555838976666208,1.419927707287201,1.388911207114724
2017-12-14,1.349268070898264,1.4358990182768585,1.0996518346434856,1.350044257614383,1.4189262116518568,1.3855834808688892
2017-12-15,1.3596558689814677,1.4472584510618554,1.1074178868935427,1.3612874449702006,1.4350382499377718,1.3992197743675838
2017-12-18,1.377782963959073,1.4669517548079705,1.121267841860514,1.3699188309330808,1.4470698543205633,1.4095213724079994
2017-12-19,1.3710131463733277,1.4612872076696946,1.112219307717581,1.364658213975915,1.438495318888984,1.4026390032404144
2017-12-20,1.3631522245461931,1.4548522659481757,1.1014043093696921,1.363942990383755,1.4369441754291397,1.4015151988685337
2017-12-21,1.361019683804972,1.4499036498826254,1.1057512147771797,1.3667519940720667,1.4371268529321262,1.4030474769096493
2017-12-22,1.360287147026775,1.4509522654931684,1.1009714951636314,1.36639451510196,1.4354851049551252,1.4020625826625157
2017-12-26,1.3575932942096973,1.4488707443000852,1.096988560267837,1.3647602243235895,1.4277314435120463,1.3974375405456683
2017-12-27,1.3658063302742334,1.455919036639432,1.1075248851964086,1.365424354191263,1.4279139741681655,1.397866885161325
2017-12-28,1.3657207207160431,1.4577095283531099,1.1031610959292546,1.3682338006328192,1.429646914049792,1.4001532217756703
2017-12-29,1.352859702152578,1.4439025480351269,1.0929535549437146,1.363074574168785,1.4207990965980697,1.3931807856925698
2018-01-02,1.366682894680223,1.457217171748698,1.1073884142878085,1.3728308190262062,1.445701388363705,1.4103757644920136
2018-01-03,1.3689279682147544,1.4593562057471297,1.1097883464246052,1.3815140956694139,1.4597484660009097,1.421688059450627
2018-01-04,1.3673641050874712,1.4592549362017122,1.1049480938246907,1.3873370092478765,1.4623030141053737,1.4259281517701408
2018-01-05,1.375912216538502,1.4696703739317785,1.1089188243445747,1.3965820512084874,1.4769888756155616,1.4378395310235716
2018-01-08,1.385958132218826,1.4774268880168098,1.1237472153271324,1.3991365603315062,1.482736021463136,1.4419519233819196
2018-01-09,1.3847583895093276,1.4755794693829158,1.1240716680444072,1.4023032200912224,1.4828264791334251,1.443627689947298
2018-01-10,1.3835620045719978,1.4735084348038725,1.1249200648539455,1.4001576378653922,1.4793604525233042,1.4408360839745635
2018-01-11,1.4142766946011003,1.504457823885412,1.1539286636070203,1.4103730178379983,1.489485397180391,1.4510228057734125
2018-01-12,1.413517482038568,1.5078188453717807,1.1437170796845604,1.4195673202767185,1.5004316563665803,1.4610842545407143
2018-01-16,1.3914091525993915,1.4818025954929364,1.1313650396533053,1.4147147447102513,1.4961440215336224,1.4564994092549153
2018-01-17,1.4053589445767736,1.4966049456205295,1.142830709011153,1.4281999459486852,1.5122895409052939,1.471300006500757
2018-01-18,1.400785619622877,1.4904687521466655,1.1420117681606543,1.425799072201721,1.5125634103129064,1.4701965661614917
2018-01-19,1.4108753668839404,1.5041476378616363,1.1434723584657036,1.4322858499959104,1.5173061235877898,1.475845884918777
2018-01-22,1.4182182484107897,1.5143255603536805,1.1440649410804395,1.44393132295024,1.5335432754046894,1.489742444607558
2018-01-23,1.4159480193708531,1.5127263082186004,1.1403641206130695,1.4469963265648775,1.5462232087068424,1.4974824530660862
2018-01-24,1.4163580674041298,1.5125740724846293,1.142029371875791,1.4464349154500709,1.536188868566912,1.4923329370705782
2018-01-25,1.4183930517936583,1.5120009734869533,1.1498908277681072,1.4470472431880659,1.5356412765985545,1.4923828365665566
2018-01-26,1.4315344508106125,1.528052690317375,1.1558833003463551,1.4638006717806455,1.559175102407332,1.5124574343967885
2018-01-29,1.4158981648047937,1.5109692249419377,1.1441495798102228,1.454096317603552,1.5516047058547089,1.5037721887211903
2018-01-30,1.4051443996870618,1.4985251481455015,1.1376592997365216,1.4391812890353415,1.538834314882267,1.4898715514063317
2018-01-31,1.409221588335503,1.503989390681464,1.1384183696192887,1.4398965126275016,1.5452193635216207,1.493332703165165
2018-02-01,1.407978216112236,1.5023522019470137,1.138118335580963,1.4382616019945877,1.532084204930675,1.4861378634978475
2018-02-02,1.3834953917579955,1.4737066792882292,1.1240589224985797,1.4069510665571492,1.5015265466095606,1.4551408439679603
2018-02-05,1.3329928962624118,1.4153260019747014,1.0935186464824114,1.3481086289773871,1.4423261131176084,1.3960261166995098
2018-02-06,1.3546782907791561,1.4388249598826799,1.1102091986451874,1.374669307601225,1.480546240977176,1.4282751087710768
2018-02-07,1.3661088136924981,1.4506556899937866,1.1202940851637229,1.3672123688963385,1.4613903608247782,1.4151614581971308
2018-02-08,1.316051937432139,1.3946497677393161,1.0858497359970822,1.315929677324979,1.3997277459079267,1.3587648475001388
2018-02-09,1.3338326573984287,1.4133568378254555,1.1008369028972382,1.3356967501557626,1.423900502436555,1.380702777049552
2018-02-12,1.3544461823343976,1.4358325646303212,1.1163700499243263,1.3553107189143851,1.4491675618206938,1.403090464455995
2018-02-13,1.3669966431839602,1.4462426272880295,1.1334660316034395,1.358682019223994,1.4566475007030275,1.4084565950606853
2018-02-14,1.3821983077552695,1.464779232571234,1.1403016266733739,1.377019264725001,1.4839209288358033,1.4311466700097817
2018-02-15,1.4123422319766459,1.4950642165011223,1.1690467509356028,1.3945900158080642,1.5114691074573956,1.4535616048249784
2018-02-16,1.3855198532927722,1.477626031225293,1.1211460509706155,1.394998854154604,1.5047188506589364,1.4505288478001577
2018-02-20,1.3854388555346933,1.4755950245488159,1.1255069491252838,1.3862640410336644,1.507728624052193,1.4474382808079285
2018-02-21,1.3705372400292246,1.4613691089546252,1.1096360338327973,1.3793681592409885,1.5034417234535717,1.4417804472237234
2018-02-22,1.384994112916195,1.473359163195601,1.1291426428571534,1.3811560853954146,1.5032591927974526,1.4426273372337588
2018-02-23,1.392634738317669,1.4888072107255372,1.1185424019152856,1.4031711050022995,1.5339998223152882,1.4688751340009947
2018-02-26,1.4240125138240707,1.5208035058552132,1.1472344033730593,1.4194650442770982,1.5543407566872205,1.4871422770878069
2018-02-27,1.408827518463165,1.5035088846532634,1.1374392928113577,1.401740923469927,1.535094125170799,1.4686504184849831
2018-02-28,1.4084052957701112,1.501572573467452,1.1404703327708139,1.3875412070445254,1.5252430499213245,1.4564993169006948
2018-03-01,1.3859976315955285,1.4775998641484371,1.12251407005186,1.367365295867202,1.5003401707682198,1.4340197646665693
2018-03-02,1.3959729620294288,1.4891668525215453,1.1284681070897138,1.374414370282688,1.5141141132321485,1.444298653684767
2018-03-05,1.4173679895727909,1.51904057877654,1.129735261341352,1.3902996483122447,1.5308984164768036,1.460650340213513
2018-03-06,1.429065702637794,1.5305227339071132,1.1414122415842844,1.393823964143365,1.5373745101739158,1.4655911283998642
2018-03-07,1.4335565889138184,1.5338269852183735,1.148367346995919,1.3933128497972036,1.5409320223823972,1.4670181148277899
2018-03-08,1.4431078251483518,1.546104560772718,1.1513954186437916,1.4000554504164204,1.5494147785218813,1.4746056863705268
2018-03-09,1.4641042336255607,1.5737664928910178,1.1566039138729325,1.4244200729444847,1.5795166241667336,1.5017609138292847
2018-03-12,1.456146894764699,1.5637783060887858,1.153481331156309,1.4226319696887608,1.5879086289421935,1.5048077619746165
2018-03-13,1.4460386795483282,1.5506411751996343,1.1505234035785958,1.4134380214526363,1.5662901268242946,1.4897016870920017
2018-03-14,1.447059031064244,1.551662996227896,1.1514962554426356,1.406184660689854,1.5660164042635496,1.4857491559823632
2018-03-15,1.4411658018725992,1.5438764991978813,1.1500733086195634,1.404652645911105,1.5646483788472938,1.484290853330297
2018-03-16,1.4427081625961067,1.5450784541442126,1.1523105210517948,1.4061756285236537,1.5599964169364342,1.4828889954004398
2018-03-19,1.430467595184617,1.5299913371783764,1.146959346252121,1.3871496360745446,1.5267125465229208,1.4570376628494306
2018-03-20,1.444380516148543,1.547453032516756,1.1523107464582438,1.3895085368138713,1.531736912089386,1.4606740706421961
2018-03-21,1.4438556332161303,1.5456066062683254,1.1547605867100221,1.386842011119838,1.52506800845544,1.4560927684791058
2018-03-22,1.4060087469857088,1.4941648451361098,1.148984716181131,1.352174963331178,1.4874252824783027,1.4199235930510448
2018-03-23,1.3777220827305272,1.459362171503371,1.136809529314665,1.3233535866377797,1.448229357185178,1.3860823031106841
2018-03-26,1.4105409237460131,1.501238083141042,1.1472685825286109,1.3595592905038656,1.5020433007357739,1.4307955822409517
2018-03-27,1.384494015981037,1.4658108847264846,1.143749178165507,1.3364310121374618,1.453437575029569,1.3954754372715061
2018-03-28,1.3724697145808462,1.449040150168534,1.1432732491551996,1.3324818302923287,1.4367174438659471,1.3853869359412976
2018-03-29,1.3954188558512521,1.4761374482628271,1.1556019730351508,1.3495079948838993,1.4630307871799726,1.4069246382071352
2018-04-02,1.3659302023126354,1.4363763846225437,1.151300529649421,1.3203792588877417,1.4208200957001014,1.3714446381337952
2018-04-03,1.3908630927128403,1.459010249579839,1.180935944757914,1.3373025276251473,1.4368086357705732,1.387949982490081
2018-04-04,1.4051869478178276,1.4755488454726409,1.1894241328370774,1.3516104529436552,1.4594674010967972,1.4063190132849674
2018-04-05,1.4151128520083132,1.4894420602647687,1.189433846846468,1.362277618327577,1.4677815770325604,1.415874183378525
2018-04-06,1.3822600753394814,1.4579603182113035,1.154401651745371,1.3319181168606467,1.4310529728046923,1.382382353049437
2018-04-09,1.3825081238975203,1.4590640699876032,1.1526084616492622,1.3384822879220823,1.4411030255594295,1.390642914970413
2018-04-10,1.4184966363200733,1.4955945891257758,1.1860507308870532,1.3597643738070027,1.4728981624317234,1.4170395554472701
2018-04-11,1.4112611865635958,1.4889703603795568,1.1776111882175118,1.3526364893138858,1.4644010152992388,1.409238045497825
2018-04-12,1.4329180908875072,1.5086772868916922,1.2031386289138142,1.3637646493766222,1.4820345339777934,1.423519594576708
2018-04-13,1.4193764511537104,1.4982547204757286,1.182593432415968,1.3597643738070027,1.4743597293024828,1.4177459276355595
2018-04-16,1.4290336889863091,1.510701876998317,1.1853040854002213,1.3709442474487687,1.4855977732141015,1.4289774819555197
2018-04-17,1.454098070806697,1.5379130912704992,1.2044119809699765,1.3856109799971181,1.517575734436249,1.452000871639236
2018-04-18,1.4638936658634312,1.5428720974195018,1.2252153843196496,1.386636839266051,1.520682279915091,1.4540245330824721
2018-04-19,1.460719930968585,1.538976757991109,1.2238702950954812,1.3789443558347627,1.5067028986837359,1.443308068160145
2018-04-20,1.4457534118808364,1.5245278945614897,1.2081826015429757,1.3672518624858023,1.4828570232818343,1.425767663953058
2018-04-23,1.4350707874899131,1.5159168529122575,1.1929463695868854,1.3670470448346117,1.4791111065425395,1.4238600219470245
2018-04-24,1.3996996954457976,1.4827207348067177,1.1537039390099224,1.3486362137442662,1.4477729571214466,1.399188271227533
2018-04-25,1.396458371026373,1.480184453567482,1.1489377146613817,1.3519696143760929,1.449508246552951,1.4017559739653032
2018-04-26,1.4202530958238804,1.5031088932301182,1.1738635506332868,1.3657134720603235,1.4800243472106047,1.423636354548068
2018-04-27,1.4200423551833725,1.5053248300619624,1.167975172858663,1.3669955083568799,1.4809383221130066,1.4247441361899706
2018-04-30,1.4093897264425939,1.4955439487360593,1.1556951477280732,1.3564824211022584,1.4704312819070686,1.4142113549026936
2018-05-01,1.4073122929266457,1.4893955798171075,1.1631348154063994,1.3588926812180189,1.4872420175878471,1.4235517727760283
2018-05-02,1.4049617317472491,1.487113818082654,1.1607097045705164,1.3497645261141187,1.478471294741485,1.4145729654546717
2018-05-03,1.4101040914952676,1.5001640616831788,1.147145552264351,1.346790375465379,1.4782884703916312,1.4129270273493677
2018-05-04,1.4200709258767885,1.5092724951471763,1.1586832503817819,1.3642262639099798,1.5063376905246306,1.4354776046678015
2018-05-07,1.428410000655144,1.5213291205079478,1.1581318002976169,1.3688415237370655,1.5188546238040221,1.443869818597351
2018-05-08,1.428219126524818,1.521614890477184,1.156860131185017,1.3688415237370655,1.5173014244880347,1.4431315591288432
2018-05-09,1.4674112004790096,1.5554257923718708,1.2067250321756513,1.3820722304102067,1.5338390249955376,1.4579705407807038
2018-05-10,1.4838560336678581,1.5691440722490877,1.2288900363366837,1.3949956663312382,1.5497360794676487,1.4723424806369327
2018-05-11,1.4962816969407156,1.5798652963215905,1.244863165108269,1.3992520303778326,1.5482742189031546,1.4738942339364511
2018-05-14,1.4999571118907893,1.5831080737674976,1.2494290309314515,1.399918993866275,1.5509239237776629,1.4755067108140982
2018-05-15,1.487202242235519,1.5720804935909525,1.23304074162985,1.390277953403233,1.5337469520097073,1.462255058552953
2018-05-16,1.49684657625637,1.5858040867140695,1.2327334848411928,1.3961242443530377,1.5438889309034072,1.4701641579233138
2018-05-17,1.5172131859463096,1.610552797177907,1.2421098325758522,1.3949449268093477,1.5379500030470703,1.4667155639068945
2018-05-18,1.514019119767111,1.6061751530489543,1.2417787167247736,1.39145753659887,1.530001622657882,1.4610920402841323
2018-05-21,1.537343035651691,1.6357119968426872,1.2497913338214837,1.401918821723813,1.5385892274606559,1.4706848609229284
2018-05-22,1.5409731617098485,1.6344733399218474,1.264435101834303,1.3980215305590076,1.5365794812340696,1.4676801077373078
2018-05-23,1.5417271189544586,1.6405710951518218,1.252757976519422,1.40186746234738,1.5495538425052644,1.475895187416874
2018-05-24,1.5486253741467655,1.6484654218041703,1.257094597896528,1.39899576479956,1.549097001900931,1.4741659542307872
2018-05-25,1.5409262644310697,1.6398408797630615,1.2518264622161295,1.395662541269031,1.550650054370051,1.4731487579038713
2018-05-29,1.5529408963464215,1.6454364010010656,1.2780539474165613,1.3796106994686619,1.5437975921519143,1.4614222549346956
2018-05-30,1.5703611183558317,1.6646736162929647,1.2905744210613752,1.3980215305590076,1.5548525180199446,1.4764060795054958
2018-05-31,1.5631006530706457,1.6540336030571434,1.29145356921709,1.3894570888867885,1.553847938600386,1.4714068144006502
2018-06-01,1.5961436621701972,1.6961199168949719,1.302074010483139,1.4030987591220465,1.5782424338987164,1.4901800493062347
2018-06-04,1.6153852715635633,1.7104465186519315,1.3318656849699249,1.4097654718350507,1.5924952439970816,1.500449053238604
2018-06-05,1.633951108404471,1.7254576101507721,1.3580290627467213,1.4107912425533347,1.597428711352656,1.5033190866247466
2018-06-06,1.6493955146671861,1.7361218691188727,1.3841943672745018,1.4225859233512683,1.6067479072485795,1.5139882948521435
2018-06-07,1.6408878066670642,1.7301511693700393,1.3699164021319588,1.4224318452219682,1.5936825009196263,1.507750744108503
2018-06-08,1.6573923303516354,1.7447680305785487,1.3903120083355214,1.4266377353986197,1.5937742802117216,1.5100232412323484
2018-06-11,1.667993848224618,1.754704085812754,1.4021320301054143,1.4285348445032913,1.5980685231537104,1.5130615304829096
2018-06-12,1.68691889328959,1.7698505626203802,1.4294570438430756,1.4303812140860723,1.6064738909940994,1.5180184683977436
2018-06-13,1.6781805311984581,1.76230771126329,1.418114707406885,1.4258168708821752,1.6063829927832083,1.5155535250624395
2018-06-14,1.69855889918015,1.7751765962988475,1.4559296627332574,1.4294066256429239,1.6226455491081597,1.5251328792086238
2018-06-15,1.7119022632351526,1.784046326180284,1.4798552265373595,1.4275826593743453,1.61698078435317,1.5214976505381337
2018-06-18,1.7301043170568324,1.800762152292436,1.5011973257411337,1.4246468511566326,1.6160472788174103,1.5194939879540212
2018-06-19,1.7389585707782462,1.8085160247094492,1.5125364357391655,1.4191863753846214,1.611468740340227,1.5144294888007124
2018-06-20,1.7357497592085602,1.8068734319769044,1.505493714195242,1.4216072615782647,1.6229136914879454,1.5210990461809042
2018-06-21,1.715567314248776,1.7856425836796526,1.4885420178460473,1.4126959670138224,1.6088136021316266,1.509723813433404
2018-06-22,1.7288064676788133,1.7972229452425559,1.5055299920745677,1.4152711084380638,1.6052427268582161,1.5094243487962538
2018-06-25,1.6749804342853154,1.753503588249173,1.4279033751651198,1.3960057635846452,1.5690763992854406,1.482147083457
2018-06-26,1.6982560764186152,1.773595047018472,1.4581900473376217,1.3990962697862015,1.5754858245047747,1.4868148537275687
2018-06-27,1.6851269245181502,1.7631091010942561,1.4389607779505957,1.3875058753355645,1.5540602791705769,1.4705464773722288
2018-06-28,1.695892004087679,1.7764256188775482,1.4431259614792293,1.3954390394308973,1.567428190046276,1.481075220394722
2018-06-29,1.69400571424585,1.7761096110368122,1.4374755302646414,1.397448076555934,1.5716400518956803,1.4841312955726662
2018-07-02,1.716287892762537,1.7941037892309208,1.4694169267258546,1.4004358640046233,1.582169412825456,1.490689398604564
2018-07-03,1.6955695491411156,1.777435178227903,1.4394201212298383,1.3954908415605758,1.5638576084666005,1.4794310282543177
2018-07-05,1.7339282070795958,1.8108769477774258,1.488428974145979,1.406874735897691,1.5832681210869872,1.4946466591359036
2018-07-06,1.7722917756177319,1.8477016374279338,1.5293534761749445,1.4187746148666642,1.607897865066816,1.5125933650550298
2018-07-09,1.7766856475441444,1.8540679909432598,1.5287113856081913,1.4315498170012309,1.6223646310509139,1.5262079971194356
2018-07-10,1.769003503475198,1.8511307005727704,1.5095371769436998,1.4367009853562043,1.6235551186045405,1.5295138503253558
2018-07-11,1.7679272439251825,1.850234059174258,1.5080571208416653,1.4261919714314375,1.6153143661024534,1.5200381834854861
2018-07-12,1.7959698266290878,1.8747988445825536,1.5436738412540678,1.4391222257524436,1.6431487492685157,1.5400250416670704
2018-07-13,1.7739624406955379,1.8570933342020153,1.511745742043626,1.4402554969586419,1.6445225017125984,1.5412751744367197
2018-07-16,1.787410078533071,1.8702517947945387,1.525450804027605,1.4389677048698986,1.6405850966582762,1.5387410131045975
2018-07-17,1.7985571389936823,1.8827324281100013,1.5329651977705427,1.444788227580838,1.6505653971510208,1.5465334346319488
2018-07-18,1.804487407918729,1.8879914118246097,1.540337429154448,1.4478276400579075,1.6474525372568827,1.5467018308099172
2018-07-19,1.7988064024596135,1.8819475181066758,1.535732785027902,1.4423675184884925,1.6392117847547958,1.5399169375509671
2018-07-20,1.7986952397016172,1.8811599476357672,1.5372812161326852,1.440718705403682,1.6388459892082208,1.538864956405604
2018-07-23,1.7997040967040292,1.8835621028476983,1.5348410403514525,1.4433978052898768,1.6440646331801936,1.5427458958185034
2018-07-24,1.7715631313645461,1.8592798393098775,1.4982032389296516,1.4506605524214558,1.6508400007929702,1.5498061254463347
2018-07-25,1.8016813711569002,1.884028231165796,1.5402601122331674,1.4630245253419587,1.6739133148257301,1.5672412168925456
2018-07-26,1.811425168618255,1.9000584425918496,1.5342642560387925,1.4595728210430372,1.6485510986715468,1.5535194363340072
2018-07-27,1.769746864406267,1.8624655214355514,1.4841262416434187,1.4496820677497502,1.6263017424115016,1.5377723566627632
2018-07-30,1.7177259524790105,1.821882907782277,1.4066414652255395,1.4421100132011335,1.6033197671302348,1.5228908064388442
2018-07-31,1.7254089971753397,1.827643568513465,1.418464876366915,1.4492183280008162,1.6155894102850046,1.532471126713131
2018-08-01,1.7442479804104112,1.843504736805567,1.4434848994912182,1.446797884560418,1.6217237913217875,1.5341007725232358
2018-08-02,1.7737848470215263,1.8708798320532318,1.476955015149502,1.454678715222178,1.6437898826913768,1.5487158824702225
2018-08-03,1.767734656445426,1.8681926798381774,1.4631681414569615,1.4609121496095119,1.6488255554666285,1.554406287723446
2018-08-06,1.7916379032084906,1.889870713806487,1.4913730811737298,1.46626955242606,1.658530811776822,1.5618311627939003
2018-08-07,1.7963667993798649,1.8934327734869802,1.498685664216253,1.471111767566592,1.6645742946027136,1.5672556224928986
2018-08-08,1.773629277299628,1.87654506254005,1.462907947275178,1.4704934183844631,1.6665888867759224,1.5678746468567444
2018-08-09,1.7786325945744972,1.8793891781087986,1.4727634949124302,1.4684849125633206,1.665581370419017,1.5663299688758239
2018-08-10,1.793651089236722,1.8868564579443965,1.5049516656378814,1.4586456071971157,1.6528545929661789,1.5550983233922064
2018-08-13,1.7958368600190189,1.8843267952171858,1.518340451231332,1.4531853085264028,1.6510235593771607,1.5513262737931894
2018-08-14,1.8190369689525865,1.9049684003699123,1.5469038020825123,1.4624576240869125,1.6613690680290112,1.5611359316354396
2018-08-15,1.7910118183161619,1.8785035821664864,1.5160449644811171,1.4515368496441883,1.6410434057312835,1.5457574178155684
2018-08-16,1.806301040970543,1.8955281184524848,1.5265937639339622,1.4632815878760725,1.6464453145937124,1.5545550931986931
2018-08-17,1.8230652050448564,1.9104431774000015,1.5472303981462563,1.4684333760855888,1.6468111101402874,1.5574643510296995
2018-08-20,1.8424942728187952,1.9266942405997523,1.5737037320287734,1.4715754187648764,1.6453460189447116,1.558437821471418
2018-08-21,1.850686251844114,1.9348372349744425,1.58173799330416,1.475026768861202,1.6513892080768686,1.5631273496793814
2018-08-22,1.8579054198824745,1.9394088840772226,1.5952061754765074,1.4741508258410654,1.6577984864493356,1.5656965796733187
2018-08-23,1.8711350235225803,1.9494921572023924,1.6157610333829402,1.4721938564976542,1.6554180987295517,1.5635332598985296
2018-08-24,1.909740490640048,1.9828529465584392,1.666157890257075,1.4810540573376103,1.6708004549315925,1.575502492557119
2018-08-27,1.9397285873002328,2.009872433611799,1.7026985935583168,1.4927471705411144,1.6878301392915933,1.5897510689531522
2018-08-28,1.9454696176584743,2.011911929723503,1.7176731722155927,1.4934679728241622,1.6903025999972072,1.5912992837615576
2018-08-29,1.9618451119481881,2.0259503743105682,1.7395494388861654,1.5015046526282034,1.7098048919096895,1.6047608576795158
2018-08-30,1.9601293899341243,2.0252866511586665,1.7351738665564582,1.4954258276740637,1.7067833707670448,1.6000944843236249
2018-08-31,1.9808725415325206,2.041571310566986,1.7667681921681435,1.4954775412530932,1.7089806404432402,1.6011521114487803
2018-09-04,2.024759610652373,2.0739745594882533,1.8392172268973292,1.4929019570756066,1.7016563592403,1.5963422434243317
2018-09-05,1.9820430320844644,2.0362805090119105,1.7842907021143675,1.4888837057242352,1.679681606622204,1.5838865327155078
2018-09-06,1.974344685441157,2.029842457957437,1.773493658077499,1.4844018917252277,1.6646657802010751,1.574422913456143
2018-09-07,1.9866237954834878,2.0380151253231973,1.7961918356787971,1.4815175314345974,1.6582565018286084,1.5698623596854737
2018-09-10,2.0278707960773903,2.078749707883719,1.8376610638013584,1.4840928499601371,1.6638416755814929,1.5738705304749552
2018-09-11,2.0504744459173203,2.0983661909000135,1.8675707521988727,1.4889866015784003,1.6766599386326917,1.582527987837737
2018-09-12,2.03883838174719,2.0925747285829988,1.8406416844632272,1.4893471798212223,1.6717160451495354,1.5803864377468666
2018-09-13,2.02862761690871,2.087199393481315,1.8179535374001563,1.4981565525886391,1.6895701278228534,1.5934997061872327
2018-09-14,2.0361467472182766,2.0997402805898813,1.8121372059072989,1.4984137036734022,1.6846256469522278,1.591304797615781
2018-09-17,1.9969457738482788,2.0639085968044504,1.7653556825604366,1.4904813365339102,1.660362285906443,1.5756330998095716
2018-09-18,2.0057642292511284,2.075177110515666,1.7676232935044205,1.4985683131065968,1.6740964328693195,1.5864242371181603
2018-09-19,1.9856260765652596,2.053387926190858,1.752314241328676,1.5001654126123778,1.6728149002579342,1.5866623936421214
2018-09-20,1.9957506100161309,2.0617083243268204,1.7667525168903557,1.5123221770141668,1.6913098226603784,1.601862447913776
2018-09-21,1.992264223617653,2.0588314585627203,1.76180299413548,1.5109404326868099,1.6820625817294574,1.5967515775987624
2018-09-24,1.999054080525571,2.065513183938725,1.7686674219962004,1.505921027697583,1.6867403886889711,1.596319619822677
2018-09-25,2.046587204868986,2.1139766628673615,1.8123919478073482,1.504524229759892,1.6890335493695474,1.5966644126480412
2018-09-26,2.049021510932671,2.1159582005239805,1.815918380138494,1.500021783459662,1.6902259459324496,1.594838913572681
2018-09-27,2.0617359876742767,2.1300583956705363,1.8246881082252728,1.504213594083119,1.7045347046872763,1.603817927766665
2018-09-28,2.054462340935855,2.121577962390627,1.8207326423535874,1.5043690890228036,1.704168028059497,1.6037283181291362
2018-10-01,2.023840914646712,2.09520747356273,1.7800750024475613,1.5095951712268507,1.7076534384561084,1.6081539372384521
2018-10-02,1.9722206996475606,2.054650747763394,1.7018343901377095,1.508715331978157,1.7038013514317178,1.6058714769291975
2018-10-03,1.9731655659204872,2.058484813038636,1.695568615383287,1.5095434576478213,1.705635321958083,1.6071764834453568
2018-10-04,1.9365591087576919,2.0210722683138806,1.6621927131198355,1.4977453233745759,1.6728899390071512,1.585468313354126
2018-10-05,1.9250905303701227,2.0076486637005138,1.655937716999036,1.4893622334315566,1.652434904619286,1.5713382202935298
2018-10-08,1.8818579935437032,1.9710560816175262,1.597731740392887,1.4893622334315566,1.6423449095166291,1.5665408165038077
2018-10-09,1.8684793711558583,1.9558119495008612,1.5893674971223029,1.487189200504529,1.6476647309802077,1.5679351367370582
2018-10-10,1.7592551237707363,1.8542643749289516,1.4652981255940258,1.4400998249176595,1.5752022632039173,1.5086340816571184
2018-10-11,1.7215925095291764,1.816935119365731,1.428316376768152,1.4083792999752442,1.5556648748901378,1.4826631620179593
2018-10-12,1.7770156372970787,1.871562878120967,1.4834124224366811,1.427939429939261,1.598958708863601,1.513590174508595
2018-10-15,1.7576406269455545,1.8544245409309261,1.459469001653223,1.419918777802693,1.5796047322871447,1.5001789677292021
2018-10-16,1.8235858690300788,1.9185502313506817,1.5270967638846704,1.4509664063631817,1.6255595783439025,1.5384023288395694
2018-10-17,1.8059501351444796,1.9022261563331242,1.5070032297942624,1.4512252399102765,1.6262015928479676,1.5388433402100776
2018-10-18,1.7755148142206318,1.871939642134529,1.4773960984083543,1.4302676921540258,1.5885021839800322,1.5098947942961114
2018-10-19,1.7295962381073782,1.8283051980619813,1.4278749199896899,1.4294918113672852,1.5870351837751808,1.5087880534650135
2018-10-22,1.7491538119323407,1.8433920136017117,1.4571106148744704,1.4230758740923146,1.595198107437571,1.5092823631472196
2018-10-23,1.7376915771252028,1.8288922132837921,1.4533008663475604,1.4158311027424875,1.589327903915155,1.502663521951626
2018-10-24,1.6643934970219292,1.7520820013322176,1.3912005544268984,1.372933272127128,1.5165892171813746,1.445512991020673
2018-10-25,1.6715382185925736,1.7588385212264341,1.3989939334446364,1.3975643435581024,1.5690562812646132,1.483483659507971
2018-10-26,1.6381336201009584,1.7182252974479648,1.384074245624534,1.372984808604859,1.5286973287820569,1.4513594076864007
2018-10-29,1.6245805459383444,1.7011737335664519,1.3794761819997357,1.3653782193031236,1.4972356811455205,1.432404018278992
2018-10-30,1.6567744151955694,1.7390197551686928,1.3967553508093942,1.3856108914464709,1.5219096260324227,1.4548197310589623
2018-10-31,1.6965715545113826,1.7795958695249325,1.4331899532330294,1.400410715620302,1.5576824040006936,1.4796871643597216
2018-11-01,1.700294154672405,1.7792178854362586,1.4466819405122304,1.415313347097649,1.5782293645275216,1.4973193681929946
2018-11-02,1.6982339652960203,1.776343460619214,1.4466819405122304,1.406930788458524,1.553646464698378,1.4812239253300281
2018-11-05,1.7045484866438465,1.785150067115429,1.4466819405122304,1.4146922528454011,1.5497940839802529,1.4834731781672033
2018-11-06,1.7046947131860855,1.7853542551638475,1.4466819405122304,1.4236445463603409,1.561535078412554,1.4937862295911983
2018-11-07,1.7108969623042571,1.7940152091509443,1.4466819405122304,1.454123059899558,1.6105161447117116,1.5332042963016341
2018-11-08,1.7139454098401035,1.7982772707978296,1.4466819405122304,1.4514841620080199,1.6002433252592008,1.5269232507557038
2018-11-09,1.7122764618507864,1.7959425163627492,1.4466819405122304,1.4373057862890328,1.5732760728448547,1.5065997787899845
2018-11-12,1.7091983342646881,1.7916378063654024,1.4466819405122304,1.4104494370481067,1.525670667999055,1.4697302870665434
2018-11-13,1.7059129789547365,1.7870460499747787,1.4466819405122304,1.407810450605919,1.5269544033134506,1.4689736687419606
2018-11-14,1.7017730055239289,1.7812635563714152,1.4466819405122304,1.3981852607090524,1.5153051881732449,1.45834854901363
2018-11-15,1.703005444056866,1.7829835647290226,1.4466819405122304,1.4127778763641696,1.5418139846677164,1.4787150113447072
2018-11-16,1.70402512665362,1.784406991230758,1.4466819405122304,1.4164519313427881,1.536402237065175,1.4780426410349286
2018-11-19,1.6980018257518676,1.7759970837544288,1.4466819405122304,1.3924934020911437,1.4865033778450643,1.4415407534331073
2018-11-20,1.6853323900034898,1.7583285664806265,1.4466819405122304,1.366723303661784,1.459903389445967,1.4153041521529852
2018-11-21,1.6854050424493823,1.7584296320997257,1.4466819405122304,1.3713808021484537,1.471001928833601,1.423095420515851
2018-11-23,1.6861300388254328,1.7594381770913472,1.4466819405122304,1.3622215657667467,1.460361551672107,1.4131961808354088
2018-11-26,1.6881152198123845,1.7622001651044914,1.4466819405122304,1.3842140049581304,1.4941166536829542,1.440936337149183
2018-11-27,1.6882648601602936,1.7624084417613581,1.4466819405122304,1.3888710606915544,1.499161577810849,1.4457929631449118
2018-11-28,1.696829259535285,1.7743291382612878,1.4466819405122304,1.420850419181065,1.5474092908544486,1.485703040104904
2018-11-29,1.6981215556365978,1.7761308977213204,1.4466819405122304,1.4177457448756652,1.5423643667265536,1.4816579753121857
2018-11-30,1.7008982481938653,1.7800032309890736,1.4466819405122304,1.426387225612534,1.5535549791000176,1.4915485742423407
2018-12-03,1.6971992134520815,1.774841806195707,1.4466819405122304,1.4452749019478692,1.5807054964048195,1.5144572681921746
2018-12-04,1.667813498881364,1.7338684234510369,1.4466819405122304,1.398444005705498,1.5200750681185886,1.4608762832465487
2018-12-06,1.6639260343234945,1.7284798496896854,1.4466819405122304,1.3963224207055527,1.5308069308784433,1.4649250897012833
2018-12-07,1.637995940470573,1.6925650763958435,1.4466819405122304,1.3638776400047772,1.4802660571542674,1.4237228128840431
2018-12-10,1.6370661522019663,1.6912840580383872,1.4466819405122304,1.3664650014185837,1.4957677998594656,1.4325280619657073
2018-12-11,1.6496492675954877,1.708617197925573,1.4466819405122304,1.366775194342112,1.5007209446952652,1.4350625218439859
2018-12-12,1.6585898240814363,1.7209640556251555,1.4466819405122304,1.3736578820880836,1.5139296735667545,1.4449912186231753
2018-12-13,1.6603543154562461,1.7234051865894793,1.4466819405122304,1.373192017123573,1.514388570027231,1.4449651901311347
2018-12-14,1.6421393731836946,1.6981963295050062,1.4466819405122304,1.3478365128329397,1.4775137063194799,1.414032591257194
2018-12-17,1.6044603075099988,1.646242598032389,1.4466819405122304,1.3213938722242495,1.4440343827255202,1.3841414891811719
2018-12-18,1.59741891972322,1.636609591453082,1.4466819405122304,1.3199450950555822,1.453115686696333,1.3877350258465753
2018-12-19,1.586632763945164,1.6218752173254887,1.4466819405122304,1.3001777565728516,1.4174336600920863,1.3603054647976867
2018-12-20,1.5659358897582376,1.593666423555708,1.4466819405122304,1.27901362015243,1.3968874337995951,1.3393749548396527
2018-12-21,1.5492191635583812,1.5709827488444372,1.4466819405122304,1.2528072326753337,1.35359315928553,1.3048974894595615
2018-12-24,1.5159402375330586,1.525987506582506,1.4466819405122304,1.219704343551018,1.320027049192965,1.2714785725185658
2018-12-26,1.5643700388408073,1.5909885489825795,1.4466819405122304,1.2813295738269808,1.4024479372787648,1.3432939171159552
2018-12-27,1.5782098411392806,1.6097556065886087,1.4466819405122304,1.291166842528258,1.4078753974961127,1.3510496810861026
2018-12-28,1.5780113086195604,1.609485605453247,1.4466819405122304,1.289501381921431,1.4071392541500747,1.3498251144157316
2018-12-31,1.588379562006897,1.6235856772668076,1.4466819405122304,1.3007957515523838,1.4190059495008296,1.3614281549924774
2019-01-02,1.5772105183514515,1.6083635395683202,1.4466819405122304,1.3021490711214043,1.4247088944413309,1.364872125796092
2019-01-03,1.5714057463308648,1.600470969265846,1.4466819405122304,1.271076205625944,1.3781631365903466,1.3262918861490796
2019-01-04,1.5805925329683383,1.6129465804383665,1.4466819405122304,1.3136518889801576,1.4371271466258615,1.3768768363099184
2019-01-07,1.5814506868199354,1.6141142069594778,1.4466819405122304,1.324009304193797,1.4542373030691715,1.3905012046865073
2019-01-08,1.5845135149051572,1.6182823245551625,1.4466819405122304,1.3364489879192147,1.4673916985997404,1.4033223410375426
2019-01-09,1.5837266484561197,1.6172108099194633,1.4466819405122304,1.3426949079480612,1.4793498795488558,1.4123195990162807
2019-01-10,1.5861669158838088,1.6205332914154549,1.4466819405122304,1.3474315707149573,1.483581272031618,1.416830571598681
2019-01-11,1.586067747482966,1.62039820206396,1.4466819405122304,1.3479518943286173,1.478154252354872,1.4145127119287084
2019-01-14,1.5826363989495376,1.6157240419149195,1.4466819405122304,1.3397279299018925,1.4650917829632661,1.4039476491141798
2019-01-15,1.5875847692765035,1.6224598075533052,1.4466819405122304,1.3550825238918538,1.4937003428140108,1.4257002617150718
2019-01-16,1.587734995361776,1.6226645090933363,1.4466819405122304,1.3583618200771275,1.4934241238565207,1.4272935350759899
2019-01-17,1.5905691141394402,1.6265264667193509,1.4466819405122304,1.3686673446104385,1.505198452527711,1.4383342542288096
2019-01-18,1.5919658560237857,1.6284308900035436,1.4466819405122304,1.3868843383300726,1.5201004726266416,1.4550264051017678
2019-01-22,1.5901705488567726,1.6259823168453975,1.4466819405122304,1.3681464011422357,1.4896525089154395,1.43062485154091
2019-01-23,1.5932756337665905,1.6302156683428597,1.4466819405122304,1.3710095978277494,1.4915841326085941,1.43304936739941
2019-01-24,1.5897286676530211,1.625376731826686,1.4466819405122304,1.3717378383653156,1.5012429853087041,1.438069867990091
2019-01-25,1.591435691803757,1.6277038017573209,1.4466819405122304,1.3833447917873198,1.5191803301558109,1.4527452446171512
2019-01-28,1.5900286704058857,1.6257850193729497,1.4466819405122304,1.3728310846781553,1.5004149158237035,1.438252268981129
2019-01-29,1.5901129243579215,1.6258998842309174,1.4466819405122304,1.3710095978277494,1.4862490390708107,1.4305086347124258
2019-01-30,1.5920973207865234,1.6286052937014093,1.4466819405122304,1.392713627555265,1.5240559398456484,1.4600260988720635
2019-01-31,1.5989486984186665,1.6379499401081112,1.4466819405122304,1.4049449516035313,1.54686904122946,1.4773646720360372
2019-02-01,1.5998650128928653,1.6392014934899204,1.4466819405122304,1.405621744214015,1.5403383204976926,1.474601871175113
2019-02-04,1.6089540293805857,1.651618148879353,1.4466819405122304,1.415511080696918,1.559471586232518,1.488947557548086
2019-02-05,1.6149695637164938,1.659851543994412,1.4466819405122304,1.4214445940360105,1.5732699052764274,1.4986553876859854
2019-02-06,1.6130698091015867,1.6572481425007786,1.4466819405122304,1.419570773752032,1.5685782947113827,1.4954330337557404
2019-02-07,1.5979051881077095,1.6364748816189254,1.4466819405122304,1.4060379322644236,1.5475129647428005,1.4782635032602178
2019-02-08,1.6087614424053687,1.651299280128348,1.4466819405122304,1.4077559034061211,1.5505482894909766,1.4806163620258108
2019-02-11,1.6172268489103787,1.662884937930469,1.4466819405122304,1.4085363888266107,1.5490764433395026,1.4803240704152725
2019-02-12,1.632264206267171,1.683500800672492,1.4466819405122304,1.4266494240842915,1.5719819114028786,1.5007865933683755
2019-02-13,1.632516583211421,1.6838478660442906,1.4466819405122304,1.431281154332095,1.5730857593047671,1.5037497318104793
2019-02-14,1.6349014107654611,1.6871276177511958,1.4466819405122304,1.4281064364633178,1.575017382997922,1.5030052440680184
2019-02-15,1.6481070628086318,1.7052976188091513,1.4466819405122304,1.4436685931745892,1.581640470409254,1.5143545456963363
2019-02-19,1.6553283660624902,1.7152601360277575,1.4466819405122304,1.4461673153887238,1.5847681618369946,1.5171623957425198
2019-02-20,1.6468959764284348,1.7036098861741864,1.4466819405122304,1.449082314203916,1.5844922365732392,1.518559369359616
2019-02-21,1.645878308670797,1.7022062688014106,1.4466819405122304,1.443928843532068,1.5786970718000406,1.5130820809586147
2019-02-22,1.6760389966744236,1.7437967978384354,1.4466819405122304,1.4528817569015513,1.5903793274854006,1.523371280468189
2019-02-25,1.682440862920834,1.7526777000790406,1.4466819405122304,1.454859624198132,1.5961744922585992,1.5271836917148927
2019-02-26,1.6768280236315098,1.7448814888533672,1.4466819405122304,1.4538188884201633,1.5978298969942637,1.5274293821919007
2019-02-27,1.673796185997055,1.7406749772803143,1.4466819405122304,1.4531944292432522,1.5968184157719396,1.5266178859980633
2019-02-28,1.6740593463952749,1.7410398777176355,1.4466819405122304,1.450487435902615,1.593139167510423,1.5234372539618168
2019-03-01,1.6782190474282892,1.746808056640289,1.4466819405122304,1.4595438649808063,1.6041776465293098,1.5334709730027394
2019-03-04,1.666411451198488,1.7304211578776758,1.4466819405122304,1.454235076470572,1.6044534249461977,1.5308139429986753
2019-03-05,1.6603396634900223,1.7220144706342069,1.4466819405122304,1.4522566778700974,1.6056493458339163,1.5303431691442415
2019-03-06,1.6513422905092987,1.7095723526658615,1.4466819405122304,1.4434606762506828,1.5965426373550515,1.521368893461052
2019-03-07,1.6440722079196926,1.6995370964840921,1.4466819405122304,1.4313861754018362,1.576949006691076,1.5056702641991693
2019-03-08,1.6447443813067006,1.7004635631773728,1.4466819405122304,1.4285225359630775,1.5745576054562407,1.5030224834328945
2019-03-11,1.6623364541774128,1.7247142850584558,1.4466819405122304,1.4492380747955476,1.6073051911101828,1.5295503291645354
2019-03-12,1.6586987634947257,1.7196820289474555,1.4466819405122304,1.4547031552013077,1.6161358274784248,1.5366360213431827
2019-03-13,1.6610630473388148,1.722950306891181,1.4466819405122304,1.4643324184280295,1.6282783012460673,1.5474944111060507
2019-03-14,1.6620059483017082,1.7242543485055657,1.4466819405122304,1.463395729662663,1.6255187549147794,1.545688150249889
2019-03-15,1.663737948355577,1.7266501751691599,1.4466819405122304,1.470625358851507,1.6406046272916355,1.5566787360912566
2019-03-18,1.664586492781805,1.7278243499712538,1.4466819405122304,1.4759573476317855,1.6445120755850178,1.5613545111427274
2019-03-19,1.6667635890732235,1.730837422587872,1.4466819405122304,1.4763235931161454,1.650041741222043,1.5641732534727826
2019-03-20,1.6642899733793635,1.7274124804704243,1.4466819405122304,1.471880298649463,1.6565842097031984,1.5649204041635696
2019-03-21,1.6823994551242485,1.7524742547856667,1.4466819405122304,1.488504886047714,1.6824805079139429,1.5859898212836483
2019-03-22,1.6533711305142265,1.7121577164957216,1.4466819405122304,1.4598560945692614,1.6455259063572194,1.5533096715390073
2019-03-25,1.6523800989944437,1.7107893588555276,1.4466819405122304,1.458758332173322,1.6423927815953867,1.5512468820685956
2019-03-26,1.6587569526752437,1.7195923805708748,1.4466819405122304,1.4696319976707657,1.6500417412220432,1.5606406594577624
2019-03-27,1.650810198916731,1.7086081093338121,1.4466819405122304,1.4619473952472408,1.6394435091114792,1.5515484151962586
2019-03-28,1.6566322607783297,1.7166426466507398,1.4466819405122304,1.4674888948631082,1.643221879008459,1.5562768814962906
2019-03-29,1.6724824159373215,1.7385417350975407,1.4466819405122304,1.4767417292808327,1.6556628924574293,1.56707458407928
2019-04-01,1.6871358098049067,1.758851295351097,1.4466819405122304,1.4942550109926798,1.6775955000245952,1.5867464100160662
2019-04-02,1.6907886517251627,1.7639287808787922,1.4466819405122304,1.494986970657505,1.6839548504621622,1.590142525250134
2019-04-03,1.694751325894401,1.769440902896907,1.4466819405122304,1.4973394071994535,1.693630737398885,1.595962033460721
2019-04-04,1.6829041599019585,1.7529485245204914,1.4466819405122304,1.501312320618525,1.6929857859574728,1.5977754495138299
2019-04-05,1.6881953623524737,1.760297095520209,1.4466819405122304,1.508578786877363,1.7017405024952934,1.6057733109704937
2019-04-08,1.6905415251426685,1.7635589167029915,1.4466819405122304,1.5097294140107695,1.7060720445415898,1.6084293262695442
2019-04-09,1.686720149572484,1.758243680245213,1.4466819405122304,1.5019923896030227,1.7000817202816798,1.601484165015299
2019-04-10,1.6996249621621233,1.776179716393026,1.4466819405122304,1.5071152217503088,1.7092050224565551,1.6085123435495898
2019-04-11,1.7024877765612223,1.780168731994059,1.4466819405122304,1.5066970855856217,1.7051502867552182,1.6063812780226776
2019-04-12,1.7102328141248966,1.7909666352262503,1.4466819405122304,1.5168915676050583,1.71252273373065,1.6152884591940186
2019-04-15,1.7095939152122934,1.7900745565756682,1.4466819405122304,1.5158974980191247,1.71279895268814,1.6148894508659015
2019-04-16,1.7144929993814053,1.7969141737452703,1.4466819405122304,1.5168915676050583,1.7186970571153526,1.618199417499002
2019-04-17,1.700587597420015,1.7774823348011919,1.4466819405122304,1.513179701499307,1.7246872345283955,1.6190394896285123
2019-04-18,1.70037828327865,1.7771906299894629,1.4466819405122304,1.516159076636339,1.7268986015038565,1.6216713470560105
2019-04-22,1.7134422886617604,1.7953961694550524,1.4466819405122304,1.5174662613172185,1.7317834625463373,1.6246640269501487
2019-04-23,1.7265231373595458,1.813671509726219,1.4466819405122304,1.5311106766225961,1.753808583639935,1.642299551912993
2019-04-24,1.7283300951732818,1.816202398026245,1.4466819405122304,1.5277128111182807,1.7482792116966444,1.6378883388174594
2019-04-25,1.717175837032692,1.8005739094331465,1.4466819405122304,1.526771694820463,1.7553749991739842,1.6407077155242122
2019-04-26,1.725466396117428,1.8121648516151925,1.4466819405122304,1.5338816035318281,1.7569415615549004,1.6452600744405235
2019-04-29,1.729951148317809,1.8184449780196794,1.4466819405122304,1.5362862849567,1.7603514926616928,1.648146307686024
2019-04-30,1.7337754830877252,1.8238049308047684,1.4466819405122304,1.537070312403151,1.7467120619282581,1.6421818394647523
2019-05-01,1.717541460560149,1.801643527520473,1.445235258571718,1.5255169321238056,1.7410903233054031,1.633367458555629
2019-05-02,1.7301456497575196,1.8158712310770821,1.4534193636003723,1.5222237334866355,1.7335343177457807,1.6280601942033446
2019-05-03,1.7559959982640538,1.8402791508067093,1.481674196031538,1.5371223801847766,1.7611805900747641,1.6490095401752285
2019-05-06,1.741764833448055,1.8270011508505095,1.465714080556653,1.5307966760211607,1.75039879938001,1.6405689192857782
2019-05-07,1.7026187291860098,1.7865005310891884,1.4314216146250622,1.5052331662559717,1.7163011036276292,1.6108914875365767
2019-05-08,1.7092044634253343,1.7907755061213475,1.4432927010954448,1.5031421312299398,1.7119697084282002,1.6077398934615472
2019-05-09,1.6923389429016122,1.7739194909075144,1.427081923901693,1.4985941698961118,1.7027541864206273,1.6009804486140364
2019-05-10,1.6834095026481586,1.771681039068916,1.4023649268746572,1.5061218605695679,1.704873774103993,1.6059978955927046
2019-05-13,1.6113704065034675,1.7020337236736893,1.3277030535859966,1.4682727452082618,1.6457097586351441,1.5579520171977357
2019-05-14,1.6604683468707333,1.7453605762015394,1.3881280505853786,1.481551446333174,1.6637728044007045,1.5735468019591254
2019-05-15,1.6831864035442785,1.76431141549962,1.4188797455929192,1.4902298526906856,1.6872719743487867,1.5892678511102136
2019-05-16,1.706200703774871,1.7806979722540845,1.4569466504852397,1.504031002644834,1.7042286758157135,1.6046129170062458
2019-05-17,1.6846911771933097,1.760391275354822,1.4333217279412969,1.4943074329769024,1.6868116094196366,1.5912264997512502
2019-05-20,1.6521699233138476,1.7277516189245437,1.4023726862155053,1.4844268630082529,1.6583350649026416,1.5725343492757526
2019-05-21,1.6721667145712564,1.7475517629019768,1.4220524755963493,1.4978103195509593,1.6756604988534907,1.5878377781044606
2019-05-22,1.6581282366679426,1.7281945623584383,1.4215529573197314,1.4932094049290157,1.6681961257390963,1.5818624697525898
2019-05-23,1.6198511584265465,1.691155993197113,1.3816894724986535,1.4749643406536415,1.6426690005528761,1.5600953116641831
2019-05-24,1.6112863598090665,1.6807334419530338,1.3780132519262456,1.4783100498256823,1.6418397562929365,1.5614709390095995
2019-05-28,1.6300345378090857,1.6906071079643776,1.4178630326650663,1.4645612333051066,1.6356654329082336,1.5512737739251028
2019-05-29,1.6080807140087237,1.674558414247469,1.38185682939782,1.4547329967700295,1.6222104418401944,1.5396883121181157
2019-05-30,1.6287831068580516,1.69987679763325,1.3903380980638562,1.4587059101891013,1.6290301572069115,1.5450271740337045
2019-05-31,1.607794695219401,1.6789394140044365,1.370049195609291,1.4390494371189477,1.6030420797040719,1.5222933509785614
2019-06-03,1.5880157753912505,1.6639071974300035,1.3394321924309658,1.4353905243013119,1.567746700901564,1.503599330230932
2019-06-04,1.6265797812948881,1.7033512894612914,1.3742848556328782,1.4665481327678878,1.6118888692277227,1.5410864322284352
2019-06-05,1.6434407589186786,1.7266688070235896,1.3748291180185923,1.4792511661235004,1.6238692240538082,1.5534878270901422
2019-06-06,1.6668206322160892,1.7472149882610817,1.4039847613620944,1.4888700689242866,1.636771189819398,1.5647100279885826
2019-06-07,1.6866802341417524,1.7689798441481481,1.4184289389663156,1.50376942402762,1.6683802717107563,1.5876479004159052
2019-06-10,1.7045710516914505,1.7846974026544604,1.4408020772493473,1.5106701761059924,1.6878251464981036,1.6005427061952058
2019-06-11,1.687547913438564,1.7659183218119665,1.4287278683649933,1.5103041077229309,1.6901287333062622,1.6014410137187987
2019-06-12,1.691598348919574,1.7729940531955652,1.4252707397746736,1.5076382018834407,1.6803606265368418,1.595399858025655
2019-06-13,1.6947099017231766,1.7780624393350573,1.423534311244635,1.5138590620786134,1.6903134666653914,1.603416157587468
2019-06-14,1.6861913014763,1.7721926341422116,1.409010528527255,1.5121866945211626,1.6831250188147524,1.599121058225212
2019-06-17,1.6782420977708992,1.7678325017086876,1.3928403440095367,1.5127613882333228,1.6932624454555643,1.6042406606898223
2019-06-18,1.6909654663234903,1.7802931317883544,1.4056264232748088,1.5286011512292819,1.7178676660085452,1.6242952823431422
2019-06-19,1.712501648318926,1.8007796567981742,1.4287095394002964,1.5320517929204152,1.7243179146570033,1.6291780640033915
2019-06-20,1.729914740773207,1.820234867638818,1.4405129159179961,1.5466893923052363,1.7403535925718951,1.6445362996867434
2019-06-21,1.7143923148939766,1.806309908214964,1.4218705140556795,1.5444416226304332,1.7377733462656446,1.6421222216231104
2019-06-24,1.7006559090945201,1.7919123816462261,1.4102999478126395,1.5425503578685973,1.737828854381504,1.6411430076692102
2019-06-25,1.6730784391371385,1.7659253923456306,1.3801815724257434,1.5274205939765058,1.7079969132788455,1.6190085080184693
2019-06-26,1.66745311523116,1.7587873088833503,1.378356039140942,1.5258973457120097,1.7159394197933397,1.6219655618770403
2019-06-27,1.682075197674723,1.771644759048223,1.3964748420096185,1.5313079674686207,1.7224970135018327,1.6279404277968834
2019-06-28,1.6885995786198946,1.7833447560868607,1.3904741649468426,1.5391877355225927,1.7247138138113858,1.633176490785977
2019-07-01,1.7058622309764653,1.802586720208005,1.4023248734911224,1.5531613821410382,1.7479880143586841,1.651609430289298
2019-07-02,1.709604629574505,1.8120503126285943,1.3925441662325575,1.5572065528897125,1.7549153684791705,1.6570329191838158
2019-07-03,1.7165236047686474,1.8241334402067961,1.3872300193862885,1.5696567741423644,1.768122482035119,1.6698923327888175
2019-07-05,1.7237397577835423,1.8280211344001778,1.4016876923333925,1.5678701762476737,1.764520622072697,1.6672411121480444
2019-07-08,1.7185691679736517,1.8187776696311413,1.4061325635113073,1.5592554378068098,1.752144368092229,1.6568137733924408
2019-07-09,1.7304783293414938,1.8288294377422005,1.4217951914582547,1.5611989474515695,1.7609189089571422,1.6619948962617248
2019-07-10,1.7410675968793887,1.8397191323732158,1.4311985227707937,1.5686584541252777,1.7784665222182952,1.6742463704421868
2019-07-11,1.743280326723685,1.8434727691158108,1.4297138287881939,1.572335077072718,1.7771736823981237,1.6755998814660542
2019-07-12,1.7494326936113247,1.8526095066040933,1.4286386367818886,1.5793750307713545,1.787425355901736,1.6841839077667138
2019-07-15,1.755876662870588,1.853633588817882,1.447318821611377,1.579900490322658,1.7931517963410135,1.6871619135529898
2019-07-16,1.7440652934789243,1.8422797428102042,1.4349710086011482,1.5748042233700785,1.7839157157720114,1.68009570763001
2019-07-17,1.7385514857024904,1.836967036253256,1.4292389136092793,1.5640881780278961,1.7751417622945675,1.6702477830615605
2019-07-18,1.7432586879711567,1.8422696069931306,1.432340934366196,1.5698140400950296,1.7771736823981241,1.674260956751754
2019-07-19,1.728529257675554,1.8271648815085049,1.4191626341015904,1.5610942805844241,1.7641510085075707,1.663476716342984
2019-07-22,1.741687591014132,1.8353144093120919,1.4433865583837346,1.5649285236871258,1.7781894221796009,1.672138213740257
2019-07-23,1.741136140957926,1.8364172885398518,1.43895646385836,1.576118315001582,1.7898267427235508,1.683588038362055
2019-07-24,1.7610150492378849,1.859821133123252,1.4496564485252692,1.5835246912858765,1.8023875832162812,1.693451366800276
2019-07-25,1.7613242553003248,1.8596330564784123,1.4511143891697393,1.5759605177450229,1.785301215965482,1.6813798973786422
2019-07-26,1.7777242150816874,1.8682327624541997,1.4850289377649932,1.5865194742358384,1.8036805698833196,1.695667282595056
2019-07-29,1.7497893646695526,1.8393865993772254,1.460475076259824,1.5836297123556176,1.7974927365868207,1.6912143604934748
2019-07-30,1.7530878438118902,1.8380585503902394,1.4746508969074665,1.5797426930660985,1.789734522890854,1.6854890664200803
2019-07-31,1.7267523613077023,1.8140808105797768,1.4437511685051427,1.5624595544910624,1.7649826023173876,1.664613933153632
2019-08-01,1.7061189521281577,1.7937408364235479,1.423307357015777,1.5488539243699566,1.7562079146056069,1.6532284964233321
2019-08-02,1.6931546225913965,1.7772211579727166,1.4193704458460432,1.537191980994909,1.7303478875710987,1.6348327542010643
2019-08-05,1.650729470671493,1.7229303412613557,1.4071879536296206,1.4909637604697894,1.6692059916458792,1.5813670277645795
2019-08-06,1.6860543021979688,1.7711291121362753,1.4095428400051118,1.511871277109342,1.6925725588727423,1.6035231122839568
2019-08-07,1.6948877344359172,1.7809885754523938,1.4155420774263199,1.5127643989553894,1.7017165664559146,1.6083282063961573
2019-08-08,1.7338730415952435,1.8280212042555093,1.433636021674704,1.5424442741910667,1.7387525211771515,1.641607338046588
2019-08-09,1.730917644751823,1.8246370953621058,1.4318234773128307,1.5319384480896652,1.722404940516003,1.6282996019378035
2019-08-12,1.7080853421322173,1.800087415954009,1.4140691525289601,1.5132895043040966,1.7026396458640924,1.6090459083382025
2019-08-13,1.7226554247986572,1.816062934209766,1.4246685876317815,1.5368236102949733,1.739952847470891,1.6391885964658053
2019-08-14,1.6765071653815522,1.7577148025573313,1.409325825283434,1.4913838447487555,1.6879548122819763,1.5904620232377813
2019-08-15,1.6850523375127744,1.7728753727535471,1.4015922317200857,1.4953238173263905,1.686015405704852,1.5916491878200607
2019-08-16,1.70650374140765,1.800492671374169,1.4074628984417297,1.5173867428343968,1.7130764932674363,1.6161645121593984
2019-08-19,1.710072004164817,1.8082643316494416,1.4010092467777913,1.5356680243252212,1.7403224610360177,1.6387524897626715
2019-08-20,1.712147521299209,1.8076175363135485,1.4093142500981168,1.523900882779134,1.7268381005945077,1.6261252855965136
2019-08-21,1.732276555357405,1.8311395998640527,1.4205720924055296,1.536298504946266,1.7421693540867098,1.6399584688687359
2019-08-22,1.7346255137603224,1.8345770077293702,1.4202771706116628,1.5358258215817806,1.7365355740207313,1.6370545536679557
2019-08-23,1.700862002028942,1.7932769975767329,1.4056174478812924,1.496374559327699,1.6815825393200823,1.590126306289219
2019-08-26,1.7159495015371056,1.812337535168369,1.4106711317150502,1.5129218420093526,1.7069810266505017,1.6109268825914071
2019-08-27,1.7109766006378417,1.8076223107941711,1.405328954294391,1.5069857607014383,1.7033785793006104,1.6060667098898862
2019-08-28,1.717017737944285,1.815015735586403,1.4079327973029354,1.5175973162777736,1.7094746333050146,1.6145952277863354
2019-08-29,1.7297634680620695,1.832161590716884,1.409837315778415,1.5369814075515322,1.735611760378217,1.6372499758758616
2019-08-30,1.7256070122563396,1.828391871180709,1.4049888295403796,1.5362985049462659,1.7314558471852741,1.6349260559910574
2019-09-03,1.7121505815770253,1.815457640144799,1.3909810424647011,1.5273157500080619,1.7146462862794345,1.622210131843625
2019-09-04,1.7144320076485349,1.81588399191527,1.3974149277898205,1.5446513105673194,1.7393989410872375,1.6431255767801154
2019-09-05,1.7384983849026854,1.8352824660545919,1.4310955674582904,1.5645086165094577,1.7712629491403196,1.6687373883082872
2019-09-06,1.7352077714753469,1.8342727828761014,1.4226224680178776,1.565716801564729,1.769507688534855,1.6685548952943583
2019-09-09,1.7254629919384141,1.8247206906230524,1.412890351102217,1.5665049023410351,1.7658134618928683,1.6672330943465352
2019-09-10,1.7059445365520796,1.8044008536149383,1.39616108354315,1.566136708742397,1.7607340287511455,1.6646392285133542
2019-09-11,1.715455417615374,1.8122369634104338,1.4091066152393363,1.5772737238700356,1.7772659022308217,1.6783727789862535
2019-09-12,1.7283467375501926,1.828906021734694,1.4125801563559353,1.5827371218134647,1.7846545023616625,1.6847683092415613
2019-09-13,1.730585650242108,1.832199056340613,1.4122693633345116,1.5816862027108582,1.778281642012299,1.6812008886080623
2019-09-16,1.7332539921347059,1.8343064565516458,1.4161063308835928,1.5768012176068484,1.77033884180407,1.6748501305227266
2019-09-17,1.7450275509211048,1.8484310961142305,1.42187018099936,1.5807937892700032,1.7788359889365544,1.6809899633142023
2019-09-18,1.7420583932408455,1.844672612907202,1.420866377815287,1.581738801796378,1.7780972023469037,1.6811433440800603
2019-09-19,1.7441514389667885,1.845317999141349,1.4262036055999479,1.5816337807266365,1.78105264239924,1.682484678273597
2019-09-20,1.7353764868981723,1.8377585697026522,1.4150297960985767,1.5741606372529786,1.7622118956241815,1.669610822653647
2019-09-23,1.739095789924304,1.839056917607647,1.4241616177367644,1.5737919123504462,1.762988421858741,1.669783141860455
2019-09-24,1.7252144140916614,1.8270751809556247,1.4065271610581356,1.5614422846350848,1.7395750104811927,1.6521439057207292
2019-09-25,1.7402943115642466,1.8389001522777304,1.4283948624639566,1.5706777631256008,1.7591021195142575,1.6663027197674878
2019-09-26,1.7339722916821603,1.8352162397420035,1.4162235817491224,1.567405639542898,1.7526238231141351,1.6614987816732036
2019-09-27,1.708201527989371,1.809613488228206,1.391302789674983,1.558961803854649,1.7308756552123639,1.6467147150021548
2019-09-30,1.712820972929362,1.813851596812281,1.3965773663017114,1.5661924956512816,1.7473489367919663,1.6583697141657534
2019-10-01,1.692787364161811,1.7873084623956996,1.3925491692030085,1.547563033008498,1.7330968609279378,1.641743607630705
2019-10-02,1.6681911211857041,1.7583005294903138,1.3794170954122478,1.520225145338184,1.7032967855954948,1.6131281662767278
2019-10-03,1.6801910525634585,1.7719080958405764,1.3870816650146196,1.532680502528479,1.7219911260438034,1.6285887792623144
2019-10-04,1.6975081748463865,1.7954649728744503,1.388944017194113,1.5534203042387817,1.7473489367919663,1.6515987721855172
2019-10-07,1.6938667264093719,1.7896072655254252,1.3906202134915189,1.5467180827155194,1.742073756776063,1.645542809297487
2019-10-08,1.6732146357841085,1.766961300278533,1.3755922771104303,1.5227058032199179,1.7159761315101782,1.620443801035811
2019-10-09,1.6984979886686737,1.7976024676412128,1.3871735073281524,1.5371659471040964,1.7327265131284746,1.6360468746980448
2019-10-10,1.7056605597563017,1.8075258379668002,1.3875993734152254,1.5475630330084977,1.7461458204077471,1.6479151032920667
2019-10-11,1.7094263790804924,1.8114053785480282,1.3909190186983098,1.5636062853959116,1.768634096520975,1.6670684844288084
2019-10-14,1.7059139010643807,1.8084455026413544,1.3863053201546198,1.5618644941296267,1.7684492163149779,1.6660528309028166
2019-10-15,1.7218349204091514,1.826311131349903,1.3969720555231804,1.577327739765939,1.7909377861219407,1.6848934328573266
2019-10-16,1.7215941202457405,1.8286440496027305,1.3908371346023158,1.5747944827986855,1.7864952278439261,1.6814506732115495
2019-10-17,1.7256617212341956,1.833622008349788,1.3926231625782863,1.5794380788334583,1.7912150330075023,1.6861508618805965
2019-10-18,1.716951459076395,1.826219362680654,1.3813729242752528,1.572525460968117,1.7740020837570454,1.6743593720260028
2019-10-21,1.7274598895590947,1.8386768259724042,1.386922248911143,1.583185010996223,1.78973422919712,1.6874585423042847
2019-10-22,1.7032597271550733,1.8085875447556412,1.3772935488286129,1.5780138301945705,1.7754827407205607,1.6779841184977264
2019-10-23,1.6993252691320873,1.8033580400099924,1.376514862318464,1.5826048271438238,1.7789064754328838,1.6820429034285795
2019-10-24,1.710428327324338,1.8119479477321456,1.3928201789542336,1.5851908602978952,1.7962125255972423,1.691599020281882
2019-10-25,1.707134044833971,1.8091333643897258,1.3885804981681664,1.5916817999725885,1.8105569681408356,1.7018168496026649
2019-10-28,1.7166077697189004,1.8206189869543716,1.3929571662579492,1.6006537517316117,1.8284185400043884,1.7150076411781776
2019-10-29,1.7136902894248687,1.8175249226881864,1.3905893151271862,1.6001789431515496,1.8142586839730572,1.7081124933141894
2019-10-30,1.7156802717569821,1.8219001409385276,1.3870060253376457,1.6050867743230075,1.8230512870026547,1.7148710164346408
2019-10-31,1.706477210934178,1.81324890425965,1.3770043991495162,1.600811726089469,1.8238834681999414,1.7129786902762392
2019-11-01,1.7155365051338722,1.8231731736321455,1.3836353439569444,1.6156414803826702,1.8404492633059755,1.7286923588758416
2019-11-04,1.7156483432663323,1.8256756186811078,1.37829871118085,1.6221329513612575,1.8518325387694061,1.7375112339720016
2019-11-05,1.7118909858574367,1.8208630086673032,1.3771244117349992,1.620338738110751,1.8528501875601586,1.7370277309382167
2019-11-06,1.7130162534359719,1.8237800510469449,1.3741267762686884,1.6207081714184755,1.848686050942644,1.7352738326664725
2019-11-07,1.7118165920258472,1.8229731909711833,1.3721012421904493,1.6264076453922,1.854886513069736,1.7412350534146277
2019-11-08,1.7217605656165202,1.8343899015771608,1.378204364004435,1.6304184584890538,1.8622902384279134,1.7468570898369733
2019-11-11,1.7256463573346308,1.8395387184659304,1.3790409348978736,1.6273051947706987,1.8597916389799112,1.7440174264280905
2019-11-12,1.7237818592314131,1.8380310435455656,1.3764716817590723,1.6307354698125565,1.8651590388285122,1.7483722120717098
2019-11-13,1.7200152719712856,1.836675072225427,1.3674873184075047,1.6312632316807343,1.865621900154407,1.7488720682910515
2019-11-14,1.7228447225002865,1.843631222371121,1.360947964457281,1.6336376287836405,1.8641409494971575,1.7494507233479777
2019-11-15,1.7343726689338386,1.8568989486190641,1.3679913539369317,1.645459317529526,1.8778376505088592,1.7622076134267497
2019-11-18,1.7380349158836403,1.8619734082478416,1.368330607376596,1.646672815623739,1.8793188948598432,1.763552429912995
2019-11-19,1.7362824061324589,1.8582359017616077,1.3710515795176388,1.646197829942379,1.8820944474996728,1.764600368994456
2019-11-20,1.7305395331219098,1.850053931769154,1.371022759929793,1.6400761464741123,1.8708039792564093,1.7560265592784445
2019-11-21,1.720005067131218,1.833715544276611,1.3739627223599837,1.6374375142345212,1.8666399894857624,1.7526597094013916
2019-11-22,1.7184175459807864,1.8269582200526504,1.3840795342818428,1.6410794253275445,1.8678428121762463,1.7551734889508694
2019-11-25,1.7370287700192237,1.8519030216482844,1.38734675327731,1.6537976008441402,1.8899610341837458,1.7723667038419044
2019-11-26,1.7371810120284865,1.851964399085276,1.3876951876092354,1.657545064310799,1.8935702364895357,1.7760670908245217
2019-11-27,1.7459480086969612,1.8642793931128083,1.3880249623906946,1.6649330220600966,1.9068040761753418,1.7862315211370174
2019-11-29,1.7354007592368441,1.8507136501267178,1.3847853908538137,1.658758562405012,1.8981050146002476,1.778844873754001
2019-12-02,1.720317667927189,1.8330567211380018,1.3762774765311354,1.644668028929856,1.8786701253998803,1.762182676591343
2019-12-03,1.7144460718647494,1.8240862585661475,1.3776933918113108,1.6336376287836414,1.8639559224442934,1.7493724826080252
2019-12-04,1.7227514006094078,1.8355283740465729,1.3784633968693842,1.64371770336454,1.8733953859245787,1.759199175172998
2019-12-05,1.7190444370500984,1.838318775621211,1.3603121652697687,1.6466728156237398,1.8770972486036674,1.7625186433477655
2019-12-06,1.7273058615106656,1.8514607162278511,1.3572876766158584,1.6617138517655103,1.8971798793359267,1.7799966311281192
2019-12-09,1.7177997256080564,1.8407698368214513,1.3509207708208235,1.6564895405744438,1.888572743899795,1.7731607902367612
2019-12-10,1.7193036335553118,1.841805082211829,1.353372348802661,1.6546421969345233,1.8869997202567155,1.7714336140407478
2019-12-11,1.7300482060415503,1.8511000453949322,1.3667132436049525,1.6593391004600082,1.8969945585893284,1.7786391898208886
2019-12-12,1.7430392623054727,1.8657858940297314,1.3752354524412334,1.673640915783733,1.91115382723319,1.7929421491244086
2019-12-13,1.735909362277678,1.8607752605005647,1.3638135857987208,1.6746438404345694,1.9174472434273158,1.7964314298977015
2019-12-16,1.7659653307893062,1.8846572832369277,1.4057558404330928,1.6861485178569517,1.9366965181873494,1.8116193022191789
2019-12-17,1.7773208056787297,1.8989652914647401,1.4098960909596825,1.6865179511646766,1.9378074147388713,1.8123373400196248
2019-12-18,1.7787259614701008,1.8987084293954946,1.414926890784911,1.686623326437014,1.939287484314917,1.8130860769784696
2019-12-19,1.7913889899697402,1.908001236118213,1.4344440984250872,1.6935370069101439,1.951411308530406,1.8224695366180554
2019-12-20,1.7955634208110633,1.913567222265016,1.4352610993783992,1.700961801729435,1.959277601520744,1.8301378259064298
2019-12-23,1.8025526798826983,1.9195260305584543,1.4442000865774658,1.7035604090756677,1.964452631973113,1.8339527696021372
2019-12-24,1.810001944726686,1.9261955835982538,1.4530194255089979,1.7036133623637837,1.965472924007478,1.834457529483645
2019-12-26,1.816881693173296,1.9307845313450196,1.4647259376718214,1.7126823656341361,1.9828162732761438,1.847433932747857
2019-12-27,1.8169637112848445,1.9305225700402848,1.4655866066025207,1.7122580309240172,1.981147064934948,1.8464274531171574
2019-12-30,1.7960793678579021,1.9154437665256279,1.4325462057303102,1.7028180004342577,1.9681627180767736,1.8352868857149416
2019-12-31,1.8031856571524072,1.9223291196101489,1.439769491369253,1.70695490965532,1.971872657333567,1.839245989274214
2020-01-02,1.827481160355792,1.9418500573219815,1.4735034557038496,1.7229182893573152,2.004797340309536,1.8632013665999974
2020-01-03,1.8115576853330089,1.9240339172432988,1.4627042978250893,1.7098712367302475,1.986433552159638,1.8476132931432516
2020-01-06,1.8168397263168576,1.9279414336281457,1.4708519819941182,1.716394585942483,1.9992325782712135,1.857090006793597
2020-01-07,1.832024708878793,1.941495251780272,1.4890038141800144,1.7115689297733188,1.9989543034575805,1.854350150660342
2020-01-08,1.8454954596957875,1.9552630366333528,1.5011209265984262,1.7206907092304895,2.013979087537618,1.8662604618718426
2020-01-09,1.8437592065888753,1.9552263108057766,1.4955564595521398,1.7323579656444787,2.0310448962269874,1.8804946570841579
2020-01-10,1.8339938463122116,1.946014411902582,1.4850105573678964,1.727372918307073,2.0258503351412602,1.8753842353877497
2020-01-13,1.874185688506989,1.9809868623314355,1.53512334624123,1.7392523420761214,2.04922262939595,1.892651077433215
2020-01-14,1.8578804219355949,1.9678696076856423,1.5121963484494063,1.736600604340475,2.041153687728665,1.8874820537456527
2020-01-15,1.8427662821787103,1.9558335839056926,1.490735567383428,1.7405253462064778,2.041988512169564,1.8900009084313247
2020-01-16,1.8608810282514512,1.9755560543032085,1.5042550569284185,1.7550039086256533,2.0615579131004265,1.9069183096884517
2020-01-17,1.856522220036283,1.9753032544368898,1.4907386462103225,1.7604660668599958,2.071759952362873,1.9146041798218356
2020-01-21,1.8691444497058343,1.9817791563931233,1.5166180574253982,1.7570187900935255,2.070832320701807,1.912300995245447
2020-01-22,1.8868444117429624,1.996618409573072,1.539996238150897,1.757230957448585,2.076304569213698,1.914943116315967
2020-01-23,1.890934259476805,2.0019438512324634,1.5410257975872637,1.7592460160177554,2.082981843119083,1.9191202442051079
2020-01-24,1.8656041098240468,1.9730149616810086,1.5252594154854726,1.7436015957535413,2.0654531731038186,1.9025123060456248
2020-01-27,1.8331082613386092,1.9325667382813385,1.5127958084348359,1.7156521773010733,2.022789899578767,1.8676151387783855
2020-01-28,1.8593183298394007,1.9608109807915588,1.5329885576160651,1.7336309697748356,2.0538599066200742,1.8917440290284808
2020-01-29,1.841356066453207,1.9432594137049202,1.5149159207880143,1.7321987515775354,2.0571987638430675,1.8925002651153995
2020-01-30,1.8652705778269496,1.9627930127565743,1.5479317717522423,1.7378204780814175,2.06452568828962,1.8989414188090417
2020-01-31,1.8342042203976112,1.9251743471004346,1.533810089235608,1.7062654543020261,2.031786472907117,1.8666444134129705
2020-02-03,1.8986588380431966,1.9758971911033396,1.628170172701582,1.7189398857980043,2.0624853979146245,1.8876791601877927
2020-02-04,1.9403411720331896,2.021025064898108,1.6595885241863702,1.7451388350205825,2.109692994596766,1.9236677963412903
2020-02-05,1.9179317542460648,1.999317995267165,1.6363957913567662,1.7652919001304583,2.1166489838563862,1.9379464829204025
2020-02-06,1.9226915143690713,2.0053779573258743,1.6377602450236906,1.771232231869526,2.134919671092383,1.9495712194112906
2020-02-07,1.9559884018193725,2.0262018519003435,1.700190575072758,1.7617918471771703,2.125738217558036,1.9401835967053471
2020-02-10,1.9905454299991074,2.059146559298958,1.7374097266324178,1.7749446292791715,2.1514287833076198,1.9591499104785293
2020-02-11,1.9792570463122037,2.051912547395394,1.716309465862697,1.778020878826235,2.1517997184945523,1.9610165550295877
2020-02-12,1.950368087682955,2.02877259936672,1.674171211633395,1.7894757907838668,2.172760346646712,1.9768845934946304
2020-02-13,1.9650658306342568,2.0414751435548926,1.693189690123718,1.7875666387909277,2.169977598510382,1.9745641055583516
2020-02-14,1.9934973315584836,2.0575482529596587,1.7511882844853952,1.790430189679038,2.176191864243005,1.9789729846422457
2020-02-18,2.0088255094741374,2.0695648838344654,1.7743662323604574,1.7858161695610388,2.1770266886839043,1.976802616851523
2020-02-19,2.0380738820177937,2.104597903798597,1.7875969361030544,1.7943547544437428,2.1978946564627644,1.9910028507214665
2020-02-20,2.0322326863197127,2.0975457803881663,1.7850733914519157,1.7869827358112695,2.177490284244136,1.9776710460202824
2020-02-21,1.9924049949289504,2.062689352155912,1.734129483798982,1.7685808483364756,2.135661835159983,1.9484932597239897
2020-02-24,1.9354099664794664,1.9939528736617573,1.709065364249788,1.709924190018364,2.0533032101459407,1.878611074312744
2020-02-25,1.936406676377304,1.97389332902189,1.7641665127843411,1.658109840350269,1.9974705627098506,1.8246068709631342
2020-02-26,1.9512410453437754,1.9781993686970396,1.8066804539196715,1.6520115342533446,2.007765409192464,1.825953499577657
2020-02-27,1.8731341379732616,1.891707036632787,1.754378645718268,1.5778168935511447,1.9072287573157247,1.739233854939756
2020-02-28,1.864831246286266,1.8798218005131997,1.756339954556031,1.5711876377626772,1.9087124980634544,1.7362566514136568
2020-03-02,1.9434259712701212,1.968045114511733,1.8051447767758393,1.6392303106746444,2.007208859565199,1.8186507832173846
2020-03-03,1.8914440218588588,1.9165176267609512,1.7537989914948318,1.592295101767724,1.942842940667255,1.7634548751308803
2020-03-04,1.9450436924016867,1.976893148012286,1.7868470304511868,1.6592241617175763,2.0239029988332993,1.8373043702596612
2020-03-05,1.9124118447499163,1.9358553393802687,1.7782139252254854,1.6040687960618392,1.9624123415981176,1.778856157811154
2020-03-06,1.8862494189620098,1.90734391850478,1.7594767088977261,1.5775515958066715,1.9293017504880798,1.749146054702773
2020-03-09,1.7032212069930583,1.7391166606009998,1.5421245659441167,1.4543536457896162,1.7952840128549725,1.6200951287495469
2020-03-10,1.7622844849225574,1.8010256869839965,1.5913425070972096,1.529608857615166,1.893038650829719,1.7061185952486246
2020-03-11,1.6736073184373303,1.7180069101501816,1.4911007769046742,1.4550423927377183,1.81058721859551,1.6273779934413768
2020-03-12,1.5168831178950102,1.5555739382301084,1.355505751297341,1.3158283753824989,1.64457184226003,1.4749183845283298
2020-03-13,1.562662678892965,1.6145321883747414,1.3650162807524029,1.4283135564313851,1.7838766545052962,1.600428064228954
2020-03-16,1.4500841774453097,1.4923725738947176,1.2815000450557739,1.2720221922094597,1.5701896453868402,1.417009643292457
2020-03-17,1.4882864895371888,1.5447944343743194,1.2815000450557739,1.3407014557372536,1.6892754061600768,1.5089975389945918
2020-03-18,1.474698688487359,1.5259894891484038,1.2815000450557739,1.2728176426896343,1.6378938341203078,1.4478458701614194
2020-03-19,1.47345310414677,1.5242709472510656,1.2815000450557739,1.2755225993653434,1.647725231889557,1.4537296519733052
2020-03-20,1.444232382909536,1.4839662631370052,1.2815000450557739,1.2205549610855353,1.5831741390918819,1.3939304145759315
2020-03-23,1.4357468042616885,1.472340883375305,1.2815000450557739,1.1893474100529107,1.5843173419542211,1.3766134541397257
2020-03-24,1.470268696592026,1.5195432575901875,1.2815000450557739,1.2971061116595386,1.707002613140002,1.492276878514481
2020-03-25,1.4736408429236787,1.5241901381082388,1.2815000450557739,1.316523940730575,1.6943624753389017,1.4979215970803985
2020-03-26,1.5089169010439558,1.57283828296791,1.2815000450557739,1.39339582175534,1.7835881004109486,1.5810939408793123
2020-03-27,1.5065034011906855,1.5694839608820617,1.2815000450557739,1.3518923982101474,1.7222459053586598,1.5303579095130184
2020-03-30,1.524236280254736,1.5941162489112302,1.2815000450557739,1.395796429850357,1.7848896041962934,1.5830398999929733
2020-03-31,1.5125909927265533,1.5778773474474608,1.2815000450557739,1.3749912777610753,1.7696467525182376,1.5644823043352833
2020-04-01,1.501710375911852,1.562743687054375,1.2815000450557739,1.3131101361094357,1.6944554294059357,1.4960407362349935
2020-04-02,1.5148798913594481,1.5810166975783908,1.2815000450557739,1.3434103971921694,1.7288441756494093,1.5284824189148951
2020-04-03,1.5093671418953891,1.5733454632651789,1.2815000450557739,1.323992745222431,1.7043075325834818,1.506589574424749
2020-04-06,1.526138162084583,1.5966546659957677,1.2815000450557739,1.4129199116052045,1.8261565108596902,1.6110418927230674
2020-04-07,1.5145601342780362,1.5805039988372087,1.2815000450557739,1.414360453563513,1.8254122909359478,1.6115348845403938
2020-04-08,1.5231845255503986,1.5925038612263005,1.2815000450557739,1.4618385664995939,1.8641706125643616,1.6556919465399487
2020-04-09,1.525573023537667,1.5958334576111128,1.2815000450557739,1.484083817793939,1.8668659868146167,1.669486504873252
2020-04-13,1.5311295856953282,1.6035834179330632,1.2815000450557739,1.4705338860310693,1.8870346698111446,1.6708833074044631
2020-04-14,1.5413461417834082,1.6178500962375764,1.2815000450557739,1.513904045808318,1.9691040064965024,1.731857150893396
2020-04-15,1.5438738670916214,1.6213876798447844,1.2815000450557739,1.481736517189634,1.9465183709102203,1.703525639609246
2020-04-16,1.5577029182961877,1.6407521747688554,1.2815000450557739,1.488884945433324,1.9820228596518379,1.7231709999135265
2020-04-17,1.5671553645858514,1.6540273820196407,1.2815000450557739,1.529107838042993,2.0009837271643915,1.7546894081497495
2020-04-20,1.572418897804195,1.6614344570857527,1.2815000450557739,1.5021682511919852,1.9772832301611691,1.728840842515432
2020-04-21,1.5599809868998822,1.643911752604188,1.2815000450557739,1.4565573172412056,1.904322217270217,1.6706973095989637
2020-04-22,1.5661571071721363,1.6525896333273646,1.2815000450557739,1.4888849454333237,1.9608318287648026,1.71402596037679
2020-04-23,1.5623856797572309,1.6472835484991546,1.2815000450557739,1.4887783304518996,1.9566493362888686,1.7121365666435369
2020-04-24,1.5692106826380499,1.6568780339152263,1.2815000450557739,1.5095298208478736,1.9875067090662497,1.7375696026752472
2020-04-27,1.5684548130579208,1.6558139034215311,1.2815000450557739,1.531294684871268,2.003492605893109,1.757083810874907
2020-04-28,1.5589817401734662,1.6424796369748202,1.2815000450557739,1.5242536685648431,1.9657578069301422,1.736497299245548
2020-04-29,1.5641291850581691,1.6497104878887712,1.2815000450557739,1.5641558307237506,2.035465574321767,1.7900154331128497
2020-04-30,1.5616863960716045,1.6462752263606473,1.2815000450557739,1.549592968086705,2.0346294282590613,1.7813149250873745
2020-05-01,1.5589092407207148,1.6429205446033628,1.2802185450107182,1.5085695776098667,1.9772832301611694,1.7326327122367906
2020-05-04,1.5990633753896535,1.6793739369035998,1.326904101033065,1.5127300413035694,2.000332608154551,1.7451206462929743
2020-05-05,1.622164856467591,1.6925003615138496,1.3724683274665201,1.5267070528466777,2.023011050961,1.7630752590214196
2020-05-06,1.6064789722018276,1.6760302676784524,1.359450149988711,1.5163581384953448,2.035465574321767,1.76252680438488
2020-05-07,1.6385160839359432,1.705872327727401,1.3952773064600763,1.5346553591029937,2.0616756842880433,1.784508396317391
2020-05-08,1.6701759718933313,1.742450315740738,1.4133628737343713,1.5600483203181637,2.0899306368822033,1.8115001646433047
2020-05-11,1.6876926486697155,1.7614595270975175,1.426398712715657,1.5603683423637331,2.108612642193654,1.819782516553135
2020-05-12,1.6498720875725001,1.7161692020073616,1.408564374070291,1.5292679376164262,2.0644637189115973,1.7825962819583094
2020-05-13,1.6501089192864833,1.7113832336515857,1.4211575517529529,1.5022213815813987,2.0386257189071917,1.7556776976456974
2020-05-14,1.6632927094791883,1.7279720629246194,1.4252489327641664,1.520198934346074,2.061768638355077,1.7761484857025127
2020-05-15,1.6765020276694058,1.7393003061486065,1.4424933964242297,1.5271875286682774,2.07515240869245,1.7859959505615395
2020-05-18,1.6973009479272692,1.776550574452509,1.421395670087848,1.5737049556131069,2.113816895172626,1.8298347010282356
2020-05-19,1.6781457617649376,1.7502307118784894,1.4204046027398638,1.5575409201404251,2.1085193944328853,1.8181443851613546
2020-05-20,1.6986955468612057,1.7756048032405554,1.4282017909575033,1.5840002082711315,2.150622447158987,1.8517399897084037
2020-05-21,1.6701591876100463,1.7421875435079022,1.4128696186673482,1.5730650886232656,2.127200959203734,1.8352650163221353
2020-05-22,1.6760027529023216,1.750019231173067,1.4135891570194818,1.5760519020148156,2.134543449418226,1.8401747507679287
2020-05-26,1.6406671188395032,1.7231996796301408,1.3593677669197402,1.5954699967377992,2.128781178343314,1.8490270835181482
2020-05-27,1.631830154543506,1.7140806195369542,1.3516615062747541,1.6192091860318132,2.140398968253906,1.867828549468024
2020-05-28,1.6353266197543075,1.7156958730377248,1.359424946865519,1.616221841336369,2.1376106399366166,1.8648889096778676
2020-05-29,1.6761099232898897,1.7506869882938128,1.411860164036192,1.6234231343175256,2.1689327830491685,1.882706533632264
2020-06-01,1.6819934514050716,1.7496074161806061,1.4342958660781793,1.6299849145114373,2.1754388335072203,1.8893351630069275
2020-06-02,1.682079843056139,1.7562995529942997,1.4181322723434726,1.6434812731316484,2.1900310067160373,1.9034935979741496
2020-06-03,1.6874799106942966,1.7669012403687308,1.4106619390456605,1.665352929237765,2.199883109893583,1.9204411054898027
2020-06-04,1.6706702699123601,1.7479003551248433,1.3999632275243752,1.6609785271760225,2.1844540563877244,1.911184300411215
2020-06-05,1.7001316043710295,1.7805363155131546,1.4202951633906633,1.7035488974912947,2.2277662462196064,1.954622805627155
2020-06-08,1.7510349824820972,1.8234229116949379,1.4877653968681512,1.7241404654151327,2.2450537936786783,1.9740199838627188
2020-06-09,1.7450645708436447,1.8153713098995037,1.487182740636123,1.7112841508860608,2.2613185527066397,1.9738107934774076
2020-06-10,1.7649107336576095,1.8313350509606028,1.5156028052164372,1.7017350259967048,2.288458203343258,1.9801483048923219
2020-06-11,1.6820971715085355,1.7394508450982114,1.4592694894328744,1.6036320642608566,2.175067017239083,1.8740143854700175
2020-06-12,1.691616669517341,1.7512960512559597,1.4624915509487768,1.6228360435145024,2.1923544178512877,1.8926826495208864
2020-06-15,1.7419866277211344,1.796645755297722,1.523068072068825,1.6379867053597632,2.2190295918464695,1.9130320924083892
2020-06-16,1.7378818247928904,1.8022771324496634,1.4943906527036361,1.6695142784379575,2.2571359133838387,1.9478686698525118
2020-06-17,1.7397693124075513,1.8038229256494802,1.497037627497773,1.6625793458090623,2.26429264231113,1.9469111463293507
2020-06-18,1.74372904171255,1.8081095118158086,1.4999940731909218,1.6632192127989036,2.2704270233479127,1.9499230627544268
2020-06-19,1.7472830495197849,1.8122372795956132,1.5019499204616604,1.653714009031463,2.2700555007735104,1.9441916743578829
2020-06-22,1.7431238651862133,1.813777658400692,1.4838192045540586,1.6643227309870299,2.297279147818254,1.9620856174115426
2020-06-23,1.7387807449816448,1.8086223304982036,1.4816834754788462,1.6719851957482992,2.3168312208187687,1.9749519185862405
2020-06-24,1.7046794645936476,1.7673712444517493,1.4668300840775348,1.62933477564631,2.2690682492842997,1.9294050876540467
2020-06-25,1.7150525721917347,1.7822942365212737,1.4653771663846007,1.6468020995713137,2.2906686892375143,1.9489307101257922
2020-06-26,1.6853564626670134,1.7486540802054589,1.4468606170905938,1.607688392391308,2.2365744150171425,1.9027738253991704
2020-06-29,1.7079371949670668,1.7673441199132853,1.4780086986435723,1.6313176017792357,2.260968322928004,1.9271335613499172
2020-06-30,1.7459819190371602,1.8010834331885828,1.5250533885245863,1.6522137839357132,2.305286120107516,1.9583633731968553
2020-07-01,1.731048965274292,1.783650739774415,1.5171627556048537,1.6637871766617378,2.332193899540585,1.976651537155375
2020-07-02,1.757321311296962,1.8060216104692715,1.5521818386195154,1.672949866518757,2.348021642291305,1.98880177792145
2020-07-06,1.810485135426333,1.8522220209950142,1.6208924273139678,1.698775663306352,2.4057471458475694,2.0285997117763186
2020-07-07,1.8201975050089456,1.860179484088758,1.634782721472234,1.68125467768804,2.3891737147044325,2.011150721964521
2020-07-08,1.8616429628814162,1.9002184017194388,1.6781148709887714,1.69411382583788,2.4206438794592753,2.0320873334584704
2020-07-09,1.87665505576278,1.9065298693067516,1.7155221477187224,1.6844697746527715,2.441033860684903,2.0348618326845034
2020-07-10,1.890964043674379,1.9190090491226959,1.7341568999968262,1.7016687901112355,2.4576998053544714,2.0521965724754736
2020-07-13,1.8409486005291367,1.868444893822524,1.6877655432132423,1.6869346705189794,2.407143659556091,2.0222045994428877
2020-07-14,1.8790748669863897,1.902307968988465,1.7358153433022876,1.7087951692433188,2.424181861034399,2.0424639481799436
2020-07-15,1.9054349443980791,1.9267940892531599,1.7661877645321267,1.724494490909927,2.429116209471177,2.053925063743557
2020-07-16,1.8933136349907664,1.9152952866817596,1.7528667652616705,1.7188148522815836,2.412543659409244,2.0435363415100167
2020-07-17,1.9413761514159575,1.9519525381831664,1.8302101428239002,1.7237981286060091,2.4153369805200233,2.0476817405334837
2020-07-20,1.971009633080081,1.9833793760844272,1.8535563644775381,1.7377287396090293,2.4838621900888587,2.085003009399233
2020-07-21,1.9507432616972389,1.9661051671223393,1.8257521572677362,1.7414259063070432,2.457978520708707,2.0763573888211972
2020-07-22,1.964713926505613,1.979713158305085,1.8401445140983173,1.7513379117560959,2.466637052548412,2.085923700414068
2020-07-23,1.9105965605045676,1.9319573321846546,1.7705671388855715,1.7304415524983203,2.4022087237318432,2.0462373738772963
2020-07-24,1.8858578901850074,1.9113309499124307,1.7355748791738093,1.7192972762174616,2.3793979718979092,2.029933081911672
2020-07-27,1.945409573182308,1.9619431069884408,1.8169246658889355,1.731834631308752,2.4218540444931262,2.055444609657913
2020-07-28,1.9329742280673445,1.946573168428889,1.813170038756785,1.7208511630065195,2.3910363203699307,2.0358490821802917
2020-07-29,1.971647442649121,1.9844571163148939,1.8524121362336905,1.7420147681230467,2.418595512506575,2.060100503829361
2020-07-30,1.970506419771048,1.9865880625056245,1.8421565963280744,1.7357997522707096,2.431257824184645,2.0618182996431704
2020-07-31,1.9649494510031706,1.9881632516084664,1.8169945408438513,1.749516247804392,2.474644612225142,2.0883616605065143
2020-08-03,2.0113840830572896,2.030362235331465,1.873049777553136,1.7616795649542085,2.508070189865651,2.1097251953617575
2020-08-04,2.033489562788225,2.049301052119268,1.902976106968921,1.7684841510277418,2.517379987562064,2.117715244430366
2020-08-05,2.06838549281529,2.0809842143154547,1.9453383344882085,1.7794681506338683,2.5236177487934635,2.1269154962379804
2020-08-06,2.1235165151751847,2.1165200727114963,2.0530850445633053,1.7913622738106552,2.5570427390465023,2.1481091024331755
2020-08-07,2.079517795485774,2.0830580754581027,1.9803047391339799,1.7926487376396634,2.527528574564795,2.1364833688393383
2020-08-10,2.0381993933225617,2.051581138021816,1.9126889936980673,1.7980067603107548,2.516728574858489,2.1351116796091736
2020-08-11,1.9987140080515664,2.0173657362625277,1.8601703961213345,1.7831654944331805,2.469058851084789,2.106079034909292
2020-08-12,2.0537955530225713,2.0636896904733115,1.937081340245247,1.8080264433490194,2.531159803900688,2.147246246868252
2020-08-13,2.069980033092133,2.0750476393988357,1.9661568987464575,1.8047578617922777,2.5369320605625796,2.147753707305795
2020-08-14,2.083580798751124,2.088692301659528,1.9790453651942315,1.8048117005868836,2.533953418705202,2.1465248912775476
2020-08-17,2.142797353900514,2.139117379354863,2.060693794291492,1.810545000908535,2.5633744822730082,2.1623956639794155
2020-08-18,2.141009353026858,2.1358355204926034,2.0633004488642186,1.8144561059745885,2.588047105538104,2.175137836902891
2020-08-19,2.133940496247153,2.1295082794522764,2.05438837634311,1.8069014959038294,2.570636647251058,2.163293314803831
2020-08-20,2.163700407272362,2.1507524181338,2.1075060782175226,1.8125271186362686,2.6062954720502636,2.1816650848359886
2020-08-21,2.1627782651578107,2.1525179303572872,2.098723270698291,1.818957135464434,2.624358224122089,2.193094799689482
2020-08-24,2.1585858561811992,2.1553253721758505,2.0742384621469143,1.837389130159896,2.6407445723562186,2.2110531987253195
2020-08-25,2.175667441715532,2.1688848599897557,2.100746859558979,1.843818261481571,2.661507250931187,2.223613629892763
2020-08-26,2.2154958859567966,2.1975335073302906,2.171328706817459,1.8623035636677447,2.718301451654701,2.258485080643996
2020-08-27,2.222907769243256,2.2068434740181773,2.172788353410719,1.8663756538137224,2.7098286811021968,2.2574344922722105
2020-08-28,2.24699588766414,2.2302833339528783,2.197733952579945,1.878431293374327,2.723608203747085,2.2704648573601847
2020-08-31,2.274349919548056,2.2530976042065007,2.23730736234527,1.8716270615033899,2.7454880932888717,2.2754725101412903
2020-09-01,2.3163280661324723,2.2993428552035247,2.2647216801803185,1.8892550163057218,2.7924130097513595,2.305634088279934
2020-09-02,2.3020045009350665,2.2894392699075956,2.237967302237533,1.9165810381890667,2.8188551377680535,2.3332246769021907
2020-09-03,2.167182697836588,2.1616189589122805,2.088521821602714,1.850623378858998,2.6759384799733854,2.233929076158909
2020-09-04,2.1401213264937695,2.14470185783647,2.0332403561123473,1.8355130961096917,2.6402790677867105,2.209924485864008
2020-09-08,2.0422672104008512,2.0474789465948637,1.9378823621570918,1.7853619047315497,2.5133769419580356,2.126625121574734
2020-09-09,2.0949273758080054,2.096410593712046,1.9988193440951285,1.8206185227414058,2.5872089036192554,2.17885844281708
2020-09-10,2.050953596742951,2.0577918468853627,1.9414566362909378,1.7890055868375534,2.5356283540742237,2.13822208056603
2020-09-11,2.0291537523199086,2.0421366449162424,1.9032231388021512,1.7899165959147032,2.5180316939593745,2.131347122894403
2020-09-14,2.071308146832782,2.0812763366417926,1.9519443934691105,1.8134912581028322,2.5618851613443185,2.1639424417302773
2020-09-15,2.096265789329784,2.101399521465297,1.9894038552941367,1.8226541250611494,2.5981956925408345,2.184744394134895
2020-09-16,2.088061452387585,2.0944723632994466,1.9779333569465147,1.8154205996437482,2.5567634363047986,2.1629895544545565
2020-09-17,2.0579864108373744,2.0693685414332954,1.9350990801207895,1.799453323713196,2.5168219694661254,2.136582431539473
2020-09-18,2.0492163877076224,2.0588637310047906,1.9315833450159747,1.778737076475533,2.484700392007707,2.110649367613668
2020-09-21,2.0801285404592007,2.0824729588167563,1.9816849748579133,1.758940693379923,2.4906585568036665,2.1014347800517164
2020-09-22,2.118131784512115,2.1348351295699266,1.9770200239230244,1.7768541354747056,2.5369320605625796,2.131656611073218
2020-09-23,2.062420342932871,2.0797804232694785,1.9219749952715428,1.7356474451543893,2.4594693101060696,2.074395157551683
2020-09-24,2.068689195156012,2.0802339938012384,1.944085369180994,1.7402733310593574,2.470919988281615,2.0819884537334064
2020-09-25,2.0964689403272816,2.1083947935532277,1.9695581595915959,1.7684081745708795,2.528366482789909,2.123020221096248
2020-09-28,2.1369189458390165,2.1543920724621066,1.992658387138465,1.7977806019531488,2.5808777477802205,2.162697748955374
2020-09-29,2.130504079210309,2.1477169524028192,1.9872531812266951,1.7879897337919597,2.569239546155066,2.1519323986949854
2020-09-30,2.1415340939148106,2.159817825875267,1.99481637502309,1.80154595265091,2.586837087351119,2.1674598179848656
2020-10-01,2.1673323882943722,2.1868257348211166,2.0161058913591994,1.813112084223715,2.627896646237814,2.1916189858814414
2020-10-02,2.1416288786387097,2.1743911678688024,1.9548572411737415,1.795897660952321,2.553970408887754,2.1503883425786645
2020-10-05,2.1984682717085184,2.230050352870327,2.0122680069356624,1.8277447247721905,2.6084370867637316,2.1923848943084843
2020-10-06,2.1639373909273094,2.201612848535462,1.9628239783046433,1.8017613078293342,2.5618851613443185,2.1572379149076335
2020-10-07,2.2068139060753884,2.244448241373142,2.003822212611494,1.833123822497749,2.606202664830096,2.194671788113637
2020-10-08,2.213518197717548,2.2527839726409447,2.0058464407596532,1.849370032972724,2.6200761694700896,2.2102384262089707
2020-10-09,2.2353587805619664,2.2822079263957935,2.006416463350821,1.8658850832181328,2.6601104435289296,2.2369932608439176
2020-10-12,2.2438088537165424,2.2907355976418424,2.014263520968568,1.8959035761356753,2.74222897391485,2.28951609301081
2020-10-13,2.2682962498309873,2.3126355093809936,2.044422359515373,1.8835295084411834,2.742135873000948,2.282005690622351
2020-10-14,2.2604898180202055,2.3051118703853826,2.036231719565385,1.8716950684018385,2.719232460793715,2.2653065232411285
2020-10-15,2.266643627998843,2.3094033704310375,2.04703218505979,1.8693821254493543,2.7009838005878213,2.2563056588280426
2020-10-16,2.251885480169051,2.299431867010777,2.0202350906937356,1.8682520420665212,2.686180167890017,2.249440451436155
2020-10-19,2.227461262247673,2.2799729705398994,1.9838768476846769,1.8398481816832668,2.6423272878925426,2.213979361745043
2020-10-20,2.215293815903422,2.2734518517674407,1.9575520524402534,1.8472184293027598,2.648006443640533,2.2207931052170973
2020-10-21,2.168044687206544,2.2303112403197116,1.901983089463704,1.8437219183754325,2.645958517228435,2.217832525806845
2020-10-22,2.1796243611829844,2.2399121256454557,1.918055008182145,1.8538347566964697,2.645864828927064,2.223875681110686
2020-10-23,2.1980030092177043,2.259192276665497,1.9332181112318174,1.8601294681329277,2.651079361186751,2.2298427084482793
2020-10-26,2.1542120911953533,2.210079738367719,1.9052343035684571,1.8257541061821498,2.611323215094677,2.1925192641651416
2020-10-27,2.154979974302193,2.2111132839131478,1.905277883891239,1.819460103150884,2.6317134900140395,2.1973001213318577
2020-10-28,2.0950076485865776,2.1512457767906166,1.8479454331213956,1.7572727533549222,2.529112171182324,2.116916817766562
2020-10-29,2.0985936814626545,2.159766730688027,1.8386391761832195,1.775133065060291,2.5733368674479347,2.1461830944162927
2020-10-30,2.033520917873165,2.0992040590860075,1.765264096713329,1.756627219123544,2.5080701898656512,2.10777960437648
2020-11-02,2.0690382757230856,2.1351119461303907,1.7980050421333318,1.7763162788325382,2.5136562446997397,2.1219393277077336
2020-11-03,2.114351682163359,2.1744254129424263,1.856196269636481,1.8076786163996552,2.557135546266669,2.1590234684169824
2020-11-04,2.1129257901863747,2.1627624145724176,1.8810574124307267,1.8480791416112647,2.6712840216657803,2.231338439755442
2020-11-05,2.1856588215142243,2.2395401054831363,1.9397315741714236,1.8841217351818502,2.74092497373276,2.2821827761782605
2020-11-06,2.24185966935244,2.276658277725312,2.042792981990331,1.8836912019263,2.7429737812260617,2.2827749815574307
2020-11-09,2.228971993037706,2.281662735381361,1.98234858561916,1.907361498815374,2.6869249752012285,2.2737949098769055
2020-11-10,2.2173576192767825,2.2802593095293697,1.9446893180829143,1.9045643609140315,2.6387903342454906,2.2517608219128085
2020-11-11,2.23447162640765,2.2938834388478013,1.9698698325717106,1.9187119210071586,2.697818075821436,2.285309223411
2020-11-12,2.2044212361830273,2.2603480770866637,1.9502976702518675,1.9000991058863914,2.6851560578371005,2.2688617253788865
2020-11-13,2.234764937126942,2.2965468891458705,1.9639801660920015,1.926404847191692,2.708711470135379,2.2945189899081684
2020-11-16,2.2694925414753553,2.332767168756305,1.9931334291801912,1.9504513072378162,2.7298462586722194,2.317791243691725
2020-11-17,2.2868133168085767,2.347414584476347,2.0164352562916688,1.9399610660506426,2.7211872862919124,2.307882304287749
2020-11-18,2.2674227612051356,2.330082037422922,1.9927096004146647,1.916613979030503,2.7010760204205195,2.285466484839411
2020-11-19,2.2895629817750787,2.3497514525653207,2.020076304958277,1.9246835996759806,2.7222116900385633,2.2992195764683343
2020-11-20,2.2998638436773002,2.3541740814037064,2.0450236410551565,1.911503189771484,2.703590919870798,2.283483256525315
2020-11-23,2.3575020455234403,2.411844336253444,2.0997386958389828,1.9229618208563746,2.7036843144784344,2.2903669425734816
2020-11-24,2.40073038873223,2.4628974021758556,2.1204065818898745,1.9539481723677394,2.7416703684314414,2.3249098037678952
2020-11-25,2.404940224141416,2.4624063053843126,2.1365480745345824,1.9509355021866746,2.758523102316283,2.330262964639218
2020-11-27,2.4102223221332233,2.4638668452383032,2.151516745146865,1.9563686158081375,2.783940239198856,2.3442432772740536
2020-11-30,2.3923737513721184,2.437962237640975,2.1556475584290533,1.9477076539284834,2.789619688640581,2.3414454412008867
2020-12-01,2.4109397441110976,2.4593292861053184,2.165884816110371,1.9690104606652754,2.8253727891286267,2.369254615718716
2020-12-02,2.3944768671665724,2.449002447328099,2.1340106022577388,1.9731525058239812,2.8290034310770498,2.3732688806199844
2020-12-03,2.4443785921946373,2.5039977088227072,2.168139439249368,1.9726151804857088,2.8330073577622827,2.374625198182202
2020-12-04,2.485733776370799,2.5387000659738614,2.2247226710320063,1.9896140714773807,2.844551871086066,2.389695094417791
2020-12-07,2.5200647405091887,2.5731481643147305,2.25706398202311,1.9855253338093868,2.86066009135343,2.394005855519884
2020-12-08,2.5345328848020667,2.5936665116493653,2.254903168174193,1.991335318993092,2.8703417053179794,2.4015596249037134
2020-12-09,2.4893564958310166,2.5423077497832356,2.2280865896677158,1.9734755385916176,2.8053543304774,2.363603293461626
2020-12-10,2.514622051511151,2.562548626858487,2.265324340356397,1.9728300043602391,2.816620422140683,2.367962746313284
2020-12-11,2.504695498589915,2.554860291288691,2.2499443203404677,1.9705167072051588,2.810382660909284,2.3639523596402996
2020-12-14,2.4746228487075097,2.5276207610740653,2.21385409851793,1.9616944060429846,2.830772935828647,2.367236109805309
2020-12-15,2.50732030334144,2.5539713194835447,2.261623075082907,1.9882155025267092,2.861031907621567,2.395890059935635
2020-12-16,2.5106466547481094,2.5493724256396995,2.285842059557792,1.991335318993092,2.876767136845855,2.4043583310739614
2020-12-17,2.5536268485816076,2.5910075880632335,2.3303750382013364,2.0024709173103465,2.895574402535158,2.418940361559514
2020-12-18,2.5413317250554504,2.579696186017425,2.316014891514666,1.9944753250074523,2.8868226229346843,2.4104555283179057
2020-12-21,2.5405571374657168,2.5671866077187104,2.346884013241892,1.9873441641403218,2.8814210077659905,2.403891152572212
2020-12-22,2.5504724509670798,2.5643279652511954,2.391361775049099,1.983995001492969,2.8892558755267155,2.4051337878022374
2020-12-23,2.5307593408841553,2.5556433217126684,2.341725097209833,1.9857777031591026,2.8747062879094307,2.4001585105006416
2020-12-24,2.5342602427791476,2.556811768977602,2.3514707801226913,1.9935028617798802,2.8873900392301346,2.4101220890133583
2020-12-28,2.4695556371196274,2.491227084953695,2.292272712890444,2.0106290886048477,2.9164924450957854,2.4326207727886557
2020-12-29,2.4467902357435403,2.4716248602295647,2.261858436976654,2.0067930744891656,2.919103676091047,2.4313892160348622
2020-12-30,2.4954918475187555,2.5114304261972067,2.332659321638954,2.0096562711746793,2.9191973643924185,2.4331627287243087
2020-12-31,2.481134507927727,2.5039393963390952,2.299850655699394,2.0198668694122377,2.9263787635934246,2.442336759513053
2021-01-04,2.4857922806302417,2.496998727953167,2.3362453323832773,1.9923687050671923,2.885058404670312,2.408469104562943
2021-01-05,2.5356529286882092,2.5472961327418133,2.38251134509263,2.00609104494371,2.9088434854691294,2.426691194701362
2021-01-06,2.6036592229114564,2.6247924780829313,2.420658170970371,2.0180841677461046,2.868548998761341,2.417137246202163
2021-01-07,2.693002574604194,2.711201347476239,2.5138470543610625,2.0480677717079314,2.9379455976410456,2.464331476507831
2021-01-08,2.713616011982017,2.71642950320935,2.5762726998621237,2.0597371533374975,2.9757213668800047,2.4871950973959076
2021-01-11,2.685423648940489,2.704085630015582,2.5043317465281687,2.0458529428745655,2.932722254569318,2.4608423358296343
2021-01-12,2.738335657250371,2.7538327043098514,2.563490662509367,2.0462847158392017,2.928058104368468,2.4591451733176504
2021-01-13,2.708652762127128,2.7274798845694983,2.5259342126021602,2.051795576930507,2.94783220983242,2.470760236121211
2021-01-14,2.731383251854125,2.7525266226638623,2.541135048490326,2.0446100459648764,2.9320687860095993,2.4598276993997015
2021-01-15,2.6815870105603574,2.6949405319132396,2.5153144448521445,2.0296991792771704,2.9088434854691294,2.441115914502381
2021-01-19,2.713014416582644,2.7306934348524776,2.533119822415016,2.045636525088353,2.951283404908938,2.4685077201887973
2021-01-20,2.7182046442241936,2.729368669132227,2.55619086346306,2.0739458133784505,3.0199328469275537,2.5142982210406792
2021-01-21,2.6926409868486054,2.7076229648960877,2.521128773436095,2.0758361926337963,3.0440909187694465,2.5255007127660987
2021-01-22,2.6916201741355006,2.7033410120967436,2.5292666802932775,2.0684891452843472,3.0353241607885026,2.5173948077444503
2021-01-25,2.6671762204470024,2.6794495744692464,2.504447559168527,2.07664625397106,3.0604141228506143,2.532762875543987
2021-01-26,2.618585623285431,2.6347879471069584,2.447177500060743,2.0734051231155153,3.0648908964487225,2.5326388302273384
2021-01-27,2.527135585344496,2.5483580422216647,2.3461489527591204,2.0227302431990504,2.9794524520856966,2.466388900605944
2021-01-28,2.599877188561704,2.611300332363097,2.4424334466173128,2.0401263724022396,2.9970808311238937,2.4842911492642106
2021-01-29,2.533104728096416,2.5500413469846954,2.363410586435778,1.9992838023507065,2.9340277232200815,2.433291382859803
2021-02-01,2.591804386369408,2.598639097693699,2.4473568933293244,2.0325629072665783,3.0073410217458125,2.48394371075453
2021-02-02,2.628104958464805,2.6159616513813213,2.5355243938021386,2.0613037914200145,3.056403441209484,2.521767265087993
2021-02-03,2.678825473520338,2.672134592386779,2.5679224049100093,2.062924268297138,3.0442774142909848,2.5177560471597893
2021-02-04,2.7136238458904316,2.6979973170161764,2.626791033893546,2.0863712404493757,3.0802810355347336,2.546952634544899
2021-02-05,2.753481136530811,2.7386055844791173,2.6625090794991664,2.0945828963358863,3.0907277216781894,2.5562838123793825
2021-02-08,2.8132219761312527,2.8024020062829793,2.7075061346489733,2.1097100037085075,3.111435185831034,2.574077951911706
2021-02-09,2.800657952123714,2.79100217695368,2.6921799861815248,2.1083052362124044,3.1107823046587844,2.5729509035853293
2021-02-10,2.813832330313591,2.8050073612873274,2.702308474044147,2.1073866117794386,3.1036925379030063,2.569458365269461
2021-02-11,2.8212587979974515,2.808669554974396,2.7202526451174194,2.1107901445252915,3.1207623114577943,2.5785990547974844
2021-02-12,2.8514114584817234,2.8443261915880846,2.732942711187825,2.1212171605490626,3.1382041949744535,2.592173890474546
2021-02-16,2.858185442613185,2.859245231855736,2.7159084446628263,2.1193797345818326,3.129717033428949,2.5875459820492615
2021-02-17,2.8676566686895923,2.8787537629230084,2.696315837055214,2.1198667631514603,3.114700472773483,2.5816356915662304
2021-02-18,2.811566193631095,2.8169317899553556,2.659071646544899,2.1108443375224932,3.1010816006014785,2.5704977682456795
2021-02-19,2.8813987145883027,2.890235862538648,2.715662951016625,2.1071167094012155,3.0875570041183136,2.5626228000957254
2021-02-22,2.860510498162329,2.9159417366120186,2.5644563330110515,2.090909461211811,3.0075272235736152,2.5195556573082034
2021-02-23,2.8252598285779333,2.892540135529815,2.4997893739949313,2.0934485625219,2.9985736763773994,2.5173350550978753
2021-02-24,2.8724280946456537,2.9453076698815233,2.529919081721903,2.116517069200213,3.023291234783905,2.541580120654954
2021-02-25,2.7862296264141513,2.8568869484520376,2.454089686902238,2.0655173855031315,2.9178910146604515,2.4666558851953297
2021-02-26,2.8094666721782477,2.8624590126351963,2.521598385056011,2.054874482997042,2.930110436186587,2.4654658483984
2021-03-01,2.9115850047342935,2.964285639100995,2.6191145945069856,2.1046852856803393,3.0182546809274493,2.532431032139433
2021-03-02,2.893242746672014,2.9475930517710616,2.5973620690830184,2.088262151008616,2.9698451426360277,2.502241860392912
2021-03-03,2.8902738878915906,2.9524475346145764,2.5738680589268816,2.0606010534693677,2.8836592477181777,2.4493615802952684
2021-03-04,2.873423642550397,2.9330527408765215,2.564569290650315,2.035101654374072,2.8364623708573524,2.4141621143125302
2021-03-05,2.9735495644010514,3.0368232436050566,2.6498232090975375,2.0725408687810503,2.8791821804263344,2.4545482417506475
2021-03-08,2.9954353064496475,3.073215922539034,2.632570646606643,2.0622225929542792,2.797661610484273,2.4136893937737574
2021-03-09,2.978576043508456,3.047711664698086,2.6388450492788715,2.091665506653171,2.908003815081608,2.4785188476324698
2021-03-10,3.026609541676023,3.0959501489865646,2.683763475792127,2.1046852856803393,2.899703149057641,2.4826953729657433
2021-03-11,3.1383052374687566,3.1880980852073084,2.840297119165081,2.126025460791019,2.9664867547796763,2.5238715627029915
2021-03-12,3.170072365214401,3.2331601697594183,2.8348611167052757,2.128888657476533,2.942422371239154,2.5153341316112394
2021-03-15,3.222809220761921,3.2799413639000137,2.9004480458479387,2.1415839869256805,2.9738546495022202,2.5362690179404392
2021-03-16,3.198870364083111,3.256495432311392,2.8764701701989988,2.138882837927879,2.990178734664592,2.5416305830661567
2021-03-17,3.234820633645026,3.2811001149984813,2.9405780404500894,2.146176400685318,3.0024909634108945,2.551196700020509
2021-03-18,3.1495971615008407,3.2168246371310207,2.8035065563698365,2.1149500769151004,2.9105225325504382,2.4935645831705995
2021-03-19,3.201319963855689,3.2589924840673135,2.8774141527327903,2.1110370237347684,2.920783310559826,2.4956532184184606
2021-03-22,3.167799311438888,3.2324345131997045,2.8272431769423556,2.1278933481815128,2.975557192082305,2.529017609911956
2021-03-23,3.0036560038837217,3.0807528689921377,2.6392594914443794,2.1111452326278743,2.96257563531461,2.513548265581832
2021-03-24,2.9418393599002086,2.9973311960161366,2.636391013314191,2.1004132481688678,2.9126115760853946,2.485963878010917
2021-03-25,2.9588055225686847,3.011653697963788,2.659416006263832,2.1122292696732154,2.907567679885571,2.4908038338599194
2021-03-26,2.9837790391421537,3.0197802781084713,2.727673868521249,2.1462676078538117,2.951182080570465,2.5295547543426844
2021-03-29,2.892932455266295,2.9469429560615357,2.5928529673269285,2.1451841021123643,2.950341235408005,2.5285558956039726
2021-03-30,2.918384131487472,2.9671414910267306,2.630784678603558,2.139492597697052,2.9354917864875865,2.5188382967520435
2021-03-31,2.956578268322139,2.9946662153837798,2.6952919607166783,2.148165071161079,2.9804134179856523,2.543216181662227
2021-04-01,3.0061414809864866,3.0487845500110895,2.729899791519564,2.1713630388882637,3.031218616071063,2.5786245262953518
2021-04-05,2.9691483194392907,3.0295793491571597,2.647114066209783,2.2025286169132516,3.091736265963167,2.622870879239306
2021-04-06,2.972376221379288,3.03165861278698,2.653174970001234,2.2012276307778036,3.089588189987535,2.621185083736135
2021-04-07,2.960947603024306,3.0203277792060677,2.6421184889031495,2.203775410051497,3.0970600522921647,2.625871548178533
2021-04-08,2.954912938256479,3.019168710123449,2.623620820907228,2.2142360753218973,3.129373118065611,2.645802131764207
2021-04-09,2.9509206834571526,3.0220879319399785,2.601831874828957,2.230334229111706,3.1483319297220214,2.663434602044085
2021-04-12,2.929496403449609,3.0018894732522186,2.5784414684041765,2.2311471240697385,3.1442231543734986,2.6621819994607296
2021-04-13,2.914905244435456,2.984976224823024,2.5706533051508482,2.2377593781335934,3.1809263540933146,2.6816649508418706
2021-04-14,3.0067072900759557,3.055583403394902,2.7120738727520735,2.2301172800216,3.1427288406513196,2.6609848014394935
2021-04-15,3.0058624848458484,3.06059687222347,2.6956762287919767,2.2540741268109126,3.19035803468963,2.695441598144347
2021-04-16,2.9910590212931223,3.0504554477587376,2.6693696057548646,2.261608370232396,3.1940932316076083,2.701524235443118
2021-04-19,2.9684655121149732,3.0253579674226887,2.654601670322889,2.2504966805903783,3.164862481579891,2.682526195664558
2021-04-20,2.8723328382330373,2.9423257198101687,2.5292984852004565,2.2340200613266448,3.141794600881223,2.662930244765461
2021-04-21,2.919516891873329,2.993078847160816,2.5646084215858513,2.2551585180588494,3.1686916604929736,2.686927401502586
2021-04-22,2.888746847220726,2.9604536784483675,2.5403546368093646,2.23456163709607,3.130495028132183,2.6584626087932155
2021-04-23,2.945365321319096,3.015960931000713,2.5966233286328304,2.2587896259726916,3.1699060840859787,2.6896088784396075
2021-04-26,3.009274413127236,3.0657107479367345,2.6934935313314634,2.2635051251344716,3.1905457049861057,2.701172497361688
2021-04-27,3.0345441830063518,3.0892346568688622,2.7219623879682997,2.263017211058354,3.176723009362216,2.6950300997642747
2021-04-28,3.1136077236447686,3.148944537124722,2.84780658284351,2.26236760349712,3.1659820420965854,2.690087144144835
2021-04-29,3.1021180852801167,3.1483437139584005,2.807401496472132,2.276785065968469,3.1773770653094036,2.7034998359832603
2021-04-30,3.042164409631629,3.0928363354445265,2.7388594051752047,2.261825142221204,3.1565503615002695,2.6857576865295405
2021-05-03,3.1038475007906583,3.148241926341324,2.813799289000716,2.266703043273292,3.139739625819491,2.6815020427407377
2021-05-04,3.058565479480335,3.103133471426517,2.7705467942452313,2.25271912477956,3.0832385314432114,2.649103132025138
2021-05-05,3.124164341398488,3.146861963126549,2.8911076949772725,2.253423810844486,3.0728714363018605,2.6450637944832343
2021-05-06,3.1070737804762474,3.1391897564553086,2.848991138049619,2.2714190737389655,3.0960324179144303,2.6655934395417664
2021-05-07,3.202700654480944,3.2202501926341025,2.9790257366873023,2.2879504173037954,3.1211546862873596,2.6861082774571416
2021-05-10,3.166509367892272,3.187411405038793,2.935507550785302,2.2652938482447382,3.042332280686033,2.638890783166004
2021-05-11,3.1247203814258575,3.1367857924128857,2.920419774190005,2.2450768495662676,3.0381298170361397,2.6252925802785736
2021-05-12,3.0566034299692793,3.0698970472313563,2.8525913547453507,2.1973799279764505,2.959493613262616,2.5634299064330053
2021-05-13,3.0398132877283723,3.067253719225639,2.797282049998689,2.2237759909437544,2.9823744110522767,2.5887358795361277
2021-05-14,3.1521242741382123,3.1758703578977383,2.9135136500398753,2.2579227151187546,3.048215847273378,2.637186842459244
2021-05-17,3.184501312412949,3.2012320995520054,2.9634183778531358,2.25217701770624,3.029724596042618,2.6258325178093314
2021-05-18,3.1340905167615256,3.1511263709055295,2.914924600563581,2.2327730910871004,3.0092714706640282,2.6056576541735206
2021-05-19,3.067349162877297,3.0988442548598365,2.8117174659892856,2.226919184781479,3.012726777452832,2.603737819417715
2021-05-20,3.0815475093167515,3.115588122755278,2.818200373121858,2.2508769170772824,3.0710032504554023,2.642926249950155
2021-05-21,3.068590021757499,3.103797518926883,2.802795295105335,2.249033292564621,3.054006606640556,2.6345301663400997
2021-05-24,3.10077792383014,3.135030898121143,2.835781492740139,2.271960826609689,3.105371878678049,2.6701139404524423
2021-05-25,3.0846756959809314,3.121652954271828,2.8131799692236226,2.2669199923633983,3.1096683243230476,2.6689989508014893
2021-05-26,3.129107385491473,3.162378135722496,2.865161722250557,2.271419073738965,3.1205012177276408,2.676296372960277
2021-05-27,3.163838993583285,3.193835774388502,2.9068661994394422,2.2726111425761144,3.1088280665480568,2.671992913431528
2021-05-28,3.163985933982642,3.197094003902407,2.8985097996872127,2.2766766799740643,3.1186333255749172,2.6785966541213972
2021-06-01,3.2829565916884564,3.2936953901294364,3.0717245535989774,2.2746711848749883,3.1082671115147704,2.672965108745558
2021-06-02,3.285926469055365,3.2908914522555843,3.0906846307772193,2.2782480997916283,3.114337761011122,2.6776769623879093
2021-06-03,3.2822814575270027,3.287184881533777,3.0874141219895637,2.269792752519006,3.0819304195488355,2.6587763244693474
2021-06-04,3.3127955384006107,3.317470145245847,3.116889776491647,2.290551681169498,3.134230518743894,2.6934941645629924
2021-06-07,3.3026982399459457,3.2989446715487687,3.131105209595354,2.2883295911829116,3.143569685813778,2.6962006154677716
2021-06-08,3.3179678073118892,3.3217169875376866,3.1241689265294017,2.2888176823603272,3.1450637058422224,2.697128860849266
2021-06-09,3.282523892240359,3.288463426511904,3.0845019764481396,2.285402460928803,3.1458105690095772,2.6954368684408787
2021-06-10,3.2569109480822203,3.2689929141277636,3.0430193766838842,2.2960262364947037,3.178591195208674,2.7157455605599976
2021-06-11,3.271683570780335,3.281843218141326,3.0623431810216797,2.299820454704047,3.1869021405133555,2.7215398458789073
2021-06-14,3.217314688117067,3.24422168845047,2.964098785271706,2.3049693207421456,3.2174418835166527,2.7376264670581656
2021-06-15,3.2015495956280504,3.236868749299454,2.926155670784636,2.3007422669603774,3.1964295652671852,2.7261768368231896
2021-06-16,3.1674786830247204,3.2075372925129635,2.8811426228206614,2.287895870103996,3.1847549456189275,2.71358737698043
2021-06-17,3.0733425536548142,3.1212598771206,2.7711310785209338,2.287137168143166,3.225194223337925,2.730365693776548
2021-06-18,3.0060269554089216,3.0521320702898653,2.712466194141936,2.2562824028962494,3.199884578362254,2.701235366089988
2021-06-21,3.090439702432106,3.132038764088356,2.804100969286931,2.2885837315456077,3.2197714622203324,2.728964962732522
2021-06-22,3.101130634815698,3.129982029458113,2.8484266651682097,2.300819128923729,3.249785199744773,2.748979154701303
2021-06-23,3.1054808722523295,3.1365439207901433,2.846494788893743,2.2980453683937285,3.251374082849527,2.7479941486458834
2021-06-24,3.146330153180559,3.1714151024586537,2.901325672662069,2.3116405495382493,3.2714777126838177,2.7646182684350498
2021-06-25,3.1501139915499365,3.178061995393913,2.8970399804499913,2.3198516741208657,3.267456751761972,2.767829345586506
2021-06-28,3.115345830365907,3.1467981571054193,2.854638105204336,2.324528033895777,3.307194982536229,2.7874499677761237
2021-06-29,3.1223674876254517,3.139140165346823,2.901215293439657,2.3257789003638774,3.3191621211442524,2.793243170360737
2021-06-30,3.147102637163526,3.155854493098331,2.9468055946888003,2.327736223909885,3.313926149241932,2.792215367993793
2021-07-01,3.161644075725261,3.174934022165863,2.9478223843968596,2.340624416672605,3.3152357296049813,2.800497033409645
2021-07-02,3.1449675644767705,3.1659148720545383,2.9107496205082946,2.358514835598642,3.3532899205044404,2.8272726083101816
2021-07-06,3.081476557879473,3.1083178864545893,2.8345636954262874,2.354218889411934,3.3677828252309268,2.8308074529526155
2021-07-07,3.0373742398999695,3.0683494402211253,2.7816348600600502,2.362538754191551,3.3748878640609092,2.838795611682887
2021-07-08,3.0525389865040298,3.0716151122039883,2.8283049530159032,2.343288551499115,3.3545049314849145,2.8186576379243937
2021-07-09,3.1083734225741484,3.1288472894119814,2.8771406789183582,2.3683030472403597,3.3754497001754,2.842501686986256
2021-07-12,3.129844596812609,3.147840455142647,2.9042407265797885,2.376785668112881,3.388633611926307,2.853143378409551
2021-07-13,3.1175287155145317,3.133999299730176,2.8968383086013354,2.368683106625967,3.388633611926307,2.8482801360135928
2021-07-14,3.0491808071580584,3.069458826367684,2.8217695083843055,2.37221804853497,3.394710722684822,2.8529594996764156
2021-07-15,3.0201476988182647,3.038737046908476,2.7990264374522713,2.364115664149354,3.370867490526533,2.838068230999198
2021-07-16,2.9870520177191313,2.999885946797231,2.7836951639945906,2.345572449838719,3.343565427254623,2.8154445231872516
2021-07-19,2.9651379948030714,2.9713326866866354,2.781493244686578,2.3109330298525537,3.316170263068812,2.783121247635713
2021-07-20,3.0125354637056776,3.0271772085348925,2.8025111500204365,2.344049909979415,3.354692601781391,2.819228123525345
2021-07-21,3.1041756658994943,3.117664987950588,2.8922001957295285,2.36302826217935,3.3805916900826154,2.841523497218399
2021-07-22,3.097385578398135,3.1113823633028126,2.8843793743800035,2.367976826649358,3.4029382589688484,2.85389039844329
2021-07-23,3.1196969233808556,3.1278393959391755,2.9217183407694676,2.392338527006005,3.4426764897431057,2.8852341117627467
2021-07-26,3.136186023075061,3.1448570780678247,2.935800382423089,2.398211206049219,3.4453878703019023,2.8899116031217016
2021-07-27,3.0863609334338045,3.0966530026717582,2.8842332806321993,2.3872812223389963,3.407426780316345,2.8674056931898257
2021-07-28,3.1294188438356363,3.136370124813666,2.934207373987576,2.3863018521608,3.420516416378411,2.8723250958153557
2021-07-29,3.092474291083247,3.114313599222282,2.857551936177995,2.396199512404711,3.426594701911866,2.880833937384868
2021-07-30,3.071979214002235,3.091474546151675,2.844667545748168,2.3845621861100916,3.4087357732919252,2.866331191933298
2021-08-02,3.0299479245845915,3.0626137800415587,2.7686528650217426,2.379559074440285,3.4090156634211,2.8634419068224455
2021-08-03,3.1010837525555495,3.1572415569402645,2.77202271371521,2.398918371532317,3.429679073513738,2.8837681443025063
2021-08-04,3.109671943148798,3.1640577988099703,2.7847764966405744,2.387117934942197,3.4346354489806195,2.8787591502663754
2021-08-05,3.1197313866863188,3.158817485096525,2.8346467116123515,2.402235478844723,3.456420475446096,2.8970043181528355
2021-08-06,3.1466918610182897,3.180549288934401,2.8741290995336857,2.406205027339132,3.441273514772421,2.8930501555677224
2021-08-09,3.1880264962919282,3.226801596362857,2.8997573944153094,2.4042469953879326,3.447631690435049,2.894545689061772
2021-08-10,3.2140579409137437,3.2494282494592275,2.9334677069464017,2.4072377050080402,3.4299601384178504,2.888927694510369
2021-08-11,3.1932697851540763,3.233078583500431,2.9018540674274256,2.413220009754744,3.424069523180872,2.890036655691518
2021-08-12,3.2258001366985067,3.2674415614014767,2.927573066693524,2.4204522954630594,3.4364114149943794,2.899575793163515
2021-08-13,3.232737705881065,3.2819984431330833,2.9136296457339315,2.4248569818467676,3.448472829291244,2.907302676686648
2021-08-16,3.2099486847343073,3.264288965100958,2.8786370482321066,2.430566727695779,3.4499689051758313,2.9113561986586713
2021-08-17,3.1596874825053782,3.229977508249262,2.789116303721408,2.414633455214452,3.4195818829145805,2.8889922006725306
2021-08-18,3.1323024523820484,3.1987479581715164,2.773324194327744,2.3882060453173937,3.3866693882286016,2.8592797808807253
2021-08-19,3.1248592375959676,3.1824082508469917,2.7894631883187433,2.391903389116705,3.40303194727022,2.8684003519034964
2021-08-20,3.1655157779992473,3.2154070679828988,2.8478614770623176,2.4109357572125436,3.4382810693095114,2.8946679417691117
2021-08-23,3.2470246348790566,3.288298601912764,2.9475013614578183,2.432143814754881,3.4897071359500886,2.929047218343886
2021-08-24,3.2515724998020756,3.290578353174304,2.957884303887853,2.436004977254885,3.5003658689700017,2.935845375414651
2021-08-25,3.2776725051191633,3.311290848748599,2.9969996434350534,2.4411161207165,3.5043859488106426,2.940611192589076
2021-08-26,3.266310231409877,3.307782541478748,2.964968383275489,2.4267057422970724,3.4821327745320465,2.9225951193276676
2021-08-27,3.2967338018789007,3.339766429152727,2.9894280852906148,2.4484031307259113,3.515980390069326,2.949865060227074
2021-08-30,3.3010895624117915,3.341739705017463,2.9999281917101355,2.459170004140633,3.5554375559394713,2.972903131149036
2021-08-31,3.28362149349308,3.328414623079476,2.972316784455381,2.4555263220346295,3.5525396798591373,2.9694891588992953
2021-09-01,3.287944471211793,3.327404049484786,2.990676695989452,2.4568312043986342,3.558429414014911,2.972739710750622
2021-09-02,3.3210968460497177,3.3588916053250433,3.0263935662203902,2.464390242001844,3.556745961527582,2.976609703756512
2021-09-03,3.348279386839721,3.3806665735839245,3.0666170040420067,2.463791816715746,3.567685465757873,2.9808258881422196
2021-09-07,3.336543825232464,3.365156925642889,3.065830213690226,2.4549827981509256,3.572734648444921,2.977606392964618
2021-09-08,3.3257009936344097,3.357133512468746,3.047907080832603,2.451991557226924,3.560299362023778,2.9706104413162997
2021-09-09,3.3573744188980785,3.376352288040526,3.1116725414575392,2.4414968885072996,3.5480511585116417,2.959143474487181
2021-09-10,3.332663369573905,3.3571914010555775,3.073038501522143,2.422246508713566,3.5211220862828068,2.9362478659489266
2021-09-13,3.260441701535621,3.2960742388957467,2.9744896065901782,2.428445585449079,3.518691476934388,2.9389916900875477
2021-09-14,3.2778155929821433,3.3064999027888553,3.0096647470666467,2.4153406206975503,3.5086882683303364,2.926884045015768
2021-09-15,3.3138667370110624,3.3446279670057355,3.0379567107422356,2.4355151150644896,3.534773264765629,2.949987478937351
2021-09-16,3.3260352410715153,3.347556552369018,3.0745979813547657,2.431654129665783,3.5372047551952512,2.94866380836588
2021-09-17,3.2825253673763846,3.3017373918246795,3.0399645440086016,2.4079670081533946,3.495316392589219,2.916842746575221
2021-09-20,3.2092692143959787,3.223942945342166,2.9834727849924727,2.367816549974626,3.4230929915129784,2.862389792061856
2021-09-21,3.2295950653277785,3.2428727059584412,3.00650244237053,2.3655799376816002,3.427303678587444,2.8627983897327107
2021-09-22,3.27412088345551,3.2825624657356895,3.0619123514701063,2.388655705513133,3.459316883057755,2.8901315901722477
2021-09-23,3.3203874842205257,3.3314700558465247,3.098123647199159,2.4176776494265693,3.4912355181454937,2.921022425560933
2021-09-24,3.2949896356224926,3.3128370129837883,3.055316473686777,2.421660126315736,3.4945116717561273,2.924798761512783
2021-09-27,3.2351682296309736,3.2626995810758537,2.972156292753769,2.4147319235361664,3.4666178156087875,2.908941787913348
2021-09-28,3.141593179159011,3.1725539843936974,2.8746402625672753,2.3660706853784874,3.3685208775862416,2.8384735306785944
2021-09-29,3.144488909997926,3.177777194655879,2.8710407430192157,2.3700531622676535,3.3629985542925844,2.8385356498611984
2021-09-30,3.1413880888738808,3.1598522580411097,2.908300232405588,2.341085765554016,3.3506431525672804,2.8159747126460384
2021-10-01,3.1192730826507598,3.1470879800827096,2.861648240520816,2.36890767107189,3.371422277991392,2.841439181004669
2021-10-04,3.094634048998488,3.113834372265073,2.8619445388348193,2.338357520057613,3.30065882847037,2.7932973860443986
2021-10-05,3.137315166061221,3.1567732556755246,2.901435830533706,2.362688581889698,3.3452142238812588,2.8266830624431774
2021-10-06,3.1284371425455797,3.1501074656091244,2.8869735879789173,2.3725081404611705,3.366648873721232,2.8416131103446385
2021-10-07,3.137760374475752,3.1659178780887567,2.8779188942303646,2.3930200128008883,3.3975381122688284,2.8669329043171916
2021-10-08,3.1406115198292257,3.1643726624415778,2.892592998201838,2.388655705513134,3.3805955081011674,2.85717028797522
2021-10-11,3.132476340884717,3.153148029167867,2.893403805578555,2.3713622950628115,3.3546685188951466,2.8358712772433603
2021-10-12,3.1511813186139976,3.1739430877483183,2.9052672899524574,2.365525036279207,3.342966879423296,2.827434944303246
2021-10-13,3.1840983375718044,3.204581404035635,2.942525858470938,2.374035107852926,3.369738238116594,2.8438422714675924
2021-10-14,3.21779720249695,3.2489408543850806,2.9448987694640985,2.4139680856376935,3.43179719272843,2.8939468900135137
2021-10-15,3.2262135700790684,3.256947105851341,2.9539380685652374,2.432352617185279,3.453420393946084,2.9140840368369196
2021-10-18,3.243674107828217,3.274043129804792,2.9713694059696802,2.439553201761244,3.4881464474438664,2.93304873686391
2021-10-19,3.2544281852637442,3.2889801388966537,2.9701061135064464,2.4583746422111097,3.514543052931681,2.955461092420838
2021-10-20,3.277344080576057,3.3152768815896154,2.9825198925131664,2.468029850777995,3.509955850489323,2.9593361016977786
2021-10-21,3.2846263637987683,3.328755964414409,2.9726500896004353,2.4744673058606783,3.5313910877167665,2.9722318816894915
2021-10-22,3.300028678035062,3.3434045326775097,2.989163201254362,2.4719030561662665,3.5017192096995227,2.958205022514016
2021-10-25,3.306907877150297,3.352596596844472,2.9894334603008232,2.485159796730221,3.537569522813755,2.98128033388521
2021-10-26,3.3145762130276526,3.355122247343401,3.0104058645878014,2.4873965861245453,3.5487084450899107,2.9873156506824183
2021-10-27,3.262001375607183,3.3036573606747632,2.957936799723391,2.476376634954915,3.556944792185977,2.9841649689971286
2021-10-28,3.3163049917514886,3.3665562126674113,2.9859539383147657,2.500270964986017,3.596446305810062,3.0151322001025744
2021-10-29,3.33730913764561,3.3888797660089884,3.002201911097688,2.505344562972446,3.614137241613751,3.0256071067933163
2021-11-01,3.3456444657319633,3.3925837417411313,3.022351307765498,2.5096539688578057,3.626493230726524,3.0333812207043156
2021-11-02,3.358314725537234,3.4063761395497734,3.0312732815342014,2.519801341931961,3.6416569319430767,3.0458555506894323
2021-11-03,3.3482247350442442,3.4014426793238686,3.008014272287485,2.5351848919841533,3.680315250854824,3.071319892523516
2021-11-04,3.4027556755908965,3.454247129593701,3.0638842063421587,2.5471316142464593,3.727491862847954,3.0982415480407393
2021-11-05,3.4625012690348207,3.4965349069840594,3.1665403916478763,2.555969500322862,3.731048200281497,3.1050945854799976
2021-11-08,3.4988436793643096,3.519314716137835,3.2375946950760084,2.5581515654160896,3.725994024800959,3.104316894543247
2021-11-09,3.475634590244197,3.495749584772028,3.2167264230071284,2.5496962181434673,3.7003466320303775,3.0885025328771625
2021-11-10,3.3887204840974503,3.4324151467889745,3.0698054012509166,2.529183637398558,3.645962775787587,3.0533830618968483
2021-11-11,3.4185970670315977,3.4577780936570157,3.1100142935868154,2.5300021995981283,3.656072007829867,3.0581102580912694
2021-11-12,3.421563517455335,3.456749037534868,3.123585696300399,2.5490953134391967,3.6945432438326073,3.0857391198372914
2021-11-15,3.4210790363515096,3.4521819356704686,3.1341973085937536,2.5499687770411605,3.693700049120269,3.0859156692613667
2021-11-16,3.4239830425699007,3.455012839403251,3.1371288100777006,2.5600610716116243,3.720003260000447,3.1030099632909938
2021-11-17,3.3889177333327845,3.4466574040808617,3.0313784101273065,2.5538418053281338,3.7219689521668275,3.1000606585559507
2021-11-18,3.410119177136633,3.4694190433484753,3.0471795217480406,2.5625158727038437,3.7605338764709386,3.121385834619453
2021-11-19,3.372803048475946,3.468023697170103,2.917477842888128,2.5579333766168966,3.781501259578997,3.1272967404257583
2021-11-22,3.3514041296039747,3.430589319980233,2.9379126058192853,2.550732437838336,3.737600213809031,3.104741797889362
2021-11-23,3.387486762057771,3.4272176793409748,3.0730981271776523,2.5541145413271247,3.7205653898086726,3.0997249139362957
2021-11-24,3.4256508279426328,3.4587673007097632,3.1267173365697296,2.560933826808396,3.7325469194096965,3.108854027541522
2021-11-26,3.320096907521099,3.3770367000387376,2.962998376098307,2.5038168871754984,3.6617814140325318,3.0447149358126007
2021-11-29,3.3685245084831017,3.4211974384728276,3.0196345748539226,2.5345301484852762,3.741251708012618,3.0964282137902415
2021-11-30,3.279712032987094,3.3352074840708847,2.9288698194842664,2.4852143439300183,3.6863057219616024,3.0435658403917283
2021-12-01,3.1800819164940624,3.242520629467799,2.8171641419857956,2.457610450110039,3.6235912429339043,3.0007731904865795
2021-12-02,3.2318411214799156,3.2974923963043796,2.8572918980628703,2.495251737098088,3.6497073709050754,3.034567093581706
2021-12-03,3.1604568774132065,3.2398507565011743,2.754687003086892,2.4735401805654056,3.5862430917726766,2.9949811406724027
2021-12-06,3.149388755615626,3.238676359261823,2.719094241935345,2.5028352146804282,3.6149795552448847,3.0247158141742876
2021-12-07,3.2952280986731095,3.3683909304597126,2.896035460054229,2.5546056432266075,3.7238409560318377,3.1015416105849742
2021-12-08,3.305680344814894,3.3757626497355466,2.913765683976786,2.561370558609378,3.740502495295385,3.1125868419019374
2021-12-09,3.223384545823758,3.3163969133810767,2.7773331183751,2.5440773252603535,3.685463408330468,3.079179585677794
2021-12-10,3.2543836704552667,3.352729330577364,2.792890710269821,2.5680256711873604,3.725526170681574,3.11040839951522
2021-12-13,3.1648560723794787,3.27900513698484,2.6698039129390727,2.545277009453319,3.6717041505532744,3.0741639793635307
2021-12-14,3.1301771423077542,3.246707549689519,2.631677548650356,2.5277657644063996,3.633701062363654,3.0476798163696563
2021-12-15,3.236976451768153,3.344999503197057,2.7518240850903886,2.567262010390185,3.7165394360933366,3.1062291100929578
2021-12-16,3.1401144383636255,3.256855035969558,2.6399869681765775,2.5446220888531443,3.620970613739132,3.0525951444066184
2021-12-17,3.1384165730685827,3.257213288522881,2.6334059940904924,2.5175402896598054,3.60290492472996,3.0287361478722854
2021-12-20,3.0864368506450712,3.2091789529711248,2.575448887633739,2.4907703658523257,3.5679553703000666,2.997943371043066
2021-12-21,3.224869241731671,3.334024898265485,2.736927163607467,2.5350040715588484,3.647807759829004,3.058111315093899
2021-12-22,3.277524198373985,3.380019660369403,2.802406564027475,2.5603506322339302,3.6922318741404796,3.092021078259187
2021-12-23,3.322268141121099,3.423607461463375,2.8470203994806207,2.576281248195787,3.720068460009552,3.1132961541380992
2021-12-27,3.423346097035842,3.516008427257635,2.962977992982587,2.6127416237284633,3.781551187513897,3.1610535537918087
2021-12-28,3.390997240565783,3.487745175444669,2.922436768320657,2.6106057820740256,3.764024426507908,3.1524360812680547
2021-12-29,3.3801321361092413,3.4817841367641376,2.899966159946621,2.6139460896564763,3.7634622966996827,3.1542174781256804
2021-12-30,3.352045168689029,3.4584665138767896,2.8618414165654045,2.606719648290997,3.752215295129156,3.1451443026947428
2021-12-31,3.344007060174716,3.452729427988966,2.848633079386218,2.6001495443360767,3.7287844089743922,3.1313607134812855
2022-01-03,3.395473639849243,3.4877240030371928,2.9373872408370283,2.6152045714803926,3.764680244617504,3.1554984126039916
2022-01-04,3.3951230984805103,3.4980321499935667,2.9101294473750468,2.6143286284602563,3.7158513116729233,3.1345061184801026
2022-01-05,3.28019167218607,3.401756589241484,2.7563601383647387,2.5641276716173627,3.6016963750116484,3.056263659957083
2022-01-06,3.294947039905311,3.4118592063544124,2.78139844117261,2.5617190939639336,3.59916590979343,3.0537546019258897
2022-01-07,3.2469922802983895,3.367039763119217,2.7290886435497654,2.551591556235159,3.560176891736405,3.031177877653453
2022-01-10,3.2512667687890935,3.3675676061415936,2.7421759310808294,2.5484164841637855,3.5625188055769423,3.030288922035358
2022-01-11,3.299451670228193,3.4093715478961735,2.8026143562108135,2.5716280886909204,3.6160356779148843,3.0668500347938177
2022-01-12,3.3017326846530533,3.4118472613731647,2.804259145917866,2.578580908550918,3.6303752745118554,3.077076786486026
2022-01-13,3.2218185562218684,3.3460591704330387,2.6949826974229993,2.5430513774407726,3.539557535703974,3.0173895133788515
2022-01-14,3.242981473427443,3.3513728429108034,2.752952805007621,2.5440914933641983,3.5615819225632346,3.027394210008854
2022-01-18,3.152463102978124,3.2645324014941934,2.65959292998168,2.499036746039933,3.4729201894618216,2.962905442875247
2022-01-19,3.07299721324218,3.1895177021852423,2.574767517043946,2.4730875096475997,3.4347746598108695,2.9312506498973
2022-01-20,2.992572113662518,3.111842234245499,2.4933376008737267,2.4457154414267626,3.390161994121714,2.8959928318497554
2022-01-21,2.9161869864301364,3.0386944829509477,2.4145958259864018,2.3977046963368074,3.2961579719860175,2.8274171299203728
2022-01-24,2.9615683771891,3.0767101901520015,2.474274867523226,2.407886958366679,3.3112473686876895,2.8398924645489365
2022-01-25,2.893426794468286,3.0129509120625655,2.4003810018357976,2.3784888512961926,3.234486986797726,2.789639429901398
2022-01-26,2.9135736425392027,3.02499967364324,2.4384388377829906,2.372521423058524,3.2294263500550247,2.783957627704946
2022-01-27,2.876149888409104,2.9807733011290463,2.4201075793995455,2.3608061721927647,3.196904174342469,2.7630661637392313
2022-01-28,2.927195086482294,3.0380444674138407,2.4524170644488144,2.4194378592278523,3.2971888369948315,2.840714894349913
2022-01-31,3.010647056119464,3.124105473947274,2.5236683148650054,2.4630146962199215,3.4026275309975316,2.9117178557372654
2022-02-01,3.0396116289336828,3.1519418945324733,2.553327067285973,2.4796574365012223,3.425776471166978,2.9314597615841183
2022-02-02,3.0510862226448854,3.1678067514314296,2.553327067285973,2.503744452744599,3.453613057036051,2.9576076153751174
2022-02-03,3.030337810782921,3.139083883844146,2.553327067285973,2.4448942227077226,3.3135898699156963,2.862891920742066
2022-02-04,3.0453823823703705,3.1598631611209598,2.553327067285973,2.4563907534703953,3.3553912991762567,2.8876808570457055
2022-02-07,3.052226054447944,3.169331076615975,2.553327067285973,2.4485074433904623,3.3283982017132563,2.871431876050245
2022-02-08,3.0230630796817564,3.128955245746194,2.553327067285973,2.4686534244484157,3.3657945186469758,2.899375777587245
2022-02-09,3.051716348288288,3.168497830094614,2.553327067285973,2.5047849228706203,3.4371174547326104,2.951313218218331
2022-02-10,3.0367340054259935,3.147756924352379,2.553327067285973,2.459784899847451,3.3593273826087717,2.8914045386702356
2022-02-11,3.076701736462777,3.2029955247245314,2.553327067285973,2.4112811047437352,3.2527632542146816,2.817036777350185
2022-02-14,3.0183380239075555,3.121982922644746,2.553327067285973,2.4033979717651004,3.2567936133360385,2.814177182687568
2022-02-15,3.0157493240242026,3.1184128003837905,2.553327067285973,2.4421571221464173,3.3377705561751605,2.8718548998569555
2022-02-16,3.042347078232518,3.155083742725906,2.553327067285973,2.444894222707722,3.336927655156557,2.8731016259851434
2022-02-17,3.0363081230537174,3.1467334312425956,2.553327067285973,2.392667581217776,3.237674444900478,2.799686116226258
2022-02-18,3.0175247193954062,3.1207780662187115,2.553327067285973,2.377175468069882,3.2007474505548172,2.774656592343184
2022-02-22,2.98090978732747,3.070287642214674,2.553327067285973,2.351664203187617,3.1686000280477447,2.7458341830040363
2022-02-23,2.979328170861358,3.068115590576269,2.553327067285973,2.309949232141908,3.087435121218411,2.6863129087758195
2022-02-24,2.9772995334135786,3.065330132994687,2.553327067285973,2.344711560428917,3.191187425796435,2.7516623716446675
2022-02-25,3.036698412661494,3.146870321737915,2.553327067285973,2.3964453290064007,3.2406733516255506,2.8033538347017326
2022-02-28,3.096077553069858,3.2289148886936077,2.553327067285973,2.3903137278654434,3.2503267709915686,2.8039428304553597
2022-03-01,3.0906581367486927,3.2213789732231484,2.553327067285973,2.3539087850390557,3.2005597802583403,2.761124415083967
2022-03-02,3.1383943377686547,3.2877192746188584,2.553327067285973,2.397211646323047,3.2542637355052886,2.809686659440365
2022-03-03,3.1483058915203888,3.30156346915653,2.553327067285973,2.385277498252902,3.2077764227075107,2.782624609797803
2022-03-04,3.1789955932081377,3.344475012258483,2.553327067285973,2.3658980116128925,3.1612894036034676,2.751157853613262
2022-03-07,3.154966917513274,3.310769059929461,2.553327067285973,2.296152863922807,3.04469798371908,2.659873988686301
2022-03-08,3.1345885035968055,3.28225604154753,2.553327067285973,2.2787443376287544,3.030545176337382,2.6436089241132494
2022-03-09,3.1496336001983605,3.303261184289321,2.553327067285973,2.3398391495170685,3.1396388888684856,2.726629855292528
2022-03-10,3.175309627283998,3.3391657304068576,2.553327067285973,2.3292736402782253,3.1047742119279227,2.705334654369289
2022-03-11,3.154176643939978,3.309534380167387,2.553327067285973,2.299656813104652,3.0403859723061415,2.660083184854798
2022-03-14,3.1352045621520235,3.282992321164988,2.553327067285973,2.2828500770213607,2.9819967209094442,2.6248198993892897
2022-03-15,3.143478634925657,3.294544450897773,2.553327067285973,2.333051033864254,3.0755325952320214,2.694846596616717
2022-03-16,3.1508749879583653,3.3048801826017327,2.553327067285973,2.3847851566443334,3.18959413728566,2.7746965324784982
2022-03-17,3.210680157074742,3.388517868000322,2.553327067285973,2.414620703920994,3.2282075210559973,2.808848662331053
2022-03-18,3.214550534638058,3.39396420870804,2.553327067285973,2.4410670636569427,3.294283031183658,2.852976751766486
2022-03-21,3.2584807041212485,3.4558069334484953,2.553327067285973,2.4403533454258164,3.2851247794543523,2.8485939752237615
2022-03-22,3.259113783323063,3.4567021561790496,2.553327067285973,2.4689091587227945,3.3496857109921403,2.8932514011319324
2022-03-23,3.2567263801977053,3.453325965766666,2.553327067285973,2.4371132771780606,3.301546077242912,2.8538309920282274
2022-03-24,3.27143924155283,3.4741273473656094,2.553327067285973,2.473851524647371,3.374928393796299,2.9070565744607175
2022-03-25,3.307166227235448,3.524714704115664,2.553327067285973,2.4859328438961925,3.3721145141240902,2.9129431422713883
2022-03-28,3.2775111115088484,3.482573561610036,2.553327067285973,2.5036148145944286,3.4242880313194917,2.9458373472872954
2022-03-29,3.2829046084388316,3.4902148272631224,2.553327067285973,2.5345869980019495,3.48321914765672,2.9894073548930997
2022-03-30,3.285709543538866,3.494190910333172,2.553327067285973,2.5189363791923034,3.444744681022898,2.9636678346742196
2022-03-31,3.2574160880167606,3.4540726410837737,2.553327067285973,2.480166779834402,3.4020480732589577,2.9224936466063034
2022-04-01,3.2672386946689547,3.4679601298109213,2.553327067285973,2.4871959303538578,3.3955733011836515,2.923853988492825
2022-04-04,3.2751933026450795,3.479217857773268,2.553327067285973,2.5085026333192064,3.4654835704053557,2.966476770575548
2022-04-05,3.2446706745261595,3.4359858556675182,2.553327067285973,2.4768165545792606,3.3885352245251816,2.914807142099902
2022-04-06,3.2540272497272262,3.449196876969107,2.553327067285973,2.452050177756578,3.3149658250627883,2.8685920780684717
2022-04-07,3.277726140376777,3.482690609849561,2.553327067285973,2.464406004017371,3.3228479775148005,2.879229858025494
2022-04-08,3.343371446505036,3.5756909730860524,2.553327067285973,2.457815887615772,3.276397082740126,2.855255430579463
2022-04-11,3.2996875621947432,3.513398534331979,2.553327067285973,2.4158067513140082,3.1988860196642572,2.797080360637895
2022-04-12,3.3267101307113496,3.551762187791331,2.553327067285973,2.4068555204068565,3.185373170930481,2.7859906197478774
2022-04-13,3.357977114873021,3.596271783441192,2.553327067285973,2.4344229313594385,3.250122653845949,2.830261167513793
2022-04-14,3.3568493610307053,3.5946614054534747,2.553327067285973,2.4041099189832456,3.1758016921164454,2.7802802385015366
2022-04-18,3.3884543968064067,3.6397868152657304,2.553327067285973,2.4050983213276416,3.1782416996643743,2.7819198289472875
2022-04-19,3.3831948829925853,3.6322539770677613,2.553327067285973,2.443923176290534,3.2492776969712027,2.835462679160837
2022-04-20,3.3857814938641653,3.635956681345958,2.553327067285973,2.4421108987076265,3.201889038101615,2.8137346540424337
2022-04-21,3.296445767159711,3.5080410305643555,2.553327067285973,2.4055922568478927,3.135638780201804,2.7635872748985197
2022-04-22,3.219777954871217,3.3992556496909914,2.553327067285973,2.339585186255669,3.0535293543216593,2.689488758140414
2022-04-25,3.1696151982528673,3.3286437270764626,2.553327067285973,2.353149197571734,3.0927542084476514,2.7145593077289236
2022-04-26,3.1506016548384723,3.302020385100773,2.553327067285973,2.285000086779641,2.9760185849395246,2.624021035286807
2022-04-27,3.176658242331703,3.338432216869128,2.553327067285973,2.291424613467567,2.972452555612736,2.6261377725558153
2022-04-28,3.225533532148393,3.406917956572365,2.553327067285973,2.349305036796342,3.0780210622461763,2.705939801675604
2022-04-29,3.154897513450595,3.3074404104718402,2.553327067285973,2.2624848445564245,2.939514509571838,2.595058149753529
2022-05-02,3.1639901376866595,3.3201500944715603,2.553327067285973,2.2761039343761813,2.9885930821909175,2.6245324006809954
2022-05-03,3.18543547433019,3.350155133840425,2.553327067285973,2.286537148945384,2.991783477231018,2.631948447634011
2022-05-04,3.2074273982187766,3.3809939761534453,2.553327067285973,2.356169306007316,3.092941585050393,2.7165196369439744
2022-05-05,3.179941949827326,3.342363583253525,2.553327067285973,2.272424477807972,2.937168777712749,2.5998359425592255
2022-05-06,3.1864550126476106,3.351491223245881,2.553327067285973,2.258860466491907,2.901978981807868,2.57650265398965
2022-05-09,3.133865707430364,3.2777404692271275,2.553327067285973,2.1865377865100566,2.788433753339841,2.4848511003886236
2022-05-10,3.1395057549987646,3.2856057763330786,2.553327067285973,2.191589955239422,2.822308976088183,2.5028154009890793
2022-05-11,3.141006841363944,3.28770036421499,2.553327067285973,2.1567741423604025,2.7386044995348557,2.445820972258608
2022-05-12,3.141231013432466,3.2880132195629934,2.553327067285973,2.1545224764570423,2.7321294337658153,2.441652848236515
2022-05-13,3.1615635115042013,3.3163900022789523,2.553327067285973,2.2060323889937954,2.83338299204897,2.5160843368735493
2022-05-16,3.177071186651707,3.3380794811842,2.553327067285973,2.1970815122892398,2.8005389280031774,2.496396889975906
2022-05-17,3.191940532924519,3.3589100121043898,2.553327067285973,2.2422763467402596,2.8730757002943483,2.5544024189167622
2022-05-18,3.152372651561805,3.303393124494871,2.553327067285973,2.1518866778382204,2.7320363328519144,2.44021859570809
2022-05-19,3.153921336477065,3.3055569613532425,2.553327067285973,2.138706976338916,2.7173962875643403,2.4262076218704234
2022-05-20,3.1486185636922452,3.2981466655665956,2.553327067285973,2.139640654382216,2.708951417916633,2.4229672464164307
2022-05-23,3.176756559620333,3.337445693830861,2.553327067285973,2.1796736944003796,2.753994344927132,2.4657781819397218
2022-05-24,3.175198062558251,3.3352625869581436,2.553327067285973,2.16303449614504,2.6954388628765917,2.4301528380960353
2022-05-25,3.1930509706699652,3.360266438820927,2.553327067285973,2.182144611710721,2.7331626483245075,2.4578933717091602
2022-05-26,3.21632100404519,3.39291797404508,2.553327067285973,2.2257465970871126,2.808890403043248,2.5164997009490695
2022-05-27,3.2315799827162235,3.414380368681024,2.553327067285973,2.280386775066833,2.9005707203499584,2.588457099611641
2022-05-31,3.2196384937070364,3.397557726355863,2.553327067285973,2.2675917375868853,2.892875944500688,2.577761911157917
2022-06-01,3.2185236401448822,3.3959891116014402,2.553327067285973,2.249250418756023,2.871481530702369,2.5578048668214737
2022-06-02,3.227629516624446,3.408799729484528,2.553327067285973,2.2920836073975965,2.9501186155570966,2.617182850548612
2022-06-03,3.223420384705802,3.4028725363038004,2.553327067285973,2.254467291692572,2.8733579399733986,2.5616581016910125
2022-06-06,3.2306482347096166,3.4130461818269233,2.553327067285973,2.2613320922074407,2.8829291250936997,2.569824651249429
2022-06-07,3.269322837017829,3.467523671235416,2.553327067285973,2.283022927888252,2.9077970546923746,2.5932331658225496
2022-06-08,3.2399414793543495,3.425973556927308,2.553327067285973,2.2582014725618773,2.88687108240091,2.569805000039588
2022-06-09,3.1913279558369645,3.3574337814855144,2.553327067285973,2.2044949726254566,2.809546808540313,2.5048304771961916
2022-06-10,3.1413168690601663,3.2872816214163834,2.553327067285973,2.1405739782229203,2.71045248659471,2.42434235138034
2022-06-13,3.0483747517986406,3.1576005877757582,2.553327067285973,2.0593004215365136,2.584427330257864,2.3219574060888712
2022-06-14,3.0312308363922726,3.1339229926541896,2.553327067285973,2.053095146255569,2.5891185002823067,2.3205664087353384
2022-06-15,3.0239715587224114,3.123916048972432,2.553327067285973,2.0823648548849714,2.6537740012026694,2.366082456587994
2022-06-16,2.940112154430799,3.0084080230373758,2.553327067285973,2.0134469473580596,2.546703544809948,2.2791969899426685
2022-06-17,2.901027475180661,2.9550845866250346,2.553327067285973,2.0177871688692792,2.5776706121972417,2.295510666784194
2022-06-21,2.963480762646962,3.039907291111479,2.553327067285973,2.0685823005671176,2.6427038032604346,2.3533611206364973
2022-06-22,2.9322491218337,2.997191174388967,2.553327067285973,2.06483200347969,2.638849072992432,2.3495114800271706
2022-06-23,2.906353239992844,2.961898625776819,2.553327067285973,2.0850727337320984,2.678149406408244,2.3785227620613756
2022-06-24,2.955031904252918,3.0280439549325266,2.553327067285973,2.151365114515474,2.7699119579606712,2.4570820572317897
2022-06-27,2.9775547428676834,3.058816389895505,2.553327067285973,2.143147614286128,2.749603329899557,2.443381938217992
2022-06-28,2.978725360404877,3.0604198103386917,2.553327067285973,2.0993570160273176,2.665832478562186,2.381198643489462
2022-06-29,2.947656106796226,3.017857999393074,2.553327067285973,2.0976472800959787,2.66827718520987,2.3813208496280547
2022-06-30,2.927816050128653,2.990774571497218,2.553327067285973,2.080605353488882,2.6351820130209047,2.356879563136857
2022-07-01,2.9467292114295436,3.0165343874222854,2.553327067285973,2.1026110752776193,2.6525760244588072,2.377121956399275
2022-07-05,2.936861942968762,3.003066368030287,2.553327067285973,2.1065816863798164,2.69798753710636,2.3997143578357556
2022-07-06,2.9436013653471433,3.012254829763702,2.553327067285973,2.1136965539275265,2.715286979161688,2.411460271810943
2022-07-07,2.944792247377977,3.013879705645918,2.553327067285973,2.1453537651558903,2.7733913476357217,2.4553201012512647
2022-07-08,2.945278609680198,3.014543402707993,2.553327067285973,2.1435887736195616,2.7768701499233024,2.4558500150567735
2022-07-11,2.944175496046918,3.0130379949616373,2.553327067285973,2.119101154240004,2.7175437218191614,2.4155886254270507
2022-07-12,2.9377886586511694,3.0043230327062185,2.553327067285973,2.1003496688028664,2.691218190215146,2.3932008965155367
2022-07-13,2.9332638186741495,2.9981532759983454,2.553327067285973,2.08931944575795,2.685670315566569,2.3844500544102845
2022-07-14,2.9271655052657906,2.9898423161694856,2.553327067285973,2.0842449622650303,2.6952611781670948,2.3858119937769215
2022-07-15,2.9355780405684992,3.0012992034957224,2.553327067285973,2.124064949421644,2.7441511994084937,2.4302411639460733
2022-07-18,2.9238517410274065,2.9853141025553445,2.553327067285973,2.1065266078761233,2.7209282484179016,2.409924738221568
2022-07-19,2.932733720897636,2.9974056868141696,2.553327067285973,2.1634434230422284,2.804605411453901,2.479538354040246
2022-07-20,2.9289300748867166,2.9922223226364544,2.553327067285973,2.177230759095129,2.849077104150399,2.5070978438475673
2022-07-21,2.925064800929498,2.986957255997929,2.553327067285973,2.1994024248001356,2.8899754251767407,2.5378578802490956
2022-07-22,2.9217462300733503,2.9824388698091675,2.553327067285973,2.1789959277327564,2.839298571253396,2.503833335646105
2022-07-25,2.932398048984473,2.996936318139991,2.553327067285973,2.1816439463411434,2.8231272068330706,2.498224370968784
2022-07-26,2.9305107510847166,2.994364538309083,2.553327067285973,2.1558326718599883,2.7676560963844024,2.4589024074458927
2022-07-27,2.9304710106744873,2.994310396540982,2.553327067285973,2.2118117356529385,2.8846166892933134,2.5427831057044066
2022-07-28,2.9304960034259957,2.994344446155262,2.553327067285973,2.239553060080202,2.9128221544931754,2.571160874840922
2022-07-29,2.9354262748568587,3.001061366367077,2.553327067285973,2.272203278286711,2.9659431276767343,2.6133482802465196
2022-08-01,2.930910409270273,2.9949055813788497,2.553327067285973,2.265474314467444,2.964156588688524,2.6086915837969644
2022-08-02,2.9296605926912735,2.993202773661354,2.553327067285973,2.2505285588240227,2.955318756823782,2.5961975773326134
2022-08-03,2.9238486303671256,2.9852854143183394,2.553327067285973,2.2857704774261407,3.035800238332457,2.6518758313167883
2022-08-04,2.911524226344672,2.96850759019239,2.553327067285973,2.284226154107177,3.0499968060806264,2.6571805896127936
2022-08-05,2.9210115935083625,2.9814049911168605,2.553327067285973,2.2803655229110666,3.025081591790664,2.6440819411165433
2022-08-08,2.9293926449750254,2.9928107697309305,2.553327067285973,2.2777183898091695,3.015303058893662,2.6382737883005705
2022-08-09,2.9340290744459265,2.999126507148338,2.553327067285973,2.268673472315351,2.9811737910648004,2.6181045430775702
2022-08-10,2.9485286415916767,3.0188882000584916,2.553327067285973,2.3163245246689748,3.0643816315127417,2.6821368707733306
2022-08-11,2.958382654876827,3.0323404076036984,2.553327067285973,2.3163245246689748,3.046988794849778,2.674525226058236
2022-08-12,2.9638729439100033,3.039843798127923,2.553327067285973,2.355537585677184,3.106314635566449,2.7232006749394726
2022-08-15,2.9640715876947468,3.040115445434681,2.553327067285973,2.3652441536205036,3.1314184012340918,2.7398152916112686
2022-08-16,2.9656093961222263,3.0422184603874505,2.553327067285973,2.3698771235773934,3.124083987597305,2.7392900259209654
2022-08-17,2.969921092043347,3.048115897383688,2.553327067285973,2.3530555109850657,3.088450420459284,2.7139458684413276
2022-08-18,2.982903756119259,3.0658818754613306,2.553327067285973,2.35989445471042,3.095878228703708,2.721153345195551
2022-08-19,2.9783335248048894,3.059618721390001,2.553327067285973,2.32818251918096,3.035517411265936,2.6763427297439684
2022-08-22,2.976134128827251,3.056606158356395,2.553327067285973,2.279703518258971,2.955601290196568,2.6132483534469815
2022-08-23,2.9775959744805327,3.0586079885754955,2.553327067285973,2.2741887609391083,2.9531568772426184,2.6090069050369533
2022-08-24,2.99255716070467,3.0790989726202977,2.553327067285973,2.2814683326940015,2.9617121757345743,2.616961707351923
2022-08-25,3.0002566084758024,3.0896617835982085,2.553327067285973,2.31367721446578,3.0140815866510238,2.658571073010129
2022-08-26,2.989729931744599,3.075207966231249,2.553327067285973,2.2353612494567456,2.890539904534843,2.559090932917934
2022-08-29,2.989478446222873,3.074863065388493,2.553327067285973,2.2205807293244013,2.8620519059621943,2.5380197145412517
2022-08-30,2.9664126772461437,3.043230309652147,2.553327067285973,2.1962034440535265,2.8301790870970716,2.5099565261014387
2022-08-31,2.9764082519000126,3.0569028670736063,2.553327067285973,2.1794925197724786,2.8137251893039594,2.4931112843828918
2022-09-01,2.9648048071268933,3.041013199352011,2.553327067285973,2.18633164059913,2.8149475426278014,2.4975644387929803
2022-09-02,2.970072950005224,3.048217942135556,2.553327067285973,2.1632778333285554,2.775177299236461,2.466753545679456
2022-09-06,2.966632276333836,3.043509674742937,2.553327067285973,2.1551157658054976,2.755245480236973,2.453241671306584
2022-09-07,2.979469028387569,3.0610688801218138,2.553327067285973,2.1938322347739856,2.8109045546758527,2.5000569368786856
2022-09-08,2.985862278985416,3.0698266734339468,2.553327067285973,2.2081717726741945,2.825478225179383,2.5147085044353163
2022-09-09,2.9892306785431653,3.074444168300533,2.553327067285973,2.2424759399031577,2.887249359931208,2.561730141719375
2022-09-12,2.9880443045740694,3.0728172433275436,2.553327067285973,2.2665776555542725,2.921565710669077,2.5907203409706434
2022-09-13,2.9717461223822235,3.0504698124020897,2.553327067285973,2.1680213144954266,2.7613566594687144,2.463361622167142
2022-09-14,2.979012926925151,3.0604155556241732,2.553327067285973,2.176293539025869,2.7832626877528894,2.477832186181549
2022-09-15,2.965252203681397,3.041566568837895,2.553327067285973,2.151585605631542,2.736911648848015,2.443134225131334
2022-09-16,2.9638556674811665,3.0396565984983197,2.553327067285973,2.135171326024721,2.7201755113758517,2.4263451360223747
2022-09-19,2.9707896594002965,3.049138371187037,2.553327067285973,2.151729411885556,2.741359053072652,2.44520085333948
2022-09-20,2.9609961046688635,3.035735917318723,2.553327067285973,2.127030864860026,2.7195073581293974,2.421421787668728
2022-09-21,2.954805346213027,3.027273221146898,2.553327067285973,2.0899274345141428,2.6708120558341077,2.3786235273933207
2022-09-22,2.946610360821416,3.016078593225295,2.553327067285973,2.072372799649202,2.6379397971897833,2.3539957321808753
2022-09-23,2.9284897289985614,2.991348143411589,2.553327067285973,2.037649610749061,2.5949900254265272,2.3151114421299344
2022-09-26,2.9202117773026584,2.9800739656028754,2.553327067285973,2.0174926494106287,2.584252876179448,2.2988710436446
2022-09-27,2.927728986820397,2.9903023746298794,2.553327067285973,2.0123421894608473,2.5852884402880174,2.296397250835161
2022-09-28,2.9504658463967868,3.021266117284554,2.553327067285973,2.0519381434754327,2.636715681703533,2.3418301105484414
2022-09-29,2.9398783278972127,3.006810677556643,2.553327067285973,2.009074670511894,2.560705099918272,2.283615712419248
2022-09-30,2.9396220961340895,3.006461257018169,2.553327067285973,1.9780077379099181,2.5172848307920184,2.246598671157724
2022-10-03,2.960218613451102,3.0345476932189475,2.553327067285973,2.030229243462221,2.5763407669664957,2.3026077630152497
2022-10-04,2.9879825480080395,3.0724957840262066,2.553327067285973,2.0931393436555097,2.657342673773068,2.37448064600821
2022-10-05,2.9869547965209504,3.071086689624272,2.553327067285973,2.088265870135873,2.655930006909137,2.3710852371619473
2022-10-06,2.98475989197707,3.068077720026402,2.553327067285973,2.0667236224441226,2.635020187773081,2.3495217163664934
2022-10-07,2.977910768772877,3.0586906367254487,2.553327067285973,2.0090746705118945,2.534615698076959,2.2719901263035855
2022-10-10,2.977301035648018,3.057855606108474,2.553327067285973,1.9937348644803201,2.5092781521964906,2.251960418247076
2022-10-11,2.9788586900276846,3.059988670975037,2.553327067285973,1.9811084274361124,2.474805556391759,2.2293607455252618
2022-10-12,2.9724426877379924,3.0512010126300773,2.553327067285973,1.9745739208420998,2.4739576625796658,2.2253021723935986
2022-10-13,2.989089463387878,3.073984814396657,2.553327067285973,2.026685269387018,2.5319774472581043,2.2807604861338167
2022-10-14,2.970596281371629,3.04862692023563,2.553327067285973,1.9804993760721312,2.455873030324605,2.2204957381650883
2022-10-17,2.975146718673498,3.054853542477239,2.553327067285973,2.0313926218890876,2.5369690659731496,2.2856877655236705
2022-10-18,2.984578415797334,3.0677660500361568,2.553327067285973,2.0552605638267814,2.5570318723783165,2.3081534771972905
2022-10-19,2.983347053372412,3.0660784719525562,2.553327067285973,2.0406959301767555,2.5477079773826374,2.2957669001110967
2022-10-20,2.978317528115322,3.0591864727587983,2.553327067285973,2.0235838714556325,2.5347087989908603,2.280284584931056
2022-10-21,2.9957360302637013,3.0830417515171433,2.553327067285973,2.072760297289328,2.5941427190019026,2.3347260103238563
2022-10-24,3.0043857289571103,3.0949107911300784,2.553327067285973,2.0981235054864262,2.622681526590655,2.3618528283732267
2022-10-25,3.0061261106137187,3.097301219193429,2.553327067285973,2.1316273519495184,2.6769341017340325,2.405138977049459
2022-10-26,3.0176900496372983,3.1131874466806715,2.553327067285973,2.11556727493879,2.6177830087895106,2.369505919921773
2022-10-27,3.0219078606745406,3.118989163074173,2.553327067285973,2.1042701602377174,2.57012385799026,2.3416098284025213
2022-10-28,3.0309194915959923,3.1313906791501167,2.553327067285973,2.1543326238655385,2.6487718095131716,2.4052919364137995
2022-10-31,3.036193187195746,3.138655361827671,2.553327067285973,2.138770909907512,2.617971853860926,2.382620299272628
2022-11-01,3.0410383513159105,3.1453335931553403,2.553327067285973,2.129412168913556,2.591222522197731,2.365235111587874
2022-11-02,3.0126534430316227,3.106189066297019,2.553327067285973,2.075972029329397,2.5024024881733125,2.295019011441858
2022-11-03,3.0228737217928296,3.1202391913193086,2.553327067285973,2.0545957255539156,2.453518928194077,2.260786897083076
2022-11-04,3.0438312167167196,3.1490825604802337,2.553327067285973,2.0841681003016794,2.492983730101324,2.2952393238086697
2022-11-07,3.0635240745954593,3.1762476389166343,2.553327067285973,2.104104216321448,2.5203924041989314,2.31883418690369
2022-11-08,3.074591520674442,3.1915472083542054,2.553327067285973,2.115456409526213,2.5387594229799113,2.3335386409809957
2022-11-09,3.029176626985772,3.128690608295245,2.553327067285973,2.0718739052926063,2.4801736904746967,2.282575954916295
2022-11-10,3.1079482785437573,3.237169867085165,2.553327067285973,2.1857321527052456,2.6631824799939414,2.4295087185550477
2022-11-11,3.1098999780771788,3.239880329573795,2.553327067285973,2.2068867256555724,2.7122545913508573,2.463648904457499
2022-11-14,3.104544962848967,3.2324418873410306,2.553327067285973,2.188113279657477,2.6885194384869395,2.442390282417938
2022-11-15,3.1284369705517157,3.2656102592582115,2.553327067285973,2.2067758602429954,2.725723973411897,2.469705209504437
2022-11-16,3.104384552853102,3.232134193207373,2.553327067285973,2.1899406108507184,2.6885194384869395,2.443429640906195
2022-11-17,3.1113210767147073,3.241763488192531,2.553327067285973,2.183239983239139,2.68258565027096,2.436995095845672
2022-11-18,3.124617157504371,3.2602348483970744,2.553327067285973,2.193152874194682,2.6826799259598,2.442570444841922
2022-11-21,3.1115921840931637,3.2421144536631994,2.553327067285973,2.1851785340475534,2.6550821130970426,2.425565976777477
2022-11-22,3.149549564590161,3.2948472303904404,2.553327067285973,2.2145842564738554,2.693322799518039,2.459353775208398
2022-11-23,3.1528055540284723,3.299388827027459,2.553327067285973,2.228539484557304,2.7203552519414886,2.4794446694902708
2022-11-25,3.1582973291433416,3.307051632379302,2.553327067285973,2.228041121504602,2.7024587305235066,2.4710116171383723
2022-11-28,3.1200159526260736,3.2536057508350646,2.553327067285973,2.1924882130231147,2.6628059646260485,2.4331682309246903
2022-11-29,3.128043688721664,3.2647676973222572,2.553327067285973,2.1887225081227575,2.642649469919511,2.4218695793279448
2022-11-30,3.1795930751649015,3.336504449714162,2.553327067285973,2.2576687518573566,2.76311617863333,2.5152160113238464
2022-12-01,3.1719216072191196,3.3257710481616742,2.553327067285973,2.256007364580385,2.766508047575438,2.5158343342396114
2022-12-02,3.1710704247729398,3.324581091079185,2.553327067285973,2.2534046839042974,2.7554871901806335,2.5093719891159516
2022-12-05,3.1251150860977965,3.2603410587334465,2.553327067285973,2.212867613591894,2.7092401188578443,2.4657429407634446
2022-12-06,3.0955990662713293,3.2192834598165447,2.553327067285973,2.180969367496889,2.653104085793804,2.4224258727384878
2022-12-07,3.0906134814564803,3.2123704152487123,2.553327067285973,2.177259272404118,2.6422723671641495,2.4154204825973697
2022-12-08,3.10438602284,3.2314572426153654,2.553327067285973,2.194315367115059,2.6735428201793923,2.4391742436488943
2022-12-09,3.0761328043887683,3.192244306801452,2.553327067285973,2.17792357937309,2.6564950736547077,2.4222871358175495
2022-12-12,3.1078735277168685,3.236162715522656,2.553327067285973,2.209323462415393,2.6898378296620296,2.454950172805691
2022-12-13,3.1325322699233547,3.270398215102949,2.553327067285973,2.226047492192497,2.7187540336998777,2.4774374156144274
2022-12-14,3.132950321869239,3.2709801495550503,2.553327067285973,2.211815277678904,2.6985978326870748,2.460334110488272
2022-12-15,3.0734286533648425,3.188121426990472,2.553327067285973,2.157710476923177,2.607988029043364,2.388937255190005
2022-12-16,3.049378533301288,3.154857945389941,2.553327067285973,2.132236226212204,2.5831218616070974,2.3634463798887815
2022-12-19,3.036665822348438,3.137321346060361,2.553327067285973,2.114155600492065,2.5468195538351535,2.336818243974675
2022-12-20,3.0575236054435804,3.166053546424896,2.553327067285973,2.117048727296949,2.5448374148196296,2.337507809695192
2022-12-21,3.098894089203894,3.223172175192943,2.553327067285973,2.148703636208438,2.5817529551096374,2.371937460988804
2022-12-22,3.0623817188775386,3.172536624703604,2.553327067285973,2.1180498809348043,2.518590593136515,2.3260036162804494
2022-12-23,3.0700616453071587,3.1831448593434626,2.553327067285973,2.130233387632598,2.524255357891505,2.3353092692661632
2022-12-27,3.0548629307822366,3.162133463656957,2.553327067285973,2.121833118863668,2.488565695250156,2.3141956849858167
2022-12-28,3.0086363294111598,3.098333685437259,2.553327067285973,2.095463089787177,2.455710764536179,2.2845389167157926
2022-12-29,3.033818582530655,3.132911044113068,2.553327067285973,2.1331819471437705,2.5155684846064004,2.3329427625243158
2022-12-30,3.036455592919048,3.1365419001863613,2.553327067285973,2.1275630542606567,2.514058311422548,2.3291699581273004
2023-01-03,3.0160819884852628,3.108481699947894,2.553327067285973,2.1186061561119676,2.4970637234638446,2.316394745509557
2023-01-04,3.0491912428016685,3.1539798048996786,2.553327067285973,2.1349625235943273,2.5089600818818045,2.3308542403422154
2023-01-05,3.0462983823699146,3.149990102864564,2.553327067285973,2.1105951559961436,2.4696835376585033,2.299308460587247
2023-01-06,3.10206989097498,3.226883292817987,2.553327067285973,2.158995878144396,2.537850734564733,2.357404919967583
2023-01-09,3.091360570040905,3.2120296714128584,2.553327067285973,2.1577717539723,2.554279081002926,2.364366740661387
2023-01-10,3.090955360197052,3.2114683021766206,2.553327067285973,2.1729038201812663,2.5758999326707026,2.382663844073003
2023-01-11,3.092677438252332,3.2138539288169024,2.553327067285973,2.200386399612084,2.620463257812428,2.418341802099839
2023-01-12,3.122982978798065,3.255844548053229,2.553327067285973,2.2083973997279083,2.634625169699902,2.4292788478810707
2023-01-13,3.1345414746344233,3.2719115224419215,2.553327067285973,2.2169650292234917,2.6527528280870976,2.442348506845617
2023-01-17,3.1302506317306587,3.26593967256577,2.553327067285973,2.2129037422566955,2.658133591000628,2.442588414508896
2023-01-18,3.0862562403274696,3.204737745453788,2.553327067285973,2.1779664378872163,2.6235787609501786,2.407430224417875
2023-01-19,3.052899626533156,3.158554844677833,2.553327067285973,2.1621110899770297,2.5978036114050003,2.3868415079689376
2023-01-20,3.0894960869129924,3.2090388397301295,2.553327067285973,2.2023892381916887,2.6688968789900955,2.44173381024833
2023-01-23,3.105381778177907,3.2310393208575703,2.553327067285973,2.2288152312783627,2.7281892386210105,2.4835055749309785
2023-01-24,3.1131898287866697,3.2418713195567066,2.553327067285973,2.226422769843056,2.7226193369423304,2.479637472596063
2023-01-25,3.122033382439387,3.2541501137737536,2.553327067285973,2.22725727115945,2.716576000963306,2.4773501805127336
2023-01-26,3.1277776865012066,3.2621332988442973,2.553327067285973,2.251735504170211,2.7695427849361454,2.515114819635132
2023-01-27,3.121601438991593,3.253544562822566,2.553327067285973,2.2569091643900365,2.797111815812902,2.5305224055861064
2023-01-30,3.098106384058068,3.2208937115522933,2.553327067285973,2.2285922607441226,2.7405575628706416,2.4890654064838436
2023-01-31,3.127417625053767,3.261524290405939,2.553327067285973,2.2613602513138327,2.781628282119255,2.5260152241491465
2023-02-01,3.1478466985768416,3.2899310794416063,2.553327067285973,2.2853932516613056,2.8411088994341163,2.566445430712368
2023-02-02,3.1396168059560416,3.278462592311074,2.553327067285973,2.3186619076005925,2.943075546105134,2.6311799321531337
2023-02-03,3.1300912896304887,3.2652002311691963,2.553327067285973,2.294016668065774,2.8907704541165855,2.5938154214225015
2023-02-06,3.112315080119614,3.2404755493485706,2.553327067285973,2.2799969751098366,2.8663175137650487,2.574918973984015
2023-02-07,3.1304210810090343,3.265610987832258,2.553327067285973,2.309816229067077,2.9257038553910695,2.6184316628489355
2023-02-08,3.1130558066532896,3.241457376427553,2.553327067285973,2.2845589274462106,2.873681296775307,2.5808362497435957
2023-02-09,3.1059517007692397,3.231594545883768,2.553327067285973,2.2647535121843996,2.8482841310666935,2.5582447683637937
2023-02-10,3.1068400849729034,3.2328269743839693,2.553327067285973,2.270038923323292,2.829590818546456,2.5528350534237467
2023-02-13,3.1394098538554966,3.278014334966135,2.553327067285973,2.296686470133822,2.8749098176675774,2.588261897364351
2023-02-14,3.1448851822414583,3.285637086066224,2.553327067285973,2.2956297066883797,2.8961520981113194,2.5972285758603486
2023-02-15,3.155539844902739,3.3004791137824694,2.553327067285973,2.303084431627041,2.9183397786870766,2.611394438000928
2023-02-16,3.1316445606753263,3.267155333853924,2.553327067285973,2.271373735806667,2.8635794070763945,2.5689161708083126
2023-02-17,3.1151886131574003,3.2442646404114903,2.553327067285973,2.265699587318563,2.8433750402911,2.556644783744073
2023-02-21,3.0784826565070103,3.193295511608022,2.553327067285973,2.22024760178278,2.776057205665637,2.500735777934274
2023-02-22,3.0800196285490347,3.1954212367225856,2.553327067285973,2.217187822656435,2.77813479514494,2.499948384505185
2023-02-23,3.0785375669018062,3.1933711150424986,2.553327067285973,2.2289818835998254,2.802398890425062,2.517514684479829
2023-02-24,3.0607079319557395,3.1687115096330283,2.553327067285973,2.205170791178805,2.7554754424312473,2.4829913435615785
2023-02-27,3.078580224745265,3.1933821157475704,2.553327067285973,2.2126816572289463,2.775207549691136,2.496110325425272
2023-02-28,3.0988045523124024,3.2213534537198805,2.553327067285973,2.204502942183872,2.771620080721715,2.489883808403884
2023-03-01,3.152168925009614,3.295319829415944,2.553327067285973,2.1960472407086535,2.7493384181508524,2.4751002857223043
2023-03-02,3.1748254302070498,3.3269003834698054,2.553327067285973,2.213126181487042,2.772092046553386,2.4949668833947634
2023-03-03,3.221793223122585,3.3925237998104154,2.553327067285973,2.2486201152362804,2.829401386087573,2.54076399065886
2023-03-06,3.20929315633656,3.374973832599004,2.553327067285973,2.2501778982538956,2.8326120459953668,2.543085641324383
2023-03-07,3.180673345310857,3.3348440766681846,2.553327067285973,2.2156856494464074,2.797866608711095,2.50799755129626
2023-03-08,3.1831828525296393,3.3383522710557036,2.553327067285973,2.219301880851214,2.8118405566083577,2.516307307125675
2023-03-09,3.1138167375353056,3.241355632469424,2.553327067285973,2.17835606074292,2.7631220525080264,2.4712955236972567
2023-03-10,3.062165227673373,3.169666158734137,2.553327067285973,2.1469235910617765,2.724318061503866,2.4361129538665915
2023-03-13,3.0281213964309193,3.1226808518113627,2.553327067285973,2.1438634577328353,2.7445233093703645,2.4434106573114764
2023-03-14,3.063186004116502,3.170893616828029,2.553327067285973,2.179301604573189,2.8075916893483814,2.4916799418157245
2023-03-15,2.994903798191716,3.076649427665123,2.553327067285973,2.1656715344729536,2.822319842756367,2.4904235150346024
2023-03-16,3.05154591080262,3.1542336329636043,2.553327067285973,2.203668440867479,2.8967186333255674,2.5450957281714257
2023-03-17,3.0031723137725956,3.0875650738531175,2.553327067285973,2.177901973014729,2.8830283935760295,2.5242022053272652
2023-03-20,3.03155090493573,3.1264664922049143,2.553327067285973,2.1988438473061027,2.8932600959056813,2.540817212305509
2023-03-21,3.077003099675613,3.188966850737595,2.553327067285973,2.2277157864200934,2.934582510684937,2.575642683569684
2023-03-22,3.0282769975268495,3.1216347012468812,2.553327067285973,2.1897411947891214,2.894678342950572,2.5361782633264056
2023-03-23,3.030756016764585,3.125041959998923,2.553327067285973,2.1956606285750193,2.9290037981942163,2.5546433928709344
2023-03-24,3.030549654748459,3.1247582508272287,2.553327067285973,2.2100685275762744,2.939783533032828,2.567726143004926
2023-03-27,3.0423956972984265,3.141043973843255,2.553327067285973,2.214201009264886,2.91964260409423,2.5613308136711854
2023-03-28,3.0467156693850046,3.1469907007605844,2.553327067285973,2.2092308384365156,2.904134400126868,2.5516536473424765
2023-03-29,3.0779257816247383,3.1899737875317284,2.553327067285973,2.24134213739307,2.95708826157538,2.593461235859254
2023-03-30,3.0918531556145585,3.2092196308295815,2.553327067285973,2.2544658748821917,2.985078155573969,2.613328003942661
2023-03-31,3.1385574152029454,3.2738558297565303,2.553327067285973,2.28624138977765,3.0347217949386214,2.6534753539357356
2023-04-03,3.1457917290743143,3.285008680484532,2.550773740218687,2.2949530026285454,3.02734655787271,2.655306474147638
2023-04-04,3.109777306772475,3.250137911330096,2.5151944991421593,2.282220659008106,3.017134533023283,2.643462167582068
2023-04-05,3.0550264223902954,3.200049445077533,2.454350331370126,2.2762450841107276,2.987347527062034,2.6269525165351038
2023-04-06,3.0550143307975697,3.203726376013032,2.445851158600933,2.2851244118908727,3.0074884560006323,2.6409317707303646
2023-04-10,3.1237251346932724,3.267426159849252,2.519998451282578,2.2874701185834954,3.0057867945017516,2.64154011389717
2023-04-11,3.1267255238067566,3.273882333585635,2.514742501874809,2.288084660087716,2.9864966963125936,2.6334187014815598
2023-04-12,3.104547956713218,3.249497208917173,2.4995874679662835,2.278758151530004,2.960114188124045,2.616419915009432
2023-04-13,3.1388119247698194,3.2868089872652013,2.523833051471062,2.309026357277791,3.018079639461563,2.659414144853992
2023-04-14,3.147230699315172,3.2960655599854842,2.529586821629113,2.303385680935018,3.0124060638945322,2.653666162041466
2023-04-17,3.1735066896811834,3.3120069708604754,2.577361119076103,2.311651352717433,3.014959143530323,2.6595520064617144
2023-04-18,3.20405378045339,3.3354367722543308,2.621898000093864,2.313158661865105,3.015148575989207,2.6605026360740514
2023-04-19,3.186252127906544,3.317389120812442,2.6061895030886393,2.312767976401615,3.0137294478631125,2.659651856513906
2023-04-20,3.147988599659966,3.28145793199668,2.565683357264936,2.300146852396349,2.990751437447265,2.6422556127772334
2023-04-21,3.144770840999578,3.274638505409227,2.571188943567501,2.301934158696232,2.9938722270722398,2.644660752619435
2023-04-24,3.1033778981426243,3.2382188066287236,2.5216045172401658,2.304335298095143,2.987630941516024,2.6432834262460254
2023-04-25,3.038237976438278,3.1753373797910003,2.4567880452217943,2.2677566188953713,2.9312731696822816,2.5973728283909168
2023-04-26,3.017501554709459,3.1507996546434662,2.4466714820923556,2.258150998691939,2.9490507451377086,2.5997482034381023
2023-04-27,3.0423283642195487,3.196080011343325,2.4217086155839165,2.3031063921880004,3.029238239217944,2.6609709810026003
2023-04-28,3.059332716219528,3.2200698817474205,2.4213185651062368,2.32276410496724,3.0501354295234075,2.6815054287887934
2023-05-01,3.0635948645166327,3.2204892096718507,2.4338657923401996,2.3204183982746174,3.046636949755602,2.6786136009629833
2023-05-02,3.006544603359263,3.1571633830458965,2.3961463687156113,2.294338815326922,3.0200653028019038,2.6518799592999587
2023-05-03,3.073616798294081,3.218529609121221,2.470243612351012,2.278590436600755,3.0003020640061364,2.6341017647079146
2023-05-04,3.0745067727181135,3.207051308069627,2.4995337014251393,2.262451372411098,2.9897108805452057,2.62012396316149
2023-05-05,3.124527627151876,3.2526515157460087,2.5555782868084163,2.3043352980951433,3.0532562191483836,2.672221600267976
2023-05-08,3.1445939486261247,3.2701169177044465,2.5800607458049027,2.304949485396768,3.0608203012857107,2.6758877782166905
2023-05-09,3.1219967021727557,3.252343467029224,2.547967596861052,2.29484125170948,3.0414359274077123,2.6615470106737527
2023-05-10,3.137764475782552,3.262527820962226,2.5755060238948437,2.305563495597094,3.0745322743716166,2.682246049623304
2023-05-11,3.123037249614124,3.244772611325908,2.569202025758593,2.301543119030146,3.084555747843363,2.6842797155381186
2023-05-12,3.1006034218490974,3.2262037065068387,2.539488677256574,2.2985272610257166,3.0734923048570266,2.6777071423796612
2023-05-15,3.1362721023015285,3.2536037149102306,2.5916403195165127,2.3064571487470356,3.0901347540278192,2.6895758381537016
2023-05-16,3.144031205836929,3.244383363425677,2.6393203431857217,2.2910440227780695,3.09363352748936,2.682111783435614
2023-05-17,3.2047257225949655,3.300719445298153,2.7056363212087366,2.318854770914167,3.1310788912767755,2.714622873929514
2023-05-18,3.2781413185369215,3.361607016758272,2.803834409614478,2.341193266041933,3.189233775073178,2.7529083540368675
2023-05-19,3.2643608232151347,3.3535336908752704,2.7768891966019824,2.3377863683714173,3.182047676772416,2.7478038649548386
2023-05-22,3.2691344039372496,3.3452522845017296,2.813704360423907,2.338735808430243,3.192732254840983,2.7529750887708295
2023-05-23,3.1911046066531266,3.2609281119718965,2.7578432993442648,2.312488687654596,3.152260377117433,2.720078367337411
2023-05-24,3.196692625079662,3.2604754393153694,2.7783091043483488,2.2957349048594202,3.13609106855325,2.703248769812641
2023-05-25,3.3956892325178916,3.4008433183856357,3.1112868351301852,2.3156159423754965,3.2124003368667067,2.747842364832494
2023-05-26,3.474986886714463,3.4621927524427503,3.233533524005041,2.345604859376265,3.2944789249047077,2.8007400859017917
2023-05-30,3.5042848928856873,3.4816276515323827,3.2881286813175903,2.346497981222312,3.309419418882885,2.8076239881451017
2023-05-31,3.4396603125907452,3.4322599016474515,3.185447507779977,2.3334865259561517,3.290602461300337,2.7918578716772307
2023-06-01,3.50259638506611,3.4769797566543694,3.2940740852255566,2.355656774850774,3.3286158287706713,2.8212463790530453
2023-06-02,3.510870933140807,3.4920662802182854,3.2823231197541007,2.389722032428673,3.35357950252686,2.8522247373075222
2023-06-05,3.5242649593767843,3.5063281364299197,3.2921958220718857,2.385143078367687,3.3559434433975004,2.8504974265659935
2023-06-06,3.536919657992855,3.5179270864390486,3.3068096243005445,2.390336928135489,3.35537602710205,2.8533600473366185
2023-06-07,3.4720246332110722,3.461121431162314,3.2243075838261084,2.3820716105556703,3.2984505452791226,2.8242225907615515
2023-06-08,3.531711076435449,3.518619686332385,3.285327186328177,2.3964796866582234,3.339395269915548,2.8502928051386327
2023-06-09,3.561481357112017,3.5425265670717754,3.3291354142885763,2.4007797061747866,3.3521606680944993,2.858297815863734
2023-06-12,3.613805229389086,3.5890023310160335,3.393748154606603,2.422559092504621,3.408802148075967,2.8954111028785805
2023-06-13,3.6248438684919377,3.5895756999725457,3.433587460573494,2.4385309730689224,3.4349955174993654,2.9160800210303024
2023-06-14,3.6533918822098754,3.6079511751937896,3.4890235815015593,2.441434548850391,3.459959778643024,2.928412608221516
2023-06-15,3.6813915074387236,3.6412728120207287,3.499313399239371,2.471702931699476,3.501188505120909,2.9640129415531633
2023-06-16,3.644297582528431,3.610869670893244,3.4459297339950052,2.4632837130916547,3.4791553074496075,2.949638509535999
2023-06-20,3.646065409645545,3.6072003427320385,3.463121287946196,2.4505033750194447,3.4741748490964803,2.939875431081289
2023-06-21,3.589228834810563,3.5556716491903213,3.395593855435057,2.4379483097983496,3.426829950593364,2.912312436539997
2023-06-22,3.5842749821933384,3.549538895728786,3.394417427907743,2.4467482961969704,3.4672624733564636,2.934749472660021
2023-06-23,3.5544961016604955,3.5138463551241332,3.384009535511828,2.428250596919933,3.4328900271152665,2.9091092411440953
2023-06-26,3.5201802413561367,3.498582356936724,3.2974297261698666,2.4183295593046794,3.386870274743139,2.8836673133226283
2023-06-27,3.6112657495818494,3.5932955830289215,3.3709139325719755,2.4448423320273958,3.4451047495416462,2.9242656637276507
2023-06-28,3.632512279887158,3.6158243298239205,3.386840240369561,2.446076019669586,3.4518279865165122,2.9278568690882643
2023-06-29,3.6338166758997303,3.623729051514784,3.3694925649147986,2.455716705930032,3.4449159044702307,2.9306951999974573
2023-06-30,3.6929715028522505,3.676707286021031,3.4411161304228406,2.4846957913293406,3.498036583960055,2.9705829657030307
2023-07-03,3.7061185718150225,3.6899522704677454,3.452929091217328,2.487554737583701,3.5062746932185296,2.975789935545808
2023-07-05,3.728863043683923,3.705483459843397,3.494091035554526,2.4838552685688127,3.5061798301422207,2.973536896198517
2023-07-06,3.651191700590899,3.630006168752027,3.4164809120785633,2.4644049414095845,3.4794769020891083,2.9505712873090233
2023-07-07,3.7233260489665794,3.7155664503849266,3.444887867783722,2.4581828415053253,3.467925046421957,2.9419485587962617
2023-07-10,3.8239017934785444,3.821976918331125,3.5211303466495107,2.4644049414095845,3.4690613474815306,2.946153837219623
2023-07-11,3.8768168594159467,3.852274716223309,3.6322929045405257,2.4800996584424437,3.486200726451444,2.9628131606529187
2023-07-12,3.939485327921281,3.9075937638236597,3.710675668483058,2.5000540158959117,3.5302315848521495,2.9934424707369973
2023-07-13,3.994116929572904,3.9476927445833248,3.8022750853633593,2.5198967995316104,3.5901694833119455,3.030733883094173
2023-07-14,3.9535415156880678,3.910917871046941,3.7540296477913038,2.5183273278283242,3.589412634557611,3.0294706077998463
2023-07-17,4.0091262572720225,3.950327066040855,3.851663648490361,2.527071350216762,3.622932194193224,3.048875287086492
2023-07-18,4.081635731841086,4.035889085227575,3.8800349428530017,2.5458492237473083,3.6525705911247117,3.0726739874049107
2023-07-19,4.1627685414930315,4.140445681051948,3.8869800991902697,2.551510443840655,3.6517185856003325,3.075731980262219
2023-07-20,4.0476838034158895,4.040242478757176,3.739346352808041,2.5345825704695,3.5675394999717223,3.030078334964562
2023-07-21,4.007390984792039,4.012237407244444,3.668210705518158,2.5345825704695,3.5568390624414805,3.025534143661945
2023-07-24,4.011745988980605,4.026588402847201,3.644794878768581,2.5459055419600873,3.562520567739348,3.0347086792969518
2023-07-25,4.039064878753598,4.041845224923304,3.7026444953565334,2.5528557053006145,3.586666598138118,3.049135277089986
2023-07-26,4.054614077734511,4.0454989278585645,3.749619589507778,2.553248338878383,3.574735583859463,3.0442982976232407
2023-07-27,4.081222714687743,4.068086725614415,3.7852406419003386,2.536319934203334,3.566213179065794,3.030577325562427
2023-07-28,4.217047301943907,4.17604022009168,3.987794323808575,2.5611516614049954,3.6311711845329033,3.0730134334599297
2023-07-31,4.277176833257771,4.225970618328879,4.072198102698832,2.566027968545401,3.6330640406530765,3.0767398167688165
2023-08-01,4.292550484955495,4.246391426876978,4.071712412913261,2.558685525829701,3.624637380016921,3.068769767929241
2023-08-02,4.340823479663738,4.2728124804431005,4.178867822002253,2.5230918840496632,3.54509748062171,3.013754174710491
2023-08-03,4.322560229842603,4.253204461268329,4.166071138228977,2.515861015151733,3.5394162690175768,3.0070207990562636
2023-08-04,4.322624133306055,4.2279834575483255,4.240430438122518,2.504482256752261,3.522845187424318,2.993181470951872
2023-08-07,4.359158745030829,4.266694591406575,4.267314803612718,2.5263425783753024,3.55267301681469,3.0189160231895533
2023-08-08,4.308281751541104,4.227540984415905,4.185572472938461,2.5153566306548973,3.522466616200283,2.999517976143833
2023-08-09,4.069628536016217,4.04104888378776,3.812071225192397,2.4985406853041074,3.483738398179676,2.973002322958024
2023-08-10,4.176570597428792,4.10572792144108,4.029724612798818,2.4994377033787116,3.490177339619348,2.9762834796494926
2023-08-11,4.133196451795229,4.071930650198492,3.9618429732073923,2.497980336797089,3.4679250464219558,2.965927844970752
2023-08-14,4.215731425000802,4.140958104848115,4.076812234622645,2.5117694438629705,3.506842403207713,2.9907559078114985
2023-08-15,4.170159432656034,4.08587576360598,4.063218372943458,2.4825098300075568,3.469630525939387,2.9574684582300335
2023-08-16,4.111247705237764,4.0220621834902115,4.023993621657155,2.464293013389221,3.4328900271152634,2.930958847007966
2023-08-17,3.987998991063174,3.899399647391057,3.9096260434977905,2.445515316959973,3.395392679536805,2.90378463774636
2023-08-18,4.016665850808324,3.926502239125993,3.9405190057688566,2.44669215508549,3.3911323582211743,2.902661580157119
2023-08-21,4.089851117596646,3.985899837390161,4.0488814637290185,2.4626114365642713,3.445767322607138,2.9354871669527016
2023-08-22,4.064214623531634,3.957492253809616,4.033932095482563,2.455940916173359,3.4408438408385438,2.9294142790145767
2023-08-23,4.148031460563005,4.047913448365634,4.090198261221592,2.4832945658591994,3.495101115081676,2.9688241914405227
2023-08-24,4.063301418142249,3.9483083718994885,4.057940102509283,2.4488781164072746,3.420390715459954,2.9165210247802222
2023-08-25,4.115643015620338,4.000778306640908,4.105249679855464,2.46614230514342,3.4469039173604465,2.9381052468279005
2023-08-28,4.174400320474318,4.061463884613133,4.152874635985402,2.4817812352673947,3.4728488218842846,2.9584787618669233
2023-08-29,4.288354625229904,4.190326501537152,4.211052666146505,2.517655051300942,3.5486955225655805,3.012167422203372
2023-08-30,4.333329435585284,4.233019148452212,4.258997601554754,2.528024509402848,3.5684851937974718,3.0267693576642074
2023-08-31,4.319451971071477,4.209218858960474,4.276278995313241,2.524324686185364,3.579186512408916,3.0290928832174857
2023-09-01,4.323990778862817,4.217822720712875,4.2680299562670365,2.52903327839652,3.575398156924957,3.0303148912292786
2023-09-05,4.267384546237352,4.164629523850486,4.2060145640100615,2.5181031175849995,3.579943361163251,3.0256927082166696
2023-09-06,4.258485737799903,4.1595099056510945,4.186442711018969,2.5011754213151427,3.5484118144178547,3.0021978504542166
2023-09-07,4.246613889348024,4.1595194441913055,4.139729885341253,2.493495954829261,3.5230349135769363,2.9868536693984518
2023-09-08,4.240522427014065,4.164159962441997,4.102121984888458,2.497251210753034,3.5279586890392656,2.9911900064239285
2023-09-11,4.312238976404055,4.205713440001068,4.256822328548211,2.5136748767286514,3.569527806555674,3.0186483308742798
2023-09-12,4.254322910831553,4.1609255510349366,4.1641316751782425,2.4998861238653656,3.5299472893169535,2.9936328796835094
2023-09-13,4.2168637016089106,4.126617036858456,4.120476214688171,2.502800679927313,3.5433928821854823,3.0010793651900336
2023-09-14,4.324243888267434,4.208487864953413,4.294932149247677,2.524380650195547,3.5723684123577413,3.0262879355811307
2023-09-15,4.220493655508933,4.120904916997082,4.15089011426779,2.4939666900794677,3.511198174987123,2.982147637077411
2023-09-18,4.224505031187167,4.134776568140691,4.124753238833975,2.4954291925987344,3.5148593610839547,2.9845767949981763
2023-09-19,4.164962516252285,4.078395996678161,4.060938696314876,2.4902539384672266,3.5073678212991,2.9783012978057015
2023-09-20,4.078104690360106,4.011354483526997,3.9224484526642454,2.4673602307700855,3.456824891718781,2.9431516477591355
2023-09-21,3.9854902893838497,3.9282752889211845,3.8098443429124926,2.4265787606663785,3.393479852242672,2.8918627982905734
2023-09-22,3.974833898611457,3.9244094969268444,3.780345080475361,2.4211224467748718,3.393953873930486,2.8888135076357173
2023-09-25,3.982395036239862,3.934382926900937,3.780287842562912,2.431303823298253,3.410074429334707,2.9017481934377183
2023-09-26,3.9287326158611378,3.880106526634674,3.7329834563519357,2.3955846166979,3.3588683393014245,2.8586463509029
2023-09-27,3.9702816462993646,3.92744065026808,3.7542808261277543,2.3965407866060513,3.3667393313915177,2.8625662480690006
2023-09-28,4.0083324227689445,3.9552841883075276,3.818355640890352,2.4104347376403763,3.394902504693582,2.88283696832887
2023-09-29,4.011592589583451,3.9551436509789317,3.831185255790897,2.40458490466461,3.397368357290165,2.880385779884897
2023-10-02,4.009336759688019,3.9388591862960505,3.8698900053061984,2.40362855765516,3.425721256744849,2.8918321874278243
2023-10-03,3.9304203824460835,3.8588761371591973,3.800951154592858,2.371453325130011,3.3656015618632704,2.847101893446245
2023-10-04,3.9892149342901377,3.9186783422722566,3.8516689503221957,2.388722649803799,3.4114022187093083,2.8768407697140814
2023-10-05,3.9822342091995666,3.9176111244600316,3.8278557217057028,2.3878224439058298,3.401350844332765,2.872060521714947
2023-10-06,4.0395527043886705,3.9765774121934374,3.8753955054535596,2.4161726425957757,3.4583421135522663,2.913171635762557
2023-10-09,4.086840588498163,4.03008576076334,3.900419831223773,2.4316413783723276,3.4759793034025046,2.929925376597084
2023-10-10,4.107790165412187,4.05352309867867,3.9123459278499766,2.4442977455359047,3.495229165550008,2.9456632273487804
2023-10-11,4.157543939513274,4.103612370161147,3.9568578526350127,2.4543101674209495,3.5201693438074204,2.962205671677648
2023-10-12,4.126661574388495,4.071469883517748,3.932270196516453,2.439347587154214,3.507935824982019,2.948028977863065
2023-10-13,4.059382153099308,4.012528653608633,3.8466078807505646,2.4271973755004526,3.4638412350408823,2.922158726187627
2023-10-16,4.103514006465314,4.058619036978488,3.881328988879567,2.452735028476127,3.503005294563791,2.9540511622567074
2023-10-17,4.129557279938548,4.083592077377557,3.9082151468591215,2.4526223920505696,3.491530974042602,2.9491452402581446
2023-10-18,4.052231913066395,4.006554254908731,3.836679977446478,2.4199408269143055,3.44573002350283,2.9101532953372193
2023-10-19,3.994531540547988,3.9419079516679454,3.8038716754045394,2.398678399273468,3.413488912694387,2.883753589178185
2023-10-20,3.926655286569556,3.868311006399667,3.7583849172445114,2.369203253138332,3.3625662371150944,2.8445256725706765
2023-10-23,3.9236178011722926,3.860048859028937,3.7708377253608703,2.3650971595431294,3.3727127682616818,2.8463524052106264
2023-10-24,3.9792216264038034,3.9097677576653838,3.8388830161600365,2.3829286037369166,3.405523644915453,2.870927451918309
2023-10-25,3.8994988605241945,3.834372247639651,3.7533242869074983,2.3487282178686084,3.3221704260688325,2.815191067497506
2023-10-26,3.861100430992173,3.8068220378664344,3.686391727498344,2.3206032920297774,3.2588262676739275,2.7714970010277424
2023-10-27,3.8497488913541926,3.7758845569420263,3.7329164106835195,2.310084537533618,3.2744719203091317,2.771868716011359
2023-10-30,3.890703231509111,3.811248751060363,3.786876940555172,2.337703307862633,3.3113598533880775,2.8040515637011643
2023-10-31,3.9051518999286796,3.82371928656258,3.805956950327522,2.3523846512680713,3.3271964069508395,2.8195618031897096
2023-11-01,3.964603852008009,3.887095434946831,3.848478950329066,2.3774722898454095,3.38494540600588,2.859065870918994
2023-11-02,4.002164298544436,3.936272406520911,3.8482548281211777,2.4230347865911734,3.4463934776495293,2.91241261184979
2023-11-03,4.021305559431728,3.9580865093442386,3.857896467065762,2.4451412790184994,3.486884445465835,2.9428069389983005
2023-11-06,4.046395226104736,3.981674921032978,3.8852030033803047,2.4507658391431506,3.501108914118802,2.9521940831864657
2023-11-07,4.029913112638054,3.961378013695898,3.881316277760722,2.4577415050705964,3.534203498920298,2.97034848501047
2023-11-08,4.030781617068947,3.959307821613085,3.890747253353182,2.459541031360044,3.5364799190579963,2.9723925276267993
2023-11-09,4.012432233325878,3.9361498601638165,3.8881704935953687,2.4403598981738464,3.5092644954378245,2.9493649736112166
2023-11-10,4.053086050353119,3.984747495185816,3.9017339252948036,2.47844128188754,3.588160324472828,3.00553117300807
2023-11-13,4.072684526573395,4.009462361061633,3.9046004546610957,2.476078750571603,3.5769705931805684,2.9994122908729657
2023-11-14,4.136466667360572,4.092750231126252,3.9058708122252837,2.5241165921601594,3.653969454383111,3.0607908397466685
2023-11-15,4.120421428240325,4.075090646491522,3.8958274418543932,2.5294604467274073,3.656719602514889,3.0651827156826776
2023-11-16,4.102398120005683,4.05281381028207,3.8915544679224623,2.5325542293029772,3.6598494966456396,3.068369018004983
2023-11-17,4.1247294305719,4.07828088431965,3.9029275623154,2.5357039758887296,3.660702970638692,3.0706348592725567
2023-11-20,4.136880032601972,4.095185839861326,3.9003821542525063,2.5552231954528977,3.7052715822676423,3.101145653825847
2023-11-21,4.117359245812176,4.068452856811591,3.903146847494247,2.5496542451358333,3.68374588736991,3.088758257405388
2023-11-22,4.142911992812076,4.098213276726796,3.9143864829542765,2.559498066585139,3.6988232426284595,3.1010419197564403
2023-11-24,4.1471998412916,4.104856435005581,3.9115562644455655,2.5610728513273657,3.693607535593834,3.099809522133083
2023-11-27,4.154931945091538,4.114876773113904,3.9120819064751307,2.5564607793236447,3.690383953161712,3.0956657242584127
2023-11-28,4.146740330899227,4.105644173633875,3.9075633623402894,2.558991556872726,3.7000561689267513,3.101254759222318
2023-11-29,4.14188148198584,4.095421714494838,3.918436767289919,2.5571918534819797,3.696452840495656,3.09865413390523
2023-11-30,4.1766966451991445,4.138374822956071,3.9268940083262818,2.567260593579803,3.6871597833421217,3.100859404870385
2023-12-01,4.171475505847822,4.1474427038320405,3.881445056683493,2.5824479153937596,3.6976854731002127,3.114457382186567
2023-12-04,4.13812353610323,4.130406143850965,3.8051443792476403,2.5688916965348088,3.663357962000425,3.0918263633098855
2023-12-05,4.123615434116137,4.111879742418568,3.8029840656060347,2.5683855410249925,3.6725564497713847,3.095403469838555
2023-12-06,4.061763533378402,4.0525865791582945,3.7393303147943038,2.5580355640658716,3.6513147567151125,3.0802148540568988
2023-12-07,4.100797785983336,4.085188187674386,3.792828046444663,2.5775544294274435,3.7023317079832454,3.113485218905965
2023-12-08,4.159046300535816,4.143901788330273,3.844789132620551,2.5886356576461975,3.718831715692706,3.127115711313382
2023-12-11,4.1846851040310975,4.16561695495719,3.8791520776390156,2.598704220642723,3.750598804813336,3.1465534682001075
2023-12-12,4.186619444298716,4.179792778050091,3.846721614842869,2.610573372536485,3.780469513488975,3.1662691197082444
2023-12-13,4.259530312368702,4.247757568971524,3.927040678932696,2.6465734617955388,3.8285465904727105,3.208233793126277
2023-12-14,4.2936152686561435,4.282565696973166,3.956198047259209,2.6550674171511353,3.8252275575768095,3.2119914351153307
2023-12-15,4.301352264857752,4.28211580078918,3.985960790593879,2.6506958487101615,3.8437185151138356,3.217110465692302
2023-12-18,4.305917118935397,4.295990616390055,3.964135694862804,2.665606006992676,3.8679291581342397,3.236290481387961
2023-12-19,4.357738946270391,4.35299273853079,3.9971730732448325,2.6818150261950615,3.8876926906237426,3.254398159183715
2023-12-20,4.277820017515819,4.278293597368014,3.909727196780217,2.6446522669143335,3.8299222519260687,3.2076696507981595
2023-12-21,4.351900680926181,4.352883697485847,3.9760592891576394,2.6697287481098955,3.874485577067794,3.241538675924915
2023-12-22,4.356667045094,4.36547208347496,3.958982334401381,2.6750943861368026,3.8802810355347273,3.2472204565815157
2023-12-26,4.385488858541216,4.399578057589555,3.970955335432232,2.686389906926193,3.9040355721851356,3.2640156254212473
2023-12-27,4.401267309453101,4.426908083366582,3.9541010669985575,2.691247264227708,3.911982924646252,3.2702887564232777
2023-12-28,4.397803976716355,4.424085352305286,3.949218991394331,2.6922638256784936,3.9100815514077727,3.2701116547848033
2023-12-29,4.353365110502712,4.377747740711419,3.9136866140985305,2.6844697746527757,3.8931600931890107,3.258302253444418
2024-01-02,4.261300465480878,4.285771787231595,3.829299443046927,2.66944644864081,3.8272787146199896,3.2216158475462424
2024-01-03,4.179442664459641,4.201476159581893,3.7610146837446883,2.6476458101552103,3.786780698154051,3.191416196343349
2024-01-04,4.187289891190123,4.205101400884755,3.7795254990201035,2.639117674249091,3.767292063000232,3.1780640807579545
2024-01-05,4.208942393822163,4.216269280185846,3.8275883872300276,2.642732488843513,3.7717600257862993,3.182125159810795
2024-01-08,4.322118752976765,4.312703374481681,3.976643478672067,2.680459847062412,3.849714860095307,3.2377231169115905
2024-01-09,4.328726446230368,4.308698673514819,4.012039513972099,2.6763934241579723,3.8573197656617584,3.2384651784086556
2024-01-10,4.318711471943717,4.2985640333448325,4.00322094745953,2.6915293865954952,3.8834632071502564,3.2585970586881667
2024-01-11,4.31234918922279,4.283627210169705,4.0213625859959645,2.6903435163037774,3.891543602873195,3.261269312807857
2024-01-12,4.255523149738925,4.222368634499806,3.9819204250882194,2.692207153263119,3.8935404265754534,3.263235584353992
2024-01-16,4.262754503938743,4.210141539966436,4.043578544678076,2.6823234840217536,3.893160093189011,3.2570861842746535
2024-01-17,4.230564804476527,4.178050241659986,4.01390515046736,2.667413502840537,3.8711991441764453,3.2388472957645797
2024-01-18,4.247828282825216,4.187372615566955,4.052554246248525,2.6911342735995545,3.926147773471074,3.276234949829006
2024-01-19,4.354572611281983,4.271217103644149,4.216468285747158,2.7246822182858605,4.004007451010037,3.329141491692833
2024-01-22,4.388320563499636,4.323335118233671,4.1928289741244855,2.7304429693087093,4.009235786875255,3.3348344225066975
2024-01-23,4.3838572783292,4.310922446188124,4.211885090523978,2.7384061520740612,4.025872655865088,3.346616525083394
2024-01-24,4.3518735557726105,4.2554908578841495,4.251443272897096,2.7413998724162347,4.048213057182892,3.3577313777359232
2024-01-25,4.374990293273319,4.268557610321388,4.3026133463235166,2.7563098535974504,4.0531568038191805,3.3689126858000655
2024-01-26,4.365161765104236,4.257999958451913,4.295875271564408,2.752808738036374,4.029009598645471,3.356737692086148
2024-01-29,4.445261517504978,4.340341015668284,4.361968247704102,2.77460884521808,4.070268575578031,3.3872163660427477
2024-01-30,4.439511803994845,4.3321307900055155,4.36415374338513,2.772462731688355,4.0431747411640275,3.3746328474416023
2024-01-31,4.344448283639245,4.247067652085759,4.2474300124553865,2.727223621912824,3.963984337313115,3.314052290548448
2024-02-01,4.399106831080058,4.295239981802013,4.316652442162902,2.7629182114327486,4.010661963650981,3.3552520639977668
2024-02-02,4.462952263031089,4.346486037027899,4.4127428631280265,2.792004620218673,4.078444421764749,3.401265972759536
2024-02-05,4.476708372881283,4.374984176131908,4.380350588550405,2.7818382973056255,4.07312122282322,3.3928539101139226
2024-02-06,4.454349216475619,4.387536853244565,4.255134795931293,2.789914824901727,4.064944789249033,3.3943737282274555
2024-02-07,4.52335475571786,4.441358381229922,4.362220164462292,2.8131839873507265,4.106774413108124,3.42599365409267
2024-02-08,4.561490775910009,4.484349302588651,4.382655530373491,2.814426175855223,4.11437961236831,3.4299222863338628
2024-02-09,4.620690552427539,4.534039340105228,4.464481246645291,2.830691867472983,4.154877922527984,3.4567142900424113
2024-02-12,4.608882654078776,4.52731688305077,4.438704364716393,2.829449678968486,4.138621386924594,3.449193400699265
2024-02-13,4.559178957338509,4.4819374846343525,4.380704192954931,2.7904796009411963,4.074071322054991,3.3985419597838424
2024-02-14,4.694692214082475,4.62075574560557,4.4944895358844255,2.815838381605843,4.1184669480742,3.432501418095189
2024-02-15,4.7276452743967345,4.682987259877086,4.439087763063026,2.8352667482041136,4.130730717354276,3.449453555675779
2024-02-16,4.642604369911137,4.572763630207659,4.433135317242371,2.821147524318674,4.093275367979881,3.425225723802348
2024-02-20,4.577155992037489,4.509754656376971,4.36640865936957,2.8056157404800177,4.062378199701448,3.4028696874017674
2024-02-21,4.440709322265949,4.438072028456445,4.05396421854088,2.8081571441069815,4.046121957791792,3.397602336001774
2024-02-22,4.684655248594689,4.684383358961654,4.269785627585384,2.866273466364754,4.1645742211792705,3.4824932017447225
2024-02-23,4.6512276850111975,4.642830830103958,4.261541252002292,2.86824991685095,4.152311039286664,3.4785665367997893
2024-02-26,4.694966109191167,4.684084606874509,4.308239572133946,2.8577451533573366,4.150124489431786,3.471280651579918
2024-02-27,4.6986036199220464,4.679153617762821,4.335197119583747,2.8630539418675713,4.160106552086939,3.4786795622306337
2024-02-28,4.684216979258282,4.66250539076433,4.328374743911094,2.8592698184322165,4.137955876921754,3.467119468433945
2024-02-29,4.787609897666212,4.7519067327111575,4.461545309634113,2.8695491319734177,4.173415871062564,3.4882074088068347
2024-03-01,4.937583619657892,4.823248404980097,4.81963661192054,2.89648925012832,4.236254876233777,3.530842455424397
2024-03-04,5.090134903709025,4.9664398397241705,4.986012787624688,2.8933827162592904,4.221139047095981,3.522649624971568
2024-03-05,5.015523771233403,4.897377308354304,4.901677269434411,2.864465970516894,4.145370762641852,3.4734314792741183
2024-03-06,5.1791674848039575,5.040403135316476,5.111939826436108,2.8789808387021694,4.171419634747775,3.4931450478063617
2024-03-07,5.241255691927684,5.095478336566767,5.189498342863275,2.907559320965297,4.234733542688006,3.5369920891453646
2024-03-08,5.223722074500241,5.089986848139856,5.136834896784716,2.8901072277519253,4.17360589090892,3.500849078151409
2024-03-11,5.089254870777205,4.969784470189703,4.971838706155333,2.88762214233774,4.158110022078415,3.4928449392164387
2024-03-12,5.222464706741042,5.077380403884008,5.169463483890332,2.9186853558124564,4.217716634005464,3.536666858171281
2024-03-13,5.2404885366485034,5.1077706959049,5.14800278396929,2.9141102979800273,4.185299013262464,3.5203034684473877
2024-03-14,5.157962366775231,5.046403027148649,5.009277013325789,2.9083499011597747,4.174746597374514,3.5123862516136
2024-03-15,5.174462940165625,5.0478590205158,5.069040854878199,2.8883790732855887,4.125121754408884,3.4794512509682285
2024-03-18,5.212933944891576,5.059657088624615,5.1842469872834025,2.9055453250039145,4.164465260803698,3.5063835103632432
2024-03-19,5.13642507757705,4.989626221946562,5.095161599596057,2.9216920045493877,4.17484057936962,3.5204942265982497
2024-03-20,5.287737448211157,5.12887217758432,5.268975386333538,2.9487158916182654,4.2243406024980015,3.5576462520548047
2024-03-21,5.397798709303542,5.236876014763636,5.374795948435169,2.958459827935473,4.244330866550697,3.57194199474922
2024-03-22,5.380897096644436,5.2125110342515075,5.3824975949977425,2.95285173823154,4.24918621137284,3.570599567469195
2024-03-25,5.478255489432162,5.300325633783385,5.500011966363568,2.944693212734443,4.233764647057216,3.559187521938772
2024-03-26,5.4305827051361515,5.269950299229286,5.403122630547315,2.9392542547701446,4.220057373071064,3.5501389174761684
2024-03-27,5.403563592067963,5.271752908611748,5.290048188815546,2.9639554583151457,4.234431331834995,3.571102499608833
2024-03-28,5.429266326977477,5.286784569674292,5.3454478444240845,2.9633885570600995,4.226625539754006,3.5674694833437113
2024-04-01,5.395933905835216,5.2631923724626235,5.285738483198681,2.958232606970079,4.235573800462998,3.568142368272384
2024-04-02,5.33793590376918,5.201095079183411,5.245574105633943,2.9394246262188646,4.199019503466677,3.5414024425795843
2024-04-03,5.402516726921502,5.265055656923994,5.305904976284635,2.942653359983546,4.20844354802589,3.5473214856226725
2024-04-04,5.2623667982187055,5.149379737983713,5.105050512141629,2.906735268625487,4.14409407597709,3.4985518720665127
2024-04-05,5.353087239796209,5.228792663937228,5.220896214867463,2.937101411391094,4.192927414327692,3.537439430882646
2024-04-08,5.352726160047947,5.245174703426428,5.170415663705829,2.938744557234367,4.194165333419473,3.5389511282406287
2024-04-09,5.255488443615475,5.150373455912592,5.075062380156832,2.9421440166503645,4.209681467117671,3.547544107737671
2024-04-10,5.256690440473777,5.13497707943043,5.125219035908171,2.9126833928216684,4.172937150274997,3.514300347359193
2024-04-11,5.355229380401232,5.21989686643915,5.255241602346211,2.934665383036467,4.239571265886068,3.555619990671338
2024-04-12,5.195943411184845,5.058662674337699,5.116971675242335,2.894157711539539,4.171985288880819,3.5027392701866304
2024-04-15,5.049042926144173,4.917054764982073,4.968021023854718,2.8578997627905296,4.1033514126301425,3.4519861359540784
2024-04-16,5.112007100234325,4.952498701553244,5.108402220026987,2.8526874944877303,4.10373203971032,3.4489983544489378
2024-04-17,5.046338672608589,4.902475931294997,5.000706168150822,2.835804427744981,4.053661369655408,3.4177511975527026
2024-04-18,5.014077787076119,4.874748618317703,4.957678171507016,2.8299691170756547,4.030529757416308,3.4044833555139187
2024-04-19,4.76993135935044,4.713151163337856,4.4851170292080065,2.805268090631951,3.947141882708992,3.3544077736106535
2024-04-22,4.856873699595339,4.794660449708069,4.579423970723716,2.8311022111805544,3.9868363531167788,3.386720204423599
2024-04-23,4.989174781722155,4.9222785764770025,4.712729698662461,2.864697973217333,4.04633194881211,3.43208478218677
2024-04-24,4.988926800944838,4.913483880043337,4.737053615532374,2.86333854365353,4.06003981018573,3.4370839223070253
2024-04-25,5.05051904718442,4.957567919513937,4.843481012764372,2.8524608048262308,4.040429585825744,3.422254576086182
2024-04-26,5.175267865647388,5.069901010899325,4.992776746290348,2.8794846918951094,4.1027801783161415,3.464871158704931
2024-04-29,5.188958163983055,5.07834300454612,5.020666224245153,2.8896820075353147,4.119439074336078,3.478040718700324
2024-04-30,5.084637533564979,4.979428604509011,4.910290271178124,2.843906103725405,4.041762367993835,3.417701420064849
2024-05-01,5.052912060563952,4.962986883076973,4.836380015914587,2.834671333640081,4.01253866661575,3.399796682565019
2024-05-02,5.33922797772184,5.17571859725355,5.310651143659348,2.861185523173182,4.063751511604932,3.437392883772119
2024-05-03,5.460842453804048,5.285337639467776,5.457074876905453,2.896650589410839,4.145426564451448,3.4932396414237066
2024-05-06,5.58156046797855,5.3876893931791585,5.622581335667594,2.9265640612586394,4.190833377999246,3.530408391521193
2024-05-07,5.522627414259017,5.348954697727478,5.506386981598817,2.929793326327215,4.191499181695822,3.5326366152162296
2024-05-08,5.567981157698727,5.407466261850479,5.506567376837731,2.9300765113027913,4.189024518287198,3.531764506915374
2024-05-09,5.719587462108773,5.538318424323324,5.706553078951265,2.946959400944243,4.198162798842544,3.545791633081227
2024-05-10,5.703014819184055,5.5216061483881145,5.692073385490071,2.950755390166566,4.208062920945714,3.5522561557669814
2024-05-13,5.667839538128826,5.481828723224539,5.67465859383523,2.9511513886689977,4.217772729508796,3.5565928067863615
2024-05-14,5.730535295472642,5.534721549727902,5.761483159234496,2.9646914913098263,4.244902394558433,3.5761901666592917
2024-05-15,5.9120462320139255,5.688820481832831,6.010210482507241,3.0014040590909206,4.311251333553104,3.626281022030805
2024-05-16,5.792047191916464,5.583305897885467,5.856671310300707,2.9952281826254517,4.302493680077936,3.6188670707968367
2024-05-17,5.781458118910298,5.575422792641465,5.8386496475329634,2.9995338693835523,4.30039964374949,3.6205875028176497
2024-05-20,5.810009896708635,5.593995317480527,5.895638409452257,3.002989824113627,4.33038459928793,3.6352957075532224
2024-05-21,5.829312193046897,5.622867343603586,5.8826988641056985,3.0103547586941786,4.3388570761467,3.643309812024857
2024-05-22,5.768337905455825,5.5566065827496445,5.844535997214462,3.001686358560007,4.338000077828831,3.637704498198589
2024-05-23,5.822509335907914,5.595065168075664,5.942729837117392,2.979762280469669,4.318485891320092,3.616237768046619
2024-05-24,5.9619457772030335,5.718883192420494,6.117456293665742,2.999477551170774,4.35932341774335,3.6452993662297044
2024-05-28,6.002841367018763,5.745073617386047,6.201258272533722,3.001573367931853,4.375791119141993,3.6534581097868255
2024-05-29,6.005375405298764,5.717300871429685,6.301663544614138,2.9805546316771276,4.344949752673154,3.627791190003004
2024-05-30,5.945777096993458,5.695164600320129,6.124705094781832,2.9607828656619457,4.298400764191088,3.5963256500907805
2024-05-31,5.77845118030002,5.581542814718382,5.8018339694665135,2.9877491948089583,4.290404071182541,3.609357744398321
2024-06-03,5.7097883326906125,5.5021168295080605,5.773753448296279,2.9901861086700747,4.313440526651596,3.620519561877564
2024-06-04,5.641842558106135,5.450102258411194,5.662673151597129,2.9935287185693995,4.325244077849389,3.6274968800028153
2024-06-05,5.806484318103059,5.602715545775924,5.847974690567454,3.029107306739104,4.412440279214624,3.6856184497054563
2024-06-06,5.731261170022184,5.5359896788264615,5.753872448070153,3.029050280121133,4.4109174772001785,3.684947774359279
2024-06-07,5.678258476979832,5.48604299610326,5.696762619031605,3.0253683441347516,4.407014581159684,3.6810779016336546
2024-06-10,5.761363112092369,5.545726451496037,5.844336721300867,3.034715750645633,4.424815652113888,3.694198982311039
2024-06-11,5.729474719007238,5.530867669100413,5.76192272221514,3.042024367013406,4.455181528426239,3.7113233811413187
2024-06-12,5.804871563462828,5.598614190086079,5.8534880859902545,3.067009109736579,4.513534655493568,3.7508694012370416
2024-06-13,5.769358344020323,5.565604699412635,5.813782187549536,3.0731839235942595,4.537999049900757,3.7648105034088046
2024-06-14,5.66644783127493,5.469333619280881,5.700662303258977,3.0750534048964355,4.561511289220034,3.7757087103663722
2024-06-17,5.656887976927152,5.456943718589024,5.700933809659733,3.0995277416786395,4.617388871797535,3.8138599656936294
2024-06-18,5.740273691550135,5.513559757465445,5.859631368220302,3.107402373794968,4.6188168107356695,3.819294417559521
2024-06-20,5.677635627244207,5.471392582208077,5.738311063728091,3.0989610175248914,4.583214962520997,3.7993872367711674
2024-06-21,5.694368846709953,5.471426884410822,5.8058513092554564,3.094806575275322,4.570935333779247,3.791750747890831
2024-06-24,5.711483078888004,5.4900558894077145,5.816345525186423,3.084746513141103,4.518896915701811,3.764004119981468
2024-06-25,5.828184355891461,5.568320574679925,6.042972609346247,3.0966257598088536,4.570572915710621,3.7927733403203163
2024-06-26,5.713202185039485,5.461644234912282,5.91340277754281,3.1004904643348192,4.580011644956569,3.799056346007928
2024-06-27,5.769939130249082,5.494379160650852,6.041975444472104,3.1053781059583,4.591834286247117,3.8069541384111614
2024-06-28,5.707833681179573,5.431121925971862,5.990526528821379,3.0931584705957045,4.567998690125931,3.789583278736667
2024-07-01,5.688520434379616,5.406746091380874,5.990107043606564,3.099524199652679,4.594790607380658,3.8045959692883438
2024-07-02,5.678059643795798,5.398728409951777,5.9726937425499464,3.1203828363339703,4.643034208711972,3.8373711470618437
2024-07-03,5.744254457950086,5.451219971610292,6.076995783229385,3.134308665601943,4.681743630333559,3.8619302363306383
2024-07-05,5.72456045528532,5.440416882899957,6.029786304054188,3.1523822072701595,4.730559053366342,3.8931985821672077
2024-07-08,5.738995184756301,5.455620491186348,6.0400518617533745,3.1560198679320295,4.741809579261686,3.900074371551932
2024-07-09,5.7646551540271185,5.476148628608084,6.079894409731563,3.1590886792245754,4.745909543798167,3.9036566071678185
2024-07-10,5.8062890958121764,5.516014227793359,6.122754805859465,3.1903491835453157,4.7953928263836705,3.943321526061592
2024-07-11,5.721725487287976,5.45922167805144,5.955182710262534,3.162839684717195,4.690228736022919,3.8830814571330485
2024-07-12,5.796693140726527,5.521113237846527,6.064745703129152,3.182789791739509,4.717783375906675,3.906734393445326
2024-07-15,5.87115480252737,5.589033677077479,6.15254094142477,3.1915428462941473,4.730464190290032,3.9173567959096496
2024-07-16,5.869659842948516,5.607645648029699,6.084809009830941,3.210468953611158,4.732275399551958,3.9297218598592716
2024-07-17,5.614622583698313,5.403610082643268,5.691458783396619,3.1654544082815494,4.593359731505176,3.844493824076918
2024-07-18,5.539173611964997,5.317890247166208,5.656391131729277,3.141128128184512,4.571621989730987,3.820624606405425
2024-07-19,5.463718112593016,5.262418950611538,5.525188782893977,3.120269137300624,4.5311007714600064,3.7910066537785934
2024-07-22,5.46340645217578,5.281653305853055,5.463343746640494,3.152439588090726,4.598603926832069,3.8387882955224333
2024-07-23,5.449066523870388,5.269575381814134,5.443464916385693,3.1474942114440827,4.5823955570011705,3.8290121027891852
2024-07-24,5.240304427211132,5.088441123184313,5.170609356500492,3.076164184237781,4.418023397111365,3.7169506325172508
2024-07-25,5.163370137268833,5.0173381961873496,5.083718338307011,3.0601358083594024,4.3693028371548905,3.6867723573534645
2024-07-26,5.252061359421806,5.09397492989398,5.200058562490084,3.0944088057599095,4.414114627196176,3.7263238286386637
2024-07-29,5.2011772723311624,5.05601786577895,5.114780106141952,3.0962272818882486,4.42298182843439,3.7311615174986557
2024-07-30,5.093242170519296,4.959094146802626,4.98436194124418,3.0805407115151,4.362248019953543,3.696092765249889
2024-07-31,5.284815420112511,5.138591068088383,5.193039088916418,3.1306139783221014,4.491342569511791,3.780822520121702
2024-08-01,5.229335646070492,5.066345041774466,5.1940084642414766,3.0862812729899707,4.3825557669334545,3.708263866994215
2024-08-02,5.02659087513095,4.9028217497524835,4.891439429021794,3.028819340028479,4.278536201056848,3.629735054316203
2024-08-05,4.899984640033521,4.777099225440485,4.77492283295342,2.940609079700197,4.150966509369189,3.5227670426521307
2024-08-06,5.030231331122393,4.908405618101833,4.888872792525908,2.9677204548103098,4.190629554547362,3.555836632659614
2024-08-07,4.963036442814159,4.873086388206694,4.733182462503094,2.9478844010239373,4.145245942804606,3.5246986694552804
2024-08-08,5.171267594572851,5.04331907904802,5.031495504853783,3.0160312094991557,4.272053205556972,3.6193512839242143
2024-08-09,5.162880282525075,5.013695091325537,5.087516657092825,3.0293308085772375,4.294363062726366,3.63678192690464
2024-08-12,5.139694745522858,4.964503743552482,5.145875206450457,3.030922595044077,4.3036114784322255,3.6416535339108385
2024-08-13,5.276817055940443,5.088291419961007,5.310093726378504,3.080767755379195,4.410396170821079,3.716777842238006
2024-08-14,5.297632030106085,5.1196803833422875,5.295606983654679,3.0904874288185695,4.4118261656153575,3.7232435200219465
2024-08-15,5.405649474394535,5.184013186477687,5.527881223036448,3.1434587812668005,4.523283231629632,3.802182572036147
2024-08-16,5.447171038112136,5.207736870485136,5.621830997088911,3.150506350321253,4.52909895496426,3.8088890701681235
2024-08-19,5.486544249045785,5.243398708660906,5.6688812585326405,3.180629864308536,4.588592788497183,3.8521149957348606
2024-08-20,5.451763825055045,5.209923351414702,5.633711341843713,3.175457798000393,4.578963158323676,3.8449409787523954
2024-08-21,5.5051039968562385,5.259672961666184,5.692803644308879,3.186370071580811,4.6003202730176875,3.8605141863467485
2024-08-22,5.474323073569873,5.246242109656138,5.609092600998408,3.1613623056888915,4.52738231508491,3.8147606661161033
2024-08-23,5.578032274896419,5.334584115205159,5.75078581312844,3.1949527546867285,4.576484383202767,3.855713808111001
2024-08-26,5.551976411643331,5.32875334406493,5.662191580010546,3.1873363362629514,4.532054395016598,3.832401750457165
2024-08-27,5.557024439686687,5.329913962586975,5.67908480917264,3.191712509337674,4.545593088799027,3.8407569743326104
2024-08-28,5.516975351838763,5.297269771344295,5.619718022463331,3.1731845257386713,4.494012539253996,3.8078178666629676
2024-08-29,5.50526510333219,5.294830631092,5.579767545187572,3.1734678878155456,4.487433799596604,3.8052007706535007
2024-08-30,5.555355953185358,5.3373488393473885,5.648423580184503,3.2037621274541457,4.540921302561076,3.8460410313690527
2024-09-03,5.368297935995807,5.212210385099535,5.284952106468479,3.1378319188252743,4.40305470853466,3.7480825081348303
2024-09-04,5.372930166144917,5.216866535498061,5.289029960000048,3.131409517352925,4.3916132817117575,3.7393770537755353
2024-09-05,5.328598843457696,5.181432726844631,5.222245529644456,3.1237930989291476,4.395713833635709,3.736575247279916
2024-09-06,5.2650630103908815,5.127825121410849,5.13526421100747,3.071219515996329,4.277964085661645,3.6550853105444423
2024-09-09,5.3824033125828254,5.2106215526569235,5.344304689593023,3.1056055040249895,4.332977033884174,3.6990483288299605
2024-09-10,5.397212493781308,5.232582952561388,5.335547597603128,3.1191325011697626,4.373021587223729,3.724197200516798
2024-09-11,5.425795571671449,5.240780796836028,5.423496151184007,3.151131517903356,4.467983638322033,3.78373664715028
2024-09-12,5.494810217794411,5.311150929656861,5.4809671611409305,3.17767439784674,4.511841511112997,3.8182430349094227
2024-09-13,5.553627634520147,5.36553238047962,5.547283461029349,3.1942705604866544,4.532054395016599,3.8367666716227316
2024-09-16,5.651035720168663,5.450165187383205,5.673971777801552,3.198987830661414,4.512031824653086,3.831124324837596
2024-09-17,5.67404548049321,5.463127048526724,5.725901992982656,3.2002951924435914,4.514416030391421,3.832919379920808
2024-09-18,5.688280817479762,5.488345693988635,5.704068775450103,3.1908036254761005,4.49487041865307,3.8189379628184863
2024-09-19,5.771966343973133,5.527745304369246,5.916895251164605,3.2452530653578253,4.608519321009448,3.899801347201879
2024-09-20,5.804110731051688,5.555113513434707,5.960816523000751,3.2396435588435084,4.599747863928749,3.8927196195662077
2024-09-23,5.8761562932342875,5.627854588302366,6.02261885425336,3.247738859177203,4.61194085301876,3.9027426319698075
2024-09-24,5.864898182528226,5.624733685124114,5.986483436797945,3.2570313642856905,4.634186978647723,3.917738561478681
2024-09-25,5.825966538196675,5.592638876148556,5.930005364803278,3.2498474272317424,4.638483424292723,3.915234047992789
2024-09-26,5.79585594427138,5.557617187266398,5.918815094930137,3.262732609272396,4.673332535465346,3.937703375454945
2024-09-27,5.777575466380402,5.547397213757738,5.876794456087282,3.258000816791196,4.6473629606677935,3.9239071872039926
2024-09-30,5.817439196742015,5.578134061983198,5.941301828770307,3.271056016077974,4.659965946211454,3.937089508450736
2024-10-01,5.813921508458502,5.58779021073995,5.896077032328201,3.2417528353032403,4.595041421830102,3.892028086835939
2024-10-02,5.869006313385902,5.623701121671031,6.005853317315128,3.2431211199319456,4.60153381552949,3.895599012314505
2024-10-03,5.913442387852605,5.64642324969882,6.114943507344126,3.237191414270761,4.598096130364768,3.890582516005405
2024-10-04,5.971474093952559,5.702974436327298,6.171249262610227,3.266609710889224,4.652805105571877,3.931405967842769
2024-10-07,5.942190021142656,5.664473479821412,6.175181069449406,3.2370773610348187,4.602965572486177,3.8925786354469962
2024-10-08,6.075598124099913,5.758779698005528,6.4213104750105785,3.2676921540228823,4.671708996499898,3.94005278875348
2024-10-09,6.139242809010273,5.80681843081044,6.5296788522846185,3.290325699913194,4.708468291723043,3.9691992347867413
2024-10-10,6.118570615071757,5.77435663054166,6.551239736502992,3.2845677825111137,4.703121303589004,3.9634725444321766
2024-10-11,6.1880117909413235,5.825140821664803,6.675796197456747,3.3042362984695344,4.71047304515614,3.978437272713754
2024-10-14,6.206168314963144,5.856747662998442,6.645479885404397,3.3312594771332202,4.750000991216348,4.011398318586822
2024-10-15,6.183317132719659,5.839546170402657,6.606159043841406,3.305376476626356,4.686508517485417,3.9690047220571887
2024-10-16,6.215844933091984,5.8770940879641405,6.617736239282513,3.3197432881264644,4.687081513961827,3.9778729925514282
2024-10-17,6.1739882775983235,5.818671983592624,6.636838186045546,3.320028775418915,4.690327710811521,3.97942153997033
2024-10-18,6.17348278080487,5.830060166863581,6.595696171856166,3.3327988416158383,4.721070983572969,4.000116487790456
2024-10-21,6.166427984301265,5.828324849557086,6.571436661561141,3.327325703101017,4.730141420875597,4.0006746280413985
2024-10-22,6.160012120665628,5.802288867217439,6.632154356489255,3.3255585863491115,4.735297214388343,4.001792606511868
2024-10-23,6.15073760203485,5.788531632888786,6.639387390618474,3.295171545630335,4.662734597048518,3.9528482876865154
2024-10-24,6.150820406864433,5.779172929117214,6.671947940352455,3.3022984560663122,4.700543847373233,3.973149422783159
2024-10-25,6.1664627896491515,5.7806704557528965,6.734632067473783,3.3011575695042983,4.729186916237805,3.984568417719299
2024-10-28,6.228803930911866,5.851139445094029,6.76067809609895,3.3113625005003198,4.729950519948038,3.9910488901804406
2024-10-29,6.243924782961722,5.848920700400031,6.8340170712936885,3.3167222941843915,4.775397863231226,4.0134526931697225
2024-10-30,6.218103539895852,5.820335421369178,6.821170129608876,3.3066880888396866,4.739307896029474,3.9922158766506417
2024-10-31,6.274195865342414,5.851004499986463,6.959471702699035,3.241866888539181,4.619674102747278,3.9026985372734186
2024-11-01,6.155466852165536,5.734662898590393,6.847831919982507,3.255549026421042,4.653855060673449,3.925372138452593
2024-11-04,6.10946378305013,5.6988411013017615,6.771447751835686,3.2485365234236028,4.640297864185731,3.915426959850324
2024-11-05,6.416988597825019,5.935116028126123,7.29259686483257,3.2878175913302616,4.6994927174967245,3.964073438199195
2024-11-06,6.744915559891066,6.231493963062334,7.690792675191618,3.369570738331777,4.827146405592509,4.067196363331104
2024-11-07,7.157317073387658,6.469283504810051,8.691306040087744,3.3956248186925535,4.903146708097055,4.114938172041722
2024-11-08,7.41919999878421,6.655089815568236,9.214472391719527,3.410333789900487,4.90887608547368,4.126254771433621
2024-11-11,7.48633484270096,6.727847314211154,9.24577731078302,3.4135832445170395,4.906011103091633,4.127016463441357
2024-11-12,7.452610182850311,6.698133703913133,9.201676946044865,3.402979127195222,4.897131273022828,4.1168713544840365
2024-11-13,7.400704422042143,6.655893032774181,9.119413025890578,3.4046321907111863,4.890830073944732,4.115222665262965
2024-11-14,7.323163870144344,6.597980661962203,8.975261805189977,3.3827403450570928,4.856840310639856,4.087692422431205
2024-11-15,7.391450755822826,6.631063598855396,9.175022552293926,3.3394118040848846,4.741121748535012,4.012816925441491
2024-11-18,7.414889092156855,6.6512558038155705,9.207582377444771,3.353094650371938,4.774060969350849,4.034977587861084
2024-11-19,7.655557474246419,6.819089262029421,9.70598649142134,3.3653518312097193,4.8069053270903765,4.056232307568722
2024-11-20,7.658041150396602,6.81722577113462,9.726539289875026,3.3664920093665414,4.8041363825595775,4.055751166096334
2024-11-21,7.787585870821727,6.920493667310309,9.942667180999038,3.3845651968321615,4.821418202990822,4.073932756533571
2024-11-22,7.992237998648327,7.068006979996087,10.352014868069414,3.3950545525128453,4.829151746413073,4.083512958568202
2024-11-25,7.852346179911507,6.999270009340287,9.929253234526493,3.406571095722197,4.836789839371546,4.093668279826324
2024-11-26,7.924829689071852,7.043304145973749,10.10847124728748,3.4243584416927706,4.862759414169099,4.115345597493166
2024-11-27,7.879640755011155,7.007075739351322,10.033893110926508,3.4139820766402402,4.824473205219222,4.092909734003781
2024-11-29,7.9642435586647204,7.0729639925445005,10.181774988568367,3.435189957081279,4.86686495888654,4.123604266161206
2024-12-02,7.923740293782521,7.05776700423751,10.04028143723079,3.4413474150117516,4.919855825745625,4.149749062949785
2024-12-03,8.052470174693184,7.179439220096865,10.173475501679524,3.4429441603149367,4.934939935960072,4.157073275245888
2024-12-04,8.166802412026096,7.238324854892953,10.500936022468395,3.4643227664072924,4.995951285020215,4.195676971427243
2024-12-05,8.163757414639804,7.240016343865774,10.477913162036044,3.4586222298257794,4.9821059749787535,4.186411229657959
2024-12-06,8.249196742390529,7.32981213538838,10.526683971622182,3.4651778114742595,5.026694557781664,4.209112416080233
2024-12-09,7.91916811194046,7.066212446521093,9.977807696291137,3.447333438885715,4.9875487072703075,4.181885310148279
2024-12-10,7.756636381897603,6.936148016293642,9.709646388388263,3.4366152683279556,4.970553825617869,4.168259513003953
2024-12-11,7.89288408216012,7.034537245005902,9.978664199428922,3.463182942453067,5.059537740746254,4.2216819714749745
2024-12-12,7.863191281513614,7.008262433146546,9.940320821695181,3.4453385698645227,5.026884871321754,4.197182877742327
2024-12-13,7.922875192011045,7.066506938476085,9.994283467665683,3.444654250448872,5.065362862280392,4.212829594915927
2024-12-16,8.062383345036743,7.176533714278342,10.231373434638401,3.4593628674542094,5.138306987781599,4.252157530620364
2024-12-17,7.941004787223815,7.08445472767533,10.009066215183516,3.445110109190043,5.115679060297519,4.234035209398324
2024-12-18,7.494967295872295,6.703921922197555,9.373147505032396,3.3424338606347463,4.931121917408909,4.0945655877248734
2024-12-19,7.533022569448853,6.731580715536865,9.44749985867428,3.3414077357138665,4.909161262090079,4.084819539292903
2024-12-20,7.695801879806196,6.875615792043175,9.657652933124814,3.3815410150667247,4.952031736544964,4.1271865499478535
2024-12-23,7.693789060079835,6.879880633819575,9.629577689661415,3.4017911316879292,5.000277981119891,4.15964923635874
2024-12-24,7.832675998561905,6.996031888308878,9.837182471627436,3.4396015504156123,5.068080116713883,4.2109679298353075
2024-12-26,7.847790163449768,7.008651844018333,9.859875857871119,3.439830719495284,5.0646362639807325,4.209677496451815
2024-12-27,7.672297009793075,6.86374017910312,9.589516978871664,3.403620942299343,4.99731226178684,4.159541131965636
2024-12-30,7.5818017478043735,6.784389203772616,9.469671153378004,3.364780856624819,4.930848194848164,4.108147163615441
2024-12-31,7.471514215248844,6.700065730600264,9.271771479414443,3.352539614903862,4.888962475485744,4.0832257505565375
2025-01-02,7.553410684233951,6.749879827087256,9.471485834215526,3.3443019251265387,4.879398926402546,4.074215500097798
2025-01-03,7.739395776315492,6.905301775072312,9.750070686785378,3.38611731260824,4.959251315931483,4.133024117747517
2025-01-06,7.727676893038219,6.90276766071977,9.701751283221746,3.4056236037776504,5.016247284250739,4.168678732147547
2025-01-07,7.524546908202329,6.74693928772707,9.338713320300858,3.3671260320135477,4.926736482562294,4.107923794140168
2025-01-08,7.556796268317768,6.771722716171904,9.395900755427625,3.3720451976680805,4.927597005204979,4.111283259972107
2025-01-10,7.4880483612719235,6.709760413979501,9.311905962766339,3.3205625587312264,4.850326770991568,4.047664027961366
2025-01-13,7.4471889125198665,6.6965672106036,9.16358893789244,3.325711247668027,4.834739269715836,4.044298083497022
2025-01-14,7.57857498725553,6.794231442242067,9.409327223312793,3.330287191006946,4.8301488366423975,4.045160450487023
2025-01-15,7.771837408528526,6.960283734827307,9.679224926227906,3.3908653984088595,4.941272560267782,4.128483390085775
2025-01-16,7.8052390948505925,6.981808394488471,9.75582290241103,3.384343820209604,4.906654292370637,4.110051321464414
2025-01-17,7.991720353104943,7.139854011563985,10.025638747401493,3.418322475252758,4.989470639070217,4.165369175694806
2025-01-21,8.135551978403631,7.266481240812694,10.213965492846205,3.449612024186378,5.018733695408752,4.1966478551860416
2025-01-22,8.224492459285951,7.32182011994844,10.427257424090206,3.46900390791725,5.082903426891913,4.2352727704581
2025-01-23,8.247039770883752,7.3499848571945,10.421270915929389,3.4879381618939718,5.093709594166648,4.251333152106395
2025-01-24,8.237968684232149,7.3239568932987575,10.486132899095402,3.4777558998641003,5.064924083840743,4.233115198534374
2025-01-27,7.9177272571078845,7.021933986808578,10.152859157717526,3.4285617639006003,4.9174601659516375,4.14155270135147
2025-01-28,8.162087594807286,7.217010790665203,10.560055236987743,3.4580211480202103,4.990140260785344,4.189951613927083
2025-01-29,8.222287910896103,7.2557743731976245,10.701443691895467,3.4425191171996254,4.980769081098377,4.1766257687412915
2025-01-30,8.382653242307201,7.4039396366774355,10.8807353734083,3.4609953872195987,5.001998439017791,4.196734850726869
2025-01-31,8.340580750376352,7.367949888829531,10.820964187017994,3.442576498020192,4.994730106471312,4.182518551803428
2025-02-03,8.286804567922713,7.305341541187252,10.817739901667332,3.4194091688175696,4.954757214403026,4.15170873624805
2025-02-04,8.577784717986196,7.4941421264602575,11.498415293761445,3.4423473289405204,5.015577662535611,4.191115479737021
2025-02-05,8.588510455029537,7.527031151230648,11.404539263131618,3.456304682239546,5.038338339587778,4.209121770359312
2025-02-06,8.728564378643412,7.644441108311229,11.614761181210772,3.4683174632860236,5.064636263980732,4.227421299832844
2025-02-07,8.69848809897934,7.618310795690452,11.573780951256555,3.436570284598252,5.00075611451999,4.181413301677752
2025-02-10,8.735192518529692,7.629897978297243,11.716319400930468,3.4599083394521917,5.061289917567503,4.220919334534673
2025-02-11,8.572880170145098,7.5316285097366364,11.29819754989014,3.4625397105385627,5.0492408384074965,4.2175001745294525
2025-02-12,8.704573840518773,7.624402426320627,11.57492331051936,3.451385516585013,5.05220479557814,4.211944924515965
2025-02-13,9.120141188543847,7.887243887850957,12.588237382262074,3.4878237544554334,5.124884596718112,4.26447488487375
2025-02-14,9.29229524555754,8.018873017086774,12.908462110404084,3.4876523203989245,5.146402361885007,4.273322669631123
2025-02-18,9.278478306321762,8.030356748710169,12.776228328391849,3.4978909006415746,5.158069051802428,4.284438918834089
2025-02-19,9.111919601086367,7.894828882836202,12.505710944459723,3.5061278820137054,5.159503452002727,4.290079234593041
2025-02-20,8.725201185759476,7.578641002443903,11.885255622693617,3.491541819106616,5.137603884980716,4.272050877135422
2025-02-21,8.28348602510495,7.232738201748364,11.105874579567423,3.4318218445950346,5.030974850271257,4.1911835005960265
2025-02-24,8.069658311451702,7.091264816014671,10.610835612329181,3.416206114741104,4.971587040176563,4.156910709546434
2025-02-25,7.802688901944249,6.911471294736758,10.013766291416221,3.3992164330169308,4.908948627826154,4.120386971393277
2025-02-26,7.8539465501401144,6.956422693621633,10.081512091410831,3.4009325445949994,4.920807687139806,4.126404094803745
2025-02-27,7.6589683667998525,6.783054859189592,9.834151366333499,3.346647100515266,4.784150523912905,4.036173633566574
2025-02-28,7.763766087725553,6.894109425846375,9.889369845909767,3.3988732107013178,4.859699125453475,4.099535379313725
2025-03-03,7.600093087353304,6.735977628961894,9.735937257986773,3.3393257328540336,4.7533564421353525,4.018769745009983
2025-03-04,7.464236561566627,6.597340905986859,9.640934274024298,3.299798139940494,4.739012146438627,3.9889209001513986
2025-03-05,7.5041803496437085,6.636578355006591,9.675285229840188,3.3352640916846408,4.800790329840084,4.036357156273741
2025-03-06,7.224575495396864,6.423141875669539,9.166774925347072,3.2760594819503743,4.668723305992887,3.9450133144828405
2025-03-07,7.18465775124768,6.4132115752381615,9.006695257937679,3.2944213445318096,4.703054928804961,3.9705738406923947
2025-03-10,6.785007632169152,6.107485567306303,8.290769942001068,3.20667225598364,4.520781842091152,3.8407520034348543
2025-03-11,6.848087782321185,6.136293851978647,8.481767039011947,3.1800156770069097,4.509974793735212,3.8201975001376094
2025-03-12,6.880495371456037,6.161301910401745,8.53862136642618,3.1968902428873527,4.560851065704422,3.851880831441738
2025-03-13,6.748030654261464,6.020593768855031,8.466072001874208,3.1542747117410785,4.478799497490014,3.7915590002963624
2025-03-14,6.879507500555107,6.1567494837649885,8.551494242345912,3.2194281540767187,4.587054127021065,3.87653932311475
2025-03-17,6.973160158034987,6.25837716393796,8.5936786481896,3.244254214036842,4.616795023065965,3.904053032381604
2025-03-18,6.899868110228465,6.18540957352597,8.53296593845244,3.2091892196314724,4.538090388652255,3.8496777745703574
2025-03-19,7.014881761115441,6.288284499283496,8.676151203857787,3.2441398065983043,4.598816854789734,3.8963980149857202
2025-03-20,7.027161666212593,6.2945030867764995,8.711163404852897,3.2347587508407942,4.583228766126532,3.8841608323843664
2025-03-21,7.022885952940312,6.284525614003714,8.731386420647475,3.235825254857629,4.5983384276959,3.8912036508761068
2025-03-24,7.1705769196278535,6.430038487549728,8.859365434532272,3.293774570591344,4.699246014759573,3.9687417693443003
2025-03-25,7.160458017673381,6.428930612154803,8.81393647932196,3.301692415424396,4.726062602288014,3.9848359185403055
2025-03-26,7.081695468534691,6.367242957861477,8.67985318459168,3.2622760421260293,4.63909988744187,3.9243881448441567
2025-03-27,7.03919129824447,6.331245304583292,8.618684553450088,3.2536118924230104,4.612665982849748,3.9079961169436372
2025-03-28,6.898340039362112,6.1981816693241765,8.472275611792114,3.188090079387434,4.491225092017912,3.817201881022443
2025-03-31,6.975822304040606,6.279180425295138,8.52076769053249,3.2094906460407473,4.49103331000915,3.829932171243573
2025-04-01,7.0095627493022015,6.299119182380071,8.604449734494604,3.218555753082543,4.527236055605028,3.8507776996486696
2025-04-02,7.025307727773568,6.317984742560701,8.604449734494604,3.238924173370843,4.560278069228012,3.8770148400374316
2025-04-03,6.865437659738234,6.126286065002655,8.604449734494604,3.079307378075503,4.316149851354252,3.6777083010122196
2025-04-04,6.546307332566224,5.746590208128341,8.604449734494604,2.8990356125916246,4.048078839146139,3.455847260302963
2025-04-07,6.507620840494594,5.701309633858181,8.604449734494604,2.89387187004449,4.0578479738436295,3.456939452454118
2025-04-08,6.439107581459555,5.6212772506247,8.604449734494604,2.8485459806329163,3.9847716861618054,3.398739550441323
2025-04-09,6.710667791491264,5.9373697549589926,8.604449734494604,3.147698232139429,4.46306720520307,3.78118293564541
2025-04-10,6.5761080310505555,5.77863124552914,8.604449734494604,3.0097689076002374,4.273243252569996,3.6179279404962035
2025-04-11,6.649042666027029,5.864084497121374,8.604449734494604,3.063472042611995,4.351969326626339,3.6835317727959604
2025-04-14,6.70673811245346,5.931930048215503,8.604449734494604,3.093192119842329,4.3814679253401065,3.713883437713866
2025-04-15,6.7009196045002,5.925068295833544,8.604449734494604,3.0845286785445025,4.386352345841985,3.710752599753362
2025-04-16,6.654859776203886,5.870765773302806,8.604449734494604,3.0159653278162795,4.254088253498801,3.613564845329943
2025-04-17,6.685990300596845,5.907382626401079,8.604449734494604,3.020268535156207,4.253322300238691,3.6158174661120897
2025-04-21,6.580199507581247,5.782754528024937,8.604449734494604,2.9483778052402916,4.148066283738977,3.5280443333239515
2025-04-22,6.6758962351287305,5.894887031789665,8.604449734494604,3.025087815678642,4.256961752999154,3.6202494277111477
2025-04-23,6.69871840516545,5.921756655372454,8.604449734494604,3.071963341448121,4.353501526840294,3.6893485575842515
2025-04-24,6.746461751692736,5.978030997805815,8.604449734494604,3.136624796377789,4.47599677817972,3.780080855675443
2025-04-25,6.733520730331506,5.962741634840349,8.604449734494604,3.159288095286172,4.525895050012362,3.8148072231329597
2025-04-28,6.765089459614517,6.000015087861123,8.604449734494604,3.1604927383154826,4.524458593955919,3.814929136699679
2025-04-29,6.7865647599624,6.02541058866425,8.604449734494604,3.1804021120392467,4.554339875606008,3.8395427558307325
2025-04-30,6.785594913337098,6.0242624920287815,8.604449734494604,3.1816637816865283,4.55376511696719,3.8400620560821093
2025-05-01,6.760042746299931,5.994015483291787,8.604449734494604,3.204211964751181,4.6132407414885614,3.878746214907297
2025-05-02,6.774274542147895,6.010840939948242,8.604449734494604,3.2517757061648673,4.681718960059843,3.936322271706036
2025-05-05,6.780298125793239,6.017967273148029,8.604449734494604,3.2331294188987694,4.653944637262528,3.913360342873927
2025-05-06,6.770596491758021,6.00648614256708,8.604449734494604,3.2061058860324874,4.6106550618482185,3.8788053393552233
2025-05-07,6.770426447855798,6.006285004928553,8.604449734494604,3.219588962055345,4.628756287799289,3.8945753832263557
2025-05-08,6.765144339631799,6.000037077974555,8.604449734494604,3.2420223834788637,4.676547600779157,3.9282491707411156
2025-05-09,6.750555569179376,5.982785282744543,8.604449734494604,3.237891318600637,4.673482906657511,3.924459279872632
2025-05-12,6.741174307520287,5.971699563233528,8.604449734494604,3.3448955686775874,4.863881324235669,4.0692476256513554
2025-05-13,6.7519479360081,5.984424719534232,8.604449734494604,3.3669847051777047,4.938010797650144,4.113693251969893
2025-05-14,6.755805487659497,5.988983448892197,8.604449734494604,3.3712879125176327,4.967604553133958,4.128648813461225
2025-05-15,6.786931530144386,6.025774196960561,8.604449734494604,3.3877544370073776,4.973063732274654,4.14100028250807
2025-05-16,6.7983782228926035,6.039324785174864,8.604449734494604,3.4092127386838538,4.994708960522411,4.163126831096421
2025-05-19,6.8139928615450325,6.057819759737594,8.604449734494604,3.4129417836155156,4.999497343173042,4.167399250654461
2025-05-20,6.817600975974512,6.062096705199758,8.604449734494604,3.401466682109907,4.982833160665881,4.153448041053218
2025-05-21,6.798923040952841,6.039952562168835,8.604449734494604,3.344149618010217,4.913587814059549,4.08959402506776
2025-05-22,6.799584070396371,6.040735546269319,8.604449734494604,3.3454693768832575,4.922781896424489,4.0942271295370825
2025-05-23,6.8112216986483105,6.054520670756924,8.604449734494604,3.3226335813105776,4.877193873842378,4.061296218866852
2025-05-27,6.819778288841562,6.064661984506168,8.604449734494604,3.3917133594239033,4.991931205179572,4.151286310432408
2025-05-28,6.808781874990025,6.051623528762345,8.604449734494604,3.3720912440055706,4.969806668756776,4.130078695891907
2025-05-29,6.797871686213605,6.0386942742956204,8.604449734494604,3.3854021775667267,4.979576097148003,4.142289559779542
2025-05-30,6.825631914800789,6.071574277755632,8.604449734494604,3.381615751814498,4.971722726681992,4.136706637897173
2025-06-02,6.829042147392336,6.077642788073329,8.59584528476011,3.4006637048245643,5.010990753786986,4.164693671737057
2025-06-03,6.936657264204455,6.155930517501407,8.805497973164625,3.4200566511632253,5.0501612745720585,4.192846201179398
2025-06-04,6.920650269301329,6.151321801410344,8.743996930352637,3.419138558034154,5.064240364826346,4.198127941689909
2025-06-05,6.857181589303988,6.115041872351843,8.577949061640322,3.4026142985212458,5.026121854998987,4.172183790732746
2025-06-06,6.915713379212791,6.146600133374612,8.738022790712826,3.4375556762205792,5.075253879877783,4.213998073506275
2025-06-09,6.8903625738433485,6.119156200181522,8.726942643868659,3.4406538863286,5.082724861101209,4.218998664414549
2025-06-10,6.8139876552640475,6.0622871815508335,8.583328338854113,3.460161594308395,5.11634222075048,4.244911354231445
2025-06-11,6.917929255903434,6.14247689148936,8.766442554046888,3.4502928015760657,5.099102398523297,4.231706116196085
2025-06-12,6.885678987039587,6.1304418146741515,8.65450039119446,3.4640057550837873,5.1110733551498715,4.24508273263674
2025-06-13,6.815817980608986,6.080692533979314,8.51396860905484,3.425277597429629,5.0469053858291195,4.194704508466145
2025-06-16,6.9011338065529655,6.143644755917084,8.675826781769318,3.457866361485716,5.11710699923565,4.2438329504618615
2025-06-17,6.858805571343193,6.111049410020136,8.601063196703551,3.428318780919679,5.067210195871683,4.205010341954963
2025-06-18,6.93527230014479,6.156139844555054,8.794236631997789,3.4278019993319804,5.066347323679119,4.204335386229807
2025-06-20,6.952485550505955,6.172198975189513,8.812722430930299,3.41975168272799,5.045660711781439,4.190814921911239
2025-06-23,6.991681416368253,6.210498779898215,8.847401111288654,3.4535302133043517,5.097542297404543,4.233058120783505
2025-06-24,7.123263154912092,6.308596538555666,9.094178207570272,3.4916824375372637,5.1754939010824685,4.288806033668253
2025-06-25,7.081371309361337,6.273403251257601,9.032446090825173,3.4936386984754826,5.188724803830929,4.2954895274199725
2025-06-26,7.154776908910844,6.333637759818735,9.146791030130819,3.520972158613345,5.237241246641783,4.332375195559778
2025-06-27,7.162145910107874,6.358058403186614,9.078671662840607,3.5384658706317578,5.255171249145522,4.3505538223823
2025-06-30,7.369598762903233,6.505609474749402,9.498468605417768,3.5553840034315205,5.289209178222889,4.375043613597509
2025-07-01,7.231530556341423,6.397691587530961,9.259353909307409,3.554233199196816,5.244624119744796,4.355895979583843
2025-07-02,7.343266456457587,6.499968046453302,9.387553858868475,3.570345521090468,5.28115492124234,4.380939456069931
2025-07-03,7.411152538216488,6.555427578319645,9.494401596015361,3.5984847921344416,5.333122265435978,4.419757938968289
2025-07-07,7.457934974438706,6.574891674510236,9.649561739923529,3.57166882198947,5.292949074240623,4.386643369903631
2025-07-08,7.352665504964909,6.495582712561241,9.453934342145127,3.5697125610512512,5.295921254835838,4.38667368077696
2025-07-09,7.427268272846021,6.571907481589571,9.504367820628842,3.5911187949461016,5.33341067268346,4.4153527654047915
2025-07-10,7.469608266799155,6.616905483349479,9.525860896920813,3.6012468639787714,5.325739979720435,4.418403942266538
2025-07-11,7.466665343238301,6.611031634213342,9.53621707672187,3.588586954789233,5.313754925794594,4.405666069207684
2025-07-14,7.566861777428015,6.6829628601483275,9.736813479655583,3.5954347535794895,5.333027696053404,4.417859134982229
2025-07-15,7.51193875662787,6.627366115417939,9.69712701511887,3.580070507568785,5.337916521961303,4.410444735317245
2025-07-16,7.529760440151689,6.647088576606903,9.702577328215968,3.5920393674933466,5.343381574976693,4.42007496067797
2025-07-17,7.598723355915322,6.713368320745885,9.767789510573996,3.614021534809444,5.386624453087185,4.451485079549249
2025-07-18,7.694984290629008,6.802375231679122,9.874235773649824,3.611374224606249,5.381447219931806,4.447715476385145
2025-07-21,7.623477004589718,6.7337967773235885,9.805844656044528,3.618222377599101,5.409348712116248,4.463462679068189
2025-07-22,7.561738300029348,6.687281870689268,9.691401129360877,3.6187402217945883,5.381351475774292,4.452231286191894
2025-07-23,7.82650205038731,6.8781234113345215,10.219005718921606,3.649526803041757,5.405897223345995,4.481323950601396
2025-07-24,7.734093922329726,6.8029141454586,10.071600337673884,3.6507346338944324,5.417402381709329,4.486834222657364
2025-07-25,7.79742576719019,6.851702665035277,10.184800117451191,3.6661566149283003,5.43044238353023,4.501711236981956
2025-07-28,7.809881682314524,6.856590476972054,10.22808187164004,3.665236396583652,5.447413769683892,4.508180707673312
2025-07-29,7.796074038954121,6.844945115941543,10.207864762685713,3.6555687909259027,5.438976536073287,4.498743958746949
2025-07-30,7.862046615244006,6.899634608016542,10.308716806547226,3.650965219784488,5.4462630776313175,4.498924715625519
2025-07-31,8.00253132853135,6.95143436895211,10.813349668175984,3.637269622203975,5.417402381709328,4.478566180225125
2025-08-01,7.813719290698826,6.779838872981769,10.593606807546541,3.5776534290530484,5.310687001041865,4.397752703951707
2025-08-04,7.988148609709325,6.92538863935714,10.857279490750617,3.632032736820747,5.408677328238712,4.471747638939468
2025-08-05,7.971095053620957,6.902868453681375,10.870482605657116,3.6136188064576857,5.371955038426139,4.445231555121652
2025-08-06,7.832748411726486,6.793841873324042,10.630886345828289,3.6412976141267386,5.439551588405838,4.490223549019118
2025-08-07,7.889566082423833,6.839168438779692,10.726567567933072,3.638247575571786,5.457960311697146,4.495940976185762
2025-08-08,7.93148380917137,6.892698691122324,10.702660181177803,3.666617432505815,5.508873882770663,4.534439686063063
2025-08-11,7.913285711403292,6.881870653991747,10.654874709243956,3.6593665511612055,5.492573880494536,4.523247776368165
2025-08-12,8.042721209407587,7.0022770443408575,10.792731902308107,3.6983242320976326,5.56160776761188,4.575750478540389
2025-08-13,7.981351105261065,6.97351322524101,10.59631802549133,3.7109837870845745,5.564389047279537,4.584726127071206
2025-08-14,7.9123131598068825,6.914740111442329,10.497608234761614,3.711329488818361,5.56007527370419,4.583162528641417
2025-08-15,7.906626093029772,6.8972466780173605,10.547100058443181,3.7026401907310196,5.535624682902531,4.567719978205919
2025-08-18,7.958751995366089,6.9428283476928385,10.616127823610597,3.701834379824909,5.533419042954897,4.5663129467179635
2025-08-19,7.6817030792628005,6.756892024966774,9.990846353873334,3.68175144682906,5.458343875714671,4.522949592323839
2025-08-20,7.639008341244811,6.727115644536813,9.900814197271368,3.6719690795301774,5.425936534252385,4.503514028295252
2025-08-21,7.631322067730708,6.711859699915982,9.928325947509862,3.657237439356094,5.400815734348129,4.484055061800303
2025-08-22,7.7740172331411115,6.833629116367726,10.130538038687558,3.7134005113977144,5.484136059496461,4.553073754362032
2025-08-25,7.770185064752339,6.8374788800678035,10.093441529822265,3.6970583120191987,5.468315952782843,4.536487873556645
2025-08-26,7.8692029579767295,6.908743135245386,10.292337551550684,3.712537319671037,5.490272496389387,4.555092177835308
2025-08-27,7.824235701988945,6.9014701086873425,10.089587215860405,3.720996740273514,5.4987109047749305,4.563782344717518
2025-08-28,7.930564802696383,6.998053939953338,10.21444402452801,3.7341741394559436,5.5331323978698235,4.586147806393818
2025-08-29,7.787589611612283,6.85447080413167,10.106571777809094,3.7119047138344152,5.469083080817891,4.545928941749113
2025-09-02,7.707128221153083,6.8059042166771695,9.903714260866098,3.6843984028296592,5.423252173517179,4.510038164671739
2025-09-03,7.7326293134295705,6.837703695054176,9.895970123446407,3.7043662199817784,5.4659188245201795,4.540000411269826
2025-09-04,7.937117658131958,7.00689440390397,10.208169092671014,3.735324943690648,5.515393883681111,4.57951865053344
2025-09-05,7.913374514898267,6.995127732928001,10.137449675437292,3.724506888000791,5.523351809116678,4.576190963111893
2025-09-08,8.164890726254207,7.187964393269526,10.58788593925784,3.733656295260457,5.550294684951043,4.5929730811073695
2025-09-09,8.251050903244222,7.2573009124103836,10.728402979655609,3.7422882125272308,5.566019634894617,4.604788721561291
2025-09-10,8.474088656491414,7.408861018405582,11.21626968334977,3.753106622419684,5.567841123437257,4.612198070270163
2025-09-11,8.497493299332216,7.440784609211019,11.195195540529625,3.7842959320186096,5.600248464899543,4.644784898125497
2025-09-12,8.408639710561973,7.346765977929918,11.151321038877613,3.783029303534983,5.624985700786274,4.654265974858407
2025-09-15,8.536553743438642,7.45910420909011,11.318326965460846,3.803169971553995,5.6731185795796035,4.68656874589637
2025-09-16,8.518237242120268,7.434820692993625,11.33172832680303,3.7979337945759597,5.668324910441749,4.68136250152211
2025-09-17,8.475652748747375,7.4190905817226405,11.177054180800166,3.7932147533882192,5.657010653005974,4.673782022453608
2025-09-18,8.629845903079984,7.5188981076034445,11.539319626923092,3.810939051296688,5.7080199682370045,4.705773221929389
2025-09-19,8.723137227064523,7.594216548698859,11.691518554880508,3.8298137992372654,5.746659490749731,4.733354042138834
2025-09-22,8.801456096155702,7.673677418463044,11.744401001810015,3.847933033040378,5.780679798203017,4.758561791124397
2025-09-23,8.779732564798095,7.655631602440118,11.711308286950866,3.8269865541152552,5.742282866715157,4.7298061521968595
2025-09-24,8.664771627595284,7.574577781679172,11.469901113551657,3.8148104856719796,5.722124316152477,4.713979795429362
2025-09-25,8.607209484256874,7.5275574106296865,11.378715556437534,3.797210867077335,5.697454629824728,4.692944182493377
2025-09-26,8.641817198203025,7.558155492021945,11.422963991984412,3.8189656363267406,5.720876117779981,4.7160334985522825
2025-09-29,8.83047096548025,7.71082415657286,11.728228462109682,3.8296983291909394,5.747370229587717,4.733580668005003
2025-09-30,8.986880603364641,7.8323660537343285,12.004574281815042,3.8441242925245955,5.763113388542842,4.7489791484481705
2025-10-01,9.141608630349756,7.994463275670791,12.085976680151687,3.857223058730693,5.790758779790622,4.768460485583575
2025-10-02,9.16306427708073,7.998652541914095,12.180441454630424,3.861665821893481,5.814565006538339,4.781008392796652
2025-10-03,9.043204217381776,7.920456888100327,11.900354348933753,3.8616087952755103,5.790087395913087,4.770909770908849
2025-10-06,8.92163323694235,7.800809241451792,11.799737503269206,3.8754574083775353,5.833571690273506,4.797379628428391
2025-10-07,8.82776480518329,7.735996711542359,11.597248683916119,3.861089180067043,5.802854262560712,4.775855892464675
2025-10-08,8.952674075909657,7.821408346652309,11.869505133664918,3.8841130572182476,5.869377655633797,4.817470220585392
2025-10-09,8.899624834035073,7.771622634165758,11.814832559926641,3.872860749145581,5.862273791578753,4.807576738548385
2025-10-10,8.530398967760842,7.477202706751791,11.196925186343258,3.7681857353405346,5.658769291089387,4.659161824163779
2025-10-13,8.763609956842867,7.671872387433642,11.546828774613328,3.8260050587214836,5.778855960110499,4.744343917063115
2025-10-14,8.671832115156507,7.617202238164379,11.309977033323309,3.821331001263447,5.740362697077656,4.725644779802528
2025-10-15,8.769552652237271,7.713897295093312,11.389056602095089,3.8382958888058942,5.780871286518045,4.75280854876397
2025-10-16,8.800826395393067,7.7267698023520115,11.494501789328705,3.812156091416863,5.759465124970338,4.727824956436191
2025-10-17,8.789052273961714,7.722141574200559,11.453645590019322,3.833795390619943,5.797286416738175,4.756766809885784
2025-10-20,8.787435768105725,7.718378359826921,11.461964290461173,3.8736686852672686,5.870336271983875,4.811472418948069
2025-10-21,8.794187325043497,7.739421029592334,11.403443582211416,3.873610950244106,5.868801428526307,4.810807564917501
2025-10-22,8.645837158230592,7.638905901684621,11.078283534637029,3.85347240744067,5.812261272883313,4.775128384207164
2025-10-23,8.9543664694061,7.876809579733157,11.624555401334428,3.876323079522386,5.861121924751242,4.809357388127697
2025-10-24,9.348549931655086,8.154465951193375,12.442179159201308,3.9080026055143042,5.923708647004343,4.854687636852686
2025-10-27,9.496887372633536,8.257729014186614,12.75920072259904,3.954108094839878,6.02920519867278,4.926553807974764
2025-10-28,9.467297061870452,8.22263857605635,12.76283778945046,3.964610201814021,6.075569453795716,4.952038732262869
2025-10-29,9.868135957225984,8.500379308994713,13.63102428989504,3.9665147491732107,6.102927612570955,4.964377641909106
2025-10-30,9.670323893357025,8.369831197714742,13.166091974173582,3.9228904490332654,6.009622287830122,4.8991289370018585
2025-10-31,9.82347161533919,8.51498958812859,13.315110522403064,3.935757920944114,6.038612208995381,4.918980249275437
2025-11-03,9.908304905735724,8.572194697947303,13.506696364716069,3.943144461883027,6.067505798615657,4.935364348189109
2025-11-04,9.560864864700623,8.311666410208401,12.843714766460932,3.8964042415052558,5.9443476805170015,4.856024612812452
2025-11-05,10.091920593941445,8.718571460401417,13.810991255930261,3.909906798670898,5.983033019252341,4.880239930106127
2025-11-06,9.96818907270953,8.625235054693796,13.577234662234327,3.86795610579749,5.871585057743842,4.808606137426873
2025-11-07,10.034170037098004,8.661957346298738,13.76329691502129,3.8717641379080803,5.853058269571183,4.803386822550098
2025-11-10,10.389872960330202,8.93772138610753,14.400371973201528,3.932180474723579,5.9825525363023635,4.893999230776549
2025-11-11,10.167730928762627,8.800964076215607,13.829842105687224,3.9411821795006743,5.96661788903221,4.893083368161718
2025-11-12,10.177247521098133,8.837313674513553,13.7102594725423,3.943375401975679,5.961914090177175,4.892516102870801
2025-11-13,9.717441245461627,8.487254796024196,12.861801001605407,3.8779389517657608,5.840195658766044,4.801980046240587
2025-11-14,9.727079408993351,8.509426480533808,12.812029886609187,3.877303866510967,5.844611050373599,4.803402071278147
2025-11-17,9.659713726346805,8.452587062304714,12.71384389137364,3.8411812231536646,5.794694863223141,4.760514938047951
2025-11-18,9.584707747300074,8.367123849236668,12.704605829168276,3.8089247011327116,5.724140229947494,4.711545230869938
2025-11-19,9.703624746874466,8.427485915280476,13.060146992995433,3.823639339582183,5.758313845530296,4.734710219609402
2025-11-20,9.125963662379386,7.955850023952121,12.14293614600303,3.7653584902185253,5.6220041219915515,4.642586826530227
2025-11-21,9.283611947329357,8.08443612951994,12.3932193155715,3.8028660657265494,5.664240805366944,4.68314903330539
2025-11-24,9.786345283729629,8.480858503799396,13.25461416785787,3.858838576771472,5.8090934922607875,4.777495036347607
2025-11-25,9.831463873675697,8.532451523301015,13.257146413570345,3.8951347794008595,5.84489887023361,4.814687044029529
2025-11-26,10.134049826452287,8.796729055787116,13.657373619674956,3.922024777888415,5.896543151319072,4.852576874638324
2025-11-28,10.33326248768301,8.95263297053054,14.00512029544085,3.943432782796246,5.944347680517002,4.885490979123251
2025-12-01,10.254083886186216,8.871180341144903,13.958126622513305,3.9254290190394596,5.92438061826935,4.866133429905263
2025-12-02,10.27976159772397,8.886432768333655,14.025943709506087,3.932700089932047,5.970745460779755,4.889681641453855
2025-12-03,10.213454655554152,8.865527208153544,13.763050000491605,3.9463181171440156,5.985336752907368,4.904122253105422
2025-12-04,10.291877319474235,8.943898227502874,13.820766091321795,3.949203097289189,5.97976890708483,4.903633823228246
2025-12-05,10.676815930342675,9.217237691779028,14.621320583172375,3.9567047540718323,6.004150773552568,4.918288160315698
2025-12-08,10.966472344945888,9.414098578539418,15.271153281671117,3.944817714946968,5.992632105277438,4.906182461950302
2025-12-09,11.147866600890097,9.543157785195831,15.653478628846518,3.9414131195933266,6.000023201805024,4.90709086320307
2025-12-10,11.622409138383736,9.887917598189476,16.62231770720932,3.9675532711849537,6.024597143975259,4.9334120538556725
2025-12-11,11.803359173494567,10.02460297493108,16.96815888482141,3.976785561852105,6.005111152065053,4.9311736225675045
2025-12-12,11.35427401031526,9.635415239459201,16.36207043733217,3.9340272870596054,5.890303921618999,4.857525998914519
2025-12-15,11.2720977172934,9.600805490014556,16.064704324504685,3.928083413294577,5.860737773346249,4.841665330464731
2025-12-16,11.122672747748409,9.47311740524173,15.853846309701646,3.9173507204303784,5.8723527731663605,4.839848579728635
2025-12-17,10.90295194922663,9.3224008134911,15.357819253444962,3.8742456812963044,5.763496952560368,4.768362508497617
2025-12-18,11.228147068672513,9.578952638473206,15.922150857941348,3.903501398923161,5.847011115573607,4.8209134922452
2025-12-19,11.625082421244661,9.892276465349823,16.61123629623942,3.938880571031265,5.923228751441835,4.874181600242212
2025-12-22,11.820408865954027,10.029994797297253,17.033879492736375,3.963419372685958,5.951621886938174,4.901046665125399
2025-12-23,11.850764955806143,10.05319421316345,17.09066059753308,3.9815340018553207,5.979495184524085,4.923723234727203
2025-12-24,11.950465469301005,10.132780461702186,17.259900328754274,3.995539526707415,5.996988758138053,4.939585536051086
2025-12-26,11.930874570632907,10.122165423268553,17.20096491413237,3.995134318937485,5.99660401934559,4.939176611567952
2025-12-29,11.900037226000839,10.060080419303432,17.339639744558806,3.9808971455875466,5.967577092769758,4.918421724583183
2025-12-30,11.850783602826422,10.016324918535839,17.278820400346305,3.976036069158773,5.953735894440581,4.90971488671042
