date,dual_sleeve_v5_universe_optimal
2006-01-03,1.0
2006-01-04,1.0
2006-01-05,1.0
2006-01-06,1.0
2006-01-09,1.0
2006-01-10,1.0
2006-01-11,1.0
2006-01-12,1.0
2006-01-13,1.0
2006-01-17,1.0
2006-01-18,1.0
2006-01-19,1.0
2006-01-20,1.0
2006-01-23,1.0
2006-01-24,1.0
2006-01-25,1.0
2006-01-26,1.0
2006-01-27,1.0
2006-01-30,1.0
2006-01-31,1.0
2006-02-01,0.999
2006-02-02,0.988013606191739
2006-02-03,0.9756786269632662
2006-02-06,0.9750586671523845
2006-02-07,0.9603067925098661
2006-02-08,0.9736386145740097
2006-02-09,0.9858841766466309
2006-02-10,0.9758022351602086
2006-02-13,0.9627980761555993
2006-02-14,0.9710864258880726
2006-02-15,0.9800716970569513
2006-02-16,0.9910996372701353
2006-02-17,0.9864999727995853
2006-02-21,0.975658355052191
2006-02-22,0.9804751909922529
2006-02-23,0.9756626257515373
2006-02-24,0.9879016590756113
2006-02-27,0.9933066802231226
2006-02-28,0.980517614261985
2006-03-01,1.004126808586344
2006-03-02,1.0087048242756589
2006-03-03,0.9976129339827733
2006-03-06,0.9953104267779899
2006-03-07,0.9643848564395702
2006-03-08,0.9594048201112612
2006-03-09,0.9452960768309342
2006-03-10,0.9400892522535022
2006-03-13,0.9382595368029167
2006-03-14,0.950458289386135
2006-03-15,0.9641238065765441
2006-03-16,0.9598703367439047
2006-03-17,0.9641341746168441
2006-03-20,0.9653009399599697
2006-03-21,0.9517228991175579
2006-03-22,0.9498650224449883
2006-03-23,0.9474356094987334
2006-03-24,0.9576717989463185
2006-03-27,0.9530886828023437
2006-03-28,0.9500505632808199
2006-03-29,0.9730497520949106
2006-03-30,0.9768649362516972
2006-03-31,0.9865180380019115
2006-04-03,0.9847054467726327
2006-04-04,0.9890299269325745
2006-04-05,0.9991795802456599
2006-04-06,1.0012295286735682
2006-04-07,0.9880639960806141
2006-04-10,0.9746374648929773
2006-04-11,0.9619494021897509
2006-04-12,0.9744494440922269
2006-04-13,0.9746967257466911
2006-04-17,0.9753147113796288
2006-04-18,0.9969056799429183
2006-04-19,1.0007567763158007
2006-04-20,0.9941941777155595
2006-04-21,0.9969344145523649
2006-04-24,0.9952519587723464
2006-04-25,0.9902812121991081
2006-04-26,0.9917418406087677
2006-04-27,0.9833189106475536
2006-04-28,0.9885555321464855
2006-05-01,0.9839988439502194
2006-05-02,0.9893397777627705
2006-05-03,0.9927706525201272
2006-05-04,0.9954085190885086
2006-05-05,1.0074878678338985
2006-05-08,1.009738802187153
2006-05-09,1.0081315739825782
2006-05-10,1.00749673377872
2006-05-11,0.985348918491399
2006-05-12,0.9629098385712559
2006-05-15,0.9504048071769579
2006-05-16,0.957082389138494
2006-05-17,0.9261379601271651
2006-05-18,0.9117770534044813
2006-05-19,0.9180084836503282
2006-05-22,0.8971288969120061
2006-05-23,0.8964999793701385
2006-05-24,0.881481085199632
2006-05-25,0.9074987114124351
2006-05-26,0.9227775131200574
2006-05-30,0.9016366276478762
2006-05-31,0.9152037453021404
2006-06-01,0.9277870039742107
2006-06-02,0.9308529984792266
2006-06-05,0.9099728669606137
2006-06-06,0.9026173317453805
2006-06-07,0.8945436250149656
2006-06-08,0.8853655184541888
2006-06-09,0.8838913210519274
2006-06-12,0.8651478414272112
2006-06-13,0.8466265426083909
2006-06-14,0.8561864410085155
2006-06-15,0.8865015449893195
2006-06-16,0.8814666699587775
2006-06-19,0.8681480291380493
2006-06-20,0.8686474415094068
2006-06-21,0.8788620425049457
2006-06-22,0.8789485865042934
2006-06-23,0.8807811480596206
2006-06-26,0.8852148463708884
2006-06-27,0.8769214725028854
2006-06-28,0.887612550130435
2006-06-29,0.9224877984624422
2006-06-30,0.9314703287700503
2006-07-03,0.9417016702398647
2006-07-05,0.9242602169462666
2006-07-06,0.9279361247324713
2006-07-07,0.917595273338153
2006-07-10,0.9151643650326915
2006-07-11,0.9208100557610909
2006-07-12,0.906478753491298
2006-07-13,0.8818087767085125
2006-07-14,0.8753275489448095
2006-07-17,0.8709991590801304
2006-07-18,0.8753032050812585
2006-07-19,0.8978910822610319
2006-07-20,0.8734138039770812
2006-07-21,0.8519630564006572
2006-07-24,0.877181284902994
2006-07-25,0.8858414809818158
2006-07-26,0.8743813926901967
2006-07-27,0.8755902806640671
2006-07-28,0.8941021911854072
2006-07-31,0.9028270006660492
2006-08-01,0.8838620939417463
2006-08-02,0.8847628865999637
2006-08-03,0.8918832119759172
2006-08-04,0.8875011962807197
2006-08-07,0.8845020124746326
2006-08-08,0.878969021401206
2006-08-09,0.8784103409674522
2006-08-10,0.879487342467473
2006-08-11,0.8736087418509952
2006-08-14,0.8749353261716312
2006-08-15,0.8876327197550967
2006-08-16,0.8893970308695329
2006-08-17,0.887143669841209
2006-08-18,0.892425355061606
2006-08-21,0.8913800681834193
2006-08-22,0.8945583412066337
2006-08-23,0.8908569119291037
2006-08-24,0.8945466761373582
2006-08-25,0.8967339498631307
2006-08-28,0.9031034782105275
2006-08-29,0.9035584841667026
2006-08-30,0.901947931594395
2006-08-31,0.9043538796742533
2006-09-01,0.9108696261395879
2006-09-05,0.9136107196335297
2006-09-06,0.9033684137232497
2006-09-07,0.8950356067763221
2006-09-08,0.9015280832984595
2006-09-11,0.9006551044398431
2006-09-12,0.9096690604213657
2006-09-13,0.911699858231925
2006-09-14,0.9128020687990159
2006-09-15,0.913846616846805
2006-09-18,0.9134463242655558
2006-09-19,0.9118295237861085
2006-09-20,0.9176877431946578
2006-09-21,0.9124789801880144
2006-09-22,0.9121998981775121
2006-09-25,0.9202136412435343
2006-09-26,0.9242321123316304
2006-09-27,0.9264418154499471
2006-09-28,0.9246102089533904
2006-09-29,0.9217701992183233
2006-10-02,0.918854415501799
2006-10-03,0.9252039009005055
2006-10-04,0.9357675454465288
2006-10-05,0.9465068927688275
2006-10-06,0.9447227345123916
2006-10-09,0.9450665260686744
2006-10-10,0.9544753574553398
2006-10-11,0.9552477701773456
2006-10-12,0.9656177656636408
2006-10-13,0.9668863596594974
2006-10-16,0.9675741983719651
2006-10-17,0.9636751966153322
2006-10-18,0.96004712156606
2006-10-19,0.9553959250623004
2006-10-20,0.9547642789234538
2006-10-23,0.9593358234408698
2006-10-24,0.9606523770681147
2006-10-25,0.9593759627330365
2006-10-26,0.9611449421843892
2006-10-27,0.9498647576679624
2006-10-30,0.9509419758442059
2006-10-31,0.9490817558451204
2006-11-01,0.9370417356330043
2006-11-02,0.9381452998648603
2006-11-03,0.9410254579700085
2006-11-06,0.9619675740726491
2006-11-07,0.9728312953221848
2006-11-08,0.9692167395409237
2006-11-09,0.9626749143581201
2006-11-10,0.9752027495322156
2006-11-13,0.9863134602632189
2006-11-14,0.9910480564013759
2006-11-15,0.9908128401199047
2006-11-16,0.9883837700789894
2006-11-17,0.9903822556355605
2006-11-20,0.9944843173421751
2006-11-21,0.9964306125122634
2006-11-22,0.998472985357892
2006-11-24,0.9954870697974009
2006-11-27,0.9731568881894764
2006-11-28,0.9747374251029729
2006-11-29,0.9846323786224868
2006-11-30,0.9838673507266571
2006-12-01,0.9770215815951142
2006-12-04,0.9972242800152735
2006-12-05,1.0131289275646627
2006-12-06,1.0093201404398504
2006-12-07,1.0033486600486665
2006-12-08,1.0111387280299453
2006-12-11,1.012129563873508
2006-12-12,0.9970504865331057
2006-12-13,0.9986818729924158
2006-12-14,1.003255779790596
2006-12-15,1.006357086773787
2006-12-18,1.0008370810626448
2006-12-19,0.9944687484247328
2006-12-20,1.0023250373605106
2006-12-21,0.9958677850167699
2006-12-22,0.9855034841507438
2006-12-26,0.9901803141358883
2006-12-27,0.9964073440612307
2006-12-28,0.9967859477567069
2006-12-29,0.9899290934185759
2007-01-03,0.9938633936304674
2007-01-04,1.0005604596677817
2007-01-05,0.9911931830749688
2007-01-08,0.9979164704684972
2007-01-09,1.00579881846769
2007-01-10,1.0229064288488998
2007-01-11,1.033413542185252
2007-01-12,1.0388552715681152
2007-01-16,1.0387875588867823
2007-01-17,1.0395956606600387
2007-01-18,1.0242915504178132
2007-01-19,1.0275350824013278
2007-01-22,1.0190429748676038
2007-01-23,1.0276043317331252
2007-01-24,1.0478053688694173
2007-01-25,1.0305598353130636
2007-01-26,1.0299026666582374
2007-01-29,1.0253506817825613
2007-01-30,1.0476528021880567
2007-01-31,1.05318892102446
2007-02-01,1.0611111041919399
2007-02-02,1.0659342083475627
2007-02-05,1.0683137721110842
2007-02-06,1.0670716889104328
2007-02-07,1.0735070843701546
2007-02-08,1.0776767994678182
2007-02-09,1.0527451046517617
2007-02-12,1.0411158892161185
2007-02-13,1.0539729739311863
2007-02-14,1.0599669378185042
2007-02-15,1.062391828019648
2007-02-16,1.0590058867612993
2007-02-20,1.0698956201285448
2007-02-21,1.0666545557046423
2007-02-22,1.065930998161263
2007-02-23,1.0587824482869275
2007-02-26,1.0530068472556522
2007-02-27,1.0022998510543137
2007-02-28,1.011579474888203
2007-03-01,1.0090595854087967
2007-03-02,0.9911162007606225
2007-03-05,0.9728039053655471
2007-03-06,0.9968187116075977
2007-03-07,0.9885846252610583
2007-03-08,1.0064054508776283
2007-03-09,1.009728647774145
2007-03-12,1.0162657639117085
2007-03-13,0.9909623964363562
2007-03-14,0.9978469677128002
2007-03-15,1.0000306369670984
2007-03-16,0.9892505002753788
2007-03-19,1.0017387321214588
2007-03-20,1.007461626010305
2007-03-21,1.0247965245503765
2007-03-22,1.0213730856749594
2007-03-23,1.014666411146545
2007-03-26,1.0099495886610246
2007-03-27,1.0031733780330643
2007-03-28,0.9918986677369737
2007-03-29,0.9944977489017004
2007-03-30,0.9915962389413967
2007-04-02,0.9979196504265996
2007-04-03,1.00873005939523
2007-04-04,1.010459468410894
2007-04-05,1.0182721885964672
2007-04-09,1.0220570411190695
2007-04-10,1.017943186930901
2007-04-11,1.0165387279819955
2007-04-12,1.0269333086104055
2007-04-13,1.032755485545283
2007-04-16,1.0470766313846127
2007-04-17,1.0440327343735565
2007-04-18,1.0398863663466305
2007-04-19,1.035374826619205
2007-04-20,1.0450522665361177
2007-04-23,1.0525215889956634
2007-04-24,1.038570278625087
2007-04-25,1.0542216001494458
2007-04-26,1.0617708252755351
2007-04-27,1.0542901400139968
2007-04-30,1.0389476543601208
2007-05-01,1.0274053745235388
2007-05-02,1.0324181349760178
2007-05-03,1.0460729100863457
2007-05-04,1.0456084328615025
2007-05-07,1.0501895489572233
2007-05-08,1.0465329373689338
2007-05-09,1.047052954100489
2007-05-10,1.0261390774644004
2007-05-11,1.0408196137489203
2007-05-14,1.0357740302270846
2007-05-15,1.0316896378729792
2007-05-16,1.0374865765207282
2007-05-17,1.0285854606500544
2007-05-18,1.0373646863263404
2007-05-21,1.0444959154697635
2007-05-22,1.0456925054245094
2007-05-23,1.0440046451754512
2007-05-24,1.0237260726504938
2007-05-25,1.0331969105640477
2007-05-29,1.0384929521354422
2007-05-30,1.0526614043668026
2007-05-31,1.058270711109184
2007-06-01,1.0671927217717239
2007-06-04,1.075325135735119
2007-06-05,1.077740373103347
2007-06-06,1.0588144950739997
2007-06-07,1.0321770067479525
2007-06-08,1.0547064045170211
2007-06-11,1.0603769387873383
2007-06-12,1.0562401825679644
2007-06-13,1.0793377802070092
2007-06-14,1.0904520908683835
2007-06-15,1.105983412638036
2007-06-18,1.1134661122903258
2007-06-19,1.119088730594899
2007-06-20,1.1047969715625807
2007-06-21,1.1170158290074192
2007-06-22,1.106437629513923
2007-06-25,1.0931338570729439
2007-06-26,1.0857110713327645
2007-06-27,1.0948593876057577
2007-06-28,1.1083839229872976
2007-06-29,1.1037522130047999
2007-07-02,1.1214249600438193
2007-07-03,1.1210760456550428
2007-07-05,1.1176078967558791
2007-07-06,1.121844548736791
2007-07-09,1.1459121126400391
2007-07-10,1.1283140558598581
2007-07-11,1.1296618121115531
2007-07-12,1.1490994631629514
2007-07-13,1.1717633553231557
2007-07-16,1.1650995081602298
2007-07-17,1.1679289613782562
2007-07-18,1.1607052469955037
2007-07-19,1.1736356230171454
2007-07-20,1.155622661125028
2007-07-23,1.1549561974644735
2007-07-24,1.11734626691187
2007-07-25,1.1118942121011712
2007-07-26,1.0829307153903809
2007-07-27,1.0785207585615613
2007-07-30,1.1142497878209274
2007-07-31,1.1049428667378125
2007-08-01,1.0992566216405868
2007-08-02,1.108463626995718
2007-08-03,1.0675127453698345
2007-08-06,1.0836688401410082
2007-08-07,1.1096681005283853
2007-08-08,1.1276935033587796
2007-08-09,1.0741085383489657
2007-08-10,1.0742693112115484
2007-08-13,1.0868751134285914
2007-08-14,1.055877071434529
2007-08-15,1.0230789952943726
2007-08-16,1.0126871723853272
2007-08-17,1.0412912044024678
2007-08-20,1.059692975961924
2007-08-21,1.0713565399748672
2007-08-22,1.0981994012245562
2007-08-23,1.0861228329633732
2007-08-24,1.1118817385788955
2007-08-27,1.0985922593421469
2007-08-28,1.057461725321082
2007-08-29,1.0889060416018868
2007-08-30,1.089694667105894
2007-08-31,1.1144572642312711
2007-09-04,1.1377288309918447
2007-09-05,1.135401867553188
2007-09-06,1.1471495245710552
2007-09-07,1.1300314812373409
2007-09-10,1.1255913075807742
2007-09-11,1.1475504826380243
2007-09-12,1.146246995791932
2007-09-13,1.1565307337940822
2007-09-14,1.1536617723816487
2007-09-17,1.1557779480401864
2007-09-18,1.211786620034709
2007-09-19,1.224890659055973
2007-09-20,1.2338028252671958
2007-09-21,1.2483430384686225
2007-09-24,1.2441701445134459
2007-09-25,1.2526732402036511
2007-09-26,1.2548109920196908
2007-09-27,1.2691333729161545
2007-09-28,1.259077297722335
2007-10-01,1.267753342928606
2007-10-02,1.2725468822480013
2007-10-03,1.2362805906477379
2007-10-04,1.2502451434245367
2007-10-05,1.2697552669568792
2007-10-08,1.2763619134740338
2007-10-09,1.3015642628411024
2007-10-10,1.3017735948246276
2007-10-11,1.2852064837097261
2007-10-12,1.3085771556791572
2007-10-15,1.2943746618216592
2007-10-16,1.2895690556493697
2007-10-17,1.2890406605883657
2007-10-18,1.2951882358719369
2007-10-19,1.2560674946920927
2007-10-22,1.2760890158149014
2007-10-23,1.3093488549473085
2007-10-24,1.3111480774094042
2007-10-25,1.2981628660890756
2007-10-26,1.3232292151102016
2007-10-29,1.342087064499904
2007-10-30,1.3216607772542164
2007-10-31,1.313047861284875
2007-11-01,1.2698219058586373
2007-11-02,1.2672538495707952
2007-11-05,1.2455696897602975
2007-11-06,1.2659271742630505
2007-11-07,1.2354617503884961
2007-11-08,1.2133840169289658
2007-11-09,1.1910368351657372
2007-11-12,1.1280005203362333
2007-11-13,1.1872077824601452
2007-11-14,1.1799174471487597
2007-11-15,1.1574387234618575
2007-11-16,1.1676932193287621
2007-11-19,1.1240642081218433
2007-11-20,1.1458969072008056
2007-11-21,1.1288996853719093
2007-11-23,1.151354349047149
2007-11-26,1.1341736753566192
2007-11-27,1.154654475429631
2007-11-28,1.2089081345161392
2007-11-29,1.20387161176875
2007-11-30,1.2185329301771033
2007-12-03,1.2223916094517664
2007-12-04,1.2101726935381985
2007-12-05,1.2398048423739119
2007-12-06,1.2624589211954662
2007-12-07,1.272725135466034
2007-12-10,1.293435324299869
2007-12-11,1.2524552740158932
2007-12-12,1.2555431877399397
2007-12-13,1.2702289079719944
2007-12-14,1.25561834051775
2007-12-17,1.2276623239202056
2007-12-18,1.226164938032782
2007-12-19,1.2363769817019377
2007-12-20,1.2638729195540477
2007-12-21,1.2907957143866327
2007-12-24,1.3077580023629531
2007-12-26,1.3177095569697208
2007-12-27,1.3032967208922694
2007-12-28,1.2953293704348885
2007-12-31,1.2833214090327525
2008-01-02,1.2710432169085324
2008-01-03,1.2781058315306286
2008-01-04,1.226327147399021
2008-01-07,1.2127196174291042
2008-01-08,1.194138436446504
2008-01-09,1.209544244630984
2008-01-10,1.2231162008835597
2008-01-11,1.2039323610590413
2008-01-14,1.2397330500372434
2008-01-15,1.1873118447876465
2008-01-16,1.144584266722195
2008-01-17,1.0982752283176878
2008-01-18,1.0959437179301295
2008-01-22,1.1021024473002323
2008-01-23,1.1121087830539242
2008-01-24,1.1391612131642805
2008-01-25,1.1244329798230528
2008-01-28,1.141603088218815
2008-01-29,1.1401334132325835
2008-01-30,1.1237969768033316
2008-01-31,1.150141503162512
2008-02-01,1.184527356341617
2008-02-04,1.1823216042116298
2008-02-05,1.165346879603543
2008-02-06,1.162321166824212
2008-02-07,1.1632456377589007
2008-02-08,1.1665097509680562
2008-02-11,1.1687815198838638
2008-02-12,1.171677701995184
2008-02-13,1.1746172081725
2008-02-14,1.1739248271792961
2008-02-15,1.1743743591048856
2008-02-19,1.1784097477319395
2008-02-20,1.1765750281508256
2008-02-21,1.1733605947833055
2008-02-22,1.1715702681685247
2008-02-25,1.1798287075228828
2008-02-26,1.180214827093421
2008-02-27,1.1770055951898555
2008-02-28,1.180017339854215
2008-02-29,1.171134251030506
2008-03-03,1.1717075926565328
2008-03-04,1.16695384571558
2008-03-05,1.1740917250725444
2008-03-06,1.1691694396635532
2008-03-07,1.1605252052496606
2008-03-10,1.1488759936943949
2008-03-11,1.16956035267129
2008-03-12,1.1674551495065633
2008-03-13,1.177005199700728
2008-03-14,1.1710787310353294
2008-03-17,1.158254714899553
2008-03-18,1.1742511766056654
2008-03-19,1.1503796949367933
2008-03-20,1.1467988224103831
2008-03-24,1.1551898677267907
2008-03-25,1.165070779024591
2008-03-26,1.1718746953101298
2008-03-27,1.1652163855316102
2008-03-28,1.1661689778434305
2008-03-31,1.1637346926644967
2008-04-01,1.1697466063155537
2008-04-02,1.1667595947993183
2008-04-03,1.1720092164051215
2008-04-04,1.1783497812595949
2008-04-07,1.1831581993937148
2008-04-08,1.1850387227250057
2008-04-09,1.1807713801375475
2008-04-10,1.1855784907156661
2008-04-11,1.1810721396062824
2008-04-14,1.181585428046128
2008-04-15,1.1858941992383796
2008-04-16,1.197914949043454
2008-04-17,1.1956684303019733
2008-04-18,1.2009887626038995
2008-04-21,1.2038913081796652
2008-04-22,1.2007999744391524
2008-04-23,1.1942163034757165
2008-04-24,1.1899960845595312
2008-04-25,1.1984009163115643
2008-04-28,1.1967485334728492
2008-04-29,1.1920685515858442
2008-04-30,1.1902343446776744
2008-05-01,1.1885461250439087
2008-05-02,1.1967999045035629
2008-05-05,1.2008760707511945
2008-05-06,1.2211813146636867
2008-05-07,1.1963040898028736
2008-05-08,1.2082717861411802
2008-05-09,1.1997855998036016
2008-05-12,1.2085523458624072
2008-05-13,1.218277576329804
2008-05-14,1.2149983297083427
2008-05-15,1.2302918461351346
2008-05-16,1.239217061595023
2008-05-19,1.228413328918252
2008-05-20,1.2313260102469217
2008-05-21,1.2056068983644996
2008-05-22,1.203035520229736
2008-05-23,1.1864587786523377
2008-05-27,1.1802768566850932
2008-05-28,1.2016727426825728
2008-05-29,1.195395670760135
2008-05-30,1.2086487017887628
2008-06-02,1.20275519189871
2008-06-03,1.2020443279024609
2008-06-04,1.2005673431505202
2008-06-05,1.2371737251941597
2008-06-06,1.201602895486447
2008-06-09,1.2110696161108998
2008-06-10,1.2087584616048632
2008-06-11,1.186774684269224
2008-06-12,1.193848768062655
2008-06-13,1.2170901916490742
2008-06-16,1.2195757329886885
2008-06-17,1.2127827991753672
2008-06-18,1.2050111458746686
2008-06-19,1.2165705224771937
2008-06-20,1.1977876246247292
2008-06-23,1.190017283609136
2008-06-24,1.1790636213254528
2008-06-25,1.1979827029613834
2008-06-26,1.162491786370916
2008-06-27,1.1569040557640629
2008-06-30,1.1573797475536416
2008-07-01,1.1568580953542187
2008-07-02,1.1435764978761107
2008-07-03,1.1393350524328487
2008-07-07,1.1370435513511332
2008-07-08,1.1390157178747122
2008-07-09,1.1346215670845172
2008-07-10,1.1390501057913054
2008-07-11,1.1401126230201188
2008-07-14,1.1424450755152185
2008-07-15,1.1377706003866757
2008-07-16,1.1467836160507392
2008-07-17,1.1484104439786598
2008-07-18,1.1446540265073726
2008-07-21,1.1474708646946972
2008-07-22,1.1496880670029124
2008-07-23,1.1405744881292292
2008-07-24,1.1319240979928555
2008-07-25,1.1374009909012688
2008-07-28,1.1336301659723784
2008-07-29,1.1411184952794473
2008-07-30,1.1504496105909345
2008-07-31,1.1472969795110421
2008-08-01,1.1444695783140058
2008-08-04,1.1363120877005264
2008-08-05,1.141818986977644
2008-08-06,1.1457366815772658
2008-08-07,1.140504598554079
2008-08-08,1.145814166187057
2008-08-11,1.1461410950249076
2008-08-12,1.1439276859089351
2008-08-13,1.1493131232693836
2008-08-14,1.1526219746217155
2008-08-15,1.150527457788098
2008-08-18,1.146801679770864
2008-08-19,1.1451048609521963
2008-08-20,1.1439389284910726
2008-08-21,1.1424592677042118
2008-08-22,1.1466786217858935
2008-08-25,1.1393307531939163
2008-08-26,1.1406507623975304
2008-08-27,1.143972858312756
2008-08-28,1.1491938245296691
2008-08-29,1.1452026446195656
2008-09-02,1.1376053920638722
2008-09-03,1.1374389397254665
2008-09-04,1.1201914039475744
2008-09-05,1.1176301449973673
2008-09-08,1.124101166398531
2008-09-09,1.1107302423443073
2008-09-10,1.1155287260500606
2008-09-11,1.117744313151995
2008-09-12,1.1155778286702556
2008-09-15,1.105278683266594
2008-09-16,1.1117473217424616
2008-09-17,1.0907587317203153
2008-09-18,1.094510105373298
2008-09-19,1.106419819422895
2008-09-22,1.096215419196916
2008-09-23,1.0935271016955757
2008-09-24,1.0866403946240968
2008-09-25,1.0923969611740707
2008-09-26,1.094739672034142
2008-09-29,1.0784302468318645
2008-09-30,1.0901603745793247
2008-10-01,1.085251260641394
2008-10-02,1.0711542969175702
2008-10-03,1.0597861586897392
2008-10-06,1.0477685213540127
2008-10-07,1.0310250654142532
2008-10-08,1.0283602917065153
2008-10-09,0.999505902421314
2008-10-10,1.0092807480278394
2008-10-13,1.0343445362056167
2008-10-14,1.032448731092165
2008-10-15,1.0146096118408343
2008-10-16,1.0304769181940525
2008-10-17,1.0255514473670524
2008-10-20,1.0315879828772594
2008-10-21,1.0268176427267635
2008-10-22,1.0151859931162783
2008-10-23,1.010549176353894
2008-10-24,1.006355511504341
2008-10-27,1.0027468500263645
2008-10-28,1.016212247538092
2008-10-29,1.0149350691155619
2008-10-30,1.0185857037860155
2008-10-31,1.0242771301310423
2008-11-03,1.0251803215587887
2008-11-04,1.032062839510512
2008-11-05,1.0152605603386502
2008-11-06,1.0065396837226521
2008-11-07,1.0085557335011779
2008-11-10,0.9993236492224536
2008-11-11,0.9980799159987632
2008-11-12,0.983121807022781
2008-11-13,0.9981028260981977
2008-11-14,0.9902568131039664
2008-11-17,0.9856219811299539
2008-11-18,0.9863665835385221
2008-11-19,0.9728694534769372
2008-11-20,0.9632572208214921
2008-11-21,0.9701337313135286
2008-11-24,0.9738168589093222
2008-11-25,0.9758808805366168
2008-11-26,0.9778110500125761
2008-11-28,0.9793352462893948
2008-12-01,0.970551080033697
2008-12-02,0.973826600866109
2008-12-03,0.9769825049819849
2008-12-04,0.9700528043468735
2008-12-05,0.9775685808209598
2008-12-08,0.9806240909209587
2008-12-09,0.9732414853300813
2008-12-10,0.9750560494630357
2008-12-11,0.9701339570916685
2008-12-12,0.97523055065868
2008-12-15,0.9756220145434685
2008-12-16,0.9847034409445422
2008-12-17,0.9829645173266666
2008-12-18,0.9827347448794221
2008-12-19,0.9765462372121391
2008-12-22,0.97616089454198
2008-12-23,0.9744901041143325
2008-12-24,0.9754344599412548
2008-12-26,0.9757858356808968
2008-12-29,0.9734407365532749
2008-12-30,0.9768076792652797
2008-12-31,0.9811889055378696
2009-01-02,0.984220828025016
2009-01-05,0.9797869160481534
2009-01-06,0.9754876426530673
2009-01-07,0.9703281500406143
2009-01-08,0.9741867314598566
2009-01-09,0.967881277376445
2009-01-12,0.9624397558040318
2009-01-13,0.9647302781193332
2009-01-14,0.9552920013175542
2009-01-15,0.9617171763329673
2009-01-16,0.9651086243830463
2009-01-20,0.9557268501496435
2009-01-21,0.9613255639445889
2009-01-22,0.9537571536111921
2009-01-23,0.9499974394640743
2009-01-26,0.9482056286955094
2009-01-27,0.9485452045517294
2009-01-28,0.9539991315864697
2009-01-29,0.9487352667789558
2009-01-30,0.9460193232091402
2009-02-02,0.9461932628263363
2009-02-03,0.9507930193827717
2009-02-04,0.948057957664366
2009-02-05,0.9437965764839725
2009-02-06,0.9497312911106018
2009-02-09,0.9464898885514099
2009-02-10,0.9381528947477077
2009-02-11,0.9404984339737904
2009-02-12,0.9444919901883647
2009-02-13,0.9426320697244835
2009-02-17,0.9352095540824981
2009-02-18,0.9326537410798608
2009-02-19,0.936409497639569
2009-02-20,0.9363686464887535
2009-02-23,0.9276995776366356
2009-02-24,0.9334236416102158
2009-02-25,0.9312049742839393
2009-02-26,0.9255284075858358
2009-02-27,0.9234916213707849
2009-03-02,0.9135230010112757
2009-03-03,0.9168358973766049
2009-03-04,0.9188372039937179
2009-03-05,0.91622292403621
2009-03-06,0.9126434520004169
2009-03-09,0.9112403243828676
2009-03-10,0.9147835397696131
2009-03-11,0.9132430075523027
2009-03-12,0.9176356437961672
2009-03-13,0.920372585621845
2009-03-16,0.9190290856594588
2009-03-17,0.9211323560928084
2009-03-18,0.9248251390561523
2009-03-19,0.9263954856415215
2009-03-20,0.9252614404283286
2009-03-23,0.9287113794834362
2009-03-24,0.9279701460913512
2009-03-25,0.9295764844916411
2009-03-26,0.932349524613738
2009-03-27,0.9291227315173826
2009-03-30,0.9278808597617095
2009-03-31,0.9295708056382678
2009-04-01,0.9305120391858966
2009-04-02,0.9560460298367301
2009-04-03,0.9563583056042888
2009-04-06,0.9492297044447273
2009-04-07,0.922939991633123
2009-04-08,0.9382258400053308
2009-04-09,0.9723190173786828
2009-04-13,0.9691083686115386
2009-04-14,0.9503813862949724
2009-04-15,0.9580463342487497
2009-04-16,0.982348358002432
2009-04-17,0.9986476319916459
2009-04-20,0.9711771773309884
2009-04-21,0.9902865375595209
2009-04-22,0.9841846004751907
2009-04-23,0.9890172956689173
2009-04-24,0.9863076416046374
2009-04-27,0.9848159061953526
2009-04-28,0.9780884585474333
2009-04-29,0.9952932524331645
2009-04-30,1.0018662889852818
2009-05-01,1.0076835684895484
2009-05-04,1.03924961136439
2009-05-05,1.031890456863365
2009-05-06,1.0252026002536856
2009-05-07,0.9884519092506501
2009-05-08,1.0133769885404922
2009-05-11,0.991357381793309
2009-05-12,0.9700593807193497
2009-05-13,0.9290958976547224
2009-05-14,0.9482915068866886
2009-05-15,0.9445130757957743
2009-05-18,0.9788072518985821
2009-05-19,0.9856644346939107
2009-05-20,0.9782483242725574
2009-05-21,0.9569533957996164
2009-05-22,0.9500274783023671
2009-05-26,0.9761624029904896
2009-05-27,0.961376274156743
2009-05-28,0.965329500312483
2009-05-29,0.9846567503227606
2009-06-01,1.0169338335328315
2009-06-02,1.0068445036972722
2009-06-03,0.969143741445599
2009-06-04,0.99661517941943
2009-06-05,0.9989371003010692
2009-06-08,0.9971717782140304
2009-06-09,1.0182671018428942
2009-06-10,1.0222139062047424
2009-06-11,1.0296962492502109
2009-06-12,1.0270842277029992
2009-06-15,0.9936667717932886
2009-06-16,0.9733095920421431
2009-06-17,0.9632670846835379
2009-06-18,0.9857820807007603
2009-06-19,1.0034373272916606
2009-06-22,0.9338906179860443
2009-06-23,0.953914216272251
2009-06-24,0.9708423613876254
2009-06-25,0.9610908508210138
2009-06-26,0.9660582493442323
2009-06-29,0.9714442870907362
2009-06-30,0.9630923902220317
2009-07-01,0.9709440751209003
2009-07-02,0.9423062695267993
2009-07-06,0.9267314685778943
2009-07-07,0.8973659200758307
2009-07-08,0.8987707313839168
2009-07-09,0.9116438817145245
2009-07-10,0.9203501896930004
2009-07-13,0.9485677227243194
2009-07-14,0.9611700103121631
2009-07-15,1.0014139187528162
2009-07-16,1.016234351673326
2009-07-17,1.0155835116229472
2009-07-20,1.0319130002445696
2009-07-21,1.0448780814912817
2009-07-22,1.0537268925484982
2009-07-23,1.0741397354540452
2009-07-24,1.0794663972305882
2009-07-27,1.089698840547189
2009-07-28,1.0762657430692417
2009-07-29,1.057785024323032
2009-07-30,1.0884098123613428
2009-07-31,1.0903037592494471
2009-08-03,1.125938701379093
2009-08-04,1.1366578689431506
2009-08-05,1.1434438028464766
2009-08-06,1.1265100953644267
2009-08-07,1.1524566585442715
2009-08-10,1.1485704871348479
2009-08-11,1.1315129537220534
2009-08-12,1.152976332811807
2009-08-13,1.1752171527992363
2009-08-14,1.1590802246963052
2009-08-17,1.121234951636104
2009-08-18,1.1414620328459795
2009-08-19,1.149240771357823
2009-08-20,1.1737681175260564
2009-08-21,1.2041654241132123
2009-08-24,1.1920899574074153
2009-08-25,1.1989236986473488
2009-08-26,1.1950426288073928
2009-08-27,1.2077988411858456
2009-08-28,1.2205553969802934
2009-08-31,1.2060855502107286
2009-09-01,1.156997501256116
2009-09-02,1.1459879374571202
2009-09-03,1.1743325785807552
2009-09-04,1.1943061933318384
2009-09-08,1.2047141818127847
2009-09-09,1.2267110627656725
2009-09-10,1.2359194389860617
2009-09-11,1.2360331774723372
2009-09-14,1.263010226378723
2009-09-15,1.2746755493675563
2009-09-16,1.3055519845960786
2009-09-17,1.2938084990557166
2009-09-18,1.2903968130900005
2009-09-21,1.2898552037000268
2009-09-22,1.299834093288228
2009-09-23,1.2844822845796993
2009-09-24,1.250986749955806
2009-09-25,1.2355023031537204
2009-09-28,1.2757744864011624
2009-09-29,1.2675888542467073
2009-09-30,1.2568505924254216
2009-10-01,1.2016669829318287
2009-10-02,1.2063648065373709
2009-10-05,1.2418842449736875
2009-10-06,1.268673320029401
2009-10-07,1.2704618685792606
2009-10-08,1.2920354528730813
2009-10-09,1.2931790880632767
2009-10-12,1.286868586157816
2009-10-13,1.269157035384799
2009-10-14,1.3008466457504944
2009-10-15,1.3030785855594613
2009-10-16,1.27984891061362
2009-10-19,1.2904362981409117
2009-10-20,1.277249783292964
2009-10-21,1.2543953562420418
2009-10-22,1.3001214143180928
2009-10-23,1.2665141564035172
2009-10-26,1.2321449303844358
2009-10-27,1.2055885336432397
2009-10-28,1.157562859561776
2009-10-29,1.2189479390632918
2009-10-30,1.1770116740879257
2009-11-02,1.1831610384826274
2009-11-03,1.1889873681202507
2009-11-04,1.1881340401986862
2009-11-05,1.2211326029850444
2009-11-06,1.2251587770085552
2009-11-09,1.2590442460022429
2009-11-10,1.2574969001934633
2009-11-11,1.263203979198446
2009-11-12,1.2471106431634469
2009-11-13,1.255476809022974
2009-11-16,1.2750983212784563
2009-11-17,1.2695608337136937
2009-11-18,1.2672053680931434
2009-11-19,1.2426464924643603
2009-11-20,1.2391362177367375
2009-11-23,1.256921276313562
2009-11-24,1.2511395154198375
2009-11-25,1.2536160049593417
2009-11-27,1.2308261602896156
2009-11-30,1.2353572300314744
2009-12-01,1.252735287363185
2009-12-02,1.2612876586330573
2009-12-03,1.2548369415528218
2009-12-04,1.262795960758323
2009-12-07,1.2576071130089799
2009-12-08,1.2526728244963656
2009-12-09,1.2517514774037772
2009-12-10,1.2493740273717617
2009-12-11,1.2577094116058527
2009-12-14,1.2695879125807656
2009-12-15,1.2657198523146114
2009-12-16,1.267230842235829
2009-12-17,1.253615478033688
2009-12-18,1.267150833761398
2009-12-21,1.2958020679955733
2009-12-22,1.3124945331959388
2009-12-23,1.3343345931843662
2009-12-24,1.3425579313051372
2009-12-28,1.3425810758150174
2009-12-29,1.3368962066345844
2009-12-30,1.3289787291302066
2009-12-31,1.317826520080031
2010-01-04,1.3402051743162349
2010-01-05,1.3651832247840647
2010-01-06,1.361033103723036
2010-01-07,1.3592821591888897
2010-01-08,1.3578498362067073
2010-01-11,1.344844137427971
2010-01-12,1.3107398385290334
2010-01-13,1.33816500525979
2010-01-14,1.3349738896187748
2010-01-15,1.3019502940689778
2010-01-19,1.3181779634444395
2010-01-20,1.3028687139862318
2010-01-21,1.2860498359497774
2010-01-22,1.2457110435466947
2010-01-25,1.2477056209211626
2010-01-26,1.2476787488056216
2010-01-27,1.2582762472262918
2010-01-28,1.2335814904539608
2010-01-29,1.2109522660580965
2010-02-01,1.244115072993265
2010-02-02,1.2624560259722095
2010-02-03,1.253514919831608
2010-02-04,1.1969978245500146
2010-02-05,1.1991199132895276
2010-02-08,1.1944136583192755
2010-02-09,1.2356535108192206
2010-02-10,1.2301574482098152
2010-02-11,1.2509079390683773
2010-02-12,1.2549747538149936
2010-02-16,1.2704907314314606
2010-02-17,1.2754654777165895
2010-02-18,1.2702539835670446
2010-02-19,1.2753984875802629
2010-02-22,1.279912717199412
2010-02-23,1.2704921062491494
2010-02-24,1.2880458275650408
2010-02-25,1.286341730779481
2010-02-26,1.3025143234017684
2010-03-01,1.3310384297233386
2010-03-02,1.334470603216315
2010-03-03,1.3402233164752082
2010-03-04,1.334308960670081
2010-03-05,1.3566341267357032
2010-03-08,1.359899881643714
2010-03-09,1.3719806101417011
2010-03-10,1.372729319842757
2010-03-11,1.3816628811535934
2010-03-12,1.3865185122935184
2010-03-15,1.3789686396612613
2010-03-16,1.3915685501928385
2010-03-17,1.4034615981166316
2010-03-18,1.3884493711540298
2010-03-19,1.3600317756954758
2010-03-22,1.3990060902706345
2010-03-23,1.42102638611261
2010-03-24,1.4160682652721173
2010-03-25,1.4087577590509583
2010-03-26,1.406254857745341
2010-03-29,1.4158756634286835
2010-03-30,1.4110474422613353
2010-03-31,1.3967526673465442
2010-04-01,1.4032534126018639
2010-04-05,1.4163906677116564
2010-04-06,1.419108218441974
2010-04-07,1.4078499471677357
2010-04-08,1.4300295347777676
2010-04-09,1.4404991982896216
2010-04-12,1.4479537371676399
2010-04-13,1.4463124649464911
2010-04-14,1.4694663169821074
2010-04-15,1.4768422055448522
2010-04-16,1.447654883218157
2010-04-19,1.4303971011899654
2010-04-20,1.448334056119876
2010-04-21,1.4418184026189598
2010-04-22,1.4537075777036357
2010-04-23,1.4863074555216165
2010-04-26,1.4878146714053988
2010-04-27,1.4300098007849318
2010-04-28,1.4278093552373918
2010-04-29,1.443856908965486
2010-04-30,1.4125502623673085
2010-05-03,1.4486958897929862
2010-05-04,1.3778877769018525
2010-05-05,1.364626592543107
2010-05-06,1.2995801205660147
2010-05-07,1.2640262337286345
2010-05-10,1.3599287446684936
2010-05-11,1.3639317684224814
2010-05-12,1.3995144265307424
2010-05-13,1.3863356881831839
2010-05-14,1.3415696954279246
2010-05-17,1.344439115874075
2010-05-18,1.3176845295216904
2010-05-19,1.2957578668784613
2010-05-20,1.2188043847417707
2010-05-21,1.257706263112924
2010-05-24,1.2382395851533217
2010-05-25,1.2468639789504397
2010-05-26,1.2476051093832734
2010-05-27,1.3105904124797034
2010-05-28,1.2878204107132516
2010-06-01,1.2604416541447168
2010-06-02,1.292757896835271
2010-06-03,1.313277167805109
2010-06-04,1.2584387559431787
2010-06-07,1.2222483876514807
2010-06-08,1.2248913206177574
2010-06-09,1.2335794598459826
2010-06-10,1.2725583228623765
2010-06-11,1.2977502380472106
2010-06-14,1.3057797938036872
2010-06-15,1.3433031789674472
2010-06-16,1.3451201028822257
2010-06-17,1.3397288264518434
2010-06-18,1.3361295102777568
2010-06-21,1.318919276194085
2010-06-22,1.2824597741957968
2010-06-23,1.287122497555896
2010-06-24,1.2588749449711583
2010-06-25,1.2618296730836684
2010-06-28,1.2556695668742357
2010-06-29,1.1915424863606099
2010-06-30,1.1816347355239143
2010-07-01,1.1689360952468977
2010-07-02,1.1663803773710728
2010-07-06,1.1674089721151617
2010-07-07,1.1759688435409483
2010-07-08,1.1759956607544495
2010-07-09,1.1787470878967459
2010-07-12,1.1781806820265859
2010-07-13,1.1823981846185039
2010-07-14,1.1834380392433383
2010-07-15,1.1828111575329416
2010-07-16,1.1746423445392602
2010-07-19,1.174848986786398
2010-07-20,1.1782196299032475
2010-07-21,1.1727832712547386
2010-07-22,1.1806160540183626
2010-07-23,1.1876491091102848
2010-07-26,1.1930228015682451
2010-07-27,1.1866806601057798
2010-07-28,1.1833643798140006
2010-07-29,1.1763741147837476
2010-07-30,1.1784144566439136
2010-08-02,1.18051162468098
2010-08-03,1.1676005389839086
2010-08-04,1.1774211335550135
2010-08-05,1.1775962045404065
2010-08-06,1.1737577502762826
2010-08-09,1.1856616489075444
2010-08-10,1.1671487891918575
2010-08-11,1.1266313326455268
2010-08-12,1.1234562340001757
2010-08-13,1.1219304442275613
2010-08-16,1.128712984452446
2010-08-17,1.15060495065891
2010-08-18,1.1587267305097517
2010-08-19,1.1384404761392473
2010-08-20,1.1553833556986126
2010-08-23,1.1437233264936821
2010-08-24,1.1199380152129021
2010-08-25,1.1199779022920948
2010-08-26,1.1128954884340574
2010-08-27,1.137439105082371
2010-08-30,1.111312724956094
2010-08-31,1.116340856800451
2010-09-01,1.1587299401279436
2010-09-02,1.1642781598388547
2010-09-03,1.1682595216941323
2010-09-07,1.1674962778780942
2010-09-08,1.1720509845274916
2010-09-09,1.1705875730678514
2010-09-10,1.169830976665444
2010-09-13,1.1768810344891838
2010-09-14,1.176100892871059
2010-09-15,1.17787749936492
2010-09-16,1.1782221600112686
2010-09-17,1.1775188474187326
2010-09-20,1.1856867742333235
2010-09-21,1.1824097837382852
2010-09-22,1.1802016093226746
2010-09-23,1.1765520296479604
2010-09-24,1.1829909601428144
2010-09-27,1.185380516673312
2010-09-28,1.1862346348269657
2010-09-29,1.1842631299979847
2010-09-30,1.1817678630716413
2010-10-01,1.1816639930080968
2010-10-04,1.1707468720441803
2010-10-05,1.1987320889872868
2010-10-06,1.1609647656829127
2010-10-07,1.1624504552286687
2010-10-08,1.1709018604001007
2010-10-11,1.1596745468913505
2010-10-12,1.1799784077624875
2010-10-13,1.1917405548374267
2010-10-14,1.1886431228514789
2010-10-15,1.1929768182398846
2010-10-18,1.1864579740176746
2010-10-19,1.1635795229675077
2010-10-20,1.1866717634512978
2010-10-21,1.188815201691078
2010-10-22,1.2101342591123279
2010-10-25,1.2264112661810667
2010-10-26,1.2245932813590525
2010-10-27,1.2450653029899532
2010-10-28,1.24976697597464
2010-10-29,1.2588707320523929
2010-11-01,1.2548684903170546
2010-11-02,1.2712511441812584
2010-11-03,1.2753732432944105
2010-11-04,1.2975893331114412
2010-11-05,1.3083812729153677
2010-11-08,1.313361644157361
2010-11-09,1.3109620637758401
2010-11-10,1.3127482863978004
2010-11-11,1.310935644586892
2010-11-12,1.282140534580145
2010-11-15,1.2673264911561875
2010-11-16,1.2398571467256145
2010-11-17,1.2429662352096975
2010-11-18,1.2773152973673192
2010-11-19,1.2817951785648076
2010-11-22,1.2982820282121477
2010-11-23,1.279808406279898
2010-11-24,1.3121381551825193
2010-11-26,1.3059323287830338
2010-11-29,1.2978475859363363
2010-11-30,1.2822978183901523
2010-12-01,1.3135360044282878
2010-12-02,1.3124280344867398
2010-12-03,1.3248317838320995
2010-12-06,1.323739061067286
2010-12-07,1.3139712766413252
2010-12-08,1.3158455565202498
2010-12-09,1.3247948596717736
2010-12-10,1.3368988976712468
2010-12-13,1.311916345989063
2010-12-14,1.2959674295131611
2010-12-15,1.2872468947442028
2010-12-16,1.3140303441740033
2010-12-17,1.32423787620266
2010-12-20,1.332492501680777
2010-12-21,1.3494943602958251
2010-12-22,1.3481395418159774
2010-12-23,1.3502554570149092
2010-12-27,1.3480649969131693
2010-12-28,1.3383418893862051
2010-12-29,1.3434966023354644
2010-12-30,1.3401888555110721
2010-12-31,1.3340820622685843
2011-01-03,1.3571664456249273
2011-01-04,1.3471930288656366
2011-01-05,1.3737110746214847
2011-01-06,1.3648703130227187
2011-01-07,1.3673112077829732
2011-01-10,1.3714022979206772
2011-01-11,1.37416936449488
2011-01-12,1.3971976268882815
2011-01-13,1.3938297648504572
2011-01-14,1.409083631254001
2011-01-18,1.4074720089367034
2011-01-19,1.3621957985833821
2011-01-20,1.3200147895233363
2011-01-21,1.3158173163279392
2011-01-24,1.3181254416230241
2011-01-25,1.3179619581808728
2011-01-26,1.3465574350735356
2011-01-27,1.352306465098124
2011-01-28,1.324315951648174
2011-01-31,1.3302423294303574
2011-02-01,1.366006474300648
2011-02-02,1.375374365395938
2011-02-03,1.3786721037365617
2011-02-04,1.4140721072743268
2011-02-07,1.4276274054174503
2011-02-08,1.4323346580215879
2011-02-09,1.4256709162975567
2011-02-10,1.4388150171621876
2011-02-11,1.4479237277408288
2011-02-14,1.4693447294464048
2011-02-15,1.4518596442884388
2011-02-16,1.4757978707230488
2011-02-17,1.4870704618072796
2011-02-18,1.4789267950635185
2011-02-22,1.4250168310438796
2011-02-23,1.406365896145535
2011-02-24,1.4159119475022464
2011-02-25,1.4537284615230646
2011-02-28,1.4500040921624866
2011-03-01,1.4137282852898148
2011-03-02,1.424743584775729
2011-03-03,1.462949065348302
2011-03-04,1.4583387759063513
2011-03-07,1.4242966692423518
2011-03-08,1.4271702587820871
2011-03-09,1.4075539009273321
2011-03-10,1.374816175152542
2011-03-11,1.3979704809561118
2011-03-14,1.399556874976914
2011-03-15,1.3909543843025833
2011-03-16,1.3678140857704502
2011-03-17,1.3729934639167434
2011-03-18,1.3642268266543294
2011-03-21,1.3974702504188923
2011-03-22,1.380279233931275
2011-03-23,1.4049193071627364
2011-03-24,1.4277105881860555
2011-03-25,1.4355478546956604
2011-03-28,1.4426912471261402
2011-03-29,1.4606777735873828
2011-03-30,1.4689550023030113
2011-03-31,1.4620105926565619
2011-04-01,1.4534699353832476
2011-04-04,1.4559572887040806
2011-04-05,1.4598574979835741
2011-04-06,1.453263822878599
2011-04-07,1.4449005984865033
2011-04-08,1.4315924273558993
2011-04-11,1.4181227062439834
2011-04-12,1.400298991534121
2011-04-13,1.4158310501655258
2011-04-14,1.4160573421990565
2011-04-15,1.4290721937412236
2011-04-18,1.4174780462648835
2011-04-19,1.4307479304129986
2011-04-20,1.4588564117028224
2011-04-21,1.4740484992653584
2011-04-25,1.46778770342582
2011-04-26,1.4754845152283635
2011-04-27,1.5255862562017721
2011-04-28,1.5171606833524078
2011-04-29,1.5015027020896625
2011-05-02,1.487272557249738
2011-05-03,1.4755599067850689
2011-05-04,1.4617245579687588
2011-05-05,1.4469239386534951
2011-05-06,1.458626852012877
2011-05-09,1.4760048064739328
2011-05-10,1.4907362094032495
2011-05-11,1.4812449463776445
2011-05-12,1.4857460031428682
2011-05-13,1.470677966528902
2011-05-16,1.4533735635130731
2011-05-17,1.4492175309160773
2011-05-18,1.4752656756031393
2011-05-19,1.480245008183664
2011-05-20,1.472627372681436
2011-05-23,1.4497238303276565
2011-05-24,1.4479981901037766
2011-05-25,1.4585533781346116
2011-05-26,1.4624974570279519
2011-05-27,1.4743449937462552
2011-05-31,1.4881051551360498
2011-06-01,1.4608862089679424
2011-06-02,1.4545770070228736
2011-06-03,1.447764706013276
2011-06-06,1.424810740564863
2011-06-07,1.4269723426022867
2011-06-08,1.4256416819176387
2011-06-09,1.4381053154686618
2011-06-10,1.4336251955799595
2011-06-13,1.4455652925393307
2011-06-14,1.464280466670667
2011-06-15,1.445646865178862
2011-06-16,1.4435637304443765
2011-06-17,1.4443908732799355
2011-06-20,1.4530750976066849
2011-06-21,1.4740468323636795
2011-06-22,1.474273436459296
2011-06-23,1.4774916392525155
2011-06-24,1.4736313461798447
2011-06-27,1.4825585769013379
2011-06-28,1.5154417476730127
2011-06-29,1.521897760916928
2011-06-30,1.5275312926109414
2011-07-01,1.5492695354764758
2011-07-05,1.557037086379568
2011-07-06,1.5597930960512636
2011-07-07,1.564722069290363
2011-07-08,1.561730972170341
2011-07-11,1.5244437607475834
2011-07-12,1.5155897942605734
2011-07-13,1.5278677136646415
2011-07-14,1.517302900990231
2011-07-15,1.5175046321387373
2011-07-18,1.505277746685364
2011-07-19,1.5495941865461802
2011-07-20,1.5239232806723022
2011-07-21,1.5267137396434896
2011-07-22,1.5252534799942512
2011-07-25,1.5094944328753412
2011-07-26,1.5053482883242253
2011-07-27,1.467088785890249
2011-07-28,1.4677833658852188
2011-07-29,1.4656212347700075
2011-08-01,1.4658032390747906
2011-08-02,1.367350326437441
2011-08-03,1.3745864586207768
2011-08-04,1.2979528456207226
2011-08-05,1.2897060658624795
2011-08-08,1.193853842528206
2011-08-09,1.259836245315405
2011-08-10,1.2242896369686993
2011-08-11,1.2797782522670085
2011-08-12,1.3003453335638016
2011-08-15,1.3218912711956095
2011-08-16,1.2992784542212028
2011-08-17,1.2879818662397253
2011-08-18,1.2284969985161345
2011-08-19,1.2111459210747533
2011-08-22,1.2090038081992427
2011-08-23,1.258071847547011
2011-08-24,1.2737707091451451
2011-08-25,1.2505765898126673
2011-08-26,1.2783777141116488
2011-08-29,1.317423781081161
2011-08-30,1.324600612524099
2011-08-31,1.3267908044688403
2011-09-01,1.3134144029553692
2011-09-02,1.3076337763146937
2011-09-06,1.31400346067975
2011-09-07,1.3195377432976683
2011-09-08,1.317865714509099
2011-09-09,1.3079166598045013
2011-09-12,1.3097039382974953
2011-09-13,1.3147862670449602
2011-09-14,1.3207836337830565
2011-09-15,1.3229532896841436
2011-09-16,1.3299462298642635
2011-09-19,1.333309676398869
2011-09-20,1.3277951014178047
2011-09-21,1.3210896626068487
2011-09-22,1.3075190848809237
2011-09-23,1.3082621071993086
2011-09-26,1.3185648026696897
2011-09-27,1.3185878209531252
2011-09-28,1.3121062308455704
2011-09-29,1.3051554020582583
2011-09-30,1.2928997993998408
2011-10-03,1.279426103847608
2011-10-04,1.28317764021646
2011-10-05,1.2870757570671947
2011-10-06,1.2912553475695174
2011-10-07,1.2919659503219776
2011-10-10,1.3015141491789273
2011-10-11,1.3028944489467233
2011-10-12,1.3028746661496862
2011-10-13,1.3016124378785559
2011-10-14,1.3085029982247949
2011-10-17,1.3059617556464844
2011-10-18,1.309741425126408
2011-10-19,1.306986606902975
2011-10-20,1.3065484568215855
2011-10-21,1.3122334209051214
2011-10-24,1.3140220698314358
2011-10-25,1.3068996584848582
2011-10-26,1.3008147067827762
2011-10-27,1.3070989421514445
2011-10-28,1.3070352768129296
2011-10-31,1.3059385655247164
2011-11-01,1.300133101907694
2011-11-02,1.3176794816910329
2011-11-03,1.3357223848273687
2011-11-04,1.3368215039594313
2011-11-07,1.3415429302842696
2011-11-08,1.3545459202315515
2011-11-09,1.3090892243081733
2011-11-10,1.3137633147029728
2011-11-11,1.3439294850927637
2011-11-14,1.335415671989038
2011-11-15,1.3434375916006593
2011-11-16,1.3129972341079232
2011-11-17,1.2957782600018781
2011-11-18,1.2941060324068934
2011-11-21,1.272226530037298
2011-11-22,1.2719746328720156
2011-11-23,1.2459824208806085
2011-11-25,1.2378719773760096
2011-11-28,1.2769860937508013
2011-11-29,1.2822798884341404
2011-11-30,1.333050456214497
2011-12-01,1.3273880293585063
2011-12-02,1.330281849015224
2011-12-05,1.3447459059648026
2011-12-06,1.3433571848603454
2011-12-07,1.3437816321229452
2011-12-08,1.3206727825641602
2011-12-09,1.3505817066783383
2011-12-12,1.332666684922971
2011-12-13,1.3070624788483567
2011-12-14,1.2849911136942744
2011-12-15,1.2943639561028486
2011-12-16,1.305782418535223
2011-12-19,1.2860237614500427
2011-12-20,1.3332922280994388
2011-12-21,1.337923420648801
2011-12-22,1.3378354498737866
2011-12-23,1.3483281019197266
2011-12-27,1.347662861079705
2011-12-28,1.3310580393890166
2011-12-29,1.3441393653742735
2011-12-30,1.3344029728879134
2012-01-03,1.3432124740088338
2012-01-04,1.3501004774382408
2012-01-05,1.357100349267096
2012-01-06,1.35543754250333
2012-01-09,1.352322682790057
2012-01-10,1.3793944691177897
2012-01-11,1.3895611232809364
2012-01-12,1.399150976964981
2012-01-13,1.3936041333430143
2012-01-17,1.3940557475373951
2012-01-18,1.4166831837245923
2012-01-19,1.4208997326315427
2012-01-20,1.4189177080026276
2012-01-23,1.4106511328106976
2012-01-24,1.4138438759330698
2012-01-25,1.4255296150695216
2012-01-26,1.4286113574428498
2012-01-27,1.4321282979355414
2012-01-30,1.4317199912069798
2012-01-31,1.4270437256035045
2012-02-01,1.4615704188207281
2012-02-02,1.4686280511575636
2012-02-03,1.5008520022941194
2012-02-06,1.5034183987999874
2012-02-07,1.5023100661582904
2012-02-08,1.5192754172619791
2012-02-09,1.5175816869409842
2012-02-10,1.4996312604756696
2012-02-13,1.5378306063057037
2012-02-14,1.5054805828443343
2012-02-15,1.505823630524581
2012-02-16,1.521923459596704
2012-02-17,1.5187273887580095
2012-02-21,1.4985003043753462
2012-02-22,1.4955789710290195
2012-02-23,1.5126789591479155
2012-02-24,1.5222980676013143
2012-02-27,1.5257122800380667
2012-02-28,1.522804843939628
2012-02-29,1.5066864407148437
2012-03-01,1.517628206506801
2012-03-02,1.5004686884422709
2012-03-05,1.484753119924832
2012-03-06,1.4428482667841998
2012-03-07,1.4746460057837236
2012-03-08,1.506129014674741
2012-03-09,1.5220784940120977
2012-03-12,1.5154917963563188
2012-03-13,1.547665304116748
2012-03-14,1.5436748405819773
2012-03-15,1.561183697817446
2012-03-16,1.5521367021280212
2012-03-19,1.5580378865463451
2012-03-20,1.5426871191407863
2012-03-21,1.5514499497895917
2012-03-22,1.5413162723858245
2012-03-23,1.5473046903593848
2012-03-26,1.5638267549642226
2012-03-27,1.564449541317828
2012-03-28,1.5629533469540764
2012-03-29,1.5563608032190797
2012-03-30,1.552982437963926
2012-04-02,1.5649885627903137
2012-04-03,1.561690714395452
2012-04-04,1.5378397946530382
2012-04-05,1.502462990087777
2012-04-09,1.48373224066366
2012-04-10,1.4253806997921667
2012-04-11,1.457773955859315
2012-04-12,1.4954153906461531
2012-04-13,1.4808998216867986
2012-04-16,1.4859647984240398
2012-04-17,1.5030400939367439
2012-04-18,1.5119457616929304
2012-04-19,1.4957459413366312
2012-04-20,1.492338106939499
2012-04-23,1.4773025430025566
2012-04-24,1.4846193367998264
2012-04-25,1.5086560203760842
2012-04-26,1.555291856887161
2012-04-27,1.571354170744089
2012-04-30,1.54911000939591
2012-05-01,1.5597831891107339
2012-05-02,1.5711379119231594
2012-05-03,1.544888326158451
2012-05-04,1.5203672850104886
2012-05-07,1.5251329167061016
2012-05-08,1.5114847565566814
2012-05-09,1.5160383121652325
2012-05-10,1.517389518191395
2012-05-11,1.520423543569851
2012-05-14,1.4986882804112889
2012-05-15,1.497729273085072
2012-05-16,1.487228737410046
2012-05-17,1.4270796407034738
2012-05-18,1.3904014915531837
2012-05-21,1.44062047118185
2012-05-22,1.4354136810225193
2012-05-23,1.4454743327272905
2012-05-24,1.4480130682837242
2012-05-25,1.4475292954444772
2012-05-29,1.4700366647595238
2012-05-30,1.4332847294590136
2012-05-31,1.4224381495843756
2012-06-01,1.344053637777613
2012-06-04,1.326677086443445
2012-06-05,1.354531404011646
2012-06-06,1.3896155187760542
2012-06-07,1.3827347410669504
2012-06-08,1.395169367126283
2012-06-11,1.3645446027947776
2012-06-12,1.3791806348073279
2012-06-13,1.3524274903683464
2012-06-14,1.3747180576383013
2012-06-15,1.3921600620648602
2012-06-18,1.4113728939126289
2012-06-19,1.4146106481889644
2012-06-20,1.412627967655019
2012-06-21,1.3901966761802171
2012-06-22,1.402431440323983
2012-06-25,1.3828888417159908
2012-06-26,1.4063830842798164
2012-06-27,1.4132241830800973
2012-06-28,1.3909030023710045
2012-06-29,1.4343825217662631
2012-07-02,1.4578555393342343
2012-07-03,1.4567057411493172
2012-07-05,1.45693615900741
2012-07-06,1.4461644111299183
2012-07-09,1.4394783538215457
2012-07-10,1.4231659954454514
2012-07-11,1.408465381135488
2012-07-12,1.4156626570758748
2012-07-13,1.4341852087743268
2012-07-16,1.4254145257890865
2012-07-17,1.43654806337108
2012-07-18,1.4329553361838616
2012-07-19,1.424350596005497
2012-07-20,1.4154010215525874
2012-07-23,1.402491156412141
2012-07-24,1.3843221683092313
2012-07-25,1.3829567691979137
2012-07-26,1.4308219757810792
2012-07-27,1.4719864651936174
2012-07-30,1.4645433061040338
2012-07-31,1.444678993685792
2012-08-01,1.4326315581482454
2012-08-02,1.4091652731013733
2012-08-03,1.42681326473989
2012-08-06,1.4262696338696745
2012-08-07,1.427917158492747
2012-08-08,1.4256160152206665
2012-08-09,1.431287991913606
2012-08-10,1.4316571323592895
2012-08-13,1.4286437942262837
2012-08-14,1.4295367935876062
2012-08-15,1.4426101544577112
2012-08-16,1.449589801656864
2012-08-17,1.451375470939169
2012-08-20,1.4489075603439434
2012-08-21,1.4461195260261561
2012-08-22,1.4514129370340296
2012-08-23,1.4498592127606669
2012-08-24,1.4612628614550247
2012-08-27,1.4591577649276943
2012-08-28,1.4630906716342922
2012-08-29,1.4685237707679002
2012-08-30,1.458134153925063
2012-08-31,1.4651880537872604
2012-09-04,1.467858580294763
2012-09-05,1.4670061713606264
2012-09-06,1.5009518826091035
2012-09-07,1.5057272806995303
2012-09-10,1.4908154617301839
2012-09-11,1.502124492161364
2012-09-12,1.518836605481266
2012-09-13,1.5480905774029707
2012-09-14,1.5666800411445578
2012-09-17,1.5485735406486945
2012-09-18,1.5366853680666448
2012-09-19,1.5514029777214549
2012-09-20,1.5590217958164885
2012-09-21,1.5682226434647915
2012-09-24,1.5608410951440481
2012-09-25,1.5409846962811555
2012-09-26,1.5177363661207057
2012-09-27,1.5376629550306589
2012-09-28,1.528731741923897
2012-10-01,1.5300140362265044
2012-10-02,1.560748102677507
2012-10-03,1.5671409801146634
2012-10-04,1.57671513952472
2012-10-05,1.5814465772538864
2012-10-08,1.5729100078677243
2012-10-09,1.5465260291352427
2012-10-10,1.537319118195478
2012-10-11,1.5417731202810603
2012-10-12,1.5344272396969074
2012-10-15,1.545185713736303
2012-10-16,1.5513810086945394
2012-10-17,1.5815973588558199
2012-10-18,1.5704998579237384
2012-10-19,1.5479368163432277
2012-10-22,1.5496119303751554
2012-10-23,1.5276766987684174
2012-10-24,1.5396283486139068
2012-10-25,1.528100108642303
2012-10-26,1.5301382716012135
2012-10-31,1.5193507936135453
2012-11-01,1.5395673683274478
2012-11-02,1.5135557858063053
2012-11-05,1.543340801328861
2012-11-06,1.5489573790845557
2012-11-07,1.5270747153274493
2012-11-08,1.5056559648499324
2012-11-09,1.5056444782252465
2012-11-12,1.500863100773795
2012-11-13,1.4950941286735888
2012-11-14,1.4590553712411338
2012-11-15,1.4483830535218
2012-11-16,1.4616945359678186
2012-11-19,1.499418592653738
2012-11-20,1.5115443372408577
2012-11-21,1.5181371474529273
2012-11-23,1.5333029834340584
2012-11-26,1.5286008899938788
2012-11-27,1.5423453017416837
2012-11-28,1.5547790828889911
2012-11-29,1.5469891063667847
2012-11-30,1.538627562487664
2012-12-03,1.5379934039962542
2012-12-04,1.5480052134434066
2012-12-05,1.533058834525558
2012-12-06,1.5454042804399728
2012-12-07,1.551096226414415
2012-12-10,1.5484048678925975
2012-12-11,1.5607366430355563
2012-12-12,1.5576550550464339
2012-12-13,1.5460592573827154
2012-12-14,1.5464411826162305
2012-12-17,1.5616052324334178
2012-12-18,1.5891988073708962
2012-12-19,1.58250413589214
2012-12-20,1.589579947261424
2012-12-21,1.5711333244620822
2012-12-24,1.5659145356632727
2012-12-26,1.557991658611228
2012-12-27,1.553620700158621
2012-12-28,1.5402582582107345
2012-12-31,1.5795105389597839
2013-01-02,1.6232611985661836
2013-01-03,1.6273372556345433
2013-01-04,1.6384059467073413
2013-01-07,1.63245407293912
2013-01-08,1.6278872659802648
2013-01-09,1.6350823893727813
2013-01-10,1.6553599957615939
2013-01-11,1.6521294916067146
2013-01-14,1.6448580688998657
2013-01-15,1.6613399051815065
2013-01-16,1.6548162445971366
2013-01-17,1.6675862848662515
2013-01-18,1.6687080540092214
2013-01-22,1.680384336693936
2013-01-23,1.6810117214913776
2013-01-24,1.686786306072866
2013-01-25,1.7028308283312126
2013-01-28,1.6903126706999791
2013-01-29,1.6913363937678183
2013-01-30,1.6748781313267065
2013-01-31,1.6777868001277925
2013-02-01,1.689799813753129
2013-02-04,1.664079686720669
2013-02-05,1.680126005722892
2013-02-06,1.6818662803532691
2013-02-07,1.680798475662682
2013-02-08,1.695416893073057
2013-02-11,1.6854244883262326
2013-02-12,1.6968713845491106
2013-02-13,1.712212719919335
2013-02-14,1.7123453762031475
2013-02-15,1.7134812262622594
2013-02-19,1.7305961610803204
2013-02-20,1.682779020594176
2013-02-21,1.6567129996346124
2013-02-22,1.683369109397686
2013-02-25,1.6426820716514077
2013-02-26,1.662111765033539
2013-02-27,1.6912447129882264
2013-02-28,1.6995531266086157
2013-03-01,1.7016116493570101
2013-03-04,1.7225045102929564
2013-03-05,1.7497774380688904
2013-03-06,1.7448744226868909
2013-03-07,1.7414398455863251
2013-03-08,1.7500720745956835
2013-03-11,1.7446240368658494
2013-03-12,1.7463525585554207
2013-03-13,1.744629880673658
2013-03-14,1.7514169915005975
2013-03-15,1.749516673249518
2013-03-18,1.7472787940435215
2013-03-19,1.7400928156363453
2013-03-20,1.759626044741185
2013-03-21,1.7434228923573922
2013-03-22,1.7547225962719548
2013-03-25,1.7425665642030428
2013-03-26,1.7580524610048038
2013-03-27,1.7584957413911784
2013-03-28,1.7648103077029262
2013-04-01,1.7563063090512878
2013-04-02,1.732821025764014
2013-04-03,1.7059560140904082
2013-04-04,1.7340999864538227
2013-04-05,1.7298276751479555
2013-04-08,1.7472048092279602
2013-04-09,1.7504108850475397
2013-04-10,1.7759538980848424
2013-04-11,1.7696100661765026
2013-04-12,1.7669430354659403
2013-04-15,1.7117177774125594
2013-04-16,1.7513546431175635
2013-04-17,1.720064682451997
2013-04-18,1.6990388086262247
2013-04-19,1.7203310080079242
2013-04-22,1.7305902440791876
2013-04-23,1.763109984534619
2013-04-24,1.78358147817267
2013-04-25,1.7927167808284863
2013-04-26,1.7830362148590755
2013-04-29,1.7966252442822075
2013-04-30,1.8004948784776293
2013-05-01,1.7667616367756567
2013-05-02,1.7965075315338448
2013-05-03,1.8162723715638027
2013-05-06,1.82960874687295
2013-05-07,1.8236223675718743
2013-05-08,1.8323478389540053
2013-05-09,1.8230560414659007
2013-05-10,1.841110377946242
2013-05-13,1.8472145557323587
2013-05-14,1.8826219439372922
2013-05-15,1.8927681881284242
2013-05-16,1.8807572533786465
2013-05-17,1.9085236222932842
2013-05-20,1.9068214119749858
2013-05-21,1.9104783692934124
2013-05-22,1.8844000580064204
2013-05-23,1.8948162728797964
2013-05-24,1.9077252086202259
2013-05-28,1.9167883076011967
2013-05-29,1.9091277726007108
2013-05-30,1.9360750254159744
2013-05-31,1.9104903145986463
2013-06-03,1.8957964159812917
2013-06-04,1.8883658693427419
2013-06-05,1.8676329676021453
2013-06-06,1.8984333798696895
2013-06-07,1.9331662982780726
2013-06-10,1.9457662508669311
2013-06-11,1.9117974997352656
2013-06-12,1.8841588805739409
2013-06-13,1.9078570434519038
2013-06-14,1.8913974812903591
2013-06-17,1.9113901073599673
2013-06-18,1.9312974810277068
2013-06-19,1.9047968249660416
2013-06-20,1.840402823254923
2013-06-21,1.8444186487843868
2013-06-24,1.833201512436809
2013-06-25,1.8566299220376175
2013-06-26,1.889162237565487
2013-06-27,1.9166716863204654
2013-06-28,1.9101683704503343
2013-07-01,1.9291513479880822
2013-07-02,1.937756046895219
2013-07-03,1.941944684888197
2013-07-05,1.975033300591283
2013-07-08,1.9699795788802938
2013-07-09,1.9600942809903696
2013-07-10,1.9628968426921458
2013-07-11,2.018101946264203
2013-07-12,2.056303060292778
2013-07-15,2.0608225582020943
2013-07-16,2.0200506756893244
2013-07-17,2.0457042757340806
2013-07-18,2.0458379459799434
2013-07-19,2.058073443253862
2013-07-22,2.065052387825048
2013-07-23,2.060921801167211
2013-07-24,2.049720574160231
2013-07-25,2.063636553851927
2013-07-26,2.05717856398763
2013-07-29,2.0423945313932736
2013-07-30,2.055573589666352
2013-07-31,2.063984273012524
2013-08-01,2.0879558080398684
2013-08-02,2.102846301198387
2013-08-05,2.117864984808645
2013-08-06,2.0960193717026447
2013-08-07,2.098135722077404
2013-08-08,2.1404824819583252
2013-08-09,2.135564614346362
2013-08-12,2.125710788707912
2013-08-13,2.1394019694749487
2013-08-14,2.118083837079946
2013-08-15,2.072938935347061
2013-08-16,2.0738434214096197
2013-08-19,2.0588632917095913
2013-08-20,2.096278432862749
2013-08-21,2.0839909886507852
2013-08-22,2.125383939252915
2013-08-23,2.1345176174506832
2013-08-26,2.143382207082135
2013-08-27,2.0874033096473186
2013-08-28,2.0941721009367407
2013-08-29,2.108994848159722
2013-08-30,2.093093374104395
2013-09-03,2.1278631143706166
2013-09-04,2.147231027796532
2013-09-05,2.1573646653443865
2013-09-06,2.1592213480227787
2013-09-09,2.1876932440522716
2013-09-10,2.209657946013403
2013-09-11,2.209709829730485
2013-09-12,2.2148695724803162
2013-09-13,2.210891200474584
2013-09-16,2.1974171958182236
2013-09-17,2.226475170719324
2013-09-18,2.235841913615875
2013-09-19,2.254842391460143
2013-09-20,2.242349845767329
2013-09-23,2.246704088917714
2013-09-24,2.2495392563746246
2013-09-25,2.262074504297774
2013-09-26,2.297073084168184
2013-09-27,2.2910702148551256
2013-09-30,2.296737831599629
2013-10-01,2.329152287605323
2013-10-02,2.326119510540456
2013-10-03,2.2833343284615686
2013-10-04,2.293491566544507
2013-10-07,2.262252341453447
2013-10-08,2.188796807498758
2013-10-09,2.1527845449583447
2013-10-10,2.238621324700683
2013-10-11,2.2402256639692064
2013-10-14,2.2520506038662687
2013-10-15,2.2600128259310406
2013-10-16,2.322605956100698
2013-10-17,2.3427506524529957
2013-10-18,2.3390881984844625
2013-10-21,2.310591694430647
2013-10-22,2.310418994758561
2013-10-23,2.2874906932427073
2013-10-24,2.311134668543082
2013-10-25,2.3167755060471595
2013-10-28,2.2998335656189157
2013-10-29,2.326244146662097
2013-10-30,2.3153203492243404
2013-10-31,2.302249778390478
2013-11-01,2.3030180421312605
2013-11-04,2.323010643298337
2013-11-05,2.3295209560263173
2013-11-06,2.2953486776095446
2013-11-07,2.298050160453463
2013-11-08,2.3321475360135953
2013-11-11,2.3435845390285803
2013-11-12,2.3463712288152365
2013-11-13,2.379622092589831
2013-11-14,2.370462447087953
2013-11-15,2.3927825033099794
2013-11-18,2.3494590042164916
2013-11-19,2.3166582411185375
2013-11-20,2.3176441989652585
2013-11-21,2.360661566317475
2013-11-22,2.3663516386044585
2013-11-25,2.3541644998104685
2013-11-26,2.364673232056251
2013-11-27,2.372424053954858
2013-11-29,2.3709846804175716
2013-12-02,2.372885828895044
2013-12-03,2.35905352783661
2013-12-04,2.3439711997412154
2013-12-05,2.3553107211422923
2013-12-06,2.378488566204172
2013-12-09,2.3810245725021084
2013-12-10,2.384735780592199
2013-12-11,2.340842696670678
2013-12-12,2.3553383929038314
2013-12-13,2.3546574504844315
2013-12-16,2.3714428474006963
2013-12-17,2.3608770279635456
2013-12-18,2.3909730235210924
2013-12-19,2.3765298991454484
2013-12-20,2.4157699431776383
2013-12-23,2.4156682051910967
2013-12-24,2.4231735805932275
2013-12-26,2.4373946249826064
2013-12-27,2.4094547741658334
2013-12-30,2.414134417005958
2013-12-31,2.4229390549257768
2014-01-02,2.3985664868569843
2014-01-03,2.4076123404819936
2014-01-06,2.4190832016302997
2014-01-07,2.4425906323341677
2014-01-08,2.4595152052758262
2014-01-09,2.48128479928304
2014-01-10,2.5129357763385793
2014-01-13,2.4752020257021807
2014-01-14,2.512285851795472
2014-01-15,2.533025474602451
2014-01-16,2.5243598351552596
2014-01-17,2.5218140049391913
2014-01-21,2.5454879176513425
2014-01-22,2.5428091950155816
2014-01-23,2.5272195991191553
2014-01-24,2.4661855984690138
2014-01-27,2.4564572382970233
2014-01-28,2.506818781882784
2014-01-29,2.4810806323220116
2014-01-30,2.565791166150744
2014-01-31,2.590238485650711
2014-02-03,2.4999892305589304
2014-02-04,2.503361370354877
2014-02-05,2.494410743964018
2014-02-06,2.509511372353529
2014-02-07,2.562517421234425
2014-02-10,2.570767466514611
2014-02-11,2.584516796181817
2014-02-12,2.5836095718220666
2014-02-13,2.6013203198185373
2014-02-14,2.604213974420772
2014-02-18,2.6390337276133824
2014-02-19,2.613464483133902
2014-02-20,2.6648250385474768
2014-02-21,2.6736315766727614
2014-02-24,2.70017509477494
2014-02-25,2.6912324299578576
2014-02-26,2.688264540512634
2014-02-27,2.712552709925781
2014-02-28,2.687774242216483
2014-03-03,2.6804518808321407
2014-03-04,2.7560666320221197
2014-03-05,2.778238890557072
2014-03-06,2.794246139168757
2014-03-07,2.778568212981077
2014-03-10,2.7651671530502995
2014-03-11,2.747547489597737
2014-03-12,2.753509696393533
2014-03-13,2.706018611844202
2014-03-14,2.697740827012855
2014-03-17,2.718698344488338
2014-03-18,2.7532984401343223
2014-03-19,2.7326599912472633
2014-03-20,2.7304513417269973
2014-03-21,2.6887082831094626
2014-03-24,2.643505962642275
2014-03-25,2.638879182444601
2014-03-26,2.573946137847153
2014-03-27,2.554255124950063
2014-03-28,2.5523345275640503
2014-03-31,2.6173581654607605
2014-04-01,2.6569376658325465
2014-04-02,2.6559855275843463
2014-04-03,2.6438802149932576
2014-04-04,2.600417414493819
2014-04-07,2.5261474815779805
2014-04-08,2.5462332862864443
2014-04-09,2.5878187971633
2014-04-10,2.512149625345083
2014-04-11,2.4909826759003653
2014-04-14,2.509175485925583
2014-04-15,2.517028773081324
2014-04-16,2.547081824590123
2014-04-17,2.5698704980546716
2014-04-21,2.5868214357561445
2014-04-22,2.6109766004841335
2014-04-23,2.6206923294396605
2014-04-24,2.6386585253405492
2014-04-25,2.583355397839224
2014-04-28,2.5626112647386017
2014-04-29,2.5775438458455042
2014-04-30,2.5867469680555453
2014-05-01,2.5937785621702467
2014-05-02,2.614589241645908
2014-05-05,2.6131986173076016
2014-05-06,2.605351737799452
2014-05-07,2.617029168012142
2014-05-08,2.612566949577998
2014-05-09,2.6083551891177144
2014-05-12,2.6547147624443665
2014-05-13,2.651883607161789
2014-05-14,2.6265936817345605
2014-05-15,2.593453123277143
2014-05-16,2.6026061479833444
2014-05-19,2.6197396771242407
2014-05-20,2.599107117983736
2014-05-21,2.6224137388565794
2014-05-22,2.6287904039611583
2014-05-23,2.646878679507959
2014-05-27,2.669824628042503
2014-05-28,2.678026171241949
2014-05-29,2.7135280808285973
2014-05-30,2.7104192288689903
2014-06-02,2.718147836704282
2014-06-03,2.741728837805118
2014-06-04,2.762394267145177
2014-06-05,2.782183406010927
2014-06-06,2.799114855060401
2014-06-09,2.795266594631119
2014-06-10,2.8022779229702968
2014-06-11,2.8029042583256323
2014-06-12,2.7787997877596458
2014-06-13,2.8050166318051972
2014-06-16,2.81931546723036
2014-06-17,2.8384927099612303
2014-06-18,2.855581464533039
2014-06-19,2.894331040004166
2014-06-20,2.890131046256571
2014-06-23,2.884206782570577
2014-06-24,2.8545159825106996
2014-06-25,2.870161128731105
2014-06-26,2.8638204601891237
2014-06-27,2.854388439531095
2014-06-30,2.8715566767346568
2014-07-01,2.9034102693797075
2014-07-02,2.8906311825036206
2014-07-03,2.9026815433753637
2014-07-07,2.865112519095295
2014-07-08,2.831995106898379
2014-07-09,2.848829813726531
2014-07-10,2.838748620786174
2014-07-11,2.8401615356167147
2014-07-14,2.867620371578872
2014-07-15,2.8490743524078406
2014-07-16,2.871827297562024
2014-07-17,2.8366730776714943
2014-07-18,2.8995101985589504
2014-07-21,2.9041572274241028
2014-07-22,2.9193513678751426
2014-07-23,2.9144484725596347
2014-07-24,2.931407668870821
2014-07-25,2.8955724246444783
2014-07-28,2.8795658667550104
2014-07-29,2.8737665169625513
2014-07-30,2.87563074469865
2014-07-31,2.805969141279787
2014-08-01,2.8143669958281294
2014-08-04,2.8340158835396463
2014-08-05,2.801560957221771
2014-08-06,2.8000965754101377
2014-08-07,2.7820514403339742
2014-08-08,2.8027894756712715
2014-08-11,2.822583484812413
2014-08-12,2.823531696914818
2014-08-13,2.8544898641000196
2014-08-14,2.855672544527723
2014-08-15,2.8677071694062204
2014-08-18,2.89729624342382
2014-08-19,2.914976273607649
2014-08-20,2.9209231354354603
2014-08-21,2.926416153694579
2014-08-22,2.9208854563214937
2014-08-25,2.927259473581015
2014-08-26,2.9306834547113056
2014-08-27,2.9320431324478777
2014-08-28,2.93333462623418
2014-08-29,2.949919206959003
2014-09-02,2.9562849579513086
2014-09-03,2.968768876637856
2014-09-04,2.96321738147028
2014-09-05,2.9731538443456147
2014-09-08,2.9701318134275208
2014-09-09,2.948123584132672
2014-09-10,2.951347092509401
2014-09-11,2.9556533010933768
2014-09-12,2.9338833463096066
2014-09-15,2.929822266469321
2014-09-16,2.956789501406933
2014-09-17,2.9666503740376204
2014-09-18,2.9902663754875074
2014-09-19,2.9984840294033916
2014-09-22,2.970559993166714
2014-09-23,2.94855627152412
2014-09-24,2.9754389394623693
2014-09-25,2.9261047519682397
2014-09-26,2.9399404489873926
2014-09-29,2.9377942268483754
2014-09-30,2.9116112037186475
2014-10-01,2.8568434909136236
2014-10-02,2.8525054128553142
2014-10-03,2.908279158069772
2014-10-06,2.8756939215259645
2014-10-07,2.82250454516373
2014-10-08,2.8721370022625563
2014-10-09,2.822929921371861
2014-10-10,2.73559039179996
2014-10-13,2.6549392876742313
2014-10-14,2.689846072350197
2014-10-15,2.6641927426503043
2014-10-16,2.7116436029182824
2014-10-17,2.76113600988671
2014-10-20,2.814341007253691
2014-10-21,2.901831370728238
2014-10-22,2.869348113686677
2014-10-23,2.893103642219219
2014-10-24,2.9395206665195883
2014-10-27,2.9310652857848036
2014-10-28,2.9682610950932204
2014-10-29,2.9555172755242305
2014-10-30,2.9615880629001525
2014-10-31,2.999418112351643
2014-11-03,2.9970007427732552
2014-11-04,2.9834606756832676
2014-11-05,2.9633407412616086
2014-11-06,3.000337967291421
2014-11-07,3.0380020741968545
2014-11-10,3.067552296262637
2014-11-11,3.067905545463502
2014-11-12,3.074841218715739
2014-11-13,3.0632135509639835
2014-11-14,3.0416783273236634
2014-11-17,3.0366239282426064
2014-11-18,3.0609188764991915
2014-11-19,3.0496900829560287
2014-11-20,3.0656019706649134
2014-11-21,3.059414758406181
2014-11-24,3.1030436224544062
2014-11-25,3.128207536020165
2014-11-26,3.191406991015408
2014-11-28,3.2054769380551176
2014-12-01,3.1903900521219577
2014-12-02,3.2147452454391776
2014-12-03,3.212551390238101
2014-12-04,3.2262772353954654
2014-12-05,3.233777468084795
2014-12-08,3.243659950936938
2014-12-09,3.2456234004369082
2014-12-10,3.1852097114285454
2014-12-11,3.2164637995346346
2014-12-12,3.1718821228700986
2014-12-15,3.125541289939165
2014-12-16,3.084553618909628
2014-12-17,3.175810381489724
2014-12-18,3.242673880216459
2014-12-19,3.250268146328723
2014-12-22,3.2831581260438756
2014-12-23,3.2272120728469704
2014-12-24,3.2590377448492793
2014-12-26,3.2897503435963427
2014-12-29,3.275574072821466
2014-12-30,3.2586839284124065
2014-12-31,3.241348796192648
2015-01-02,3.2486863123818246
2015-01-05,3.211693144827801
2015-01-06,3.1653390715704184
2015-01-07,3.2222867679669314
2015-01-08,3.2865060333795726
2015-01-09,3.243376251602568
2015-01-12,3.2337237098009335
2015-01-13,3.243626974339101
2015-01-14,3.2111583333937745
2015-01-15,3.1639809290320433
2015-01-16,3.22198710554826
2015-01-20,3.2543907128136538
2015-01-21,3.273962825165634
2015-01-22,3.352009855981411
2015-01-23,3.364914069138356
2015-01-26,3.4139700008669935
2015-01-27,3.380914069408692
2015-01-28,3.3313364799843996
2015-01-29,3.360551639331556
2015-01-30,3.2831249534289637
2015-02-02,3.2855667445890067
2015-02-03,3.2708031257628964
2015-02-04,3.2888155499350686
2015-02-05,3.312886069858041
2015-02-06,3.2893526027740516
2015-02-09,3.2548205282562153
2015-02-10,3.308244252023033
2015-02-11,3.3118394130976907
2015-02-12,3.335037463965935
2015-02-13,3.3328615339465206
2015-02-17,3.3381670067048397
2015-02-18,3.3609237947752018
2015-02-19,3.368708606498595
2015-02-20,3.4153206506992637
2015-02-23,3.4127882736627337
2015-02-24,3.425021937940042
2015-02-25,3.4313366626203914
2015-02-26,3.39097023197108
2015-02-27,3.4072758682302853
2015-03-02,3.429853378549514
2015-03-03,3.4000258252402342
2015-03-04,3.3911543027583884
2015-03-05,3.41217464523922
2015-03-06,3.3555748311243327
2015-03-09,3.3673767371357077
2015-03-10,3.325122916366303
2015-03-11,3.337810485574873
2015-03-12,3.3663490289260025
2015-03-13,3.354290007358962
2015-03-16,3.4172358839013084
2015-03-17,3.40600169922054
2015-03-18,3.436576316077584
2015-03-19,3.4605232985170176
2015-03-20,3.4825802749345884
2015-03-23,3.469433400209458
2015-03-24,3.4481741112922464
2015-03-25,3.3547550232171575
2015-03-26,3.35649066427984
2015-03-27,3.4260021033865433
2015-03-30,3.475331346606038
2015-03-31,3.431722722864726
2015-04-01,3.3774169289770404
2015-04-02,3.384103869537341
2015-04-06,3.39659679830325
2015-04-07,3.4019715264403234
2015-04-08,3.4352383276766325
2015-04-09,3.4409343393328666
2015-04-10,3.456745546115826
2015-04-13,3.449520007802651
2015-04-14,3.433943077521761
2015-04-15,3.4522250259798692
2015-04-16,3.468993823055157
2015-04-17,3.435321682184971
2015-04-20,3.4802371900215987
2015-04-21,3.501446034267297
2015-04-22,3.513987271246729
2015-04-23,3.518536829882048
2015-04-24,3.50790715467728
2015-04-27,3.463007156896556
2015-04-28,3.4431546371825945
2015-04-29,3.413505864453698
2015-04-30,3.3501319276256467
2015-05-01,3.414417887780092
2015-05-04,3.4382535383893567
2015-05-05,3.411850236986908
2015-05-06,3.410740314402883
2015-05-07,3.4145685610222567
2015-05-08,3.446327415031607
2015-05-11,3.450103630034047
2015-05-12,3.4425335093549463
2015-05-13,3.4392494621989504
2015-05-14,3.4775478575643692
2015-05-15,3.472866755727365
2015-05-18,3.4962028116830353
2015-05-19,3.506902596198597
2015-05-20,3.496073389943152
2015-05-21,3.49495222941465
2015-05-22,3.4768366355014453
2015-05-26,3.460913607333076
2015-05-27,3.508116724701537
2015-05-28,3.5180345622569793
2015-05-29,3.513727495954646
2015-06-01,3.507810075166344
2015-06-02,3.4920774171122764
2015-06-03,3.496233331034864
2015-06-04,3.466697907187917
2015-06-05,3.497533156800073
2015-06-08,3.459023470116121
2015-06-09,3.465663284351352
2015-06-10,3.5270026162641326
2015-06-11,3.5323885291572705
2015-06-12,3.4980954098550296
2015-06-15,3.5120022735407352
2015-06-16,3.5226138547232266
2015-06-17,3.527065212018055
2015-06-18,3.5747089882966194
2015-06-19,3.574179996748602
2015-06-22,3.578388249117377
2015-06-23,3.5778299800429028
2015-06-24,3.525629406405901
2015-06-25,3.546685366178036
2015-06-26,3.511166469548231
2015-06-29,3.416681626869669
2015-06-30,3.46000055617881
2015-07-01,3.464896414597627
2015-07-02,3.4520665437302838
2015-07-06,3.433901353475816
2015-07-07,3.4383227781040455
2015-07-08,3.3640956327041933
2015-07-09,3.409450916821218
2015-07-10,3.455986313928214
2015-07-13,3.4851134801961554
2015-07-14,3.5056241496296217
2015-07-15,3.49108903712624
2015-07-16,3.5672819922479992
2015-07-17,3.561549880681325
2015-07-20,3.54111844014873
2015-07-21,3.5203532371155974
2015-07-22,3.516314437304689
2015-07-23,3.4963102197261002
2015-07-24,3.4343518959880224
2015-07-27,3.3853271978802506
2015-07-28,3.4292665771441277
2015-07-29,3.4432600095945776
2015-07-30,3.4315018571742204
2015-07-31,3.4460798681304246
2015-08-03,3.433737579785155
2015-08-04,3.4667740866714034
2015-08-05,3.508497506595661
2015-08-06,3.4704438223723444
2015-08-07,3.455102582234415
2015-08-10,3.484423938929948
2015-08-11,3.4496643829931757
2015-08-12,3.4337983694097316
2015-08-13,3.4632374093756053
2015-08-14,3.468374378937308
2015-08-17,3.5048047976783967
2015-08-18,3.5004711036329557
2015-08-19,3.493115710072677
2015-08-20,3.351567377226562
2015-08-21,3.2637989767978364
2015-08-24,3.105776113047889
2015-08-25,3.106962003075314
2015-08-26,3.2387290082635625
2015-08-27,3.318833622694953
2015-08-28,3.3230139564960246
2015-08-31,3.301518059426821
2015-09-01,3.1703446295095548
2015-09-02,3.197097415717134
2015-09-03,3.1872674661076847
2015-09-04,3.178906965993359
2015-09-08,3.200390906801693
2015-09-09,3.202323778253255
2015-09-10,3.221176862073443
2015-09-11,3.2321851195178977
2015-09-14,3.2263276796442595
2015-09-15,3.234426036378957
2015-09-16,3.245307865639847
2015-09-17,3.2513413763169425
2015-09-18,3.2319533250467827
2015-09-21,3.227077310853207
2015-09-22,3.210466979026115
2015-09-23,3.2078143713917644
2015-09-24,3.1993099349237566
2015-09-25,3.179526812794062
2015-09-28,3.136791181593134
2015-09-29,3.131521506979204
2015-09-30,3.1643851740569726
2015-10-01,3.1808024484651742
2015-10-02,3.188768185425786
2015-10-05,3.195087188544936
2015-10-06,3.1838354525240327
2015-10-07,3.1951796809968447
2015-10-08,3.204693429951518
2015-10-09,3.207865747383911
2015-10-12,3.210346651382276
2015-10-13,3.2158581491398945
2015-10-14,3.2040047863753935
2015-10-15,3.2204886265094803
2015-10-16,3.2250479199926243
2015-10-19,3.2379168524346227
2015-10-20,3.2359585261328916
2015-10-21,3.2299751574567908
2015-10-22,3.241777344180469
2015-10-23,3.2427118439598632
2015-10-26,3.244931435099708
2015-10-27,3.2393418695816556
2015-10-28,3.251279258610015
2015-10-29,3.247249480325711
2015-10-30,3.2491212778370344
2015-11-02,3.251384504107732
2015-11-03,3.2517036734809923
2015-11-04,3.2594340069783803
2015-11-05,3.2711730093061493
2015-11-06,3.268628795298807
2015-11-09,3.2323976545237665
2015-11-10,3.2503450857840335
2015-11-11,3.260564622313679
2015-11-12,3.2166534018352197
2015-11-13,3.17382215488227
2015-11-16,3.204728798477625
2015-11-17,3.200029606447436
2015-11-18,3.2467466270053986
2015-11-19,3.2532489280776384
2015-11-20,3.2767631702188167
2015-11-23,3.28444292423602
2015-11-24,3.2809273890469033
2015-11-25,3.287990659764882
2015-11-27,3.294597478463381
2015-11-30,3.2764080287403434
2015-12-01,3.31303127269766
2015-12-02,3.2906062402163823
2015-12-03,3.2558381129500344
2015-12-04,3.3178248442318306
2015-12-07,3.2936552230910694
2015-12-08,3.2904501295703725
2015-12-09,3.2473460257312086
2015-12-10,3.255301907284996
2015-12-11,3.2056926187150943
2015-12-14,3.2241017838013386
2015-12-15,3.255115750807556
2015-12-16,3.2762703642438122
2015-12-17,3.2391091756825925
2015-12-18,3.196939930236775
2015-12-21,3.214874059117868
2015-12-22,3.2383488750799896
2015-12-23,3.260444779324932
2015-12-24,3.258599792042654
2015-12-28,3.270829623309199
2015-12-29,3.310601390192896
2015-12-30,3.2843497446117524
2015-12-31,3.2419593850508592
2016-01-04,3.1552669090834327
2016-01-05,3.182134923297809
2016-01-06,3.1471370277478625
2016-01-07,3.066151310632084
2016-01-08,3.0205272207907496
2016-01-11,3.0236614466767473
2016-01-12,3.053710428957254
2016-01-13,2.9533293385580546
2016-01-14,3.0077257841721936
2016-01-15,2.9301039860138194
2016-01-19,2.9371119637392074
2016-01-20,2.9168350272684926
2016-01-21,2.920479970341957
2016-01-22,2.983494638985173
2016-01-25,2.9423788258186647
2016-01-26,2.958024797694285
2016-01-27,2.9104286408142266
2016-01-28,2.9519162695298706
2016-01-29,2.9966584358313084
2016-02-01,3.0009596112967873
2016-02-02,2.9961961065527745
2016-02-03,2.9893522520324507
2016-02-04,2.979490707064226
2016-02-05,2.9698013890091604
2016-02-08,2.967178563105263
2016-02-09,2.976139065149272
2016-02-10,2.9782852659805608
2016-02-11,2.9685303445378084
2016-02-12,2.973780026758903
2016-02-16,2.993929309586843
2016-02-17,2.9975844548698998
2016-02-18,2.9973045035753065
2016-02-19,2.996187879332484
2016-02-22,3.003943339264089
2016-02-23,3.0031600107504426
2016-02-24,3.013941049259675
2016-02-25,3.0325197213697974
2016-02-26,3.013465412041568
2016-02-29,3.0127263571271383
2016-03-01,3.01922709307321
2016-03-02,3.027107264557915
2016-03-03,3.034129430398711
2016-03-04,3.0309448213560777
2016-03-07,3.037085915949312
2016-03-08,3.024490762503297
2016-03-09,3.037848825183386
2016-03-10,3.0436477983253916
2016-03-11,3.0605390594804978
2016-03-14,3.0566021158213723
2016-03-15,3.053480501037668
2016-03-16,3.0696288411347266
2016-03-17,3.085956605638269
2016-03-18,3.0876432533171174
2016-03-21,3.085548970985083
2016-03-22,3.078916122405796
2016-03-23,3.060791887788851
2016-03-24,3.060167376009427
2016-03-28,3.0649985987163073
2016-03-29,3.0907301987738376
2016-03-30,3.0937898956009215
2016-03-31,3.0887871823146136
2016-04-01,3.094641746524824
2016-04-04,3.063467552560984
2016-04-05,3.034951326919353
2016-04-06,3.0597051290492376
2016-04-07,3.037658159722358
2016-04-08,3.050769567474538
2016-04-11,3.0686931862901647
2016-04-12,3.0918997836971265
2016-04-13,3.1163415782168573
2016-04-14,3.1002833991774796
2016-04-15,3.1124362187905916
2016-04-18,3.1283151506893443
2016-04-19,3.179014231538822
2016-04-20,3.1849837522018825
2016-04-21,3.165205007377252
2016-04-22,3.1660164046374955
2016-04-25,3.1393575369758016
2016-04-26,3.174331662260536
2016-04-27,3.210306271690771
2016-04-28,3.171331441924606
2016-04-29,3.1844817556787377
2016-05-02,3.205433846987738
2016-05-03,3.1456497344852137
2016-05-04,3.136336157680992
2016-05-05,3.1407862708875607
2016-05-06,3.1844550288971534
2016-05-09,3.1410758626406183
2016-05-10,3.1867330359562978
2016-05-11,3.18895588805433
2016-05-12,3.17912963506823
2016-05-13,3.1555652447393796
2016-05-16,3.2092510418204836
2016-05-17,3.190124303683474
2016-05-18,3.1337938027771033
2016-05-19,3.15134613838247
2016-05-20,3.171613390425599
2016-05-23,3.181812781687567
2016-05-24,3.201302250772683
2016-05-25,3.224182059563977
2016-05-26,3.2199427374974623
2016-05-27,3.2268905031924486
2016-05-31,3.243533178428678
2016-06-01,3.2464194812508143
2016-06-02,3.2634513873703517
2016-06-03,3.289166026842646
2016-06-06,3.3368465419004645
2016-06-07,3.348920737809185
2016-06-08,3.3570057036538636
2016-06-09,3.328416905399818
2016-06-10,3.2542636158974023
2016-06-13,3.236962057182518
2016-06-14,3.2196822690875333
2016-06-15,3.24421581291097
2016-06-16,3.2406242096286784
2016-06-17,3.2726757815657725
2016-06-20,3.2995008443003226
2016-06-21,3.310988624895634
2016-06-22,3.2956440782758256
2016-06-23,3.345069964058401
2016-06-24,3.2092606212536388
2016-06-27,3.1164494904739612
2016-06-28,3.197343891589917
2016-06-29,3.2584718143111924
2016-06-30,3.303877691436443
2016-07-01,3.333338669967742
2016-07-05,3.303242958125865
2016-07-06,3.323463162580222
2016-07-07,3.3082256810730044
2016-07-08,3.370019768382671
2016-07-11,3.3739697606637327
2016-07-12,3.409211487904345
2016-07-13,3.391178609777021
2016-07-14,3.4055719600472156
2016-07-15,3.394523254242096
2016-07-18,3.4195832766862955
2016-07-19,3.4028287757874516
2016-07-20,3.3948468951857134
2016-07-21,3.365285757875625
2016-07-22,3.414002570146201
2016-07-25,3.4167420917652316
2016-07-26,3.4341286661567465
2016-07-27,3.4122957163785452
2016-07-28,3.41742151830735
2016-07-29,3.4324441054733463
2016-08-01,3.3992127942597796
2016-08-02,3.3692105921400013
2016-08-03,3.3793750941779175
2016-08-04,3.377846326283537
2016-08-05,3.411389203879666
2016-08-08,3.4140238406297843
2016-08-09,3.408003545164674
2016-08-10,3.4026157788508296
2016-08-11,3.4243589267098757
2016-08-12,3.429884983238586
2016-08-15,3.4576291248872053
2016-08-16,3.419287411462481
2016-08-17,3.4086378504358184
2016-08-18,3.446351623576321
2016-08-19,3.4744150123947666
2016-08-22,3.4629233781258013
2016-08-23,3.48510429888111
2016-08-24,3.4199934833322043
2016-08-25,3.4207390933894186
2016-08-26,3.4213856980981046
2016-08-29,3.4415973863815856
2016-08-30,3.4119820074433385
2016-08-31,3.3905895381509725
2016-09-01,3.391293638675374
2016-09-02,3.4276580035533675
2016-09-06,3.4448409533722324
2016-09-07,3.4446917042057343
2016-09-08,3.4470617476654706
2016-09-09,3.349745244964271
2016-09-12,3.3896312375079214
2016-09-13,3.3248646109286626
2016-09-14,3.3259313477598624
2016-09-15,3.355093304323591
2016-09-16,3.360679414606889
2016-09-19,3.3786684043707624
2016-09-20,3.375198499653397
2016-09-21,3.432924710902215
2016-09-22,3.460306955104685
2016-09-23,3.4282659072371118
2016-09-26,3.4093124343696948
2016-09-27,3.426416374434205
2016-09-28,3.479194736513703
2016-09-29,3.4586650670785404
2016-09-30,3.4789941161194484
2016-10-03,3.4786980961883565
2016-10-04,3.4532484054871464
2016-10-05,3.482607838453084
2016-10-06,3.496127784307607
2016-10-07,3.4852544947284634
2016-10-10,3.514056157212638
2016-10-11,3.4394831381615436
2016-10-12,3.446985807567745
2016-10-13,3.4101283820437143
2016-10-14,3.4176129107035895
2016-10-17,3.3893661729584226
2016-10-18,3.4126582101325575
2016-10-19,3.44761482060696
2016-10-20,3.454404887902842
2016-10-21,3.4416754561974483
2016-10-24,3.464473867924712
2016-10-25,3.4618043184300737
2016-10-26,3.4478751467961826
2016-10-27,3.40032344659403
2016-10-28,3.382907495407872
2016-10-31,3.3425258827759805
2016-11-01,3.33210224598018
2016-11-02,3.2935613167245905
2016-11-03,3.2766774370818657
2016-11-04,3.2463815127313347
2016-11-07,3.3303355583860923
2016-11-08,3.3417904983178888
2016-11-09,3.3740241173229784
2016-11-10,3.344561198400357
2016-11-11,3.373066770915859
2016-11-14,3.369857952622549
2016-11-15,3.397030999454103
2016-11-16,3.4179174729979427
2016-11-17,3.4700783700346043
2016-11-18,3.499428497182967
2016-11-21,3.5378681652749076
2016-11-22,3.5459275752567803
2016-11-23,3.559031461603226
2016-11-25,3.5710966312449544
2016-11-28,3.5497590863521262
2016-11-29,3.554024847985495
2016-11-30,3.552969480747001
2016-12-01,3.486915087312566
2016-12-02,3.5038386202451455
2016-12-05,3.5521338301090877
2016-12-06,3.601179172858097
2016-12-07,3.6336121474834817
2016-12-08,3.697169722918276
2016-12-09,3.700664516265797
2016-12-12,3.6780508390381557
2016-12-13,3.6772651713434086
2016-12-14,3.6352638038144787
2016-12-15,3.6776872011886135
2016-12-16,3.6284488643160993
2016-12-19,3.6419088449383366
2016-12-20,3.6899103185552815
2016-12-21,3.6810056159230293
2016-12-22,3.662718477264202
2016-12-23,3.673967054423238
2016-12-27,3.696347661543671
2016-12-28,3.6366198674103245
2016-12-29,3.622759791834544
2016-12-30,3.601750937210488
2017-01-03,3.6321136952882718
2017-01-04,3.663623686813947
2017-01-05,3.640930317227574
2017-01-06,3.6522176292912265
2017-01-09,3.63919910765522
2017-01-10,3.665984002964826
2017-01-11,3.678093178847082
2017-01-12,3.6452255238574827
2017-01-13,3.6621406370781253
2017-01-17,3.562392028136767
2017-01-18,3.5982369419148266
2017-01-19,3.5694486717166027
2017-01-20,3.591316526940046
2017-01-23,3.567163752192138
2017-01-24,3.627431876188181
2017-01-25,3.6805660974653724
2017-01-26,3.6981030777339834
2017-01-27,3.6838886981011294
2017-01-30,3.6466835514524085
2017-01-31,3.6189670865143793
2017-02-01,3.677080756199273
2017-02-02,3.6609467730697425
2017-02-03,3.6999547344613797
2017-02-06,3.7129889736166115
2017-02-07,3.7073518942739767
2017-02-08,3.6992040553771117
2017-02-09,3.7389016320561512
2017-02-10,3.74665016777815
2017-02-13,3.7620774048432692
2017-02-14,3.7666778256453406
2017-02-15,3.778060660836169
2017-02-16,3.759650011645595
2017-02-17,3.7571168676408178
2017-02-21,3.795359934156233
2017-02-22,3.785258071115185
2017-02-23,3.755724419503929
2017-02-24,3.7493659309113183
2017-02-27,3.799277792140118
2017-02-28,3.773629568597371
2017-03-01,3.8709571515954826
2017-03-02,3.809671312552101
2017-03-03,3.8221440651528216
2017-03-06,3.8043282480970224
2017-03-07,3.7832918072182786
2017-03-08,3.7782500005154267
2017-03-09,3.793908624657965
2017-03-10,3.8369656362292788
2017-03-13,3.836480650040166
2017-03-14,3.7902089454887204
2017-03-15,3.8406070486252837
2017-03-16,3.8327699282392604
2017-03-17,3.8400335916688975
2017-03-20,3.878279816644384
2017-03-21,3.7679242352921483
2017-03-22,3.788589979651853
2017-03-23,3.7980578972510024
2017-03-24,3.817601013512877
2017-03-27,3.8408806046180684
2017-03-28,3.8856972700594308
2017-03-29,3.890960359697676
2017-03-30,3.8854152352588875
2017-03-31,3.867526674388597
2017-04-03,3.86261988375102
2017-04-04,3.8730537765612714
2017-04-05,3.8460935452486327
2017-04-06,3.8483318278307928
2017-04-07,3.847571407255078
2017-04-10,3.840358127333149
2017-04-11,3.8330579683308805
2017-04-12,3.813913774712403
2017-04-13,3.7861544498601183
2017-04-17,3.806387243814102
2017-04-18,3.7933945470191386
2017-04-19,3.7790244507357995
2017-04-20,3.808574610647341
2017-04-21,3.788215218158876
2017-04-24,3.819305138623483
2017-04-25,3.857231726759231
2017-04-26,3.8377521268599852
2017-04-27,3.841403721824857
2017-04-28,3.843098123705933
2017-05-01,3.8703292268884524
2017-05-02,3.8791273051360586
2017-05-03,3.854106063593405
2017-05-04,3.889618523339258
2017-05-05,3.9121647680647538
2017-05-08,3.884484922261552
2017-05-09,3.913417461069626
2017-05-10,3.9277911444133373
2017-05-11,3.9179592081363865
2017-05-12,3.9181236721838273
2017-05-15,3.9907074832635323
2017-05-16,4.029436214282153
2017-05-17,3.9137146812622263
2017-05-18,3.945006830893244
2017-05-19,3.9588374723971267
2017-05-22,3.999911431567562
2017-05-23,4.017312602796106
2017-05-24,4.010081353971995
2017-05-25,4.037484893943198
2017-05-26,4.028514709718333
2017-05-30,4.021249268115914
2017-05-31,4.042703024872741
2017-06-01,4.095525278403192
2017-06-02,4.136834120775284
2017-06-05,4.14112808984
2017-06-06,4.156734134578902
2017-06-07,4.175956758767445
2017-06-08,4.208572887374586
2017-06-09,4.075705390588499
2017-06-12,4.049224117121295
2017-06-13,4.068591022724403
2017-06-14,4.0510962024171775
2017-06-15,4.037418966344991
2017-06-16,4.031042502381174
2017-06-19,4.112296342736047
2017-06-20,4.077165892274119
2017-06-21,4.133807319164906
2017-06-22,4.140132365803139
2017-06-23,4.157965560468228
2017-06-26,4.130596625726813
2017-06-27,4.026548464730646
2017-06-28,4.107609109687407
2017-06-29,4.017607105760864
2017-06-30,4.015556382649016
2017-07-03,3.9770686938983277
2017-07-05,3.9979021169744593
2017-07-06,3.942017680343164
2017-07-07,3.9854461559476437
2017-07-10,3.97752624311613
2017-07-11,4.009744667778623
2017-07-12,4.055924643077655
2017-07-13,4.0412065389044125
2017-07-14,4.058973759484524
2017-07-17,4.039527527221049
2017-07-18,4.078538910550957
2017-07-19,4.149841025602783
2017-07-20,4.159067635244529
2017-07-21,4.164546924551964
2017-07-24,4.198066794409876
2017-07-25,4.193794368666009
2017-07-26,4.196648370298951
2017-07-27,4.122814747147737
2017-07-28,4.190472536144351
2017-07-31,4.167929730370896
2017-08-01,4.166517546917002
2017-08-02,4.140493854343663
2017-08-03,4.11091307861024
2017-08-04,4.073948672891358
2017-08-07,4.100036168753301
2017-08-08,4.075365640618615
2017-08-09,4.0504296296356515
2017-08-10,3.929883530636604
2017-08-11,3.97621978810244
2017-08-14,4.031871078626145
2017-08-15,4.027362300362978
2017-08-16,4.0441481038302864
2017-08-17,3.962705946818909
2017-08-18,3.98117598813823
2017-08-21,3.9854584455801603
2017-08-22,4.063750862332545
2017-08-23,4.069396224732113
2017-08-24,4.098373735396185
2017-08-25,4.062988297547128
2017-08-28,4.064601339459124
2017-08-29,4.0689993690497275
2017-08-30,4.108738226127921
2017-08-31,4.150389483698345
2017-09-01,4.162303166808709
2017-09-05,4.127874207119537
2017-09-06,4.113058386107576
2017-09-07,4.107397458666104
2017-09-08,4.109497675942271
2017-09-11,4.174660948021398
2017-09-12,4.175530544856599
2017-09-13,4.176300798841614
2017-09-14,4.187360674792859
2017-09-15,4.191630199378895
2017-09-18,4.234991841078024
2017-09-19,4.243578386835853
2017-09-20,4.408782163849047
2017-09-21,4.3964154296225555
2017-09-22,4.4095546912480525
2017-09-25,4.339446412323577
2017-09-26,4.331872743336936
2017-09-27,4.389586463900044
2017-09-28,4.409173766380873
2017-09-29,4.434771704183635
2017-10-02,4.470210398256831
2017-10-03,4.4651497388729835
2017-10-04,4.440863306327112
2017-10-05,4.451263561682392
2017-10-06,4.470776702077618
2017-10-09,4.458347333986495
2017-10-10,4.44446556944634
2017-10-11,4.472158195410333
2017-10-12,4.475722922725071
2017-10-13,4.49795822329353
2017-10-16,4.515062686333381
2017-10-17,4.478958491234983
2017-10-18,4.499002868827548
2017-10-19,4.472769324231804
2017-10-20,4.515994496483445
2017-10-23,4.499926580773889
2017-10-24,4.516195697226657
2017-10-25,4.4849819322557725
2017-10-26,4.505765876414821
2017-10-27,4.632299091034017
2017-10-30,4.6362036998632234
2017-10-31,4.647325573286826
2017-11-01,4.613062991832202
2017-11-02,4.619480052494058
2017-11-03,4.669327294085834
2017-11-06,4.665743699519383
2017-11-07,4.666072801013287
2017-11-08,4.722251446417064
2017-11-09,4.692414055373093
2017-11-10,4.73300504232637
2017-11-13,4.7272602724221215
2017-11-14,4.7018318578660905
2017-11-15,4.682996055162857
2017-11-16,4.735838574971744
2017-11-17,4.753965835571588
2017-11-20,4.799883955385272
2017-11-21,4.885230206138273
2017-11-22,4.870382589004199
2017-11-24,4.886601754681785
2017-11-27,4.808147490717895
2017-11-28,4.819124891402677
2017-11-29,4.662353145666411
2017-11-30,4.716959040730257
2017-12-01,4.665076514161785
2017-12-04,4.5283915060126505
2017-12-05,4.548289964570033
2017-12-06,4.560750567886266
2017-12-07,4.649581870923462
2017-12-08,4.693838807785174
2017-12-11,4.6832990549013696
2017-12-12,4.670223430294219
2017-12-13,4.664042663067108
2017-12-14,4.646315401189779
2017-12-15,4.672806599257285
2017-12-18,4.698514019351108
2017-12-19,4.674052355069126
2017-12-20,4.650969398736665
2017-12-21,4.6488240807855785
2017-12-22,4.665439637266586
2017-12-26,4.661670939861084
2017-12-27,4.689737465592733
2017-12-28,4.694238787462142
2017-12-29,4.647152548752932
2018-01-02,4.701775352197753
2018-01-03,4.708677039555218
2018-01-04,4.708350288908985
2018-01-05,4.741956157238693
2018-01-08,4.766982891380325
2018-01-09,4.7610221138336195
2018-01-10,4.754339829596185
2018-01-11,4.854199395877948
2018-01-12,4.865043879657844
2018-01-16,4.781101304173246
2018-01-17,4.828861738468019
2018-01-18,4.8090630401057775
2018-01-19,4.853198567017665
2018-01-22,4.886038081976335
2018-01-23,4.880878024562487
2018-01-24,4.880386829265324
2018-01-25,4.87853770012117
2018-01-26,4.930329271080471
2018-01-29,4.875208718022504
2018-01-30,4.8350573564432775
2018-01-31,4.852687975524707
2018-02-01,4.8474055140029995
2018-02-02,4.742668286347156
2018-02-05,4.556357935978698
2018-02-06,4.61624626991196
2018-02-07,4.649242715131651
2018-02-08,4.489203078869841
2018-02-09,4.541610529116183
2018-02-12,4.619676480900129
2018-02-13,4.66471767559689
2018-02-14,4.722929121787364
2018-02-15,4.805781031434333
2018-02-16,4.743680511992533
2018-02-20,4.7424303374545245
2018-02-21,4.691586443372415
2018-02-22,4.730090316506621
2018-02-23,4.78632606798369
2018-02-26,4.884131816074815
2018-02-27,4.817805147799182
2018-02-28,4.8219622360091074
2018-03-01,4.743208837244423
2018-03-02,4.7799241577258496
2018-03-05,4.875669746960729
2018-03-06,4.932673831316736
2018-03-07,4.9408459465830905
2018-03-08,4.9645369267231905
2018-03-09,5.061124502114539
2018-03-12,5.028614023528885
2018-03-13,4.978930052269037
2018-03-14,4.983333453351552
2018-03-15,4.954702804293239
2018-03-16,4.954473942870662
2018-03-19,4.900286399747116
2018-03-20,4.952648712629472
2018-03-21,4.944617312119343
2018-03-22,4.81345626381878
2018-03-23,4.6978961608630145
2018-03-26,4.848327161377376
2018-03-27,4.744417965569774
2018-03-28,4.671615618681173
2018-03-29,4.772195854803137
2018-04-02,4.646295651478933
2018-04-03,4.719510185951301
2018-04-04,4.7730081458181965
2018-04-05,4.817949001268622
2018-04-06,4.716113937165675
2018-04-09,4.719684280658813
2018-04-10,4.837850796089628
2018-04-11,4.816423177571626
2018-04-12,4.880169844488189
2018-04-13,4.846455613640216
2018-04-16,4.886718855116006
2018-04-17,4.974739897440178
2018-04-18,4.990780963662401
2018-04-19,4.978180576437341
2018-04-20,4.931442345399454
2018-04-23,4.903587915461825
2018-04-24,4.796207300707231
2018-04-25,4.7880031053313195
2018-04-26,4.862157571707546
2018-04-27,4.86932553810965
2018-04-30,4.837686987894891
2018-05-01,4.817798649380246
2018-05-02,4.810417756921973
2018-05-03,4.852631824725513
2018-05-04,4.882095184920395
2018-05-07,4.921095161935461
2018-05-08,4.9220195517956675
2018-05-09,5.031388828628457
2018-05-10,5.075763816146811
2018-05-11,5.1104441250963974
2018-05-14,5.120933647833567
2018-05-15,5.0852623583518195
2018-05-16,5.129654532807793
2018-05-17,5.209710030126525
2018-05-18,5.195549515446787
2018-05-21,5.291093350855427
2018-05-22,5.287086625092886
2018-05-23,5.306811241782584
2018-05-24,5.332347289289936
2018-05-25,5.304449189174533
2018-05-29,5.322549212451321
2018-05-30,5.384776488473269
2018-05-31,5.350358874985238
2018-06-01,5.486496908905133
2018-06-04,5.532839655943072
2018-06-05,5.581396545280503
2018-06-06,5.615892587265175
2018-06-07,5.5965789612711205
2018-06-08,5.643860620450734
2018-06-11,5.676001116995916
2018-06-12,5.724995941806402
2018-06-13,5.700596823416962
2018-06-14,5.742224244488637
2018-06-15,5.770915462068589
2018-06-18,5.824986714567063
2018-06-19,5.850068429971872
2018-06-20,5.844755079270705
2018-06-21,5.776078930611624
2018-06-22,5.81353832088586
2018-06-25,5.672117826606995
2018-06-26,5.737108353122922
2018-06-27,5.703189106419259
2018-06-28,5.7462645003979835
2018-06-29,5.745242299064152
2018-07-02,5.803448680615875
2018-07-03,5.749530156440286
2018-07-05,5.857705388293975
2018-07-06,5.9768234671081
2018-07-09,5.997416927826831
2018-07-10,5.987915574545307
2018-07-11,5.985015178050737
2018-07-12,6.064475726723061
2018-07-13,6.007203108787388
2018-07-16,6.049767229783616
2018-07-17,6.090138759782402
2018-07-18,6.107150173661087
2018-07-19,6.087599784640304
2018-07-20,6.085052203593031
2018-07-23,6.092822536936617
2018-07-24,6.014275871388722
2018-07-25,6.094330338095558
2018-07-26,6.146183809399135
2018-07-27,6.024580705947391
2018-07-30,5.893306742269403
2018-07-31,5.911940947893718
2018-08-01,5.963247609609919
2018-08-02,6.05179876331151
2018-08-03,6.043106540447549
2018-08-06,6.113229215839512
2018-08-07,6.124751531703911
2018-08-08,6.070124277471536
2018-08-09,6.079324235045924
2018-08-10,6.10347889965887
2018-08-13,6.095296113409404
2018-08-14,6.162066217184022
2018-08-15,6.076459567665016
2018-08-16,6.131529415485486
2018-08-17,6.179775665055796
2018-08-20,6.232343533119676
2018-08-21,6.258683954584543
2018-08-22,6.273472023765948
2018-08-23,6.306088731041084
2018-08-24,6.414002013502656
2018-08-27,6.501402869256913
2018-08-28,6.508000096847445
2018-08-29,6.553410732065838
2018-08-30,6.551263764162799
2018-08-31,6.603940307027694
2018-09-04,6.708756200806285
2018-09-05,6.5868259708959105
2018-09-06,6.566000587703426
2018-09-07,6.592436993403938
2018-09-10,6.724202536086191
2018-09-11,6.7876566423439115
2018-09-12,6.768922801780026
2018-09-13,6.75153502210363
2018-09-14,6.792101457100771
2018-09-17,6.676195488205881
2018-09-18,6.712646133604657
2018-09-19,6.642163916365871
2018-09-20,6.669078191824287
2018-09-21,6.659772296076677
2018-09-24,6.681385900902869
2018-09-25,6.838152368113229
2018-09-26,6.844562115513532
2018-09-27,6.89017249737153
2018-09-28,6.862740550778052
2018-10-01,6.77743903170537
2018-10-02,6.646248808350927
2018-10-03,6.658650989984206
2018-10-04,6.537631356323861
2018-10-05,6.494209564925746
2018-10-08,6.375842292371868
2018-10-09,6.326531578604568
2018-10-10,5.998052177799268
2018-10-11,5.8773019624287235
2018-10-12,6.0540082357090315
2018-10-15,5.998570272225253
2018-10-16,6.205999828806059
2018-10-17,6.153195786926448
2018-10-18,6.055226967106031
2018-10-19,5.914081143546523
2018-10-22,5.962882980020139
2018-10-23,5.9159799816934395
2018-10-24,5.667519370950692
2018-10-25,5.68937491615438
2018-10-26,5.558001936861052
2018-10-29,5.502844661956112
2018-10-30,5.625266478047497
2018-10-31,5.756519418227832
2018-11-01,5.755296740212281
2018-11-02,5.745998740279314
2018-11-05,5.774485770493474
2018-11-06,5.775146264533621
2018-11-07,5.803162147611845
2018-11-08,5.816948783697109
2018-11-09,5.809396473943815
2018-11-12,5.795471881785607
2018-11-13,5.78061877087484
2018-11-14,5.761913941714708
2018-11-15,5.767477711377044
2018-11-16,5.77208211760094
2018-11-19,5.7448783032282345
2018-11-20,5.687725348155863
2018-11-21,5.688052268558873
2018-11-23,5.691314643420406
2018-11-26,5.700248940191291
2018-11-27,5.70092265979255
2018-11-28,5.739482943088197
2018-11-29,5.745311155828105
2018-11-30,5.75783712424116
2018-12-03,5.741141287530397
2018-12-04,5.608603289752767
2018-12-06,5.591172686532692
2018-12-07,5.474997945172767
2018-12-10,5.470854191427276
2018-12-11,5.526922289835529
2018-12-12,5.566861091289769
2018-12-13,5.5747575008281425
2018-12-14,5.493213551551143
2018-12-17,5.325157045468471
2018-12-18,5.293996830736965
2018-12-19,5.246335048512461
2018-12-20,5.155087101784042
2018-12-21,5.08171144600268
2018-12-24,4.93616380215598
2018-12-26,5.146424889624655
2018-12-27,5.207131330554386
2018-12-28,5.206257948678608
2018-12-31,5.251867931587164
2019-01-02,5.202628363914043
2019-01-03,5.1770979977314955
2019-01-04,5.217453282433322
2019-01-07,5.221230243740728
2019-01-08,5.234712995801409
2019-01-09,5.231246930885803
2019-01-10,5.241994275030563
2019-01-11,5.241557296900644
2019-01-14,5.226437631743722
2019-01-15,5.248226042448648
2019-01-16,5.2488881974976165
2019-01-17,5.261380603468676
2019-01-18,5.267540906379981
2019-01-22,5.259620423323577
2019-01-23,5.273314189709891
2019-01-24,5.257661516821658
2019-01-25,5.265188969246489
2019-01-28,5.258982218464394
2019-01-29,5.25935377573573
2019-01-30,5.268105055966169
2019-01-31,5.298332502218341
2019-02-01,5.302380944602766
2019-02-04,5.336344239916847
2019-02-05,5.374487514422217
2019-02-06,5.354788464037591
2019-02-07,5.294654208319646
2019-02-08,5.339192377595086
2019-02-11,5.374840909589815
2019-02-12,5.4509067620334735
2019-02-13,5.4504008462056515
2019-02-14,5.4618132311670555
2019-02-15,5.532314431456853
2019-02-19,5.556123885892231
2019-02-20,5.512127928080056
2019-02-21,5.504760647576279
2019-02-22,5.6821973614911085
2019-02-25,5.717282353030153
2019-02-26,5.701566474964178
2019-02-27,5.695070118016285
2019-02-28,5.688309507076057
2019-03-01,5.726146063175538
2019-03-04,5.660837471853237
2019-03-05,5.649975596592642
2019-03-06,5.604151057653303
2019-03-07,5.558544320126005
2019-03-08,5.57282694043222
2019-03-11,5.687777597069062
2019-03-12,5.669856221506504
2019-03-13,5.707851625444467
2019-03-14,5.695188252297643
2019-03-15,5.693931894254232
2019-03-18,5.691223514085468
2019-03-19,5.682230988459275
2019-03-20,5.669173681712517
2019-03-21,5.751989218386229
2019-03-22,5.614526003524106
2019-03-25,5.608149340559109
2019-03-26,5.631808126182756
2019-03-27,5.583409840749151
2019-03-28,5.6286819774308645
2019-03-29,5.710429458614129
2019-04-01,5.773852622969988
2019-04-02,5.758719372423945
2019-04-03,5.7736670593931825
2019-04-04,5.689337384981761
2019-04-05,5.709499773726412
2019-04-08,5.7443145158652404
2019-04-09,5.739753872554351
2019-04-10,5.803856009579795
2019-04-11,5.807677280908404
2019-04-12,5.83636169842577
2019-04-15,5.847835152920877
2019-04-16,5.850597009999608
2019-04-17,5.767546536632144
2019-04-18,5.781356279183347
2019-04-22,5.828969249875987
2019-04-23,5.89056101934037
2019-04-24,5.870126061796397
2019-04-25,5.829021307474128
2019-04-26,5.849112089234812
2019-04-29,5.890592600489073
2019-04-30,5.919534704927039
2019-05-01,5.85853366144478
2019-05-02,5.8888959633620095
2019-05-03,6.085684056338037
2019-05-06,6.0781299290403235
2019-05-07,5.884585651225797
2019-05-08,5.910161047428579
2019-05-09,5.881123610898617
2019-05-10,5.894919723633142
2019-05-13,5.675660983851551
2019-05-14,5.834070360008714
2019-05-15,5.933780127964581
2019-05-16,6.036604870925591
2019-05-17,5.95878961429954
2019-05-20,5.843703974045527
2019-05-21,5.866266042079048
2019-05-22,5.802645229477721
2019-05-23,5.7147230352122
2019-05-24,5.708577101485363
2019-05-28,5.699608676839158
2019-05-29,5.611862510420987
2019-05-30,5.697010534880263
2019-05-31,5.610773553872458
2019-06-03,5.537043259265411
2019-06-04,5.646583030476857
2019-06-05,5.738398977860118
2019-06-06,5.807414530066628
2019-06-07,5.887312060699782
2019-06-10,5.939396973054604
2019-06-11,5.903170325648101
2019-06-12,5.933488720428757
2019-06-13,5.95636320959717
2019-06-14,5.920510979109189
2019-06-17,5.912422190948513
2019-06-18,5.944370070202795
2019-06-19,6.046060879408711
2019-06-20,6.099450465245059
2019-06-21,6.063790136349638
2019-06-24,5.9994730666038905
2019-06-25,5.8868886767623065
2019-06-26,5.865269181065601
2019-06-27,5.918123762914267
2019-06-28,5.949904753344856
2019-07-01,6.0073869427373285
2019-07-02,6.057076193070102
2019-07-03,6.105422069110267
2019-07-05,6.140712346649253
2019-07-08,6.141596280640083
2019-07-09,6.17142205020347
2019-07-10,6.172752421275124
2019-07-11,6.159172038639665
2019-07-12,6.192187584190609
2019-07-15,6.225381259014565
2019-07-16,6.176981532357812
2019-07-17,6.15848239955394
2019-07-18,6.1830673754808485
2019-07-19,6.133902697538406
2019-07-22,6.182772387979019
2019-07-23,6.187088753168346
2019-07-24,6.260476720596785
2019-07-25,6.25928095641925
2019-07-26,6.2868464118798855
2019-07-29,6.161486813144149
2019-07-30,6.1461587620107565
2019-07-31,6.073813382635884
2019-08-01,6.057627932113763
2019-08-02,5.982251834839928
2019-08-05,5.759448270428121
2019-08-06,5.950958963617967
2019-08-07,6.008362297674815
2019-08-08,6.229834762059242
2019-08-09,6.238160555824512
2019-08-12,6.100049893826207
2019-08-13,6.161529994202228
2019-08-14,5.948724926773953
2019-08-15,5.9674713743502386
2019-08-16,6.06839719968927
2019-08-19,6.025001573181039
2019-08-20,6.043661169679183
2019-08-21,6.152214530833171
2019-08-22,6.140276205990745
2019-08-23,5.998921436735249
2019-08-26,6.072998367539223
2019-08-27,6.063710538774063
2019-08-28,6.047016962304666
2019-08-29,6.1098241466771945
2019-08-30,6.07205786332984
2019-09-03,6.023160551208158
2019-09-04,6.066699029588506
2019-09-05,6.149825099672083
2019-09-06,6.1335158333592075
2019-09-09,6.081298077477748
2019-09-10,5.9900295039557125
2019-09-11,6.042251166096762
2019-09-12,6.0962889186211875
2019-09-13,6.069314964453965
2019-09-16,6.055294431194309
2019-09-17,6.084263813142471
2019-09-18,6.055085756238453
2019-09-19,6.058213843755803
2019-09-20,6.02865696878184
2019-09-23,6.026939080651138
2019-09-24,5.9295154018800185
2019-09-25,6.004108803890378
2019-09-26,5.995589529878304
2019-09-27,5.89373481152308
2019-09-30,5.919596866329292
2019-10-01,5.8584226798725165
2019-10-02,5.767605953999103
2019-10-03,5.81218487798324
2019-10-04,5.888672199105713
2019-10-07,5.850717560039468
2019-10-08,5.774626762693346
2019-10-09,5.87652892284492
2019-10-10,5.9065494203165905
2019-10-11,5.924767147183263
2019-10-14,5.916167094455619
2019-10-15,5.984853448180617
2019-10-16,5.989926871936788
2019-10-17,6.010574366749088
2019-10-18,5.977698838527453
2019-10-21,6.032423385952247
2019-10-22,6.009076753389091
2019-10-23,6.008138441667401
2019-10-24,6.103303420739465
2019-10-25,6.1038978339437735
2019-10-28,6.158049930629964
2019-10-29,6.117606469255257
2019-10-30,6.133529104656367
2019-10-31,6.110064410601567
2019-11-01,6.15456165157048
2019-11-04,6.194041503489954
2019-11-05,6.18643092275559
2019-11-06,6.189721803227757
2019-11-07,6.193893629687373
2019-11-08,6.23040185766906
2019-11-11,6.227591250165323
2019-11-12,6.219184603239497
2019-11-13,6.2105756395856195
2019-11-14,6.229020203867162
2019-11-15,6.293918773073227
2019-11-18,6.291671858650023
2019-11-19,6.2718878028093386
2019-11-20,6.140887758619843
2019-11-21,6.096276975055493
2019-11-22,6.107473037489182
2019-11-25,6.216527082323184
2019-11-26,6.215042699886388
2019-11-27,6.246124439305931
2019-11-29,6.203637353400993
2019-12-02,6.151117265491791
2019-12-03,6.14488778323397
2019-12-04,6.176452790300455
2019-12-05,6.18923688563432
2019-12-06,6.222300553946293
2019-12-09,6.1719611645168255
2019-12-10,6.178586686418958
2019-12-11,6.196940618281581
2019-12-12,6.240379022751875
2019-12-13,6.220232654416235
2019-12-16,6.306171209428997
2019-12-17,6.3369907737511015
2019-12-18,6.333405880113308
2019-12-19,6.375990956859129
2019-12-20,6.3896171089201665
2019-12-23,6.41367385981814
2019-12-24,6.436262507863372
2019-12-26,6.450714548701585
2019-12-27,6.447430486498182
2019-12-30,6.3874799383194905
2019-12-31,6.413777037739939
2020-01-02,6.471245333218051
2020-01-03,6.431731832462826
2020-01-06,6.447912860968226
2020-01-07,6.497586246045898
2020-01-08,6.553278376532334
2020-01-09,6.576620301747013
2020-01-10,6.544744822621245
2020-01-13,6.617184648218605
2020-01-14,6.622845988920363
2020-01-15,6.576926804220423
2020-01-16,6.645786715367869
2020-01-17,6.660032407311603
2020-01-21,6.681179584578933
2020-01-22,6.720827786235941
2020-01-23,6.752616897193865
2020-01-24,6.662244609307121
2020-01-27,6.505199440316654
2020-01-28,6.589993686726051
2020-01-29,6.5612377244326705
2020-01-30,6.628038610397562
2020-01-31,6.502013214326145
2020-02-03,6.6326454420317065
2020-02-04,6.788705804845752
2020-02-05,6.697011691087037
2020-02-06,6.72366209384545
2020-02-07,6.796061621818053
2020-02-10,6.9179450664034166
2020-02-11,6.892400308784643
2020-02-12,6.8575196425185805
2020-02-13,6.9077074914172245
2020-02-14,6.961350931903841
2020-02-18,7.007194423582571
2020-02-19,7.122362124368992
2020-02-20,7.092778116371693
2020-02-21,6.969204713787341
2020-02-24,6.717358166412588
2020-02-25,6.644634246571816
2020-02-26,6.663512612330975
2020-02-27,6.349294808529707
2020-02-28,6.341517345362813
2020-03-02,6.645666020891307
2020-03-03,6.47130620810758
2020-03-04,6.706274714578356
2020-03-05,6.571634245646252
2020-03-06,6.470170699438001
2020-03-09,5.893541780412211
2020-03-10,6.125440760632639
2020-03-11,5.8470077243145075
2020-03-12,5.309543460626989
2020-03-13,5.523689716338253
2020-03-16,5.037549389799862
2020-03-17,5.214500987470955
2020-03-18,5.151024318169263
2020-03-19,5.14522332729224
2020-03-20,5.009173630040712
2020-03-23,4.96993180413935
2020-03-24,5.129264865857797
2020-03-25,5.1449505535524525
2020-03-26,5.30916385841986
2020-03-27,5.29784124135202
2020-03-30,5.380988284993326
2020-03-31,5.326173375103671
2020-04-01,5.275089240342557
2020-04-02,5.328658829473794
2020-04-03,5.310683598819467
2020-04-06,5.383367293760697
2020-04-07,5.3317692430322765
2020-04-08,5.3704838480788935
2020-04-09,5.373821911998669
2020-04-13,5.397888311086356
2020-04-14,5.451712767756658
2020-04-15,5.47553678800549
2020-04-16,5.536166940890048
2020-04-17,5.573299454541498
2020-04-20,5.605962080771395
2020-04-21,5.539277733419237
2020-04-22,5.5885868294490955
2020-04-23,5.572204845057865
2020-04-24,5.604664973850231
2020-04-27,5.605392073323866
2020-04-28,5.550205263236838
2020-04-29,5.574693093271588
2020-04-30,5.568539142652698
2020-05-01,5.55872244158328
2020-05-04,5.710204750332792
2020-05-05,5.792558849941986
2020-05-06,5.771081302142943
2020-05-07,5.878094976730712
2020-05-08,5.993118997495876
2020-05-11,6.076936583238855
2020-05-12,5.936704516770978
2020-05-13,5.918448072003078
2020-05-14,5.973910470985816
2020-05-15,6.0180493212197765
2020-05-18,6.1265715840366886
2020-05-19,6.068166553279059
2020-05-20,6.174584167930491
2020-05-21,6.077191492824964
2020-05-22,6.131661669353184
2020-05-26,6.021037533523399
2020-05-27,5.953288011855478
2020-05-28,5.966969029190483
2020-05-29,6.198717908792425
2020-06-01,6.257798879846348
2020-06-02,6.292216741265987
2020-06-03,6.338794499018695
2020-06-04,6.270499812655257
2020-06-05,6.393600367800042
2020-06-08,6.515563601202364
2020-06-09,6.512798320174997
2020-06-10,6.56213838764131
2020-06-11,6.268644265536745
2020-06-12,6.326519458061243
2020-06-15,6.525351063408037
2020-06-16,6.5295121366122615
2020-06-17,6.5791250494455555
2020-06-18,6.649626755634186
2020-06-19,6.676726186783821
2020-06-22,6.636380521878832
2020-06-23,6.634894009149995
2020-06-24,6.49129060113316
2020-06-25,6.557574367925177
2020-06-26,6.407667444421823
2020-06-29,6.5082735028216545
2020-06-30,6.62342355404811
2020-07-01,6.593451119110759
2020-07-02,6.703406412520585
2020-07-06,6.810019996583368
2020-07-07,6.863979082204902
2020-07-08,7.006112371134021
2020-07-09,7.030306250078717
2020-07-10,7.0762181551671475
2020-07-13,6.910478553231467
2020-07-14,7.015462179833827
2020-07-15,7.066630274293885
2020-07-16,6.99090270244441
2020-07-17,7.108307460171964
2020-07-20,7.2932366840447065
2020-07-21,7.214470042122799
2020-07-22,7.24865090501561
2020-07-23,7.062608846330236
2020-07-24,6.989709745994621
2020-07-27,7.241035681180977
2020-07-28,7.198566368730209
2020-07-29,7.372914855578199
2020-07-30,7.369423645746374
2020-07-31,7.389923713629497
2020-08-03,7.603255932899616
2020-08-04,7.643735313640503
2020-08-05,7.778116562029846
2020-08-06,7.8766174737454
2020-08-07,7.702655739142956
2020-08-10,7.565772675884299
2020-08-11,7.446568436841919
2020-08-12,7.597947880950864
2020-08-13,7.641572646473431
2020-08-14,7.679748817018949
2020-08-17,7.8612888712839535
2020-08-18,7.897975462422912
2020-08-19,7.912581786935827
2020-08-20,8.022184212364747
2020-08-21,7.926146737271268
2020-08-24,7.927561230881427
2020-08-25,8.016603558353385
2020-08-26,8.14035032698099
2020-08-27,8.15047597723889
2020-08-28,8.186401179459576
2020-08-31,8.26494598380703
2020-09-01,8.492866293304774
2020-09-02,8.421206971194556
2020-09-03,7.949198022925311
2020-09-04,7.812133188404943
2020-09-08,7.463453173023167
2020-09-09,7.623417317340992
2020-09-10,7.498443813639535
2020-09-11,7.42787849389606
2020-09-14,7.553544422285201
2020-09-15,7.605149827921745
2020-09-16,7.57127620293733
2020-09-17,7.461636834790938
2020-09-18,7.462924509651806
2020-09-21,7.5721871554863815
2020-09-22,7.774247091829738
2020-09-23,7.566259050816025
2020-09-24,7.539936843440377
2020-09-25,7.633950379768388
2020-09-28,7.759856091534747
2020-09-29,7.778305507649197
2020-09-30,7.806698239913864
2020-10-01,7.920980223743332
2020-10-02,7.875940531118647
2020-10-05,8.077545668943134
2020-10-06,7.97454116069067
2020-10-07,8.129696779238984
2020-10-08,8.159889931565363
2020-10-09,8.266467493775899
2020-10-12,8.297355878807668
2020-10-13,8.37668033755414
2020-10-14,8.349428693883642
2020-10-15,8.364973090700705
2020-10-16,8.328854949170177
2020-10-19,8.258372179707845
2020-10-20,8.234751800630153
2020-10-21,8.078490638765965
2020-10-22,8.11326635115343
2020-10-23,8.18310168028313
2020-10-26,8.005209387175304
2020-10-27,8.008953029704896
2020-10-28,7.792104776818768
2020-10-29,7.822968830700196
2020-10-30,7.603602597525747
2020-11-02,7.733665847937529
2020-11-03,7.87159287346174
2020-11-04,7.86757743155106
2020-11-05,8.168295633886903
2020-11-06,8.317708945862622
2020-11-09,8.25204756939923
2020-11-10,8.170095344570308
2020-11-11,8.262748715374121
2020-11-12,8.155870022390308
2020-11-13,8.261825475952449
2020-11-16,8.372109834235237
2020-11-17,8.433371023262554
2020-11-18,8.368537654962658
2020-11-19,8.461013186060434
2020-11-20,8.4940756031406
2020-11-23,8.6928497824864
2020-11-24,8.848651992019976
2020-11-25,8.877898564891806
2020-11-27,8.902515307188718
2020-11-30,8.842217894877184
2020-12-01,8.89400568087904
2020-12-02,8.942764558315279
2020-12-03,9.15469799889453
2020-12-04,9.223815219027403
2020-12-07,9.330075963168525
2020-12-08,9.357484640965614
2020-12-09,9.146810665823798
2020-12-10,9.246549642209185
2020-12-11,9.188079524598843
2020-12-14,9.073323066458716
2020-12-15,9.15380331746048
2020-12-16,9.170364259527807
2020-12-17,9.297029958864954
2020-12-18,9.271159617378272
2020-12-21,9.219579772489006
2020-12-22,9.165985229096176
2020-12-23,9.21283595381214
2020-12-24,9.231686868128758
2020-12-28,9.115336672816316
2020-12-29,9.139173436804779
2020-12-30,9.373539736011983
2020-12-31,9.353633778964646
2021-01-04,9.369291443508315
2021-01-05,9.661785328193986
2021-01-06,9.925888868899033
2021-01-07,10.258490749295703
2021-01-08,10.314815057187715
2021-01-11,10.18788511222739
2021-01-12,10.34205820985259
2021-01-13,10.238608239639074
2021-01-14,10.475886603087371
2021-01-15,10.258604002194646
2021-01-19,10.417669484916386
2021-01-20,10.367553967016125
2021-01-21,10.235957583280188
2021-01-22,10.299565831786442
2021-01-25,10.269091903182806
2021-01-26,10.069100915545532
2021-01-27,9.710856157344217
2021-01-28,9.969555019362673
2021-01-29,9.821599472628412
2021-02-01,10.054996021197516
2021-02-02,10.241910409176228
2021-02-03,10.52069405151593
2021-02-04,10.664277397240978
2021-02-05,10.825467175586102
2021-02-08,11.250578863351896
2021-02-09,11.365111785242386
2021-02-10,11.252888473990907
2021-02-11,11.292728429347521
2021-02-12,11.41884622792986
2021-02-16,11.425367370579712
2021-02-17,11.476257821176837
2021-02-18,11.200430087850307
2021-02-19,11.494377361255342
2021-02-22,11.437204170935699
2021-02-23,11.370720907062093
2021-02-24,11.502587815521817
2021-02-25,11.188693398952728
2021-02-26,11.184636580955662
2021-03-01,11.533988929130349
2021-03-02,11.431132817713436
2021-03-03,11.424385204631493
2021-03-04,11.22264849637449
2021-03-05,11.522587407820449
2021-03-08,11.69856296990831
2021-03-09,11.746577631556173
2021-03-10,11.97666442128494
2021-03-11,12.359485062752876
2021-03-12,12.516119798667308
2021-03-15,12.667459569591589
2021-03-16,12.564978156193435
2021-03-17,12.71026426865969
2021-03-18,12.465934325003271
2021-03-19,12.669704650896163
2021-03-22,12.521014819282048
2021-03-23,11.899348126470496
2021-03-24,11.485715144580343
2021-03-25,11.539384946028624
2021-03-26,11.560448235174794
2021-03-29,11.322799909634712
2021-03-30,11.423388681066301
2021-03-31,11.565157891131193
2021-04-01,11.740923042737801
2021-04-05,11.666963475721007
2021-04-06,11.674970756610433
2021-04-07,11.631335516762777
2021-04-08,11.626871921294809
2021-04-09,11.638113895967118
2021-04-12,11.560329275524179
2021-04-13,11.495196057695074
2021-04-14,11.767105546961623
2021-04-15,11.786412503792395
2021-04-16,11.747357699416753
2021-04-19,11.650706860251649
2021-04-20,11.330948211094036
2021-04-21,11.52639939914209
2021-04-22,11.4007592993496
2021-04-23,11.614518707349923
2021-04-26,11.806106129305991
2021-04-27,11.896697117257396
2021-04-28,12.126640918623284
2021-04-29,12.124327138019124
2021-04-30,11.910567244938736
2021-05-03,12.123935152111564
2021-05-04,11.95022169711205
2021-05-05,12.118620889446978
2021-05-06,12.08907508631875
2021-05-07,12.401240254888146
2021-05-10,12.274777505012317
2021-05-11,12.079817378416925
2021-05-12,11.82222764168109
2021-05-13,11.812048138937373
2021-05-14,12.230332729039135
2021-05-17,12.328001243198807
2021-05-18,12.135043198972154
2021-05-19,11.933703848508134
2021-05-20,11.9981847789161
2021-05-21,11.952778955741058
2021-05-24,12.07305924956606
2021-05-25,12.02154055199056
2021-05-26,12.178373943616112
2021-05-27,12.299517864619808
2021-05-28,12.312065363910369
2021-06-01,12.684079005054418
2021-06-02,12.673280990877458
2021-06-03,12.659006921692397
2021-06-04,12.77563600608314
2021-06-07,12.70429408032887
2021-06-08,12.791990670607714
2021-06-09,12.663930620939961
2021-06-10,12.588949334543704
2021-06-11,12.638436081811061
2021-06-14,12.493554907820329
2021-06-15,12.465238609540183
2021-06-16,12.352282652432516
2021-06-17,12.020026804952451
2021-06-18,11.753814402337794
2021-06-21,12.061536488663728
2021-06-22,12.05361596734879
2021-06-23,12.078885926534294
2021-06-24,12.213175461810842
2021-06-25,12.238772763668697
2021-06-28,12.118375171334904
2021-06-29,12.088884110085834
2021-06-30,12.153251280878811
2021-07-01,12.226726883630981
2021-07-02,12.19199397757254
2021-07-06,11.970186970770364
2021-07-07,11.816267779805164
2021-07-08,11.828843940174869
2021-07-09,12.049246063429178
2021-07-12,12.122389079448759
2021-07-13,12.069086545978557
2021-07-14,11.820540045410608
2021-07-15,11.702229931183215
2021-07-16,11.552613659830039
2021-07-19,11.442654551838443
2021-07-20,11.657712789842336
2021-07-21,12.006182823391951
2021-07-22,11.98198832513012
2021-07-23,12.045364647899355
2021-07-26,12.110900041745902
2021-07-27,11.925265297706844
2021-07-28,12.078216635165392
2021-07-29,11.993276566324623
2021-07-30,11.905322970367823
2021-08-02,11.792526581701104
2021-08-03,12.173108773978187
2021-08-04,12.176473588862022
2021-08-05,12.171869618730394
2021-08-06,12.278877350283306
2021-08-09,12.475858286194265
2021-08-10,12.572289604661945
2021-08-11,12.513347083549027
2021-08-12,12.64010556207745
2021-08-13,12.692437413080485
2021-08-16,12.650677712018176
2021-08-17,12.541489533472237
2021-08-18,12.441452877367151
2021-08-19,12.339811997850285
2021-08-20,12.438058409125912
2021-08-23,12.667448072864888
2021-08-24,12.692360084910797
2021-08-25,12.73644306163661
2021-08-26,12.73213352995967
2021-08-27,12.841985487295272
2021-08-30,12.85779621474756
2021-08-31,12.813453277388211
2021-09-01,12.803316129786609
2021-09-02,12.907436428689541
2021-09-03,13.00147247631316
2021-09-07,12.918164381826195
2021-09-08,12.886412019691047
2021-09-09,12.962100186719475
2021-09-10,12.888683013001229
2021-09-13,12.661012050726699
2021-09-14,12.69793657146961
2021-09-15,12.851600618386637
2021-09-16,12.88110704283284
2021-09-17,12.686235937585868
2021-09-20,12.380142271124694
2021-09-21,12.453122396829265
2021-09-22,12.614747382629977
2021-09-23,12.832322942292706
2021-09-24,12.770853915399735
2021-09-27,12.561081516903878
2021-09-28,12.18970812972643
2021-09-29,12.210588441929918
2021-09-30,12.14788690835714
2021-10-01,12.110547558922017
2021-10-04,11.963072068596206
2021-10-05,12.129803924394688
2021-10-06,12.127058677637848
2021-10-07,12.198859391356972
2021-10-08,12.179164920856552
2021-10-11,12.137377441935095
2021-10-12,12.238977299829045
2021-10-13,12.379045470501724
2021-10-14,12.550186057236067
2021-10-15,12.57484925214068
2021-10-18,12.67645327630598
2021-10-19,12.714096824762054
2021-10-20,12.802110681784267
2021-10-21,12.86254596255242
2021-10-22,12.921595395411734
2021-10-25,12.968905999205564
2021-10-26,12.99032614672135
2021-10-27,12.785580548715533
2021-10-28,13.035125737130523
2021-10-29,13.13068008456491
2021-11-01,13.183941982793154
2021-11-02,13.246061662664838
2021-11-03,13.227308724442764
2021-11-04,13.421292062650085
2021-11-05,13.596507102725493
2021-11-08,13.690034241758443
2021-11-09,13.610856193989886
2021-11-10,13.36577838977491
2021-11-11,13.472162323655004
2021-11-12,13.468301623611472
2021-11-15,13.461072614356974
2021-11-16,13.477241580205636
2021-11-17,13.449708823291163
2021-11-18,13.558093188048112
2021-11-19,13.563527363172852
2021-11-22,13.385422831384039
2021-11-23,13.360553345318092
2021-11-24,13.48479255311547
2021-11-26,13.167365595465334
2021-11-29,13.34679636148697
2021-11-30,13.018291580461407
2021-12-01,12.656422288933403
2021-12-02,12.895507982294076
2021-12-03,12.634687929957106
2021-12-06,12.51677518874844
2021-12-07,13.059258828785293
2021-12-08,13.136980585434975
2021-12-09,12.856786042969677
2021-12-10,12.991485510105552
2021-12-13,12.703742110508427
2021-12-14,12.515995600296284
2021-12-15,12.915088624480006
2021-12-16,12.595030987822792
2021-12-17,12.592014897897103
2021-12-20,12.41398264588789
2021-12-21,12.912049999716753
2021-12-22,13.086890571070688
2021-12-23,13.243239935664826
2021-12-27,13.587830285393691
2021-12-28,13.476156900294768
2021-12-29,13.443485173147296
2021-12-30,13.37409281540566
2021-12-31,13.338580627918184
2022-01-03,13.425056746622182
2022-01-04,13.442829493203448
2022-01-05,13.066748859203491
2022-01-06,13.130042416136922
2022-01-07,12.957353370776227
2022-01-10,12.94661802636959
2022-01-11,13.150350483323722
2022-01-12,13.146202439373601
2022-01-13,12.861274363982671
2022-01-14,12.932728350814306
2022-01-18,12.56768649161499
2022-01-19,12.29110475216439
2022-01-20,11.981989337351383
2022-01-21,11.708320374502565
2022-01-24,11.836767256991175
2022-01-25,11.544581591378067
2022-01-26,11.563698114516324
2022-01-27,11.383012865219866
2022-01-28,11.593141492445424
2022-01-31,11.946357908924192
2022-02-01,12.054983050165085
2022-02-02,12.115660114466927
2022-02-03,12.005806032918827
2022-02-04,12.085278892428448
2022-02-07,12.121490080525154
2022-02-08,11.967067831302906
2022-02-09,12.118303228410577
2022-02-10,12.038977125476563
2022-02-11,12.250243834534954
2022-02-14,11.940401338194633
2022-02-15,11.926746973747912
2022-02-16,12.06699942863441
2022-02-17,12.035062652271394
2022-02-18,11.935793219047854
2022-02-22,11.742686484872285
2022-02-23,11.734379210639066
2022-02-24,11.72372589117554
2022-02-25,12.035586206529697
2022-02-28,12.349375577369516
2022-03-01,12.320553557071031
2022-03-02,12.574280064610837
2022-03-03,12.627228861282603
2022-03-04,12.791349248669125
2022-03-07,12.6624367567476
2022-03-08,12.553385268869771
2022-03-09,12.633721978172007
2022-03-10,12.771043257990515
2022-03-11,12.65771457464456
2022-03-14,12.556201259330775
2022-03-15,12.600383776896724
2022-03-16,12.63991403305989
2022-03-17,12.959796478096077
2022-03-18,12.980626666949131
2022-03-21,13.217151648521735
2022-03-22,13.220575536145324
2022-03-23,13.207662887512425
2022-03-24,13.28722028767588
2022-03-25,13.480697752864055
2022-03-28,13.319523855749658
2022-03-29,13.34874880056528
2022-03-30,13.363955811233415
2022-03-31,13.21051863758425
2022-04-01,13.263633018120748
2022-04-04,13.306689560503358
2022-04-05,13.141343538892505
2022-04-06,13.191870687931095
2022-04-07,13.319971520900456
2022-04-08,13.67566265988365
2022-04-11,13.437417692666328
2022-04-12,13.584144125979432
2022-04-13,13.75437645864379
2022-04-14,13.748217373230455
2022-04-18,13.920804961650827
2022-04-19,13.891994710753222
2022-04-20,13.90615615116266
2022-04-21,13.416927271436823
2022-04-22,13.00086442306738
2022-04-25,12.73080058345971
2022-04-26,12.628976391582183
2022-04-27,12.768237846736037
2022-04-28,13.03016984260584
2022-04-29,12.649705934246985
2022-05-02,12.698315658130333
2022-05-03,12.813073560754948
2022-05-04,12.931020443600424
2022-05-05,12.78327383303074
2022-05-06,12.818183596306115
2022-05-09,12.536114916304372
2022-05-10,12.566196734757643
2022-05-11,12.574207739483752
2022-05-12,12.575404292606725
2022-05-13,12.6839347307003
2022-05-16,12.76688876644037
2022-05-17,12.846557651708979
2022-05-18,12.634226599448278
2022-05-19,12.642502455261559
2022-05-20,12.614160882639393
2022-05-23,12.764464770041462
2022-05-24,12.756115213727318
2022-05-25,12.851745469766476
2022-05-26,12.976625215922907
2022-05-27,13.058710740405786
2022-05-31,12.99437050988295
2022-06-01,12.988371153007238
2022-06-02,13.037366910736989
2022-06-03,13.014697643434609
2022-06-06,13.053607981392418
2022-06-07,13.261963729502533
2022-06-08,13.103050291223253
2022-06-09,12.84091162913491
2022-06-10,12.572606206997271
2022-06-13,12.076625406977636
2022-06-14,11.986067580275847
2022-06-15,11.94779481367542
2022-06-16,11.506020396063045
2022-06-17,11.302078463236686
2022-06-21,11.626493157120159
2022-06-22,11.463120201561557
2022-06-23,11.32813958023266
2022-06-24,11.58112039285577
2022-06-27,11.698813292758048
2022-06-28,11.704945768200707
2022-06-29,11.542162973751427
2022-06-30,11.438579127617952
2022-07-01,11.537100659658481
2022-07-05,11.51258904860542
2022-07-06,11.515030596312554
2022-07-07,11.519332053455438
2022-07-08,11.516519755300447
2022-07-11,11.475865109689174
2022-07-12,11.457982192916418
2022-07-13,11.441706646926665
2022-07-14,11.406680902296756
2022-07-15,11.449648556418342
2022-07-18,11.395941212510888
2022-07-19,11.432083738390808
2022-07-20,11.399880142365141
2022-07-21,11.39523667724794
2022-07-22,11.369332183396027
2022-07-25,11.43305271476173
2022-07-26,11.416899729882758
2022-07-27,11.41591429564761
2022-07-28,11.387198847256139
2022-07-29,11.392983476377367
2022-08-01,11.35915260691925
2022-08-02,11.35269415532614
2022-08-03,11.322664997285134
2022-08-04,11.259029647361691
2022-08-05,11.30794723135652
2022-08-08,11.35120735303899
2022-08-09,11.375161839482779
2022-08-10,11.450114481373467
2022-08-11,11.501136349760918
2022-08-12,11.529595396538191
2022-08-15,11.530625707220405
2022-08-16,11.538602074799963
2022-08-17,11.560970020970442
2022-08-18,11.62835326585465
2022-08-19,11.604598218837733
2022-08-22,11.593172094605482
2022-08-23,11.600764686202789
2022-08-24,11.678483401703561
2022-08-25,11.71854629470498
2022-08-26,11.663725495597102
2022-08-29,11.662417347076001
2022-08-30,11.542439841935046
2022-08-31,11.594297458830507
2022-09-01,11.532646231638118
2022-09-02,11.547501945763461
2022-09-06,11.504820379554005
2022-09-07,11.59107377245774
2022-09-08,11.655811103987189
2022-09-09,11.67144476151239
2022-09-12,11.65721859518146
2022-09-13,11.560366325455629
2022-09-14,11.605358387264927
2022-09-15,11.541384636446143
2022-09-16,11.525110642275699
2022-09-19,11.547415234438576
2022-09-20,11.490037005049247
2022-09-21,11.445654583253383
2022-09-22,11.395559939705125
2022-09-23,11.31993517731381
2022-09-26,11.283963379017543
2022-09-27,11.334233724567111
2022-09-28,11.449333018009666
2022-09-29,11.381244946324314
2022-09-30,11.38083832462422
2022-10-03,11.449792077094283
2022-10-04,11.59297577146717
2022-10-05,11.587659052288494
2022-10-06,11.576305770104497
2022-10-07,11.540886932481197
2022-10-10,11.537736239887458
2022-10-11,11.54578460546882
2022-10-12,11.512627485836404
2022-10-13,11.598594100741161
2022-10-14,11.502915058917061
2022-10-17,11.526409014925184
2022-10-18,11.575129793667234
2022-10-19,11.568762314845179
2022-10-20,11.542757794322938
2022-10-21,11.632767248560397
2022-10-24,11.677550870194219
2022-10-25,11.686570304741839
2022-10-26,11.746511363511425
2022-10-27,11.768402087636243
2022-10-28,11.815194820809495
2022-10-31,11.842605530599933
2022-11-01,11.871961362816892
2022-11-02,11.835415188317684
2022-11-03,11.882418791134029
2022-11-04,11.92117943585578
2022-11-07,11.97929024787528
2022-11-08,12.012181162608215
2022-11-09,11.859922923481038
2022-11-10,12.139694639464489
2022-11-11,12.139300052937308
2022-11-14,12.13228327808188
2022-11-15,12.23114850701074
2022-11-16,12.137918782212793
2022-11-17,12.170636405130299
2022-11-18,12.224297239963528
2022-11-21,12.14657803868433
2022-11-22,12.289324905176143
2022-11-23,12.296562040596827
2022-11-25,12.317714665887902
2022-11-28,12.18120494294441
2022-11-29,12.19655635141093
2022-11-30,12.407561303708432
2022-12-01,12.37938708952668
2022-12-02,12.416255219037879
2022-12-05,12.15862559832167
2022-12-06,11.989514254838511
2022-12-07,12.009278298087096
2022-12-08,12.090322373267655
2022-12-09,11.937183333359448
2022-12-12,12.106087670676821
2022-12-13,12.230493249179753
2022-12-14,12.22384979432656
2022-12-15,11.923264892900427
2022-12-16,11.820774858925757
2022-12-19,11.740498495606724
2022-12-20,11.861987268099677
2022-12-21,12.082399259337667
2022-12-22,11.894486222134358
2022-12-23,11.920001562241701
2022-12-27,11.827239532163086
2022-12-28,11.59112952958335
2022-12-29,11.730239805783514
2022-12-30,11.741376030764588
2023-01-03,11.624367964638738
2023-01-04,11.794511064938206
2023-01-05,11.779591316648803
2023-01-06,12.067138363816055
2023-01-09,12.011592287793299
2023-01-10,12.009493011298872
2023-01-11,12.018414216108715
2023-01-12,12.175440847172453
2023-01-13,12.235524334997303
2023-01-17,12.213192216911766
2023-01-18,11.984323659986819
2023-01-19,11.811619721500353
2023-01-20,12.000407879662175
2023-01-23,12.082680098935253
2023-01-24,12.123187057259427
2023-01-25,12.169104400811241
2023-01-26,12.198958036684783
2023-01-27,12.166839903941899
2023-01-30,12.04473993805479
2023-01-31,12.196680610318989
2023-02-01,12.302909631532142
2023-02-02,12.239824344620033
2023-02-03,12.165232612683095
2023-02-06,12.082185459756527
2023-02-07,12.17143258087928
2023-02-08,12.098404834781373
2023-02-09,12.047781378030814
2023-02-10,12.04573036332956
2023-02-13,12.230113231777343
2023-02-14,12.258735327565468
2023-02-15,12.298738791087574
2023-02-16,12.200897004842231
2023-02-17,12.102324804647612
2023-02-21,11.871578609437162
2023-02-22,11.8608798940858
2023-02-23,11.873234797342695
2023-02-24,11.770203295987274
2023-02-27,11.871294251088136
2023-02-28,11.984327941276934
2023-03-01,12.29091470385279
2023-03-02,12.408704149572607
2023-03-03,12.653466981276505
2023-03-06,12.588008949517233
2023-03-07,12.438332610720233
2023-03-08,12.451417506940814
2023-03-09,12.089638537633395
2023-03-10,11.82225046835434
2023-03-13,11.647004231383008
2023-03-14,11.826828653027013
2023-03-15,11.475315795308328
2023-03-16,11.764690089474746
2023-03-17,11.51602907449794
2023-03-20,11.661123948310406
2023-03-21,11.894238369808468
2023-03-22,11.643102289228361
2023-03-23,11.65581071477221
2023-03-24,11.654752533651559
2023-03-27,11.715495175592942
2023-03-28,11.737675333238203
2023-03-29,11.897994052075903
2023-03-30,11.96977737831515
2023-03-31,12.210858077281232
2023-04-03,12.252456084181512
2023-04-04,12.145917233322827
2023-04-05,11.945990659071544
2023-04-06,11.95228267087125
2023-04-10,12.16423993523636
2023-04-11,12.191503724263166
2023-04-12,12.130162950485076
2023-04-13,12.31287385669228
2023-04-14,12.333539859415188
2023-04-17,12.42396859002648
2023-04-18,12.577555351586616
2023-04-19,12.501775262689602
2023-04-20,12.343845179584147
2023-04-21,12.361256548905727
2023-04-24,12.261882884496671
2023-04-25,12.037087216123592
2023-04-26,11.970863487995514
2023-04-27,12.199635063458464
2023-04-28,12.319883282232594
2023-05-01,12.301193342219097
2023-05-02,12.05930983130956
2023-05-03,12.29370832249774
2023-05-04,12.249865045503732
2023-05-05,12.424042611256132
2023-05-08,12.490754614403071
2023-05-09,12.422865968026708
2023-05-10,12.461766799123799
2023-05-11,12.393947827424702
2023-05-12,12.323020811849975
2023-05-15,12.427679694089452
2023-05-16,12.392461030429882
2023-05-17,12.607646050511667
2023-05-18,12.840216240909983
2023-05-19,12.809378832014685
2023-05-22,12.777746625131188
2023-05-23,12.455656444981878
2023-05-24,12.453927386597844
2023-05-25,12.990085810695318
2023-05-26,13.224420161981403
2023-05-30,13.29865498648263
2023-05-31,13.110086667613233
2023-06-01,13.280901580150125
2023-06-02,13.359336785723604
2023-06-05,13.368690331958836
2023-06-06,13.54138012970331
2023-06-07,13.284192207451822
2023-06-08,13.48356182531317
2023-06-09,13.546274841726664
2023-06-12,13.761240059286289
2023-06-13,13.787601469345988
2023-06-14,13.886016951617906
2023-06-15,13.993252654449634
2023-06-16,13.920027013360631
2023-06-20,13.933498143451503
2023-06-21,13.79508493151623
2023-06-22,13.758244490657285
2023-06-23,13.647795723226139
2023-06-26,13.530313365615363
2023-06-27,13.941422741299082
2023-06-28,14.01149729883225
2023-06-29,14.076995880005281
2023-06-30,14.284890240964053
2023-07-03,14.448972321736623
2023-07-05,14.509788752130177
2023-07-06,14.214237696191825
2023-07-07,14.549271336341606
2023-07-10,14.965949329280187
2023-07-11,15.084588273923838
2023-07-12,15.301204460002845
2023-07-13,15.458222497272146
2023-07-14,15.314220870444812
2023-07-17,15.468537871303147
2023-07-18,15.803578315298946
2023-07-19,16.212996987516583
2023-07-20,15.820625165232007
2023-07-21,15.710963989830292
2023-07-24,15.767159063114349
2023-07-25,15.826901136652694
2023-07-26,15.841208165230254
2023-07-27,15.929656589670685
2023-07-28,16.352376706193773
2023-07-31,16.547892227604873
2023-08-01,16.627855239555043
2023-08-02,16.73131377877339
2023-08-03,16.654533456001236
2023-08-04,16.55577402553561
2023-08-07,16.707357585609675
2023-08-08,16.554041406364725
2023-08-09,15.82378285484774
2023-08-10,16.07705052780084
2023-08-11,15.944708480820253
2023-08-14,16.215003516789896
2023-08-15,15.999314216309275
2023-08-16,15.749435468493713
2023-08-17,15.269118255939082
2023-08-18,15.375245535947444
2023-08-21,15.607832352900447
2023-08-22,15.496595036318384
2023-08-23,15.850662851204415
2023-08-24,15.460633146895704
2023-08-25,15.66609288708524
2023-08-28,15.903723125141981
2023-08-29,16.40831837428478
2023-08-30,16.575492589126096
2023-08-31,16.482296336462415
2023-09-01,16.515987005394763
2023-09-05,16.307695143377828
2023-09-06,16.287647940531084
2023-09-07,16.28768529117776
2023-09-08,16.30585645298367
2023-09-11,16.468569952539806
2023-09-12,16.29319126994817
2023-09-13,16.15884731766907
2023-09-14,16.479433938414637
2023-09-15,16.13648001974059
2023-09-18,16.19079809453926
2023-09-19,15.970025234395317
2023-09-20,15.70750667130135
2023-09-21,15.38218837572909
2023-09-22,15.367050857020553
2023-09-25,15.406104428201347
2023-09-26,15.19357100020898
2023-09-27,15.37892012998676
2023-09-28,15.48794877886416
2023-09-29,15.487398468230793
2023-10-02,15.423632391536412
2023-10-03,15.094019132330656
2023-10-04,15.284198657434725
2023-10-05,15.324331006762735
2023-10-06,15.576679279998421
2023-10-09,15.785776478429419
2023-10-10,15.907582670753104
2023-10-11,16.09363832781561
2023-10-12,15.918713141726789
2023-10-13,15.723682886316853
2023-10-16,15.904935728942991
2023-10-17,16.012107384526914
2023-10-18,15.724265496697885
2023-10-19,15.545163963689625
2023-10-20,15.292698356258917
2023-10-23,15.267823749102767
2023-10-24,15.496194498628196
2023-10-25,15.263196278303825
2023-10-26,15.162381809733027
2023-10-27,14.979984604729848
2023-10-30,15.098546320235739
2023-10-31,15.190086907063634
2023-11-01,15.352059702193191
2023-11-02,15.511800807635996
2023-11-03,15.7257764301843
2023-11-06,15.808988581939685
2023-11-07,15.840651281636832
2023-11-08,15.865671930540222
2023-11-09,15.76667880045473
2023-11-10,15.95896367322263
2023-11-13,16.054079303151774
2023-11-14,16.402109403314437
2023-11-15,16.34285938446199
2023-11-16,16.288218917269653
2023-11-17,16.38542503903765
2023-11-20,16.527365508389128
2023-11-21,16.463525894865203
2023-11-22,16.55220429326309
2023-11-24,16.602587484295285
2023-11-27,16.60382108962053
2023-11-28,16.78473469310641
2023-11-29,16.82069841791791
2023-11-30,16.99192353937663
2023-12-01,16.986136795808857
2023-12-04,17.05849062193394
2023-12-05,17.028470196804868
2023-12-06,16.83742048622387
2023-12-07,16.946368832605046
2023-12-08,17.18549962062481
2023-12-11,17.247439451094838
2023-12-12,17.37374596215357
2023-12-13,17.681372211303295
2023-12-14,17.857911210038772
2023-12-15,17.86730829416686
2023-12-18,17.933685703173975
2023-12-19,18.16107743102568
2023-12-20,17.877548551988433
2023-12-21,18.19082464480976
2023-12-22,18.35130143377535
2023-12-26,18.469526746365233
2023-12-27,18.73785409683009
2023-12-28,18.744579680351656
2023-12-29,18.51422290352735
2024-01-02,18.25274465973008
2024-01-03,17.911311186589142
2024-01-04,17.99549145423896
2024-01-05,18.000284990388355
2024-01-08,18.309734596484873
2024-01-09,18.271552598782243
2024-01-10,18.209904274683574
2024-01-11,18.12407063168294
2024-01-12,17.780668485884483
2024-01-16,17.704288013748556
2024-01-17,17.577897915488705
2024-01-18,17.571559409457844
2024-01-19,17.909457599154546
2024-01-22,18.13691126868458
2024-01-23,18.08058162290794
2024-01-24,17.93528330841026
2024-01-25,17.9498262955609
2024-01-26,17.828800073987402
2024-01-29,18.01725426766276
2024-01-30,17.937071715808813
2024-01-31,17.686515680905057
2024-02-01,17.8193849111442
2024-02-02,18.16076175227066
2024-02-05,18.17167339988314
2024-02-06,18.23727585513199
2024-02-07,18.5170100320997
2024-02-08,18.718588877175645
2024-02-09,18.99131307565229
2024-02-12,18.96687846335637
2024-02-13,18.562053418216678
2024-02-14,19.24360824616427
2024-02-15,19.551229909370107
2024-02-16,19.08320447733959
2024-02-20,18.79370634399477
2024-02-21,18.26290166858701
2024-02-22,19.258279817691992
2024-02-23,19.146735873528193
2024-02-26,19.380659727437074
2024-02-27,19.369500242356793
2024-02-28,19.25836979673384
2024-02-29,19.66007244512296
2024-03-01,19.807766320629405
2024-03-04,20.673042433873416
2024-03-05,20.06616119331507
2024-03-06,20.868356063874334
2024-03-07,21.094089619558396
2024-03-08,21.29589749926553
2024-03-11,20.884176853237435
2024-03-12,21.33916681081685
2024-03-13,21.645546332768756
2024-03-14,21.357952652458184
2024-03-15,21.460005276508337
2024-03-18,21.26394224596617
2024-03-19,20.869309351102213
2024-03-20,21.568760613116464
2024-03-21,22.05671443591524
2024-03-22,21.832250075622355
2024-03-25,22.52264876428933
2024-03-26,22.451913948359852
2024-03-27,22.534142846970585
2024-03-28,22.420159668959272
2024-04-01,22.254446279904283
2024-04-02,21.963433278009074
2024-04-03,22.228074021588814
2024-04-04,21.787853801341498
2024-04-05,21.90410374906173
2024-04-08,22.057589605573277
2024-04-09,21.662069681342064
2024-04-10,21.740664194721663
2024-04-11,22.054446697639285
2024-04-12,21.3141061677341
2024-04-15,20.589965938335066
2024-04-16,20.651736571553773
2024-04-17,20.386127056241282
2024-04-18,20.33022502490882
2024-04-19,19.623527500417673
2024-04-22,20.11701034643748
2024-04-23,20.60486692983248
2024-04-24,20.488400576154177
2024-04-25,20.631009439689024
2024-04-26,21.19094439377796
2024-04-29,21.19579585594455
2024-04-30,20.52606109556876
2024-05-01,20.49439258854273
2024-05-02,21.372856982884514
2024-05-03,21.825523036461814
2024-05-06,22.248179205439317
2024-05-07,22.088226323417548
2024-05-08,22.329846741596654
2024-05-09,22.870193845459163
2024-05-10,22.8011813833807
2024-05-13,22.636922604006642
2024-05-14,22.855340741514496
2024-05-15,23.4916841545512
2024-05-16,23.055967244920094
2024-05-17,23.023414377565505
2024-05-20,23.100108639383947
2024-05-21,23.219334148564776
2024-05-22,22.94571383117351
2024-05-23,23.104526530993247
2024-05-24,23.61582653243259
2024-05-28,23.723978511059627
2024-05-29,23.609292421351757
2024-05-30,23.517881857259276
2024-05-31,23.04868668596563
2024-06-03,22.720701268921186
2024-06-04,22.545071132877986
2024-06-05,23.13697732965628
2024-06-06,22.924529945707135
2024-06-07,22.689686445490324
2024-06-10,23.065778936466398
2024-06-11,22.987719621812108
2024-06-12,23.254422270116287
2024-06-13,23.053927639102866
2024-06-14,22.811926125581316
2024-06-17,22.782173353511748
2024-06-18,23.020495856363905
2024-06-20,22.78643320748835
2024-06-21,22.902168777610612
2024-06-24,22.807386397590232
2024-06-25,23.32687465776376
2024-06-26,22.836006157646263
2024-06-27,22.999140855461814
2024-06-28,22.59309216608676
2024-07-01,22.47514457631547
2024-07-02,22.45303579135732
2024-07-03,22.57149942221006
2024-07-05,22.73225517841166
2024-07-08,22.79714952407125
2024-07-09,22.928233002250263
2024-07-10,23.235129053487295
2024-07-11,23.139975831742866
2024-07-12,23.3781241671857
2024-07-15,23.634762613700502
2024-07-16,23.729879749730518
2024-07-17,22.91269606712423
2024-07-18,22.589866625133528
2024-07-19,22.56636688627257
2024-07-22,22.798818741374284
2024-07-23,22.71124483598431
2024-07-24,22.008101414850977
2024-07-25,21.766691023559826
2024-07-26,22.055820487328898
2024-07-29,21.89487461457525
2024-07-30,21.468864769011976
2024-07-31,22.096576907565986
2024-08-01,22.083266108591825
2024-08-02,21.41036866187843
2024-08-05,20.825202555166715
2024-08-06,21.298740913374708
2024-08-07,20.921805229065775
2024-08-08,21.717366092606376
2024-08-09,21.82908075668622
2024-08-12,21.733291960029963
2024-08-13,22.071369525930308
2024-08-14,22.03291975263219
2024-08-15,22.31559580882343
2024-08-16,22.493604230195107
2024-08-19,22.74416030561569
2024-08-20,22.598177247938924
2024-08-21,22.85567195014323
2024-08-22,22.739365871853373
2024-08-23,23.157718577972293
2024-08-26,23.010841324609896
2024-08-27,23.061353297081002
2024-08-28,22.85849114395755
2024-08-29,22.95116509674166
2024-08-30,22.947867383153813
2024-09-03,22.318878455940055
2024-09-04,22.29863104824633
2024-09-05,22.09185182104169
2024-09-06,21.782806638643418
2024-09-09,22.16269660762972
2024-09-10,22.240296236878066
2024-09-11,22.319506807315886
2024-09-12,22.589911591236696
2024-09-13,22.821762341435207
2024-09-16,23.138394207251704
2024-09-17,23.236701503485527
2024-09-18,23.279069221418798
2024-09-19,23.51719780453932
2024-09-20,23.614363605344213
2024-09-23,23.79228436530272
2024-09-24,23.798559204773674
2024-09-25,23.700058259319785
2024-09-26,23.556970797371136
2024-09-27,23.507000212960037
2024-09-30,23.626806387565217
2024-10-01,23.693213137336393
2024-10-02,23.812305601000155
2024-10-03,23.905004698073114
2024-10-04,24.113602401872377
2024-10-07,23.929891462467054
2024-10-08,24.35344115105941
2024-10-09,24.543017825251013
2024-10-10,24.481281839198395
2024-10-11,24.70277876532778
2024-10-14,24.850219787525297
2024-10-15,24.780686237356438
2024-10-16,24.99627472642335
2024-10-17,24.710719076609543
2024-10-18,24.7652143108901
2024-10-21,24.722067641509273
2024-10-22,24.697856861483952
2024-10-23,24.626878294781257
2024-10-24,24.617213028967633
2024-10-25,24.558595626882415
2024-10-28,24.85356191841351
2024-10-29,24.869590089683857
2024-10-30,24.710214762825714
2024-10-31,24.773147123434413
2024-11-01,24.32274596199176
2024-11-04,24.101372088160538
2024-11-05,25.08434785096322
2024-11-06,26.436076782487444
2024-11-07,27.58814158901261
2024-11-08,28.336130716652136
2024-11-11,29.072198501381063
2024-11-12,29.020566848402137
2024-11-13,28.703968840037692
2024-11-14,28.460509992049474
2024-11-15,28.695128034856694
2024-11-18,29.040438315939216
2024-11-19,29.989396883936383
2024-11-20,30.18154322932091
2024-11-21,30.282188361523396
2024-11-22,31.02394688675709
2024-11-25,30.637257939102078
2024-11-26,30.52882992596055
2024-11-27,30.609350531909495
2024-11-29,30.8679866076822
2024-12-02,30.740926172958964
2024-12-03,31.15193016837017
2024-12-04,31.374673754241538
2024-12-05,31.346916089570183
2024-12-06,31.87445225940034
2024-12-09,30.738333465869427
2024-12-10,30.375082368420255
2024-12-11,30.974085915161893
2024-12-12,30.670074787466323
2024-12-13,30.95399700209151
2024-12-16,31.44717416982306
2024-12-17,31.17696395705491
2024-12-18,29.37097809944482
2024-12-19,29.223530473728538
2024-12-20,30.03963173495588
2024-12-23,29.912819676480908
2024-12-24,30.53280345360385
2024-12-26,30.436003815148926
2024-12-27,29.80174966627407
2024-12-30,29.264282013932046
2024-12-31,28.83321777480703
2025-01-02,28.930547125397986
2025-01-03,29.623470529065816
2025-01-06,29.70138019189987
2025-01-07,28.963087241507207
2025-01-08,29.13646574169242
2025-01-10,28.75076437065673
2025-01-13,28.68378507825027
2025-01-14,29.04580753930114
2025-01-15,29.71875954944321
2025-01-16,29.794481530859063
2025-01-17,30.39914169005784
2025-01-21,30.900435409881776
2025-01-22,31.160852180317733
2025-01-23,31.294425378970825
2025-01-24,31.31758483516576
2025-01-27,30.04898339432535
2025-01-28,30.800000423818027
2025-01-29,30.97578040724336
2025-01-30,31.513497690791617
2025-01-31,31.404224976214643
2025-02-03,31.176702597402553
2025-02-04,32.02199471969433
2025-02-05,32.22463274883599
2025-02-06,32.60555646523409
2025-02-07,32.463778628452985
2025-02-10,32.529163911079436
2025-02-11,32.15188287006413
2025-02-12,32.518201492486845
2025-02-13,33.73651388981881
2025-02-14,34.200392201309214
2025-02-18,34.27398871335024
2025-02-19,33.68778601958856
2025-02-20,32.546525926597425
2025-02-21,31.139677653310365
2025-02-24,30.603748826717634
2025-02-25,29.68388694792434
2025-02-26,29.817013934263738
2025-02-27,29.11419011815998
2025-02-28,29.522072831484618
2025-03-03,28.865909877547196
2025-03-04,28.271805298887454
2025-03-05,28.43995084948409
2025-03-06,27.525304376990714
2025-03-07,27.482749728935374
2025-03-10,26.17261185759815
2025-03-11,26.296064961940893
2025-03-12,26.40323282983134
2025-03-13,25.800251531992533
2025-03-14,26.383724163939135
2025-03-17,26.819232655583175
2025-03-18,26.506542203679327
2025-03-19,26.947395558477922
2025-03-20,26.974044279127895
2025-03-21,26.93128748186263
2025-03-24,27.55485865818934
2025-03-25,27.550111042762595
2025-03-26,27.28575887779514
2025-03-27,27.131496932080893
2025-03-28,26.561274892320288
2025-03-31,26.908381566190215
2025-04-01,26.99382578776978
2025-04-02,27.07467100281653
2025-04-03,26.2531782582083
2025-04-04,24.626054923016767
2025-04-07,24.432012565977725
2025-04-08,24.08904712147119
2025-04-09,25.443608886025043
2025-04-10,24.763361450582703
2025-04-11,25.129557123293832
2025-04-14,25.420297929061245
2025-04-15,25.3908930324345
2025-04-16,25.158188619231556
2025-04-17,25.31510404261265
2025-04-21,24.78103109075663
2025-04-22,25.261556253741055
2025-04-23,25.376701548976243
2025-04-24,25.61785586785571
2025-04-25,25.55233585016018
2025-04-28,25.71206502311595
2025-04-29,25.820893210775953
2025-04-30,25.815973233923945
2025-05-01,25.68635471730158
2025-05-02,25.768763644706222
2025-05-05,25.785223918242863
2025-05-06,25.732355293717962
2025-05-07,25.740805050834933
2025-05-08,25.7609220733311
2025-05-09,25.692373850267867
2025-05-12,25.627230629623885
2025-05-13,25.719105746088694
2025-05-14,25.736908018341147
2025-05-15,25.84021211003103
2025-05-16,25.897544859508656
2025-05-19,25.997596473044258
2025-05-20,26.025406667849634
2025-05-21,25.907405979572555
2025-05-22,25.91525418131156
2025-05-23,25.906517740170084
2025-05-27,25.943658054879304
2025-05-28,25.880802608043687
2025-05-29,25.83201001567184
2025-05-30,25.961730514097905
2025-06-02,25.989445974162066
2025-06-03,26.334503573961612
2025-06-04,26.27533086927575
2025-06-05,26.125617932334137
2025-06-06,26.265418063772454
2025-06-09,26.147846049515884
2025-06-10,25.942425864720963
2025-06-11,26.259717906143972
2025-06-12,26.225353680810585
2025-06-13,26.00283984904262
2025-06-16,26.29059511869354
2025-06-17,26.172163891435968
2025-06-18,26.369852941425837
2025-06-20,26.40807555055455
2025-06-23,26.603752399768588
2025-06-24,26.985796586692743
2025-06-25,26.878642790527692
2025-06-26,27.10274960276793
2025-06-27,27.181564289881717
2025-06-30,27.782328483156444
2025-07-01,27.40770587381059
2025-07-02,27.838505616550073
2025-07-03,28.05632788038329
2025-07-07,28.12854721347527
2025-07-08,27.80624282178827
2025-07-09,28.08836332830916
2025-07-10,28.166727069963862
2025-07-11,28.090795311213192
2025-07-14,28.42364335885482
2025-07-15,28.207007600937185
2025-07-16,28.3578577028331
2025-07-17,28.653443114476662
2025-07-18,28.92902326675873
2025-07-21,28.685491162760552
2025-07-22,28.459230624186965
2025-07-23,29.138877896385914
2025-07-24,28.866498065802105
2025-07-25,29.12851703356817
2025-07-28,29.130597797753108
2025-07-29,29.066318804872793
2025-07-30,29.18914081778035
2025-07-31,29.378167887169404
2025-08-01,28.619734248843724
2025-08-04,29.234143486538834
2025-08-05,29.139079025369483
2025-08-06,28.6788451150443
2025-08-07,28.87018214857221
2025-08-08,29.09614940605747
2025-08-11,29.05044101225645
2025-08-12,29.558712515195356
2025-08-13,29.43729180387137
2025-08-14,29.189192855001288
2025-08-15,29.11534782341542
2025-08-18,29.307761728402077
2025-08-19,28.522868717915703
2025-08-20,28.397173681387027
2025-08-21,28.3327737614268
2025-08-22,28.846799006536056
2025-08-25,28.863050014278453
2025-08-26,29.163877819014644
2025-08-27,29.13317619156071
2025-08-28,29.540885524386237
2025-08-29,28.934778024367656
2025-09-02,28.725740028814066
2025-09-03,28.745994601430436
2025-09-04,29.32822534728724
2025-09-05,29.237946635614932
2025-09-08,30.108905187553678
2025-09-09,30.477562209926084
2025-09-10,30.890321602765034
2025-09-11,30.942471715021803
2025-09-12,30.74335393490931
2025-09-15,30.89097701220224
2025-09-16,30.863718439389828
2025-09-17,30.72116851673898
2025-09-18,31.062020129109413
2025-09-19,31.273657285715558
2025-09-22,31.61228785012683
2025-09-23,31.55305666020597
2025-09-24,31.236810360061813
2025-09-25,30.948269149026718
2025-09-26,31.113290545128045
2025-09-29,31.69075308331461
2025-09-30,32.15902086575077
2025-10-01,32.641013581819976
2025-10-02,32.65811815677771
2025-10-03,32.33884901885546
2025-10-06,31.85033336438084
2025-10-07,31.585706885266973
2025-10-08,31.93443853184964
2025-10-09,31.73116583405646
2025-10-10,30.52906326405355
2025-10-13,31.323890317727358
2025-10-14,31.10067469670514
2025-10-15,31.495476018279458
2025-10-16,31.54803385359305
2025-10-17,31.529137018027985
2025-10-20,31.51377199260407
2025-10-21,31.59968821310894
2025-10-22,31.18928972329428
2025-10-23,32.16063913332652
2025-10-24,33.2942969011335
2025-10-27,33.71591507929441
2025-10-28,33.57264248823909
2025-10-29,34.70664469995168
2025-10-30,34.1736229664804
2025-10-31,34.76629777523621
2025-11-03,34.999863519696454
2025-11-04,33.981203250875666
2025-11-05,35.63853309679414
2025-11-06,35.42230053562797
2025-11-07,35.67019032566979
2025-11-10,36.723395013243476
2025-11-11,36.25325744907187
2025-11-12,36.183838451948006
2025-11-13,34.81278613890579
2025-11-14,34.943871803177906
2025-11-17,34.8257165114053
2025-11-18,34.62939916101781
2025-11-19,34.973492758476695
2025-11-20,33.16106629458711
2025-11-21,33.71203726570325
2025-11-24,35.33160598038949
2025-11-25,35.67410997153625
2025-11-26,36.62692091445818
2025-11-28,37.277555029898856
2025-12-01,36.9573571113797
2025-12-02,36.81355551203099
2025-12-03,36.659460299565886
2025-12-04,36.915237073849916
2025-12-05,38.00247714580721
2025-12-08,38.687567357868154
2025-12-09,39.22543875724034
2025-12-10,40.5259497205146
2025-12-11,41.167254865354145
2025-12-12,39.744890488754436
2025-12-15,39.581722970598214
2025-12-16,39.142356675345134
2025-12-17,38.590312942444655
2025-12-18,39.14154906933463
2025-12-19,40.490184168701354
2025-12-22,41.03917065780135
2025-12-23,41.131957855188396
2025-12-24,41.467731650572816
2025-12-26,41.42640658317766
2025-12-29,41.169661486894356
2025-12-30,40.963901758964944
