date,dual_sleeve_v5_universe_optimal
2000-01-03,1.0
2000-01-04,1.0
2000-01-05,1.0
2000-01-06,1.0
2000-01-07,1.0
2000-01-10,1.0
2000-01-11,1.0
2000-01-12,1.0
2000-01-13,1.0
2000-01-14,1.0
2000-01-18,1.0
2000-01-19,1.0
2000-01-20,1.0
2000-01-21,1.0
2000-01-24,1.0
2000-01-25,1.0
2000-01-26,1.0
2000-01-27,1.0
2000-01-28,1.0
2000-01-31,1.0
2000-02-01,0.9996
2000-02-02,0.9996
2000-02-03,0.9996
2000-02-04,0.9996
2000-02-07,0.9996
2000-02-08,0.9996
2000-02-09,0.9996
2000-02-10,0.9996
2000-02-11,0.9996
2000-02-14,0.9996
2000-02-15,0.9996
2000-02-16,0.9996
2000-02-17,0.9996
2000-02-18,0.9996
2000-02-22,0.9996
2000-02-23,0.9996
2000-02-24,0.9996
2000-02-25,0.9996
2000-02-28,0.9996
2000-02-29,0.9996
2000-03-01,0.9996
2000-03-02,0.9996
2000-03-03,0.9996
2000-03-06,0.9996
2000-03-07,0.9996
2000-03-08,0.9996
2000-03-09,0.9996
2000-03-10,0.9996
2000-03-13,0.9996
2000-03-14,0.9996
2000-03-15,0.9996
2000-03-16,0.9996
2000-03-17,0.9996
2000-03-20,0.9996
2000-03-21,0.9996
2000-03-22,0.9996
2000-03-23,0.9996
2000-03-24,0.9996
2000-03-27,0.9996
2000-03-28,0.9996
2000-03-29,0.9996
2000-03-30,0.9996
2000-03-31,0.9996
2000-04-03,0.9996
2000-04-04,0.9996
2000-04-05,0.9996
2000-04-06,0.9996
2000-04-07,0.9996
2000-04-10,0.9996
2000-04-11,0.9996
2000-04-12,0.9996
2000-04-13,0.9996
2000-04-14,0.9996
2000-04-17,0.9996
2000-04-18,0.9996
2000-04-19,0.9996
2000-04-20,0.9996
2000-04-24,0.9996
2000-04-25,0.9996
2000-04-26,0.9996
2000-04-27,0.9996
2000-04-28,0.9996
2000-05-01,0.9996
2000-05-02,0.9996
2000-05-03,0.9996
2000-05-04,0.9996
2000-05-05,0.9996
2000-05-08,0.9996
2000-05-09,0.9996
2000-05-10,0.9996
2000-05-11,0.9996
2000-05-12,0.9996
2000-05-15,0.9996
2000-05-16,0.9996
2000-05-17,0.9996
2000-05-18,0.9996
2000-05-19,0.9996
2000-05-22,0.9996
2000-05-23,0.9996
2000-05-24,0.9996
2000-05-25,0.9996
2000-05-26,0.9996
2000-05-30,1.001138439875165
2000-05-31,1.0021044252315106
2000-06-01,1.003322738507256
2000-06-02,1.0057404743093998
2000-06-05,1.0050190109169088
2000-06-06,1.0046567137399511
2000-06-07,1.0048746531467179
2000-06-08,1.0040041384530742
2000-06-09,1.0039677055562328
2000-06-12,1.004296042613939
2000-06-13,1.004478068786906
2000-06-14,1.0047326497327795
2000-06-15,1.0034257178815815
2000-06-16,1.0014485180961656
2000-06-19,1.0023015336882677
2000-06-20,1.0008630125118616
2000-06-21,1.000953068111379
2000-06-22,1.0000588516022193
2000-06-23,0.9998339277173698
2000-06-26,1.0000966297898526
2000-06-27,1.000059244809429
2000-06-28,0.9996094860701298
2000-06-29,0.9991208311689634
2000-06-30,0.9981782074039522
2000-07-03,0.9972676504180269
2000-07-05,0.9984507608852115
2000-07-06,0.998185685325976
2000-07-07,0.9997032916716875
2000-07-10,0.9998535125518659
2000-07-11,1.0004166120652571
2000-07-12,1.0004913190485034
2000-07-13,1.0007529739965717
2000-07-14,1.0009395117745685
2000-07-17,0.9995979228050978
2000-07-18,0.9992594518260313
2000-07-19,0.9994102298024495
2000-07-20,1.0004266419588923
2000-07-21,0.9994168980116602
2000-07-24,0.998664002335225
2000-07-25,0.9989288315032208
2000-07-26,0.9984378951725656
2000-07-27,0.9991198528745466
2000-07-28,0.9968568699773616
2000-07-31,0.9980435050861591
2000-08-01,0.9991452306215486
2000-08-02,1.000502976492822
2000-08-03,1.0008395542250381
2000-08-04,1.0024063480762357
2000-08-07,1.0036621756595312
2000-08-08,1.0032591199224705
2000-08-09,1.0024510965979085
2000-08-10,1.0027464119835054
2000-08-11,1.0040730433405805
2000-08-14,1.0052423724141843
2000-08-15,1.0048071391142368
2000-08-16,1.0036434656384907
2000-08-17,1.004522860034209
2000-08-18,1.0043406973629345
2000-08-21,1.0047419535269442
2000-08-22,1.005178545582709
2000-08-23,1.0048157117389602
2000-08-24,1.0045248026924785
2000-08-25,1.0043791290418849
2000-08-28,1.0050354842451004
2000-08-29,1.0043819034489179
2000-08-30,1.0044912857623742
2000-08-31,1.0058396797873044
2000-09-01,1.005550624031214
2000-09-05,1.0056954851268043
2000-09-06,1.0060570878224755
2000-09-07,1.0057684205953978
2000-09-08,1.0066359470250907
2000-09-11,1.007570497011054
2000-09-12,1.0077848663838722
2000-09-13,1.0072853926984031
2000-09-14,1.0067842110030951
2000-09-15,1.0057786869610257
2000-09-18,1.0038268381665427
2000-09-19,1.0035338789086259
2000-09-20,1.0020631309133803
2000-09-21,1.001691515670492
2000-09-22,1.0034792721455847
2000-09-25,1.0038105875953955
2000-09-26,1.0035534529806898
2000-09-27,1.0036270788583015
2000-09-28,1.006716797081152
2000-09-29,1.0064282536060878
2000-10-02,1.0067896219356047
2000-10-03,1.0069338732440067
2000-10-04,1.0070058929617425
2000-10-05,1.0072218051389206
2000-10-06,1.0047774454975797
2000-10-09,1.0046313160858378
2000-10-10,1.0037540410438288
2000-10-11,1.0024303484277133
2000-10-12,0.9990184228924583
2000-10-13,1.0011803106457347
2000-10-16,1.0012551735824202
2000-10-17,0.9999092870782715
2000-10-18,0.9994190282247783
2000-10-19,1.0016512718834432
2000-10-20,1.002546354078016
2000-10-23,1.0026575987980462
2000-10-24,1.0034357106967995
2000-10-25,1.0029563790396618
2000-10-26,1.0026605822472299
2000-10-27,1.0051431553874497
2000-10-30,1.0085711705802318
2000-10-31,1.0100339501416349
2000-11-01,1.0084640423826978
2000-11-02,1.0084640423826978
2000-11-03,1.0084640423826978
2000-11-06,1.0084640423826978
2000-11-07,1.0084640423826978
2000-11-08,1.0084640423826978
2000-11-09,1.0084640423826978
2000-11-10,1.0084640423826978
2000-11-13,1.0084640423826978
2000-11-14,1.0084640423826978
2000-11-15,1.0084640423826978
2000-11-16,1.0084640423826978
2000-11-17,1.0084640423826978
2000-11-20,1.0084640423826978
2000-11-21,1.0084640423826978
2000-11-22,1.0084640423826978
2000-11-24,1.0084640423826978
2000-11-27,1.0084640423826978
2000-11-28,1.0084640423826978
2000-11-29,1.0084640423826978
2000-11-30,1.0084640423826978
2000-12-01,1.0084640423826978
2000-12-04,1.0084640423826978
2000-12-05,1.0084640423826978
2000-12-06,1.0084640423826978
2000-12-07,1.0084640423826978
2000-12-08,1.0084640423826978
2000-12-11,1.0084640423826978
2000-12-12,1.0084640423826978
2000-12-13,1.0084640423826978
2000-12-14,1.0084640423826978
2000-12-15,1.0084640423826978
2000-12-18,1.0084640423826978
2000-12-19,1.0084640423826978
2000-12-20,1.0084640423826978
2000-12-21,1.0084640423826978
2000-12-22,1.0084640423826978
2000-12-26,1.0084640423826978
2000-12-27,1.0084640423826978
2000-12-28,1.0084640423826978
2000-12-29,1.0084640423826978
2001-01-02,1.0084640423826978
2001-01-03,1.0084640423826978
2001-01-04,1.0084640423826978
2001-01-05,1.0084640423826978
2001-01-08,1.0084640423826978
2001-01-09,1.0084640423826978
2001-01-10,1.0084640423826978
2001-01-11,1.0084640423826978
2001-01-12,1.0084640423826978
2001-01-16,1.0084640423826978
2001-01-17,1.0084640423826978
2001-01-18,1.0084640423826978
2001-01-19,1.0084640423826978
2001-01-22,1.0084640423826978
2001-01-23,1.0084640423826978
2001-01-24,1.0084640423826978
2001-01-25,1.0084640423826978
2001-01-26,1.0084640423826978
2001-01-29,1.0084640423826978
2001-01-30,1.0084640423826978
2001-01-31,1.0084640423826978
2001-02-01,1.008161503169983
2001-02-02,1.0031963270497823
2001-02-05,1.003114530639933
2001-02-06,1.0060457204402575
2001-02-07,1.0083105002270079
2001-02-08,1.0078089908776833
2001-02-09,1.0043951258309258
2001-02-12,1.0108004468680407
2001-02-13,1.0136009842575004
2001-02-14,1.0136274949097808
2001-02-15,1.0159086543906777
2001-02-16,1.0165876988287768
2001-02-20,1.0131034418882021
2001-02-21,1.0064151945123416
2001-02-22,1.0111398914059568
2001-02-23,1.0103589770778665
2001-02-26,1.0241489919158724
2001-02-27,1.021582227215076
2001-02-28,1.0237546150650212
2001-03-01,1.021053079460927
2001-03-02,1.0222975017490477
2001-03-05,1.0235493788511747
2001-03-06,1.028008943053951
2001-03-07,1.02958453253748
2001-03-08,1.0286356061188116
2001-03-09,1.0233151820210635
2001-03-12,1.0118379421147174
2001-03-13,1.0141239907014274
2001-03-14,1.0065529277765546
2001-03-15,1.002741774722795
2001-03-16,0.9928440093532287
2001-03-19,0.9933224629617022
2001-03-20,0.9915831114138034
2001-03-21,0.9804616915528291
2001-03-22,0.9732315561605904
2001-03-23,0.9804245516826281
2001-03-26,0.9833366479804306
2001-03-27,0.988975811495615
2001-03-28,0.981557019635363
2001-03-29,0.9846556731134792
2001-03-30,0.9848429482048581
2001-04-02,0.9760210992333642
2001-04-03,0.9710958463199832
2001-04-04,0.9673516528958596
2001-04-05,0.9735619499157672
2001-04-06,0.9646051821017207
2001-04-09,0.9669566391504306
2001-04-10,0.9703182678990776
2001-04-11,0.9711641805805347
2001-04-12,0.970738948767367
2001-04-16,0.9659618046733109
2001-04-17,0.9673531798873871
2001-04-18,0.9795672523882366
2001-04-19,0.9832365571551022
2001-04-20,0.9789616792051832
2001-04-23,0.9760525502313178
2001-04-24,0.9773257832700122
2001-04-25,0.9825006683368103
2001-04-26,0.9856144020188601
2001-04-27,0.992693330708952
2001-04-30,0.9909241123760675
2001-05-01,0.9908008517619835
2001-05-02,0.9855852397660798
2001-05-03,0.9777230229596359
2001-05-04,0.993385855358466
2001-05-07,0.9915256845011899
2001-05-08,0.9917063649759923
2001-05-09,0.9890055280295976
2001-05-10,0.9959485512355128
2001-05-11,0.9903221464858553
2001-05-14,0.9963056292658204
2001-05-15,0.9979752719836931
2001-05-16,1.019691637770274
2001-05-17,1.0227853449833555
2001-05-18,1.0254937541953613
2001-05-21,1.0285364412010947
2001-05-22,1.0265095574034808
2001-05-23,1.0117779357313559
2001-05-24,1.0166785829945777
2001-05-25,1.0083028661081048
2001-05-29,1.0068725024737506
2001-05-30,0.9979113780320218
2001-05-31,1.0048598088756222
2001-06-01,1.0069393161009592
2001-06-04,1.0099504712112573
2001-06-05,1.0232768175739169
2001-06-06,1.0222493486180124
2001-06-07,1.0365206507891418
2001-06-08,1.0339481346736046
2001-06-11,1.0129575633458388
2001-06-12,1.0148392483699304
2001-06-13,1.0154461511186106
2001-06-14,0.9939768179340459
2001-06-15,0.9902738804570014
2001-06-18,0.9919447751417666
2001-06-19,0.9935289560014092
2001-06-20,0.9962615577662509
2001-06-21,1.003138423736684
2001-06-22,0.9894609259134193
2001-06-25,0.9977460290333067
2001-06-26,0.9972335443103717
2001-06-27,0.9941020865664576
2001-06-28,1.012994079773691
2001-06-29,1.01685555061963
2001-07-02,1.024432078157098
2001-07-03,1.0166413180047853
2001-07-05,0.9994540443988659
2001-07-06,0.9798426602058321
2001-07-09,0.9892493253634758
2001-07-10,0.9704237895891991
2001-07-11,0.9471109855509372
2001-07-12,0.9837395541032384
2001-07-13,0.992215047758125
2001-07-16,0.9831332020612111
2001-07-17,0.9982066325981592
2001-07-18,0.9926414628557028
2001-07-19,1.003266777190783
2001-07-20,1.0041665577097736
2001-07-23,0.9947883287022903
2001-07-24,0.961844751937763
2001-07-25,0.9696480082664323
2001-07-26,0.9966883824453493
2001-07-27,0.9992982841240772
2001-07-30,0.9990884662717349
2001-07-31,0.999291585091911
2001-08-01,0.9940348514048778
2001-08-02,0.9930868872485784
2001-08-03,0.9878519923608278
2001-08-06,0.9726697586886899
2001-08-07,0.9779564249052104
2001-08-08,0.9659099079653432
2001-08-09,0.9686370704131135
2001-08-10,0.9746008734140901
2001-08-13,0.9736646700764184
2001-08-14,0.9777748927262362
2001-08-15,0.9691676034439167
2001-08-16,0.973480883355678
2001-08-17,0.9593977892200779
2001-08-20,0.9669019203934768
2001-08-21,0.9558254012832166
2001-08-22,0.9630852654811981
2001-08-23,0.9588067915471485
2001-08-24,0.9765474542718035
2001-08-27,0.9758655318725279
2001-08-28,0.9659378963976282
2001-08-29,0.9510698027646902
2001-08-30,0.9323677630645639
2001-08-31,0.943012859705895
2001-09-04,0.9393128602614275
2001-09-05,0.9341814840996703
2001-09-06,0.9297910571287579
2001-09-07,0.9293918465233436
2001-09-10,0.927371886955808
2001-09-17,0.9157842263215469
2001-09-18,0.9151678959812712
2001-09-19,0.9097294025597561
2001-09-20,0.9024088368387021
2001-09-21,0.9067990712107921
2001-09-24,0.9181701033045726
2001-09-25,0.9209556206102733
2001-09-26,0.9138166385738816
2001-09-27,0.9120219735992737
2001-09-28,0.9178330078630287
2001-10-01,0.9171279014670646
2001-10-02,0.9181794227930088
2001-10-03,0.9200543851650582
2001-10-04,0.9184403025694472
2001-10-05,0.920489656200081
2001-10-08,0.9225099434256924
2001-10-09,0.9230747085595268
2001-10-10,0.9244749577232471
2001-10-11,0.924084563573406
2001-10-12,0.9226764990700691
2001-10-15,0.9224993309121975
2001-10-16,0.926232484042298
2001-10-17,0.922048377640074
2001-10-18,0.9197269100006595
2001-10-19,0.9243698078993462
2001-10-22,0.92293108842182
2001-10-23,0.9183719526485683
2001-10-24,0.917651744884754
2001-10-25,0.9209104001199383
2001-10-26,0.9218076421491168
2001-10-29,0.9198135133619605
2001-10-30,0.9195693134277961
2001-10-31,0.9233019987443127
2001-11-01,0.924052135228756
2001-11-02,0.924885397213914
2001-11-05,0.9275853204674945
2001-11-06,0.927951194073456
2001-11-07,0.926305322292141
2001-11-08,0.9215345497681556
2001-11-09,0.9194622500806361
2001-11-12,0.9186738933420194
2001-11-13,0.917046506371152
2001-11-14,0.9130276451926878
2001-11-15,0.912893060677198
2001-11-16,0.9125637254979693
2001-11-19,0.9162804675386778
2001-11-20,0.917912835482838
2001-11-21,0.9181020602222008
2001-11-23,0.9205143588569261
2001-11-26,0.9208709675032519
2001-11-27,0.9216997721120654
2001-11-28,0.9221783195874842
2001-11-29,0.9258673464322076
2001-11-30,0.9263482024633926
2001-12-03,0.9244140917860559
2001-12-04,0.9349499607635486
2001-12-05,0.9614679679297963
2001-12-06,0.9544151050488552
2001-12-07,0.9486735356223268
2001-12-10,0.9458954243778789
2001-12-11,0.9446112816719594
2001-12-12,0.9388205099686965
2001-12-13,0.9493756622481865
2001-12-14,0.9478266021519627
2001-12-17,0.9512396125153815
2001-12-18,0.9543807998876491
2001-12-19,0.9602330811780754
2001-12-20,0.9502228887775211
2001-12-21,0.952541049220369
2001-12-24,0.963664405687404
2001-12-26,0.9858957777108304
2001-12-27,0.9970044334327919
2001-12-28,0.9960726566457622
2001-12-31,0.9790253279021403
2002-01-02,0.9699865073842115
2002-01-03,0.9984664138769309
2002-01-04,1.0115575483809314
2002-01-07,0.9950202566388252
2002-01-08,0.990464473733711
2002-01-09,0.9852293796908038
2002-01-10,0.9807602803048822
2002-01-11,0.972673334472862
2002-01-14,0.9556026214788269
2002-01-15,0.9652644437733956
2002-01-16,0.9429774449875604
2002-01-17,0.95578810195818
2002-01-18,0.944527593243586
2002-01-22,0.9442063599125431
2002-01-23,0.9507409637187203
2002-01-24,0.9562656859263493
2002-01-25,0.9644844333007211
2002-01-28,0.9695497260247374
2002-01-29,0.9553658032950326
2002-01-30,0.9659094836006248
2002-01-31,0.9766765409902298
2002-02-01,0.9646271078974549
2002-02-04,0.9455465933692039
2002-02-05,0.9280107753689887
2002-02-06,0.9023753244008554
2002-02-07,0.8991618950878405
2002-02-08,0.9106450879644702
2002-02-11,0.927630814471902
2002-02-12,0.936354618542717
2002-02-13,0.9447525716553322
2002-02-14,0.937195276593993
2002-02-15,0.9317252759104432
2002-02-19,0.9101436117871886
2002-02-20,0.9176216997793477
2002-02-21,0.9149542112226112
2002-02-22,0.9223062134596985
2002-02-25,0.9426728214445421
2002-02-26,0.957535903746524
2002-02-27,0.9533610532089231
2002-02-28,0.9392610882738844
2002-03-01,0.9645974755889294
2002-03-04,0.9713010444743078
2002-03-05,0.9650619301039345
2002-03-06,0.9694738009945447
2002-03-07,0.9634680558426952
2002-03-08,0.9623262188470858
2002-03-11,0.9619439663038836
2002-03-12,0.9604990499158561
2002-03-13,0.9576348339915243
2002-03-14,0.9562446997656634
2002-03-15,0.9555136349951155
2002-03-18,0.9534413026024847
2002-03-19,0.9575709381908047
2002-03-20,0.9505462560102051
2002-03-21,0.9479766648960015
2002-03-22,0.9529856326221491
2002-03-25,0.9488019797127947
2002-03-26,0.9578826466122131
2002-03-27,0.9567294295753894
2002-03-28,0.9574898244497076
2002-04-01,0.9530333756303495
2002-04-02,0.9341555144567729
2002-04-03,0.9238117403501891
2002-04-04,0.9145126012705574
2002-04-05,0.9160192544425494
2002-04-08,0.9164647642405592
2002-04-09,0.9114368940630292
2002-04-10,0.9213952796814003
2002-04-11,0.9104061779972258
2002-04-12,0.9212270214087507
2002-04-15,0.9220822857229828
2002-04-16,0.950946995842994
2002-04-17,0.9525484670011408
2002-04-18,0.9458896471618731
2002-04-19,0.946968126270047
2002-04-22,0.9314762975453549
2002-04-23,0.9226123825268977
2002-04-24,0.914632890560412
2002-04-25,0.9158099411865132
2002-04-26,0.8986963218575595
2002-04-29,0.8927336558191538
2002-04-30,0.909692046654817
2002-05-01,0.9125472521183259
2002-05-02,0.9148027733288732
2002-05-03,0.9163706123061298
2002-05-06,0.9030538432621525
2002-05-07,0.8985425858463502
2002-05-08,0.9155405350053581
2002-05-09,0.9070248442290846
2002-05-10,0.895530143128392
2002-05-13,0.9093948446032109
2002-05-14,0.9234504124972959
2002-05-15,0.9213139937642489
2002-05-16,0.9240763390851587
2002-05-17,0.9282264963617738
2002-05-20,0.9233267019935115
2002-05-21,0.9139988320271569
2002-05-22,0.9137550421115987
2002-05-23,0.929628682667562
2002-05-24,0.9209389632208101
2002-05-28,0.919675668328433
2002-05-29,0.9108953767306566
2002-05-30,0.9046026639809837
2002-05-31,0.9065151628225483
2002-06-03,0.8915661760016271
2002-06-04,0.8906151230713653
2002-06-05,0.8958657441033038
2002-06-06,0.881539058627079
2002-06-07,0.878929536871298
2002-06-10,0.8792785699265525
2002-06-11,0.8687057514865809
2002-06-12,0.871391532495213
2002-06-13,0.8600041026548761
2002-06-14,0.8606363096240881
2002-06-17,0.8798282417283615
2002-06-18,0.8826810856060654
2002-06-19,0.8765641181140583
2002-06-20,0.869829073614939
2002-06-21,0.8610216097603683
2002-06-24,0.8566296765660193
2002-06-25,0.8489457825297776
2002-06-26,0.8409316086615234
2002-06-27,0.8561977532251378
2002-06-28,0.8566352101636495
2002-07-01,0.8461762490581971
2002-07-02,0.8361682606861978
2002-07-03,0.8321979380469625
2002-07-05,0.8396716017581006
2002-07-08,0.8376220184718733
2002-07-09,0.8346520635563397
2002-07-10,0.8271528876435817
2002-07-11,0.8244875667615403
2002-07-12,0.8219865079804771
2002-07-15,0.8170425018763242
2002-07-16,0.8122583900443054
2002-07-17,0.8133378537245519
2002-07-18,0.8091693398190042
2002-07-19,0.7981724779755077
2002-07-22,0.7894433359098493
2002-07-23,0.7895273759438624
2002-07-24,0.8035690663867676
2002-07-25,0.8042860277339821
2002-07-26,0.8088278050927334
2002-07-29,0.8170321763290889
2002-07-30,0.8167951936377145
2002-07-31,0.8145247760371856
2002-08-01,0.8099914376920665
2002-08-02,0.8068488624101415
2002-08-05,0.8025923471251707
2002-08-06,0.8053385200553904
2002-08-07,0.8067984153082276
2002-08-08,0.8139523881898951
2002-08-09,0.8148922371701051
2002-08-12,0.8145271965266125
2002-08-13,0.8105874043774861
2002-08-14,0.8143118942591634
2002-08-15,0.8138930834574924
2002-08-16,0.81514663666844
2002-08-19,0.8141419730056517
2002-08-20,0.8134502623041618
2002-08-21,0.8136731510962161
2002-08-22,0.8143341478726274
2002-08-23,0.8142799065663643
2002-08-26,0.8147203863893714
2002-08-27,0.8137150923999895
2002-08-28,0.8143447556735277
2002-08-29,0.8149038087703557
2002-08-30,0.816010241031849
2002-09-03,0.8106949231663693
2002-09-04,0.8106190235636797
2002-09-05,0.810132324181351
2002-09-06,0.8101621855260105
2002-09-09,0.8114188672646391
2002-09-10,0.8107820943763906
2002-09-11,0.8111247634024138
2002-09-12,0.8081543666705158
2002-09-13,0.8099891221172564
2002-09-16,0.8124190574650701
2002-09-17,0.810463199560278
2002-09-18,0.8084053480777333
2002-09-19,0.8042459115209427
2002-09-20,0.8053238844073074
2002-09-23,0.8038690937602987
2002-09-24,0.8015721700420052
2002-09-25,0.8062100010376893
2002-09-26,0.809866308561157
2002-09-27,0.8106101798273821
2002-09-30,0.8117326386286592
2002-10-01,0.8134299319848014
2002-10-02,0.8122112755295751
2002-10-03,0.8152710339143939
2002-10-04,0.8081219123542253
2002-10-07,0.8055363509043414
2002-10-08,0.8096125210511631
2002-10-09,0.8064611184950308
2002-10-10,0.8114735998905882
2002-10-11,0.8143093311394203
2002-10-14,0.8174723294359774
2002-10-15,0.8162239306653727
2002-10-16,0.8163867356963702
2002-10-17,0.8176013023344046
2002-10-18,0.8167553940676198
2002-10-21,0.8186076443861496
2002-10-22,0.8164922588136656
2002-10-23,0.8198404762875597
2002-10-24,0.8149859419675721
2002-10-25,0.8177327924386807
2002-10-28,0.8128624075532417
2002-10-29,0.8107556185982377
2002-10-30,0.8117864551075474
2002-10-31,0.8099852401703546
2002-11-01,0.8120342416949011
2002-11-04,0.8116734118187108
2002-11-05,0.8153827628807943
2002-11-06,0.8187352700335927
2002-11-07,0.8069472304393309
2002-11-08,0.7983270815867011
2002-11-11,0.7872563048213485
2002-11-12,0.7951291671852363
2002-11-13,0.7972751536575209
2002-11-14,0.8075836468009583
2002-11-15,0.815911515124746
2002-11-18,0.8073967802425289
2002-11-19,0.8024154700721056
2002-11-20,0.8111002461208865
2002-11-21,0.8238090398990786
2002-11-22,0.8183456563825389
2002-11-25,0.8152593378856251
2002-11-26,0.793328511389102
2002-11-27,0.814244359235967
2002-11-29,0.8108301089155798
2002-12-02,0.8100719413914773
2002-12-03,0.779316019734794
2002-12-04,0.7703298936894951
2002-12-05,0.7602975061876193
2002-12-06,0.7713955169028732
2002-12-09,0.7348862309194971
2002-12-10,0.7525254300726236
2002-12-11,0.7573436083583248
2002-12-12,0.762812986672175
2002-12-13,0.745181768460049
2002-12-16,0.7680491404047421
2002-12-17,0.7631453214206485
2002-12-18,0.739526472568461
2002-12-19,0.729365080823989
2002-12-20,0.7379933243738683
2002-12-23,0.74593480888069
2002-12-24,0.7423749895232062
2002-12-26,0.7380180997483686
2002-12-27,0.722089764474999
2002-12-30,0.7194687896036802
2002-12-31,0.7177794535565947
2003-01-02,0.7446444965816431
2003-01-03,0.7456518124585814
2003-01-06,0.7587442178548565
2003-01-07,0.759126919652345
2003-01-08,0.7499607317736985
2003-01-09,0.7621754186919902
2003-01-10,0.7658535436893232
2003-01-13,0.7621766068135248
2003-01-14,0.7607102008922135
2003-01-15,0.7534000595002885
2003-01-16,0.7543449733148864
2003-01-17,0.7445688659637734
2003-01-21,0.7290064837103027
2003-01-22,0.7346257227210269
2003-01-23,0.7437282844963737
2003-01-24,0.7282018683624828
2003-01-27,0.7156485012978269
2003-01-28,0.7206929180269228
2003-01-29,0.726254971653502
2003-01-30,0.7121862592697485
2003-01-31,0.7190802466241798
2003-02-03,0.7230338932342399
2003-02-04,0.721200311377301
2003-02-05,0.7198569833210727
2003-02-06,0.7181269915777749
2003-02-07,0.7150707052131262
2003-02-10,0.7179937617284986
2003-02-11,0.7180462178502428
2003-02-12,0.7150667533960687
2003-02-13,0.7141322072890233
2003-02-14,0.7192246380107411
2003-02-18,0.7254404518789865
2003-02-19,0.7253196149412422
2003-02-20,0.7258240177292115
2003-02-21,0.729119403625251
2003-02-24,0.7257591739341405
2003-02-25,0.7247173852418165
2003-02-26,0.7245962645781469
2003-02-27,0.7273337266710126
2003-02-28,0.7303989587371028
2003-03-03,0.7278364872194645
2003-03-04,0.7166728619328077
2003-03-05,0.7183692158512255
2003-03-06,0.7167563718690277
2003-03-07,0.722336873940065
2003-03-10,0.7070984875388983
2003-03-11,0.7001928464114135
2003-03-12,0.6998654282196708
2003-03-13,0.7227823891721665
2003-03-14,0.7231212772281796
2003-03-17,0.7446035318557616
2003-03-18,0.7528442530188864
2003-03-19,0.7538160195281127
2003-03-20,0.7593221674133726
2003-03-21,0.7692786738526332
2003-03-24,0.7418044052086021
2003-03-25,0.7615917110124488
2003-03-26,0.7515703934986167
2003-03-27,0.752710691261906
2003-03-28,0.7509276248964893
2003-03-31,0.7396466826801932
2003-04-01,0.7477447687015676
2003-04-02,0.7723298586201036
2003-04-03,0.7696533690678037
2003-04-04,0.7594836186942931
2003-04-07,0.762519116861307
2003-04-08,0.7556122920648011
2003-04-09,0.7502463098360953
2003-04-10,0.754643103444386
2003-04-11,0.7559456839491709
2003-04-14,0.7680306796148963
2003-04-15,0.7748810682452487
2003-04-16,0.7682297120220283
2003-04-17,0.7821102351058722
2003-04-21,0.7769670458559077
2003-04-22,0.7896991472186827
2003-04-23,0.7962669345664909
2003-04-24,0.78815441513646
2003-04-25,0.7849642034176918
2003-04-28,0.7959290995929786
2003-04-29,0.803697439828944
2003-04-30,0.811040066632392
2003-05-01,0.8151808639180486
2003-05-02,0.8242124409278692
2003-05-05,0.8253566196300025
2003-05-06,0.8292599370108895
2003-05-07,0.8226050737995294
2003-05-08,0.8175773374287181
2003-05-09,0.832392485966508
2003-05-12,0.8540494549578821
2003-05-13,0.8543335851894834
2003-05-14,0.8582636030144039
2003-05-15,0.8646117500618965
2003-05-16,0.872977596473381
2003-05-19,0.8545334784139725
2003-05-20,0.8480801177963098
2003-05-21,0.8588178059946956
2003-05-22,0.8790254010198374
2003-05-23,0.8831372552433288
2003-05-27,0.9113045124407885
2003-05-28,0.9191777822560572
2003-05-29,0.9374977077400259
2003-05-30,0.9527476774230279
2003-06-02,0.9525809186588866
2003-06-03,0.9593545382360094
2003-06-04,0.9785002349842649
2003-06-05,0.988985115820173
2003-06-06,0.9755410920654705
2003-06-09,0.9521933250005754
2003-06-10,0.9584469689563091
2003-06-11,0.9934325860160177
2003-06-12,1.0017519105470385
2003-06-13,0.979955647558073
2003-06-16,0.9909568944472886
2003-06-17,0.9996600706852218
2003-06-18,1.0149619360010158
2003-06-19,1.0007109180790448
2003-06-20,0.9907394507646508
2003-06-23,0.9663442670663771
2003-06-24,0.9660108367536426
2003-06-25,0.9613166816136708
2003-06-26,0.9608771805673689
2003-06-27,0.9664564565901247
2003-06-30,0.9611440317954687
2003-07-01,0.9872927840078207
2003-07-02,1.0118550025405213
2003-07-03,1.0101053208986033
2003-07-07,1.0333654034291928
2003-07-08,1.0537518557782954
2003-07-09,1.06169370943371
2003-07-10,1.0371902454676885
2003-07-11,1.0336299847026804
2003-07-14,1.050904977001569
2003-07-15,1.0439497094362313
2003-07-16,1.0494582610219068
2003-07-17,1.0050790172065185
2003-07-18,1.016117759625274
2003-07-21,0.9979606016675897
2003-07-22,1.0127561943301338
2003-07-23,1.0307588972033483
2003-07-24,1.0323349299409115
2003-07-25,1.049904848481146
2003-07-28,1.0615245061628922
2003-07-29,1.0372258493156552
2003-07-30,1.0414939401474654
2003-07-31,1.0453206693676287
2003-08-01,1.0139926109830153
2003-08-04,1.0155353966566443
2003-08-05,0.9928725795564061
2003-08-06,0.9600444326747322
2003-08-07,0.9520858453635744
2003-08-08,0.946240393356942
2003-08-11,0.9632825501495629
2003-08-12,0.9778673740674056
2003-08-13,0.9846955934480772
2003-08-14,0.9783444545466539
2003-08-15,0.9793904936562144
2003-08-18,1.0000262009466176
2003-08-19,1.011849089382383
2003-08-20,1.0137928607810482
2003-08-21,1.0196101514649447
2003-08-22,1.0178628026975916
2003-08-25,1.0130662648779474
2003-08-26,1.0101087266168374
2003-08-27,1.0259772843387214
2003-08-28,1.0305863015448455
2003-08-29,1.0385407066244685
2003-09-02,1.0496599083584062
2003-09-03,1.045483375617582
2003-09-04,1.0565776553599524
2003-09-05,1.0537391313470577
2003-09-08,1.0617555594802375
2003-09-09,1.0526788102236881
2003-09-10,1.0146335572269503
2003-09-11,1.0232433109367522
2003-09-12,1.028857180371789
2003-09-15,1.0208715096738392
2003-09-16,1.0398742958582736
2003-09-17,1.0392599724802927
2003-09-18,1.051059003717059
2003-09-19,1.0586288574104157
2003-09-22,1.0370585009560842
2003-09-23,1.0532751687274184
2003-09-24,1.0121913994074223
2003-09-25,0.9947857785521756
2003-09-26,0.9651799190296565
2003-09-29,0.9811319568706065
2003-09-30,0.9731741892211747
2003-10-01,0.98775877429928
2003-10-02,0.9957862243237141
2003-10-03,1.0086982347293607
2003-10-06,1.0201193685056775
2003-10-07,1.0157078448763175
2003-10-08,1.0135741289694644
2003-10-09,1.00850932210384
2003-10-10,1.0026739420089708
2003-10-13,1.012356457231964
2003-10-14,1.005290352522268
2003-10-15,1.000773514883514
2003-10-16,1.0051682645939568
2003-10-17,0.984252349233198
2003-10-20,0.9925823850803621
2003-10-21,1.0117618252979619
2003-10-22,0.9874097589489894
2003-10-23,0.9883453263664562
2003-10-24,0.9950303961898243
2003-10-27,1.0046321525198025
2003-10-28,1.0172411063115776
2003-10-29,1.0204422569599436
2003-10-30,1.0217573210168516
2003-10-31,1.0263699343169614
2003-11-03,1.0339958926918817
2003-11-04,1.050674796646835
2003-11-05,1.0482683366020003
2003-11-06,1.0516789283232928
2003-11-07,1.0658182481114478
2003-11-10,1.053574135071358
2003-11-11,1.037274151130288
2003-11-12,1.065086980288657
2003-11-13,1.069482098174313
2003-11-14,1.050127588417256
2003-11-17,1.0528284382317334
2003-11-18,1.035002353646743
2003-11-19,1.0457713206379056
2003-11-20,1.0393181020003106
2003-11-21,1.0472596940003256
2003-11-24,1.0843038396840843
2003-11-25,1.0863801482144857
2003-11-26,1.0946187061412946
2003-11-28,1.1067395796017818
2003-12-01,1.126297028909499
2003-12-02,1.1382600683434645
2003-12-03,1.117225948277006
2003-12-04,1.0918237024611142
2003-12-05,1.0772659418909976
2003-12-08,1.0890912541734228
2003-12-09,1.0730221694623676
2003-12-10,1.0570777985956212
2003-12-11,1.095671478374798
2003-12-12,1.098863225020856
2003-12-15,1.0841562679700638
2003-12-16,1.0823803285142628
2003-12-17,1.0717694524224097
2003-12-18,1.1007582976705483
2003-12-19,1.089581908280856
2003-12-22,1.0852224787655531
2003-12-23,1.0959010840564283
2003-12-24,1.0941449741132705
2003-12-26,1.1065603965814614
2003-12-29,1.1249511129452239
2003-12-30,1.1232940626193364
2003-12-31,1.1123105008315135
2004-01-02,1.1193101092725253
2004-01-05,1.1410260005056163
2004-01-06,1.147963230712778
2004-01-07,1.1628820246534315
2004-01-08,1.1793567676364947
2004-01-09,1.200668502519197
2004-01-12,1.2108910462951128
2004-01-13,1.1944786818229114
2004-01-14,1.2264964213213225
2004-01-15,1.2196827417955143
2004-01-16,1.2369067482060532
2004-01-20,1.250119156381696
2004-01-21,1.244235806634275
2004-01-22,1.2244191680449255
2004-01-23,1.2137190583930295
2004-01-26,1.2446960517742292
2004-01-27,1.2283574342550763
2004-01-28,1.2017767265186072
2004-01-29,1.1888881361382968
2004-01-30,1.1863849715520896
2004-02-02,1.1867927605178208
2004-02-03,1.1644055968131748
2004-02-04,1.1410683200555638
2004-02-05,1.1533948585219378
2004-02-06,1.1856276123841591
2004-02-09,1.1903172192173763
2004-02-10,1.2027297652497446
2004-02-11,1.2311911849748427
2004-02-12,1.2378389694388
2004-02-13,1.2242565820130231
2004-02-17,1.243542127100724
2004-02-18,1.2368962671703667
2004-02-19,1.210630629916008
2004-02-20,1.2066060092901738
2004-02-23,1.1811151843000927
2004-02-24,1.177465912824319
2004-02-25,1.195456933678383
2004-02-26,1.2011053669729836
2004-02-27,1.2113702272537796
2004-03-01,1.2342674268492702
2004-03-02,1.23025786781169
2004-03-03,1.2296078271180186
2004-03-04,1.2430619007074288
2004-03-05,1.245057094425194
2004-03-08,1.247644439239722
2004-03-09,1.2310955810183086
2004-03-10,1.2025942966870462
2004-03-11,1.1826954281729951
2004-03-12,1.2058340268854222
2004-03-15,1.1669983843602965
2004-03-16,1.1684703140551318
2004-03-17,1.2054978217106376
2004-03-18,1.2093945215496176
2004-03-19,1.1937657541604345
2004-03-22,1.17072378536699
2004-03-23,1.15386010777499
2004-03-24,1.16188511142019
2004-03-25,1.200365583277463
2004-03-26,1.2114236714825442
2004-03-29,1.2404191023944973
2004-03-30,1.2628044014167603
2004-03-31,1.2471992353702934
2004-04-01,1.259957509366637
2004-04-02,1.2650038864785633
2004-04-05,1.2586505240910308
2004-04-06,1.265022173927799
2004-04-07,1.265217750664808
2004-04-08,1.2690304754806585
2004-04-12,1.270454061302918
2004-04-13,1.2470334537782861
2004-04-14,1.236343801572132
2004-04-15,1.2367324211012116
2004-04-16,1.2574940980086555
2004-04-19,1.261678450142729
2004-04-20,1.2156492344811456
2004-04-21,1.2305043672249205
2004-04-22,1.2479351069834166
2004-04-23,1.2473142341966699
2004-04-26,1.2478113881157902
2004-04-27,1.2430892778268623
2004-04-28,1.2248586415112301
2004-04-29,1.2132741044217692
2004-04-30,1.1980172837153515
2004-05-03,1.220313804870425
2004-05-04,1.2220829732623755
2004-05-05,1.2286968473507431
2004-05-06,1.2139225386986419
2004-05-07,1.1975410944162266
2004-05-10,1.174445668705927
2004-05-11,1.1932923526233177
2004-05-12,1.1977958107364333
2004-05-13,1.19607201461391
2004-05-14,1.1969485616476605
2004-05-17,1.1815911774661763
2004-05-18,1.193266421257885
2004-05-19,1.1855384318765887
2004-05-20,1.1923676498556852
2004-05-21,1.1998272571414998
2004-05-24,1.2071214282279816
2004-05-25,1.2298783242649418
2004-05-26,1.2384158616239263
2004-05-27,1.2428906391896257
2004-05-28,1.2438508478114878
2004-06-01,1.2524405813113804
2004-06-02,1.254797987275774
2004-06-03,1.241861433448636
2004-06-04,1.2444137652793126
2004-06-07,1.272522537751391
2004-06-08,1.2657254058481548
2004-06-09,1.2526068501273921
2004-06-10,1.2552294590553916
2004-06-14,1.2403982062859735
2004-06-15,1.2487660560931721
2004-06-16,1.2530464534945125
2004-06-17,1.2474528547738217
2004-06-18,1.244226889272169
2004-06-21,1.241070268202733
2004-06-22,1.2512381700622783
2004-06-23,1.2676552426268541
2004-06-24,1.2685570654797684
2004-06-25,1.2787496822378155
2004-06-28,1.278704767652015
2004-06-29,1.2891779137907846
2004-06-30,1.3044251812702234
2004-07-01,1.2955350148979714
2004-07-02,1.2927409275509596
2004-07-06,1.277517137610097
2004-07-07,1.2773046486555983
2004-07-08,1.247277632214434
2004-07-09,1.2462069264225317
2004-07-12,1.2468831285502266
2004-07-13,1.2388535357329489
2004-07-14,1.2334634094267811
2004-07-15,1.22955885751689
2004-07-16,1.2175742420892253
2004-07-19,1.2079874636629495
2004-07-20,1.2186708245124815
2004-07-21,1.1835331683518586
2004-07-22,1.185225996045287
2004-07-23,1.1753302184268246
2004-07-26,1.161127769529913
2004-07-27,1.1900597761340461
2004-07-28,1.1919695433245547
2004-07-29,1.2066238214755134
2004-07-30,1.208383386378684
2004-08-02,1.205088685256949
2004-08-03,1.197950985195729
2004-08-04,1.1907881857631302
2004-08-05,1.1633769498060964
2004-08-06,1.1345760224018986
2004-08-09,1.150603648537318
2004-08-10,1.1733438772008988
2004-08-11,1.1690048662607297
2004-08-12,1.153111152073333
2004-08-13,1.1498589773272736
2004-08-16,1.1728033859470457
2004-08-17,1.1701477259838309
2004-08-18,1.1857953159309118
2004-08-19,1.1812413587919037
2004-08-20,1.1992594718228864
2004-08-23,1.1839733200696556
2004-08-24,1.1869423177930338
2004-08-25,1.1983618262582898
2004-08-26,1.1923015646569377
2004-08-27,1.1994267937865224
2004-08-30,1.1869552525448732
2004-08-31,1.2021985940010564
2004-09-01,1.2040112824101263
2004-09-02,1.222951837185018
2004-09-03,1.2181961499701128
2004-09-07,1.2290520114470438
2004-09-08,1.2256461610890967
2004-09-09,1.2318082226890368
2004-09-10,1.2361673006108422
2004-09-13,1.2349580966082727
2004-09-14,1.234132762823292
2004-09-15,1.226706240484203
2004-09-16,1.2343196008888724
2004-09-17,1.241388796779549
2004-09-20,1.2386592259733586
2004-09-21,1.2513437317449208
2004-09-22,1.2351162766841843
2004-09-23,1.228643815378623
2004-09-24,1.2322278672231934
2004-09-27,1.2237602671753747
2004-09-28,1.235905106586013
2004-09-29,1.242946927096882
2004-09-30,1.2491420476603599
2004-10-01,1.2669109790791029
2004-10-04,1.2880241687921865
2004-10-05,1.2898318543406915
2004-10-06,1.304087892755984
2004-10-07,1.2940127638916137
2004-10-08,1.2798101005735507
2004-10-11,1.2848318482189096
2004-10-12,1.2843134080265586
2004-10-13,1.2537205727259904
2004-10-14,1.2586704094394445
2004-10-15,1.2681192637719674
2004-10-18,1.269769436997351
2004-10-19,1.2433132123416097
2004-10-20,1.244297080752506
2004-10-21,1.2468645209454976
2004-10-22,1.237719733884755
2004-10-25,1.2454835378078333
2004-10-26,1.2607640923351988
2004-10-27,1.2814175432018022
2004-10-28,1.2824171397928266
2004-10-29,1.2929600952013467
2004-11-01,1.305098289111088
2004-11-02,1.3162864186034475
2004-11-03,1.3279675209860367
2004-11-04,1.3407373768319497
2004-11-05,1.3515196637103681
2004-11-08,1.3594734405715612
2004-11-09,1.3561162128106192
2004-11-10,1.3657715741367233
2004-11-11,1.378282568362743
2004-11-12,1.4012348577989253
2004-11-15,1.4066423651883693
2004-11-16,1.3981030972755186
2004-11-17,1.4005657967734755
2004-11-18,1.4054725297727138
2004-11-19,1.3860134337686727
2004-11-22,1.3959404085486498
2004-11-23,1.3969746176359978
2004-11-24,1.4070517932144604
2004-11-26,1.408869899273426
2004-11-29,1.4212860372739038
2004-11-30,1.4229059672028188
2004-12-01,1.4632856921632993
2004-12-02,1.4536448970594467
2004-12-03,1.465047536829638
2004-12-06,1.4673071450803223
2004-12-07,1.4293272285948857
2004-12-08,1.423498715647198
2004-12-09,1.4360164337403942
2004-12-10,1.4417145954294064
2004-12-13,1.4705976493683945
2004-12-14,1.4643651314755797
2004-12-15,1.478448196127688
2004-12-16,1.4606966277660132
2004-12-17,1.465514534650499
2004-12-20,1.462178857326889
2004-12-21,1.4754283805709625
2004-12-22,1.4820692541836407
2004-12-23,1.4865948182503066
2004-12-27,1.4803586124822106
2004-12-28,1.5056135362479914
2004-12-29,1.5099918145355515
2004-12-30,1.512491108132167
2004-12-31,1.508106690474994
2005-01-03,1.472447872527517
2005-01-04,1.43690756745449
2005-01-05,1.4246657471107627
2005-01-06,1.419946840337577
2005-01-07,1.3943773545544085
2005-01-10,1.3885658712417068
2005-01-11,1.345082165971324
2005-01-12,1.3417590090282638
2005-01-13,1.3437432495416575
2005-01-14,1.3579518340270238
2005-01-18,1.37504421408221
2005-01-19,1.3562397467876424
2005-01-20,1.3472467476906784
2005-01-21,1.341807822801547
2005-01-24,1.317612206979945
2005-01-25,1.3243337176636711
2005-01-26,1.3433649008131063
2005-01-27,1.330203701972933
2005-01-28,1.327107248100206
2005-01-31,1.352629958440468
2005-02-01,1.3564011372399811
2005-02-02,1.3610402457440138
2005-02-03,1.3637150069786168
2005-02-04,1.392064432038835
2005-02-07,1.3863861837481721
2005-02-08,1.398563059753231
2005-02-09,1.3661522868259472
2005-02-10,1.3743898173168447
2005-02-11,1.3851808734863476
2005-02-14,1.3979444099492067
2005-02-15,1.4024480096481737
2005-02-16,1.407667028126969
2005-02-17,1.398738133011993
2005-02-18,1.3957723297166496
2005-02-22,1.3629619734354337
2005-02-23,1.3750736900982659
2005-02-24,1.389719218005822
2005-02-25,1.4073622498380645
2005-02-28,1.3981555293019927
2005-03-01,1.4109353848213944
2005-03-02,1.4113654975120613
2005-03-03,1.4165441728520087
2005-03-04,1.4321788565168603
2005-03-07,1.4363133846057763
2005-03-08,1.4160868070225787
2005-03-09,1.3884799398593868
2005-03-10,1.3719572683827284
2005-03-11,1.3766875225396098
2005-03-14,1.3909081827210543
2005-03-15,1.3876982257617305
2005-03-16,1.3663639976759754
2005-03-17,1.3717117255025375
2005-03-18,1.368207815475485
2005-03-21,1.3633497360708675
2005-03-22,1.3487221318924925
2005-03-23,1.337787179466439
2005-03-24,1.346041098230259
2005-03-28,1.3505967340130849
2005-03-29,1.322787254040178
2005-03-30,1.3393015336990806
2005-03-31,1.334794848283075
2005-04-01,1.3430790955910157
2005-04-04,1.3443369553153446
2005-04-05,1.3514810420689516
2005-04-06,1.3669884843619375
2005-04-07,1.3702570871473525
2005-04-08,1.3512426040469279
2005-04-11,1.3534771578546683
2005-04-12,1.3524721092683523
2005-04-13,1.3291787018481545
2005-04-14,1.2993283349170868
2005-04-15,1.2587755345354499
2005-04-18,1.271633717614429
2005-04-19,1.3027116098808744
2005-04-20,1.2855147409485497
2005-04-21,1.3173339196081253
2005-04-22,1.2863672957351686
2005-04-25,1.3106082265667929
2005-04-26,1.2938296742837898
2005-04-27,1.2924649134617092
2005-04-28,1.27052937471412
2005-04-29,1.2838771619518654
2005-05-02,1.2918478931419364
2005-05-03,1.2906296749451227
2005-05-04,1.306342743133588
2005-05-05,1.3037051979554428
2005-05-06,1.3130279554282007
2005-05-09,1.3274474430131946
2005-05-10,1.314855388813758
2005-05-11,1.3198575060538908
2005-05-12,1.3006712234016684
2005-05-13,1.2847968153735239
2005-05-16,1.2970345705724007
2005-05-17,1.306977887839507
2005-05-18,1.3167236911195779
2005-05-19,1.3242135493920357
2005-05-20,1.3233419238323685
2005-05-23,1.3290378298065926
2005-05-24,1.3298782432094867
2005-05-25,1.3280262897745525
2005-05-26,1.3381436727159977
2005-05-27,1.342277934006533
2005-05-31,1.3356283378743221
2005-06-01,1.3519218125645436
2005-06-02,1.3555343749104372
2005-06-03,1.3424777128531955
2005-06-06,1.3481214209455896
2005-06-07,1.3546916347498956
2005-06-08,1.3487687034043556
2005-06-09,1.3513919345361614
2005-06-10,1.352015789579466
2005-06-13,1.3617552696627349
2005-06-14,1.3623590382088913
2005-06-15,1.3635266594258086
2005-06-16,1.3764043732124214
2005-06-17,1.3738497104394396
2005-06-20,1.382377692206483
2005-06-21,1.3780134944964513
2005-06-22,1.3774444784270854
2005-06-23,1.3613176050215632
2005-06-24,1.3528286976453028
2005-06-27,1.3496731086838578
2005-06-28,1.3673454918143335
2005-06-29,1.3762669668444691
2005-06-30,1.3704254827489561
2005-07-01,1.3706597072113
2005-07-05,1.3821712880114312
2005-07-06,1.3790625968788277
2005-07-07,1.386200894725197
2005-07-08,1.396238910425928
2005-07-11,1.4049159083313019
2005-07-12,1.4074685478918276
2005-07-13,1.407101014444277
2005-07-14,1.398598218198432
2005-07-15,1.4034764204197392
2005-07-18,1.3927096634017997
2005-07-19,1.4056427513042848
2005-07-20,1.412049799400883
2005-07-21,1.3971611301652542
2005-07-22,1.4048916375969924
2005-07-25,1.4027449467200055
2005-07-26,1.417377260604957
2005-07-27,1.4215107288514872
2005-07-28,1.4183234634341984
2005-07-29,1.4225352272029046
2005-08-01,1.42193477956283
2005-08-02,1.4312275038991253
2005-08-03,1.4281128913066925
2005-08-04,1.4069625887580774
2005-08-05,1.3974513678867666
2005-08-08,1.3752174065397724
2005-08-09,1.3931035708873263
2005-08-10,1.3934783272023232
2005-08-11,1.4035737134649164
2005-08-12,1.3974539409044304
2005-08-15,1.3981304742237302
2005-08-16,1.3702750324970383
2005-08-17,1.3693358335990244
2005-08-18,1.3498427315508688
2005-08-19,1.3748695533666395
2005-08-22,1.3837494294750141
2005-08-23,1.3786990438982123
2005-08-24,1.3741394499502724
2005-08-25,1.3718602212356448
2005-08-26,1.346840718438343
2005-08-29,1.3570756113690496
2005-08-30,1.362398866775526
2005-08-31,1.3812771689101884
2005-09-01,1.3908984584399882
2005-09-02,1.3805696856353025
2005-09-06,1.3962418874903306
2005-09-07,1.4035044261304557
2005-09-08,1.405942108174245
2005-09-09,1.4184281613444139
2005-09-12,1.4170052661002481
2005-09-13,1.4142686238415403
2005-09-14,1.3965756874800466
2005-09-15,1.3935993865811838
2005-09-16,1.4065929963821975
2005-09-19,1.4061625947782668
2005-09-20,1.38977167439039
2005-09-21,1.3937771908957388
2005-09-22,1.3873723797521236
2005-09-23,1.3910167942047988
2005-09-26,1.396708310279031
2005-09-27,1.4022404087032518
2005-09-28,1.4095699240538564
2005-09-29,1.4335467849633508
2005-09-30,1.4382803738215606
2005-10-03,1.4585085956518717
2005-10-04,1.4437959686856539
2005-10-05,1.4052670401622096
2005-10-06,1.376037706870135
2005-10-07,1.3815753468891272
2005-10-10,1.3647982122247422
2005-10-11,1.3727780035752106
2005-10-12,1.324569517821327
2005-10-13,1.3304788437925485
2005-10-14,1.352890013335697
2005-10-17,1.3581919398542537
2005-10-18,1.3512377649427478
2005-10-19,1.3634461797214463
2005-10-20,1.3354115068363837
2005-10-21,1.3472068137424729
2005-10-24,1.3993288993583892
2005-10-25,1.4072727902029392
2005-10-26,1.4056030595725646
2005-10-27,1.3824110622604588
2005-10-28,1.3935526212148772
2005-10-31,1.4262551640407777
2005-11-01,1.419506919438313
2005-11-02,1.4492974538282337
2005-11-03,1.4610765835775108
2005-11-04,1.4664905034640352
2005-11-07,1.4741090899066616
2005-11-08,1.4695292873046573
2005-11-09,1.4546824698144032
2005-11-10,1.4686821914303207
2005-11-11,1.4751090898203953
2005-11-14,1.4937726617374847
2005-11-15,1.4846877216139724
2005-11-16,1.4784563916349038
2005-11-17,1.5070653283288218
2005-11-18,1.5138811638553957
2005-11-21,1.529645366374828
2005-11-22,1.5576767099541227
2005-11-23,1.5620266239419267
2005-11-25,1.5750145957168977
2005-11-28,1.5371820858432672
2005-11-29,1.5165230552836961
2005-11-30,1.5191172705943459
2005-12-01,1.5464566837706213
2005-12-02,1.5450547726475277
2005-12-05,1.5370592733405761
2005-12-06,1.5393676519238044
2005-12-07,1.5296259236607017
2005-12-08,1.5455020854890058
2005-12-09,1.5664950997958633
2005-12-12,1.5641981299798067
2005-12-13,1.5619352917299327
2005-12-14,1.5546942629001719
2005-12-15,1.560806689091093
2005-12-16,1.5719935712684412
2005-12-19,1.5471761865545854
2005-12-20,1.5425895151358733
2005-12-21,1.556106964181551
2005-12-22,1.5830993703083382
2005-12-23,1.5920699017025648
2005-12-27,1.597597790607796
2005-12-28,1.5976222199552017
2005-12-29,1.5842307106309577
2005-12-30,1.5790103599327345
2006-01-03,1.6082309802382977
2006-01-04,1.6444400163638142
2006-01-05,1.6549066745286192
2006-01-06,1.6833869456995278
2006-01-09,1.7043455923615962
2006-01-10,1.7312197867668586
2006-01-11,1.750103490067166
2006-01-12,1.7483516102535175
2006-01-13,1.7410865870596048
2006-01-17,1.7442437467073182
2006-01-18,1.7727707912132018
2006-01-19,1.8057936938651213
2006-01-20,1.7567202869585274
2006-01-23,1.7448516918845796
2006-01-24,1.7501126395495896
2006-01-25,1.7614260277485938
2006-01-26,1.7801785648450785
2006-01-27,1.7872267726026103
2006-01-30,1.7771951790034146
2006-01-31,1.7862695411799938
2006-02-01,1.7733688473856566
2006-02-02,1.7538664164300202
2006-02-03,1.7319700521688361
2006-02-06,1.7308695342356542
2006-02-07,1.7046828326024401
2006-02-08,1.7283487364337125
2006-02-09,1.7500863723679603
2006-02-10,1.7321894745169228
2006-02-13,1.7091052197969792
2006-02-14,1.7238182340230104
2006-02-15,1.7397683841493388
2006-02-16,1.7593445659560374
2006-02-17,1.7511794992087901
2006-02-21,1.7319340666076966
2006-02-22,1.7404846439841464
2006-02-23,1.73194164771398
2006-02-24,1.7536676941794733
2006-02-27,1.7632623849927438
2006-02-28,1.7405599513965058
2006-03-01,1.7824696708426442
2006-03-02,1.7905963078859612
2006-03-03,1.7709066054795322
2006-03-06,1.7668193236498586
2006-03-07,1.711921983283705
2006-03-08,1.703081701718668
2006-03-09,1.6780366508587146
2006-03-10,1.6687937874959318
2006-03-13,1.6655457791078954
2006-03-14,1.6872003214582902
2006-03-15,1.7114585821879045
2006-03-16,1.7039080607719912
2006-03-17,1.7114769869523456
2006-03-20,1.713548163440542
2006-03-21,1.6894451858244628
2006-03-22,1.6861471872124314
2006-03-23,1.6818346294183135
2006-03-24,1.7000053396107913
2006-03-27,1.6918696485260314
2006-03-28,1.6864765489123132
2006-03-29,1.7273034207421922
2006-03-30,1.7340759219741089
2006-03-31,1.7512115675441529
2006-04-03,1.7479939571146759
2006-04-04,1.7556705320864257
2006-04-05,1.7736876281797092
2006-04-06,1.7773265818141435
2006-04-07,1.7539558657384826
2006-04-10,1.7301218395757127
2006-04-11,1.7075987013058653
2006-04-12,1.729788075581007
2006-04-13,1.7302270361241068
2006-04-17,1.7313240496071733
2006-04-18,1.769651127720307
2006-04-19,1.7764873783068431
2006-04-20,1.7648378208338056
2006-04-21,1.7697021357896106
2006-04-24,1.7667155345209533
2006-04-25,1.7578917436088115
2006-04-26,1.7604845693538531
2006-04-27,1.7455326558434143
2006-04-28,1.7548284130323593
2006-05-01,1.746739635360179
2006-05-02,1.7562205619258713
2006-05-03,1.7623108586365601
2006-05-04,1.7669934516254768
2006-05-05,1.7884360349706034
2006-05-08,1.7924317675627672
2006-05-09,1.7895787060726447
2006-05-10,1.788451773299281
2006-05-11,1.749136212069865
2006-05-12,1.709303614177594
2006-05-15,1.6871053828360247
2006-05-16,1.6989590523319733
2006-05-17,1.6440282351059197
2006-05-18,1.6185355578264216
2006-05-19,1.6295972437850217
2006-05-22,1.5925329708440539
2006-05-23,1.591416551648536
2006-05-24,1.5647558519046338
2006-05-25,1.6109408847461848
2006-05-26,1.6380629577929118
2006-05-30,1.6005348419745793
2006-05-31,1.6246184293588517
2006-06-01,1.6469555253825199
2006-06-02,1.6523981071056941
2006-06-05,1.6153328671012661
2006-06-06,1.6022757329605826
2006-06-07,1.5879437409699462
2006-06-08,1.5716512802563651
2006-06-09,1.5690343675956373
2006-06-12,1.5357619923623245
2006-06-13,1.502884020051597
2006-06-14,1.519854216254753
2006-06-15,1.5736678909342474
2006-06-16,1.5647302627764466
2006-06-19,1.541087757550222
2006-06-20,1.5419742864204566
2006-06-21,1.5601066740020015
2006-06-22,1.5602603020624333
2006-06-23,1.5635133626962008
2006-06-26,1.5713838156130262
2006-06-27,1.5566618828229972
2006-06-28,1.5756400850348873
2006-06-29,1.6375486725592316
2006-06-30,1.653493957262144
2006-07-03,1.6716560615960117
2006-07-05,1.6406949705809977
2006-07-06,1.647220236200535
2006-07-07,1.628863735982188
2006-07-10,1.6245485237101593
2006-07-11,1.6345704376838506
2006-07-12,1.60913031257102
2006-07-13,1.5653375515176473
2006-07-14,1.5538324389961637
2006-07-17,1.5461489237355415
2006-07-18,1.5537892251330545
2006-07-19,1.5938859595866917
2006-07-20,1.5504352661156733
2006-07-21,1.5123571004448386
2006-07-24,1.5571230872439348
2006-07-25,1.5724961822774022
2006-07-26,1.5521528754058842
2006-07-27,1.5542988256289483
2006-07-28,1.5871601323598146
2006-07-31,1.6026479254852855
2006-08-01,1.5689824852666134
2006-08-02,1.5705815219413246
2006-08-03,1.583221124749098
2006-08-04,1.575442415917648
2006-08-07,1.570118432805237
2006-08-08,1.5602965769469013
2006-08-09,1.5593048387318231
2006-08-10,1.5612166714732891
2006-08-11,1.5507813089112434
2006-08-14,1.5531361870970755
2006-08-15,1.5756758890229137
2006-08-16,1.5788077952966248
2006-08-17,1.5748077550067923
2006-08-18,1.584183506790125
2006-08-21,1.5823279720690466
2006-08-22,1.5879698643291615
2006-08-23,1.5813992943876471
2006-08-24,1.5879491571515283
2006-08-25,1.5918318829633304
2006-08-28,1.6031387129371177
2006-08-29,1.6039464140262627
2006-08-30,1.6010874513047342
2006-08-31,1.6053583555822597
2006-09-01,1.6169247437695342
2006-09-05,1.6217905794151077
2006-09-06,1.6036090116206287
2006-09-07,1.5888170794374854
2006-09-08,1.600342160124914
2006-09-11,1.5987924969494418
2006-09-12,1.6147935667485789
2006-09-13,1.6183985252796949
2006-09-14,1.6203551077450986
2006-09-15,1.622209330935836
2006-09-18,1.6214987539654386
2006-09-19,1.6186287003090922
2006-09-20,1.629027883292347
2006-09-21,1.619781578938597
2006-09-22,1.6192861681845525
2006-09-25,1.633511716036641
2006-09-26,1.6406450808431972
2006-09-27,1.6445676220564043
2006-09-28,1.6413162567894746
2006-09-29,1.6362748305728176
2006-10-02,1.6310988946282747
2006-10-03,1.642370145482125
2006-10-04,1.661122135625041
2006-10-05,1.6801860234955306
2006-10-06,1.6770188856869528
2006-10-09,1.6776291652023743
2006-10-10,1.6943311957042932
2006-10-11,1.6957023395066249
2006-10-12,1.7141105746847285
2006-10-13,1.7163625116939705
2006-10-16,1.7175835244514441
2006-10-17,1.7106622349107887
2006-10-18,1.7042218792868082
2006-10-19,1.6959653357604456
2006-10-20,1.6948440729123957
2006-10-23,1.7029592226937993
2006-10-24,1.7052962949545287
2006-10-25,1.703030475717107
2006-10-26,1.7061706689610454
2006-10-27,1.6861467171950861
2006-10-30,1.688058934568047
2006-10-31,1.684756776214031
2006-11-01,1.663384006678435
2006-11-02,1.6653429920937126
2006-11-03,1.6704556874482823
2006-11-06,1.707630959014605
2006-11-07,1.7269156285147134
2006-11-08,1.7204992715381104
2006-11-09,1.7088865898722179
2006-11-10,1.7311253012064753
2006-11-13,1.750848412600544
2006-11-14,1.7592530024867903
2006-11-15,1.7588354597180624
2006-11-16,1.7545235106302977
2006-11-17,1.7580711102578988
2006-11-20,1.7653528604486535
2006-11-21,1.768807814625282
2006-11-22,1.772433320510351
2006-11-24,1.7671328904443862
2006-11-27,1.7274936027367211
2006-11-28,1.730299283341864
2006-11-29,1.7478642506269841
2006-11-30,1.7465062159544664
2006-12-01,1.7343539900142537
2006-12-04,1.770216688724402
2006-12-05,1.7984497282566698
2006-12-06,1.7916885826776252
2006-12-07,1.7810883451415893
2006-12-08,1.7949168375109752
2006-12-11,1.7966757138051161
2006-12-12,1.7699081802687915
2006-12-13,1.7728041261396499
2006-12-14,1.7809234693095584
2006-12-15,1.7864287357661852
2006-12-18,1.776629930795684
2006-12-19,1.7653252233784043
2006-12-20,1.779271267477272
2006-12-21,1.7678087147784753
2006-12-22,1.7494105883713256
2006-12-26,1.7577126350181467
2006-12-27,1.7687665097742433
2006-12-28,1.769438585849381
2006-12-29,1.7572666820713003
2007-01-03,1.7642506314527129
2007-01-04,1.7761388879887066
2007-01-05,1.759510623229408
2007-01-08,1.7714454264483308
2007-01-09,1.785437729137041
2007-01-10,1.8158062009120648
2007-01-11,1.8344578400178078
2007-01-12,1.8441176932344971
2007-01-16,1.8439974934750891
2007-01-17,1.8454319904823062
2007-01-18,1.8182649911424478
2007-01-19,1.824022727453823
2007-01-22,1.808948013791205
2007-01-23,1.82414565498907
2007-01-24,1.8600054046811434
2007-01-25,1.829392099410491
2007-01-26,1.8282255304215551
2007-01-29,1.8201451018206596
2007-01-30,1.8597345768534417
2007-01-31,1.8695619849414324
2007-02-01,1.8836250007897726
2007-02-02,1.8921867051514119
2007-02-05,1.8964107734683255
2007-02-06,1.8942058969378985
2007-02-07,1.9056296505203587
2007-02-08,1.9130314952217304
2007-02-09,1.8687741469741619
2007-02-12,1.8481306150691508
2007-02-13,1.870953791747729
2007-02-14,1.8815939407268323
2007-02-15,1.8858984699971417
2007-02-16,1.8798879367172283
2007-02-20,1.8992187814717922
2007-02-21,1.893465425434036
2007-02-22,1.8921810066084908
2007-02-23,1.879491301252005
2007-02-26,1.8692387777847457
2007-02-27,1.7792265581571616
2007-02-28,1.795699226648129
2007-03-01,1.7912260599798266
2007-03-02,1.7593739685366532
2007-03-05,1.7268670073977637
2007-03-06,1.7694967464024236
2007-03-07,1.7548800574998844
2007-03-08,1.7865145890145169
2007-03-09,1.7924137420175312
2007-03-12,1.804018064450061
2007-03-13,1.7591009437145841
2007-03-14,1.7713220490491706
2007-03-15,1.7751983764050925
2007-03-16,1.7560620815305634
2007-03-19,1.778230491255056
2007-03-20,1.7883894519551295
2007-03-21,1.819161392939668
2007-03-22,1.8130842959901248
2007-03-23,1.8011789829988887
2007-03-26,1.7928059439053248
2007-03-27,1.7807771943247959
2007-03-28,1.7607629600881738
2007-03-29,1.7653767034008396
2007-03-30,1.760226105428886
2007-04-02,1.7714510713318483
2007-04-03,1.790641103856841
2007-04-04,1.7937110538796304
2007-04-05,1.8075797571733607
2007-04-09,1.8142984153871062
2007-04-10,1.8069957318435776
2007-04-11,1.8045026149792922
2007-04-12,1.8229544923246983
2007-04-13,1.8332896947273798
2007-04-16,1.8587117907137003
2007-04-17,1.8533084352241533
2007-04-18,1.8459480349351176
2007-04-19,1.8379394022961195
2007-04-20,1.8551182516165394
2007-04-23,1.8683773745002592
2007-04-24,1.8436117897240942
2007-04-25,1.8713951390851695
2007-04-26,1.8847961007072993
2007-04-27,1.8715168072138966
2007-04-30,1.8442816859926303
2007-05-01,1.8237924772939293
2007-05-02,1.8326908488913598
2007-05-03,1.856930040882063
2007-05-04,1.856105526927251
2007-05-07,1.8642376676383703
2007-05-08,1.8577466555486186
2007-05-09,1.8586697601250541
2007-05-10,1.821544617678101
2007-05-11,1.847604683453759
2007-05-14,1.8386480461819812
2007-05-15,1.8313976616361647
2007-05-16,1.8416880624450975
2007-05-17,1.8258873000907203
2007-05-18,1.841471689798922
2007-05-21,1.8541306483640023
2007-05-22,1.8562547678323118
2007-05-23,1.853258572852912
2007-05-24,1.8172611866815307
2007-05-25,1.834073287697082
2007-05-29,1.8434745240706258
2007-05-30,1.8686255669162375
2007-05-31,1.8785828940757667
2007-06-01,1.8944207476943764
2007-06-04,1.9088569534768878
2007-06-05,1.913144347578847
2007-06-06,1.8795481889135166
2007-06-07,1.832262811566158
2007-06-08,1.872255736645263
2007-06-11,1.882321751483114
2007-06-12,1.874978413536501
2007-06-13,1.915979975200696
2007-06-14,1.9357094769895324
2007-06-15,1.9632798095070745
2007-06-18,1.976562678834116
2007-06-19,1.9865436359332858
2007-06-20,1.9611737057608576
2007-06-21,1.9828639371355552
2007-06-22,1.964086109865088
2007-06-25,1.9404699981538363
2007-06-26,1.9272934846478775
2007-06-27,1.9435330633110983
2007-06-28,1.967541061029805
2007-06-29,1.959319108884573
2007-07-02,1.9906907796020148
2007-07-03,1.9900714063212732
2007-07-05,1.983914942641722
2007-07-06,1.991435609949193
2007-07-09,2.034159001399127
2007-07-10,2.0029199166458764
2007-07-11,2.005312378057914
2007-07-12,2.039817007528287
2007-07-13,2.0800486795176907
2007-07-16,2.0682193912669677
2007-07-17,2.07324207814583
2007-07-18,2.060418944963863
2007-07-19,2.083372224264926
2007-07-20,2.0513966231952305
2007-07-23,2.050213554232726
2007-07-24,1.9834505119961643
2007-07-25,1.9737723296582943
2007-07-26,1.9223579525028665
2007-07-27,1.9145296441359552
2007-07-30,1.9779538157434533
2007-07-31,1.9614326907045416
2007-08-01,1.951338786886704
2007-08-02,1.9676825471214414
2007-08-03,1.8949888356616622
2007-08-06,1.9236682302188288
2007-08-07,1.969820661075728
2007-08-08,2.0018183466022528
2007-08-09,1.906697317936933
2007-08-10,1.9069827129179233
2007-08-13,1.9293598269799943
2007-08-14,1.8743338389897812
2007-08-15,1.8161125312008564
2007-08-16,1.7976655492044102
2007-08-17,1.8484418247687935
2007-08-20,1.881107618983255
2007-08-21,1.9018121245588724
2007-08-22,1.949462068417625
2007-08-23,1.9280244208323314
2007-08-24,1.9737501873601737
2007-08-27,1.9501594481445295
2007-08-28,1.8771468278149075
2007-08-29,1.9329650169237367
2007-08-30,1.9343649407486219
2007-08-31,1.9783221162466251
2007-09-04,2.019632498151587
2007-09-05,2.015501802985302
2007-09-06,2.0363555857533266
2007-09-07,2.005968593985352
2007-09-10,1.9980866463982272
2007-09-11,2.037067344056701
2007-09-12,2.034753467214021
2007-09-13,2.0530085829374336
2007-09-14,2.0479157633246596
2007-09-17,2.051672279829611
2007-09-18,2.1510957373856945
2007-09-19,2.1743572935170614
2007-09-20,2.190177671817067
2007-09-21,2.215988643914921
2007-09-24,2.2085811562837354
2007-09-25,2.223675375506307
2007-09-26,2.2274701927976053
2007-09-27,2.2528944811881755
2007-09-28,2.2350434997310313
2007-10-01,2.2504447292478593
2007-10-02,2.258953951768113
2007-10-03,2.194576062144378
2007-10-04,2.21936515409838
2007-10-05,2.2539984326578413
2007-10-08,2.26572618152592
2007-10-09,2.310463980573456
2007-10-10,2.3108355749862137
2007-10-11,2.281426567236121
2007-10-12,2.3229128751571
2007-10-15,2.2977014035233934
2007-10-16,2.289170760601729
2007-10-17,2.2882327832841147
2007-10-18,2.2991456146102838
2007-10-19,2.2297006659666674
2007-10-22,2.2652417488860497
2007-10-23,2.3242827524761087
2007-10-24,2.327476631418848
2007-10-25,2.3044260115668056
2007-10-26,2.348922390417417
2007-10-29,2.38239778845184
2007-10-30,2.346138187381517
2007-10-31,2.3308490213503053
2007-11-01,2.254116726303888
2007-11-02,2.2495580566150073
2007-11-05,2.2110655506193426
2007-11-06,2.247203016913956
2007-11-07,2.1931225027782864
2007-11-08,2.1539313468843773
2007-11-09,2.1142618814531717
2007-11-12,2.002363345945027
2007-11-13,2.1074647615501743
2007-11-14,2.0945233666270444
2007-11-15,2.054620395340416
2007-11-16,2.0728236020631523
2007-11-19,1.995375824969469
2007-11-20,2.034132009555032
2007-11-21,2.003959493355364
2007-11-23,2.043819754656858
2007-11-26,2.0133215849873047
2007-11-27,2.049677954175506
2007-11-28,2.1459860111131386
2007-11-29,2.137045458020677
2007-11-30,2.1630714092989307
2007-12-03,2.1699211206279996
2007-12-04,2.148230785462888
2007-12-05,2.2008321164201945
2007-12-06,2.241046368320458
2007-12-07,2.259270376897046
2007-12-10,2.296033944165712
2007-12-11,2.2232884541377835
2007-12-12,2.228769945630915
2007-12-13,2.254839213659891
2007-12-14,2.2289033526328805
2007-12-17,2.1792773977469135
2007-12-18,2.1766193221860806
2007-12-19,2.194747170145062
2007-12-20,2.2435564190105115
2007-12-21,2.2913482564886514
2007-12-24,2.3214587600698233
2007-12-26,2.3391242024348875
2007-12-27,2.313539343073298
2007-12-28,2.299396148781683
2007-12-31,2.278080288249994
2008-01-02,2.256284729275712
2008-01-03,2.268821887185538
2008-01-04,2.1769072671679055
2008-01-07,2.1527519421043246
2008-01-08,2.1197676703303725
2008-01-09,2.1471151981613597
2008-01-10,2.171207374754351
2008-01-11,2.1371532967583176
2008-01-14,2.200704674685131
2008-01-15,2.107649487165567
2008-01-16,2.0318018836965877
2008-01-17,1.9495966724263785
2008-01-18,1.945457905771071
2008-01-22,1.9563905372069266
2008-01-23,1.9741532239957937
2008-01-24,2.02217518275834
2008-01-25,1.9960304478390605
2008-01-28,2.0265098625890903
2008-01-29,2.023900977868004
2008-01-30,1.9949014509001048
2008-01-31,2.0416667785722775
2008-02-01,2.102706619231539
2008-02-04,2.098791091591525
2008-02-05,2.0686585111982
2008-02-06,2.0632874353383373
2008-02-07,2.0649285043632526
2008-02-08,2.0707227753136594
2008-02-11,2.074755492254352
2008-02-12,2.0798966325271957
2008-02-13,2.0851146792554736
2008-02-14,2.083885603295644
2008-02-15,2.0846835871922864
2008-02-19,2.091846983066472
2008-02-20,2.088590091626196
2008-02-21,2.0828840095481604
2008-02-22,2.07970592201533
2008-02-25,2.0943658410133703
2008-02-26,2.0950512588489643
2008-02-27,2.0893544101184145
2008-02-28,2.094700690562914
2008-02-29,2.0789319288126387
2008-03-03,2.0799496927550867
2008-03-04,2.0715111074363275
2008-03-05,2.0841818710880173
2008-03-06,2.0754441057204036
2008-03-07,2.0600993449405274
2008-03-10,2.0394203170439176
2008-03-11,2.0761380325972385
2008-03-12,2.072400993848746
2008-03-13,2.0893537080682663
2008-03-14,2.0788333728268
2008-03-17,2.0560688976380543
2008-03-18,2.0844649205189527
2008-03-19,2.0420896032691878
2008-03-20,2.0357330389200436
2008-03-24,2.0506283525948366
2008-03-25,2.0681683929144565
2008-03-26,2.0802463240265627
2008-03-27,2.068426865430497
2008-03-28,2.070117853949057
2008-03-31,2.0657966472403744
2008-04-01,2.076468659634726
2008-04-02,2.071166284089507
2008-04-03,2.080485118340051
2008-04-04,2.0917405339434056
2008-04-07,2.100276168502217
2008-04-08,2.1036143681944024
2008-04-09,2.0960392206411287
2008-04-10,2.104572534099761
2008-04-11,2.0965731120049034
2008-04-14,2.0974842728947385
2008-04-15,2.1051329621868824
2008-04-16,2.126471523975207
2008-04-17,2.122483629729752
2008-04-18,2.131927985647645
2008-04-21,2.137080421986163
2008-04-22,2.1315928594713505
2008-04-23,2.1199058955194037
2008-04-24,2.112414399268042
2008-04-25,2.1273341858511987
2008-04-28,2.1244009683835987
2008-04-29,2.1160933266571287
2008-04-30,2.1128373452851488
2008-05-01,2.1098405123461452
2008-05-02,2.1244921593601016
2008-05-05,2.131727941382439
2008-05-06,2.167772673107144
2008-05-07,2.1236120168733366
2008-05-08,2.1448564011189064
2008-05-09,2.129792198432048
2008-05-12,2.1453544350222646
2008-05-13,2.1626181194512206
2008-05-14,2.1567969845148904
2008-05-15,2.183945178306936
2008-05-16,2.199788720902302
2008-05-19,2.1806105397566884
2008-05-20,2.1857809685160725
2008-05-21,2.1401258415944375
2008-05-22,2.1355612751489534
2008-05-23,2.1061351719412253
2008-05-27,2.0951613703059095
2008-05-28,2.1331421487745232
2008-05-29,2.121999442267966
2008-05-30,2.145525480665968
2008-06-02,2.1350636519965196
2008-06-03,2.1338017660448916
2008-06-04,2.1311799054371288
2008-06-05,2.1961615045679475
2008-06-06,2.133018159944006
2008-06-09,2.1498229521785484
2008-06-10,2.145720320144014
2008-06-11,2.1066959498988833
2008-06-12,2.11925346723929
2008-06-13,2.1605103406697705
2008-06-16,2.164922534444106
2008-06-17,2.152864098801567
2008-06-18,2.1390682951417666
2008-06-19,2.159587853061803
2008-06-20,2.1262455047983524
2008-06-23,2.112452030633572
2008-06-24,2.093007702847119
2008-06-25,2.1265917969355126
2008-06-26,2.0635903096014814
2008-06-27,2.053671283189292
2008-06-30,2.05451570461131
2008-07-01,2.053589696843916
2008-07-02,2.0300129488847642
2008-07-03,2.022483772491404
2008-07-07,2.0184160281149626
2008-07-08,2.0219169076692887
2008-07-09,2.0141166572968694
2008-07-10,2.021977951172805
2008-07-11,2.0238640722472683
2008-07-14,2.0280045112791165
2008-07-15,2.0197066448418424
2008-07-16,2.035706045442092
2008-07-17,2.0385938992633443
2008-07-18,2.0319257173600853
2008-07-21,2.036926010742996
2008-07-22,2.0408618640980913
2008-07-23,2.0246839493205324
2008-07-24,2.0093282612468815
2008-07-25,2.019050534784667
2008-07-28,2.0123567775696123
2008-07-29,2.025649640344508
2008-07-30,2.042213713622541
2008-07-31,2.0366173395040414
2008-08-01,2.03159829525791
2008-08-04,2.0171175748106775
2008-08-05,2.0268931139735713
2008-08-06,2.0338475860021403
2008-08-07,2.0245598852611444
2008-08-08,2.0339851323416354
2008-08-11,2.0345654781037537
2008-08-12,2.0306363582110762
2008-08-13,2.0401962849824136
2008-08-14,2.046069972578865
2008-08-15,2.042351903606831
2008-08-18,2.0357381111463337
2008-08-19,2.03272601341592
2008-08-20,2.0306563154132053
2008-08-21,2.0280297044581332
2008-08-22,2.0355196655037227
2008-08-25,2.022476140723246
2008-08-26,2.024819347129604
2008-08-27,2.030716545732295
2008-08-28,2.0399845125414307
2008-08-29,2.0328995935055056
2008-09-02,2.0194133762802933
2008-09-03,2.019117899411922
2008-09-04,1.9885010399097365
2008-09-05,1.9839544364739157
2008-09-08,1.9954414312322633
2008-09-09,1.9717061157382494
2008-09-10,1.980224115256238
2008-09-11,1.9841571013876096
2008-09-12,1.980311279477438
2008-09-15,1.9620288133978099
2008-09-16,1.9735115781206365
2008-09-17,1.9362538086553478
2008-09-18,1.94291303705485
2008-09-19,1.9640544943890106
2008-09-22,1.9459402146422575
2008-09-23,1.9411680639828397
2008-09-24,1.9289431673045299
2008-09-25,1.939161901826678
2008-09-26,1.943320550933467
2008-09-29,1.914368972782831
2008-09-30,1.93519163857182
2008-10-01,1.9264772544619173
2008-10-02,1.9014531140109117
2008-10-03,1.8812730317426338
2008-10-06,1.8599399950355706
2008-10-07,1.8302179498292204
2008-10-08,1.82548759279355
2008-10-09,1.7742668970290711
2008-10-10,1.7916186554741327
2008-10-13,1.8361104884590609
2008-10-14,1.8327451614030954
2008-10-15,1.8010781560526377
2008-10-16,1.8292449095848915
2008-10-17,1.8205014896416394
2008-10-20,1.8312172093813175
2008-10-21,1.82274916872634
2008-10-22,1.8021013158104844
2008-10-23,1.7938702983956216
2008-10-24,1.7864259394360886
2008-10-27,1.780020045696545
2008-10-28,1.8039230651809908
2008-10-29,1.8016558895783201
2008-10-30,1.8081362917782886
2008-10-31,1.8182393930570278
2008-11-03,1.8198426878930551
2008-11-04,1.8320601482806012
2008-11-05,1.802233683367231
2008-11-06,1.7867528716428016
2008-11-07,1.7903316502934685
2008-11-10,1.773943371358205
2008-11-11,1.7717355657992948
2008-11-12,1.7451827685282173
2008-11-13,1.771776234524648
2008-11-14,1.757848431701672
2008-11-17,1.7496209375719616
2008-11-18,1.7509427140634963
2008-11-19,1.7269833647338395
2008-11-20,1.709920267691808
2008-11-21,1.7221270639733877
2008-11-24,1.7286651457945355
2008-11-25,1.7323290813842998
2008-11-26,1.7357554101318882
2008-11-28,1.7384610779943621
2008-12-01,1.7228679180463033
2008-12-02,1.72868243917059
2008-12-03,1.7342846233992493
2008-12-04,1.7219834069547897
2008-12-05,1.7353249924032967
2008-12-08,1.7407489627979016
2008-12-09,1.727643774842549
2008-12-10,1.7308648874601313
2008-12-11,1.7221274647620963
2008-12-12,1.7311746522090676
2008-12-15,1.731869556971991
2008-12-16,1.7479903964809897
2008-12-17,1.7449035566692541
2008-12-18,1.7444956774901443
2008-12-19,1.7335101852889763
2008-12-22,1.732826146563422
2008-12-23,1.7298602529749334
2008-12-24,1.7315366205468163
2008-12-26,1.7321603630797577
2008-12-29,1.7279974744541762
2008-12-30,1.7339742825787021
2008-12-31,1.7417515900713534
2009-01-02,1.7471336890567322
2009-01-05,1.7392628568527098
2009-01-06,1.7316310275181355
2009-01-07,1.7224721852085854
2009-01-08,1.7293217228301923
2009-01-09,1.7181286339011206
2009-01-12,1.7084691495779027
2009-01-13,1.712535156503025
2009-01-14,1.6957808561493937
2009-01-15,1.70718646697155
2009-01-16,1.7132067755997151
2009-01-20,1.6965527754408343
2009-01-21,1.7064912985933711
2009-01-22,1.6930562804657658
2009-01-23,1.6863822464882146
2009-01-26,1.6832015243687117
2009-01-27,1.6838043204094972
2009-01-28,1.6934858262146253
2009-01-29,1.6841417082301462
2009-01-30,1.6793205173212689
2009-02-02,1.6796292851875971
2009-02-03,1.6877945154005505
2009-02-04,1.6829393870250773
2009-02-05,1.675374821827735
2009-02-06,1.6859097948377333
2009-02-09,1.6801558385611495
2009-02-10,1.66535647410436
2009-02-11,1.66952014396808
2009-02-12,1.676609281286608
2009-02-13,1.6733076546507102
2009-02-17,1.6601316206079377
2009-02-18,1.655594684513223
2009-02-19,1.662261693203264
2009-02-20,1.662189176528353
2009-02-23,1.646800331044682
2009-02-24,1.6569613688136406
2009-02-25,1.6530229148405364
2009-02-26,1.642946191574747
2009-02-27,1.6393306027633798
2009-03-02,1.6216348662298783
2009-03-03,1.6275157343068472
2009-03-04,1.6310683417231184
2009-03-05,1.6264276183647708
2009-03-06,1.6200735400881305
2009-03-09,1.6175827865287027
2009-03-10,1.6238725040326387
2009-03-11,1.6211378375235572
2009-03-12,1.6289353993581583
2009-03-13,1.6337938651947586
2009-03-16,1.6314089593091134
2009-03-17,1.6351425671811148
2009-03-18,1.6416977886699542
2009-03-19,1.6444853799753518
2009-03-20,1.6424722864292025
2009-03-23,1.6485964250134937
2009-03-24,1.647280629011326
2009-03-25,1.6501321109707188
2009-03-26,1.6550546564813065
2009-03-27,1.6493266341048942
2009-03-30,1.6471221329197503
2009-03-31,1.650122030188275
2009-04-01,1.6517928552648309
2009-04-02,1.6971193653445351
2009-04-03,1.6976736997969697
2009-04-06,1.6850194062816508
2009-04-07,1.638351380549104
2009-04-08,1.6654859624401288
2009-04-09,1.7260062614013858
2009-04-13,1.7203068975339677
2009-04-14,1.6870638073980915
2009-04-15,1.700670193702457
2009-04-16,1.743809785147108
2009-04-17,1.7727433434328688
2009-04-20,1.7239793309016076
2009-04-21,1.7579011968903462
2009-04-22,1.7470693799393369
2009-04-23,1.755648109774637
2009-04-24,1.7508380836437203
2009-04-27,1.7481900384952043
2009-04-28,1.7362478502256968
2009-04-29,1.7667888367148328
2009-04-30,1.7784569230554252
2009-05-01,1.7887834318135847
2009-05-04,1.8448177031544095
2009-05-05,1.8317541442602991
2009-05-06,1.8198822357844358
2009-05-07,1.7546444674714434
2009-05-08,1.7988900722074028
2009-05-11,1.7598020995976555
2009-05-12,1.7219950809628752
2009-05-13,1.6492790001348274
2009-05-14,1.6833539705237737
2009-05-15,1.6766467112759047
2009-05-18,1.7375238119240297
2009-05-19,1.7496962987609312
2009-05-20,1.7365316349070774
2009-05-21,1.6987300705815325
2009-05-22,1.6864355697515174
2009-05-26,1.7328288242767291
2009-05-27,1.7065813165217774
2009-05-28,1.7135988621786937
2009-05-29,1.7479075139042797
2009-06-01,1.8052039842238135
2009-06-02,1.7872939709891993
2009-06-03,1.7203696894078078
2009-06-04,1.7691354474615406
2009-06-05,1.7732571913630353
2009-06-08,1.770123490467383
2009-06-09,1.8075707274533146
2009-06-10,1.8145768735013903
2009-06-11,1.8278591097999752
2009-06-12,1.8232223954450952
2009-06-15,1.7639015993798655
2009-06-16,1.7277646740632375
2009-06-17,1.7099377774672502
2009-06-18,1.7499051373631003
2009-06-19,1.7812457422652166
2009-06-22,1.657790319121307
2009-06-23,1.6933350893048142
2009-06-24,1.7233849843915294
2009-06-25,1.7060746490023593
2009-06-26,1.7148924966436259
2009-06-29,1.724453489186662
2009-06-30,1.7096276696435808
2009-07-01,1.7235655409139932
2009-07-02,1.6727293123874012
2009-07-06,1.6450817980660595
2009-07-07,1.5929537210891305
2009-07-08,1.595447463441698
2009-07-09,1.6182991589011693
2009-07-10,1.6337541091962386
2009-07-13,1.6838442934082676
2009-07-14,1.7062151684974336
2009-07-15,1.7776539007553862
2009-07-16,1.8039623032038357
2009-07-17,1.8028069683990582
2009-07-20,1.8317941620079905
2009-07-21,1.8548090480808064
2009-07-22,1.870516961859855
2009-07-23,1.90675269729056
2009-07-24,1.916208288937288
2009-07-27,1.934372349207858
2009-07-28,1.910526666934298
2009-07-29,1.877720730095635
2009-07-30,1.9320841385690375
2009-07-31,1.935446167007443
2009-08-03,1.9987033204119518
2009-08-04,2.0177313863058526
2009-08-05,2.0297773961002235
2009-08-06,1.9997176270117265
2009-08-07,2.045776512737312
2009-08-10,2.038877998910413
2009-08-11,2.0085984209649776
2009-08-12,2.0466990093908013
2009-08-13,2.0861796673547848
2009-08-14,2.0575342963935834
2009-08-17,1.9903534873187445
2009-08-18,2.02625946899155
2009-08-19,2.0400678499213423
2009-08-20,2.083607421096306
2009-08-21,2.137567017238541
2009-08-24,2.116131325072672
2009-08-25,2.1282621997733653
2009-08-26,2.1213727419668524
2009-08-27,2.144016855723192
2009-08-28,2.166661579092372
2009-08-31,2.140975517543233
2009-09-01,2.0538371623930303
2009-09-02,2.034293601367561
2009-09-03,2.08460942074592
2009-09-04,2.1200654629573847
2009-09-08,2.138541141171658
2009-09-09,2.1775887722242127
2009-09-10,2.1939349659421756
2009-09-11,2.194136868132676
2009-09-14,2.242025014403931
2009-09-15,2.2627326424150302
2009-09-16,2.3175427608860835
2009-09-17,2.296696383091287
2009-09-18,2.2906401492487807
2009-09-21,2.2896787145944955
2009-09-22,2.3073926804876055
2009-09-23,2.2801410095018912
2009-09-24,2.220681612476326
2009-09-25,2.193194489775806
2009-09-28,2.2646834138871377
2009-09-29,2.250152738152534
2009-09-30,2.2310907772026454
2009-10-01,2.1331319243875977
2009-10-02,2.141471237733525
2009-10-05,2.204523355450839
2009-10-06,2.2520778210705372
2009-10-07,2.255252752282107
2009-10-08,2.2935489708137484
2009-10-09,2.2955790879499514
2009-10-12,2.2843770384098994
2009-10-13,2.252936485477209
2009-10-14,2.3091901069069523
2009-10-15,2.3131521214479553
2009-10-16,2.2719161035462037
2009-10-19,2.2907102408996556
2009-10-20,2.267302278300117
2009-10-21,2.226732379444308
2009-10-22,2.307902716687367
2009-10-23,2.24824499473365
2009-10-26,2.187234669677599
2009-10-27,2.14009324156984
2009-10-28,2.054840754792298
2009-10-29,2.163808109829615
2009-10-30,2.089365201037799
2009-11-02,2.1002812082938416
2009-11-03,2.1106237823418503
2009-11-04,2.1091090024092107
2009-11-05,2.1676862028634925
2009-11-06,2.1748332414895657
2009-11-09,2.234984828168703
2009-11-10,2.2322380665536654
2009-11-11,2.2423689535576745
2009-11-12,2.2138009647939345
2009-11-13,2.228652113850338
2009-11-16,2.2634831234323882
2009-11-17,2.2536532856544746
2009-11-18,2.24947199501126
2009-11-19,2.2058764545038496
2009-11-20,2.1996452114130274
2009-11-23,2.2312162512819658
2009-11-24,2.2209527931718918
2009-11-25,2.2253489186976507
2009-11-27,2.1848936628677706
2009-11-30,2.1929369640945415
2009-12-01,2.223785518148733
2009-12-02,2.2389672086204726
2009-12-03,2.227516256955419
2009-12-04,2.241644662075319
2009-12-07,2.232433710170902
2009-12-08,2.223674637566014
2009-12-09,2.222039113810633
2009-12-10,2.2178187976715016
2009-12-11,2.2326153049104667
2009-12-14,2.2537013545426494
2009-12-15,2.2468349906029017
2009-12-16,2.249517215282582
2009-12-17,2.2253479833287413
2009-12-18,2.2493751887199362
2009-12-21,2.3002352550162684
2009-12-22,2.3298667843179675
2009-12-23,2.368636035577738
2009-12-24,2.3832336448318863
2009-12-28,2.383274729669534
2009-12-29,2.3731832683021237
2009-12-30,2.359128605683365
2009-12-31,2.339331828797365
2010-01-04,2.3790571623998664
2010-01-05,2.4233967986041467
2010-01-06,2.4160297361391745
2010-01-07,2.41292155747015
2010-01-08,2.410378977934618
2010-01-11,2.3872919898938845
2010-01-12,2.3267519486233095
2010-01-13,2.375435568557925
2010-01-14,2.369770878801988
2010-01-15,2.3111492415881005
2010-01-19,2.3399556913740045
2010-01-20,2.3127795691857753
2010-01-21,2.28292363889766
2010-01-22,2.2113164739439224
2010-01-25,2.2148571359855453
2010-01-26,2.2148094341111073
2010-01-27,2.2336215197561877
2010-01-28,2.189784770653267
2010-01-29,2.1496146389374258
2010-02-01,2.2084833964055863
2010-02-02,2.2410412288822883
2010-02-03,2.225169478040535
2010-02-04,2.1248434959413314
2010-02-05,2.128610509016447
2010-02-08,2.1202562287841156
2010-02-09,2.193462905154668
2010-02-10,2.18370660263735
2010-02-11,2.2205417118030506
2010-02-12,2.22776089356455
2010-02-16,2.2553039880007617
2010-02-17,2.2641348789774334
2010-02-18,2.2548837264517725
2010-02-19,2.264015961839452
2010-02-22,2.272029369423581
2010-02-23,2.2553064285001216
2010-02-24,2.286466811420333
2010-02-25,2.283441794250722
2010-02-26,2.3121504748691635
2010-03-01,2.362784870815298
2010-03-02,2.3688774729687188
2010-03-03,2.379089367344358
2010-03-04,2.3685905341740208
2010-03-05,2.408220918571904
2010-03-08,2.4140181037741697
2010-03-09,2.4354631363788286
2010-03-10,2.4367922039059433
2010-03-11,2.452650561588473
2010-03-12,2.461270006030854
2010-03-15,2.447867894992041
2010-03-16,2.4702345504640584
2010-03-17,2.491346423025139
2010-03-18,2.464697558535288
2010-03-19,2.4142522347076527
2010-03-22,2.4834372550437838
2010-03-23,2.5225264508960112
2010-03-24,2.5137250724774893
2010-03-25,2.500747871285075
2010-03-26,2.496304861071399
2010-03-29,2.51338317647239
2010-03-30,2.5048123886781326
2010-03-31,2.4794371048800543
2010-04-01,2.4909768637595078
2010-04-05,2.514297383230843
2010-04-06,2.519121427081029
2010-04-07,2.4991363744752717
2010-04-08,2.5385083361524403
2010-04-09,2.557093496427247
2010-04-12,2.5703263763250477
2010-04-13,2.567412881803462
2010-04-14,2.608514303121719
2010-04-15,2.6216075673849417
2010-04-16,2.5697958675323243
2010-04-19,2.5391608194604856
2010-04-20,2.571001497227917
2010-04-21,2.5594352740658706
2010-04-22,2.5805402717798627
2010-04-23,2.6384097490080762
2010-04-26,2.6410852742278803
2010-04-27,2.538473305473632
2010-04-28,2.534567197781564
2010-04-29,2.56305391635829
2010-04-30,2.5074801107593716
2010-05-03,2.571643804098616
2010-05-04,2.4459492079591736
2010-05-05,2.4224086962262033
2010-05-06,2.3069418423357937
2010-05-07,2.2438285737463195
2010-05-10,2.41406933979918
2010-05-11,2.421175283363411
2010-05-12,2.4843396251015135
2010-05-13,2.460945466909915
2010-05-14,2.3814793838523887
2010-05-17,2.3865730183161067
2010-05-18,2.339079775110893
2010-05-19,2.300156791668814
2010-05-20,2.1635532802383284
2010-05-21,2.2326097158821616
2010-05-24,2.1980535594701016
2010-05-25,2.213363100298325
2010-05-26,2.2146787135329964
2010-05-27,2.326486695869685
2010-05-28,2.2860666640503235
2010-06-01,2.2374654288363147
2010-06-02,2.294831412872334
2010-06-03,2.3312560734418786
2010-06-04,2.2339099961285145
2010-06-07,2.1696668813097855
2010-06-08,2.174358467884484
2010-06-09,2.189781166031715
2010-06-10,2.258974260505975
2010-06-11,2.303693537377613
2010-06-14,2.3179471550321495
2010-06-15,2.3845565667417237
2010-06-16,2.3877818683118317
2010-06-17,2.378211576350586
2010-06-18,2.3718222718710904
2010-06-21,2.3412716282472683
2010-06-22,2.276550762346408
2010-06-23,2.284827767702541
2010-06-24,2.2346842944606373
2010-06-25,2.2399293623157126
2010-06-28,2.2289942867917936
2010-06-29,2.11515948513348
2010-06-30,2.097571800767659
2010-07-01,2.0750298857812552
2010-07-02,2.07049311855033
2010-07-06,2.0723190223298613
2010-07-07,2.0875140266583063
2010-07-08,2.087561631073718
2010-07-09,2.092445810433077
2010-07-12,2.0914403584559818
2010-07-13,2.098927032840642
2010-07-14,2.1007729245298226
2010-07-15,2.0996601192283078
2010-07-16,2.0851592999258917
2010-07-19,2.085526119669263
2010-07-20,2.0915094965452146
2010-07-21,2.0818591771553434
2010-07-22,2.0957634944139523
2010-07-23,2.108248179901402
2010-07-26,2.1177872577796584
2010-07-27,2.1065290434700996
2010-07-28,2.100642168436426
2010-07-29,2.088233441469839
2010-07-30,2.0918553420632677
2010-08-02,2.095578117303174
2010-08-03,2.072659081105864
2010-08-04,2.0900920505505107
2010-08-05,2.0904028267582953
2010-08-06,2.08358901773516
2010-08-09,2.1047201518644054
2010-08-10,2.0718571601768976
2010-08-11,1.999932840642799
2010-08-12,1.9942965833604747
2010-08-13,1.9915880868135138
2010-08-16,2.003628072339991
2010-08-17,2.0424894646108247
2010-08-18,2.0569067933123333
2010-08-19,2.0208957707589863
2010-08-20,2.0509718216054185
2010-08-23,2.0302735908230054
2010-08-24,1.9880512384198965
2010-08-25,1.9881220437288591
2010-08-26,1.9755497393243184
2010-08-27,2.0191181929442332
2010-08-30,1.9727401062466403
2010-08-31,1.9816657642780022
2010-09-01,2.056912490846781
2010-09-02,2.0667613797294444
2010-09-03,2.073828870304338
2010-09-07,2.0724740026303428
2010-09-08,2.0805592627715055
2010-09-09,2.077961496712013
2010-09-10,2.076618429154382
2010-09-13,2.089133296939054
2010-09-14,2.087748433233217
2010-09-15,2.0909021655758355
2010-09-16,2.091513987851265
2010-09-17,2.0902655067285654
2010-09-20,2.104764752935494
2010-09-21,2.098947622948427
2010-09-22,2.0950277954026433
2010-09-23,2.0885492659720226
2010-09-24,2.099979294750857
2010-09-27,2.104221101668026
2010-09-28,2.1057372843764104
2010-09-29,2.102237579425274
2010-09-30,2.097808121334094
2010-10-01,2.097623737014909
2010-10-04,2.078244275332677
2010-10-05,2.127922065036615
2010-10-06,2.0608796280024615
2010-10-07,2.063516940872662
2010-10-08,2.078519401981422
2010-10-11,2.0585893038670577
2010-10-12,2.0946315804942115
2010-10-13,2.1155110851999828
2010-10-14,2.1100126974214284
2010-10-15,2.117705630750615
2010-10-18,2.106133743598836
2010-10-19,2.065521198685119
2010-10-20,2.1065132506273523
2010-10-21,2.110318162139586
2010-10-22,2.1481625588227398
2010-10-25,2.177056590118413
2010-10-26,2.1738294052852
2010-10-27,2.210170191474634
2010-10-28,2.21851633802282
2010-10-29,2.2346768159232053
2010-11-01,2.227572260554681
2010-11-02,2.256653830124532
2010-11-03,2.263971149597104
2010-11-04,2.303407907947699
2010-11-05,2.3225651550459414
2010-11-08,2.3314060311309928
2010-11-09,2.32714643043491
2010-11-10,2.330317232789544
2010-11-11,2.3270995325703914
2010-11-12,2.275984066060874
2010-11-15,2.2496870058888367
2010-11-16,2.2009249641758393
2010-11-17,2.2064440439170183
2010-11-18,2.2674185752155562
2010-11-19,2.2753710094053607
2010-11-22,2.3046375414935727
2010-11-23,2.2718442025215686
2010-11-24,2.329234162028785
2010-11-26,2.3182179265842096
2010-11-29,2.303866343898066
2010-11-30,2.2762632674711485
2010-12-01,2.331715545718262
2010-12-02,2.3297487395338967
2010-12-03,2.351767180654859
2010-12-06,2.349827440404659
2010-12-07,2.3324882165718486
2010-12-08,2.335815333237081
2010-12-09,2.35170163495352
2010-12-10,2.373188045279684
2010-12-13,2.3288404187717893
2010-12-14,2.3005287955206177
2010-12-15,2.285048590623907
2010-12-16,2.332593069947568
2010-12-17,2.3507129090950265
2010-12-20,2.3653660579135733
2010-12-21,2.395546805076318
2010-12-22,2.3931418071924098
2010-12-23,2.396897861344057
2010-12-27,2.393009479256102
2010-12-28,2.375749563352099
2010-12-29,2.38489992107125
2010-12-30,2.3790281941709335
2010-12-31,2.368187756839949
2011-01-03,2.409165861249605
2011-01-04,2.3914616104158513
2011-01-05,2.438534960002406
2011-01-06,2.42284133517116
2011-01-07,2.4271742748384098
2011-01-10,2.4344365489145368
2011-01-11,2.439348490517473
2011-01-12,2.4802269721369736
2011-01-13,2.474248532076743
2011-01-14,2.5013263413682614
2011-01-18,2.4984654796953416
2011-01-19,2.418093686934321
2011-01-20,2.343216322151161
2011-01-21,2.3357652028293856
2011-01-24,2.339862457578301
2011-01-25,2.3395722509282764
2011-01-26,2.3903333399148474
2011-01-27,2.400538696019242
2011-01-28,2.350851504253005
2011-01-31,2.361371678163678
2011-02-01,2.4248581850369124
2011-02-02,2.441487540626591
2011-02-03,2.4473415010270827
2011-02-04,2.510181604601872
2011-02-07,2.534244210651962
2011-02-08,2.5426002618280905
2011-02-09,2.5307711607465886
2011-02-10,2.554103832418492
2011-02-11,2.570273105271359
2011-02-14,2.6082984677382894
2011-02-15,2.5772599238814107
2011-02-16,2.6197537227010312
2011-02-17,2.6397641950314537
2011-02-18,2.6253080139434894
2011-02-22,2.5296100652386757
2011-02-23,2.4965019702203155
2011-02-24,2.5134475859275582
2011-02-25,2.5805773435664388
2011-02-28,2.5739660516743403
2011-03-01,2.5095712710719633
2011-03-02,2.5291250137676022
2011-03-03,2.5969452430436766
2011-03-04,2.588761315442289
2011-03-07,2.528331674343874
2011-03-08,2.5334327095490194
2011-03-09,2.49861084977045
2011-03-10,2.4404966725699824
2011-03-11,2.4815988993916953
2011-03-14,2.484414977205679
2011-03-15,2.469144317574264
2011-03-16,2.4280669556762766
2011-03-17,2.4372610976717386
2011-03-18,2.4216990542107824
2011-03-21,2.4807109181592466
2011-03-22,2.4501943885355897
2011-03-23,2.4939340664795084
2011-03-24,2.5343918720438388
2011-03-25,2.5483041485971842
2011-03-28,2.5609846987481983
2011-03-29,2.5929133731216174
2011-03-30,2.6076066459414187
2011-03-31,2.595279318883863
2011-04-01,2.5801184224427285
2011-04-04,2.5845338327446368
2011-04-05,2.5914572658122426
2011-04-06,2.5797525430685537
2011-04-07,2.5649066155403872
2011-04-08,2.5412826955216783
2011-04-11,2.5173720010243366
2011-04-12,2.4857323409531062
2011-04-13,2.5133039815063603
2011-04-14,2.513705682449979
2011-04-15,2.536808917963721
2011-04-18,2.516227636735957
2011-04-19,2.539783591847753
2011-04-20,2.5896801935161173
2011-04-21,2.616648336469227
2011-04-25,2.6055345223534316
2011-04-26,2.619197471577477
2011-04-27,2.708135276023951
2011-04-28,2.6931786710064927
2011-04-29,2.665383499650836
2011-05-02,2.640122943541819
2011-05-03,2.6193313024463625
2011-05-04,2.5947715661264845
2011-05-05,2.5684983356803355
2011-05-06,2.589272692011848
2011-05-09,2.6201210634558154
2011-05-10,2.6462714248503456
2011-05-11,2.6294230663198643
2011-05-12,2.6374130901914983
2011-05-13,2.610665155534367
2011-05-16,2.579947348496452
2011-05-17,2.572569792203928
2011-05-18,2.6188089997316855
2011-05-19,2.627648032043072
2011-05-20,2.6141256321527915
2011-05-23,2.5734685465622307
2011-05-24,2.570405286687532
2011-05-25,2.589142265298323
2011-05-26,2.5961435732473532
2011-05-27,2.617174656865468
2011-05-31,2.6416009246769403
2011-06-01,2.59328337593501
2011-06-02,2.5820836340118367
2011-06-03,2.569990818807198
2011-06-06,2.5292442249631715
2011-06-07,2.5330813798316525
2011-06-08,2.530719265512738
2011-06-09,2.5528440097215617
2011-06-10,2.544891151820483
2011-06-13,2.5660865431943702
2011-06-14,2.599308672101187
2011-06-15,2.5662313463752953
2011-06-16,2.5625334822681443
2011-06-17,2.5640017799026973
2011-06-20,2.5794175285360965
2011-06-21,2.6166453774787284
2011-06-22,2.6170476323774836
2011-06-23,2.6227604057289
2011-06-24,2.615907829675994
2011-06-27,2.631754949650889
2011-06-28,2.6901273126636522
2011-06-29,2.701587665781839
2011-06-30,2.7115879957186992
2011-07-01,2.7501765069245474
2011-07-05,2.763965028237887
2011-07-06,2.7688573422467746
2011-07-07,2.77760697947582
2011-07-08,2.7722973513955878
2011-07-11,2.7061071820832745
2011-07-12,2.690390116674005
2011-07-13,2.7121851915307476
2011-07-14,2.6934311277917438
2011-07-15,2.6937892296278885
2011-07-18,2.6720847473820775
2011-07-19,2.7507528093202267
2011-07-20,2.705183255005007
2011-07-21,2.710136721480894
2011-07-22,2.7075445503386986
2011-07-25,2.679569972535738
2011-07-26,2.6722099689484438
2011-07-27,2.604293843089696
2011-07-28,2.6055268225942974
2011-07-29,2.6016887285365606
2011-08-01,2.602011812384601
2011-08-02,2.427243716082842
2011-08-03,2.440088892648901
2011-08-04,2.3040531949943417
2011-08-05,2.2894139734582866
2011-08-08,2.119262475146322
2011-08-09,2.2363907409906374
2011-08-10,2.17329039277015
2011-08-11,2.2717906748067747
2011-08-12,2.30830020559094
2011-08-15,2.346547347316628
2011-08-16,2.3064063411364017
2011-08-17,2.28635327085802
2011-08-18,2.1807590653406304
2011-08-19,2.1499584044766453
2011-08-22,2.146155845676831
2011-08-23,2.233258680893673
2011-08-24,2.2611264207310606
2011-08-25,2.2199535191627304
2011-08-26,2.2693045179155935
2011-08-29,2.338616909083428
2011-08-30,2.351356818296485
2011-08-31,2.355244724367155
2011-09-01,2.3314996855942702
2011-09-02,2.321238240946681
2011-09-06,2.332545347874279
2011-09-07,2.342369496410059
2011-09-08,2.339401404552621
2011-09-09,2.321740399873873
2011-09-12,2.3249130765516286
2011-09-13,2.3339349418898934
2011-09-14,2.3445811314191096
2011-09-15,2.34843258305528
2011-09-16,2.360846058798079
2011-09-19,2.3668166607043015
2011-09-20,2.3570274960616673
2011-09-21,2.3451243766468526
2011-09-22,2.321034647137162
2011-09-23,2.322353618741102
2011-09-26,2.340642386700336
2011-09-27,2.3406832474678683
2011-09-28,2.3291774917338737
2011-09-29,2.316838769776986
2011-09-30,2.295083310357192
2011-10-03,2.2711655606560024
2011-10-04,2.2778250778996028
2011-10-05,2.28474479660487
2011-10-06,2.2921641715714847
2011-10-07,2.2934255937777706
2011-10-10,2.310375021607158
2011-10-11,2.3128252524462605
2011-10-12,2.312790135132967
2011-10-13,2.3105494982017243
2011-10-14,2.322781234997571
2011-10-17,2.3182701635040517
2011-10-18,2.324979621070729
2011-10-19,2.320089422054066
2011-10-20,2.319311642569766
2011-10-21,2.3294032724038494
2011-10-24,2.332578381798079
2011-10-25,2.3199350760920865
2011-10-26,2.309133410640316
2011-10-27,2.3202888332954066
2011-10-28,2.320175818152283
2011-10-31,2.318228997698736
2011-11-01,2.3079234638418207
2011-11-02,2.339070814484634
2011-11-03,2.3710995655740983
2011-11-04,2.373050660297187
2011-11-07,2.381431871868453
2011-11-08,2.4045140513433063
2011-11-09,2.323821870707069
2011-11-10,2.33211905418655
2011-11-11,2.3856683502968425
2011-11-14,2.370555106122057
2011-11-15,2.384795168519936
2011-11-16,2.3307591508213363
2011-11-17,2.300192992399314
2011-11-18,2.297224547631862
2011-11-21,2.2583852804661553
2011-11-22,2.2579381267267595
2011-11-23,2.2117982077876155
2011-11-25,2.1974010027330237
2011-11-28,2.266834191393757
2011-11-29,2.2762314392174705
2011-11-30,2.3663565075515707
2011-12-01,2.3563048845415473
2011-12-02,2.361441831117298
2011-12-05,2.387117614902278
2011-12-06,2.384652434978002
2011-12-07,2.385405889985863
2011-12-08,2.3443843545439496
2011-12-09,2.3974770014737845
2011-12-12,2.365675258249355
2011-12-13,2.3202241056820245
2011-12-14,2.281044254447267
2011-12-15,2.297682399330971
2011-12-16,2.317951814308565
2011-12-19,2.282877352906128
2011-12-20,2.3667856874604087
2011-12-21,2.375006721087319
2011-12-22,2.3748505602946355
2011-12-23,2.393476528527596
2011-12-27,2.392295630247613
2011-12-28,2.362819680795501
2011-12-29,2.386040918017474
2011-12-30,2.3687574193976233
2012-01-03,2.384395552379454
2012-01-04,2.39662275027975
2012-01-05,2.409048530697152
2012-01-06,2.4060968092616313
2012-01-09,2.400567484757632
2012-01-10,2.4486238035931494
2012-01-11,2.4666710786432677
2012-01-12,2.4836944497886844
2012-01-13,2.473848003662042
2012-01-17,2.474649683885618
2012-01-18,2.514816641273588
2012-01-19,2.5223016227301085
2012-01-20,2.5187832436193287
2012-01-23,2.5041088823381075
2012-01-24,2.509776461107797
2012-01-25,2.5305203307206687
2012-01-26,2.5359908671776545
2012-01-27,2.5422339429612864
2012-01-30,2.5415091397254415
2012-01-31,2.533208094937349
2012-02-01,2.594497946944022
2012-02-02,2.6070262605801036
2012-02-03,2.6642284138185874
2012-02-06,2.66878413715547
2012-02-07,2.666816687126115
2012-02-08,2.6969326281994297
2012-02-09,2.6939260129971023
2012-02-10,2.662061421314544
2012-02-13,2.7298707605392623
2012-02-14,2.6724448107709065
2012-02-15,2.6730537697992522
2012-02-16,2.7016332846388287
2012-02-17,2.695959798693505
2012-02-21,2.6600538113885444
2012-02-22,2.654868024052003
2012-02-23,2.68522296521388
2012-02-24,2.702298267787335
2012-02-27,2.7083589864797206
2012-02-28,2.703197868759265
2012-02-29,2.6745853821241967
2012-03-01,2.6940085919248444
2012-03-02,2.663547976537668
2012-03-05,2.635650579512862
2012-03-06,2.561263431250732
2012-03-07,2.6177089965751117
2012-03-08,2.673595870638471
2012-03-09,2.7019084930497717
2012-03-12,2.690216156283099
2012-03-13,2.747328765265547
2012-03-14,2.7402451178989895
2012-03-15,2.77132586061641
2012-03-16,2.7552661405783136
2012-03-19,2.765741592640509
2012-03-20,2.7384917701175047
2012-03-21,2.754047056291186
2012-03-22,2.736058319737335
2012-03-23,2.7466886239209547
2012-03-26,2.7760176676293757
2012-03-27,2.77712320308289
2012-03-28,2.774467242648144
2012-03-29,2.762764528249074
2012-03-30,2.7567674434657112
2012-04-02,2.7780800438109954
2012-04-03,2.7722258880483843
2012-04-04,2.729887071178823
2012-04-05,2.6670881491206804
2012-04-09,2.63383837182647
2012-04-10,2.530255984660848
2012-04-11,2.5877586785295836
2012-04-12,2.6545776453182492
2012-04-13,2.628810420298632
2012-04-16,2.63780148332021
2012-04-17,2.6681125915505737
2012-04-18,2.683921434157168
2012-04-19,2.6551644203902964
2012-04-20,2.6491150236366194
2012-04-23,2.622424732656991
2012-04-24,2.6354130952023596
2012-04-25,2.6780816696253846
2012-04-26,2.760866994590864
2012-04-27,2.7893799145216014
2012-04-30,2.7498933251611604
2012-05-01,2.7688397560008173
2012-05-02,2.7889960239750464
2012-05-03,2.7423992295286883
2012-05-04,2.698870850672574
2012-05-07,2.7073305331421573
2012-05-08,2.6831030836595624
2012-05-09,2.691186300537483
2012-05-10,2.6935848857959375
2012-05-11,2.698970717716189
2012-05-14,2.660387495919269
2012-05-15,2.6586851198264485
2012-05-16,2.6400451570166856
2012-05-17,2.5332718494112583
2012-05-18,2.4681628533322906
2012-05-21,2.557308773273203
2012-05-22,2.548065971007506
2012-05-23,2.565925076430568
2012-05-24,2.5704316975992665
2012-05-25,2.5695729311504856
2012-05-29,2.609526752551794
2012-05-30,2.544286775431616
2012-05-31,2.5250325343401614
2012-06-01,2.3858887391893653
2012-06-04,2.355042858497662
2012-06-05,2.404488282962762
2012-06-06,2.466767638479583
2012-06-07,2.4545532672732664
2012-06-08,2.476626519007511
2012-06-11,2.4222631526171017
2012-06-12,2.448244216901782
2012-06-13,2.4007535333004824
2012-06-14,2.4403224998541284
2012-06-15,2.471284569209506
2012-06-18,2.5053901122214097
2012-06-19,2.511137592270602
2012-06-20,2.507618048833949
2012-06-21,2.4677992765536274
2012-06-22,2.4895177446093486
2012-06-25,2.454826818114478
2012-06-26,2.4965324816336074
2012-06-27,2.5086764170633424
2012-06-28,2.4690531072471558
2012-06-29,2.54623551484961
2012-07-02,2.587903500944881
2012-07-03,2.5858624436056292
2012-07-05,2.586271468481929
2012-07-06,2.5671500649605714
2012-07-09,2.555281350503611
2012-07-10,2.5263245655470987
2012-07-11,2.5002288583852157
2012-07-12,2.513005059525076
2012-07-13,2.5458852558775535
2012-07-16,2.5303160306760315
2012-07-17,2.550079663017478
2012-07-18,2.5437020549384304
2012-07-19,2.528427402113446
2012-07-20,2.512540618797982
2012-07-23,2.489623749264431
2012-07-24,2.45737117920415
2012-07-25,2.4549473991758632
2012-07-26,2.5399150330379894
2012-07-27,2.61298792907676
2012-07-30,2.5997752499420224
2012-07-31,2.5645132351099442
2012-08-01,2.5431273023039664
2012-08-02,2.501471267403071
2012-08-03,2.5327989937200557
2012-08-06,2.531833970647266
2012-08-07,2.534758564082559
2012-08-08,2.5306737034298274
2012-08-09,2.540742278775529
2012-08-10,2.5413975562196587
2012-08-13,2.5360484471388665
2012-08-14,2.537633649589422
2012-08-15,2.5608407475850923
2012-08-16,2.5732306263725997
2012-08-17,2.57640044646967
2012-08-20,2.5720195498052996
2012-08-21,2.5670703874383265
2012-08-22,2.576466954182842
2012-08-23,2.5737088698747255
2012-08-24,2.593951988334289
2012-08-27,2.59021513888253
2012-08-28,2.5971966145913936
2012-08-29,2.6068411478729736
2012-08-30,2.588398081961701
2012-08-31,2.600919769917856
2012-09-04,2.6056603390014628
2012-09-05,2.604147190403834
2012-09-06,2.6644057157595875
2012-09-07,2.672882734986242
2012-09-10,2.6464121091423047
2012-09-11,2.666487266560514
2012-09-12,2.6961536741035506
2012-09-13,2.748083686584277
2012-09-14,2.781082661448076
2012-09-17,2.748941015887979
2012-09-18,2.7278377977605
2012-09-19,2.7539636741066684
2012-09-20,2.767488173269462
2012-09-21,2.783821002687923
2012-09-24,2.7707176915392964
2012-09-25,2.735469724407447
2012-09-26,2.6942005908135753
2012-09-27,2.7295731553857188
2012-09-28,2.7137189661035426
2012-10-01,2.715995223129993
2012-10-02,2.7705526165210728
2012-10-03,2.7819008944912507
2012-10-04,2.7988964060404986
2012-10-05,2.807295389296003
2012-10-08,2.7921417494431844
2012-10-09,2.7453063881276005
2012-10-10,2.7289627954937337
2012-10-11,2.736869290533536
2012-10-12,2.723829294753204
2012-10-15,2.7429271353006226
2012-10-16,2.7539246759205445
2012-10-17,2.8075630483506857
2012-10-18,2.7878633862518
2012-10-19,2.7478107385629666
2012-10-22,2.7507843071716143
2012-10-23,2.71184611258545
2012-10-24,2.7330620119957127
2012-10-25,2.7125977260789678
2012-10-26,2.716215758808925
2012-10-31,2.697066432077004
2012-11-01,2.7329537632066123
2012-11-02,2.6867794587879987
2012-11-05,2.7396521501259348
2012-11-06,2.749622384381058
2012-11-07,2.710777505297307
2012-11-08,2.672756139084339
2012-11-09,2.6727357486715464
2012-11-12,2.6642481152180966
2012-11-13,2.654007359057994
2012-11-14,2.5900333753450777
2012-11-15,2.571088474671536
2012-11-16,2.5947182727519063
2012-11-19,2.6616839053082826
2012-11-20,2.6832088479530802
2012-11-21,2.6949120353873246
2012-11-23,2.721833578003439
2012-11-26,2.713486685086211
2012-11-27,2.7378849950153388
2012-11-28,2.7599567469090784
2012-11-29,2.7461284168927156
2012-11-30,2.731285472517059
2012-12-03,2.730159749881452
2012-12-04,2.7479321532643763
2012-12-05,2.721400178535513
2012-12-06,2.7433151226713566
2012-12-07,2.7534191463671305
2012-12-10,2.748641597458485
2012-12-11,2.770532274006521
2012-12-12,2.7650620116037303
2012-12-13,2.744477801055757
2012-12-14,2.745155773339187
2012-12-17,2.7720741452571085
2012-12-18,2.821056714007985
2012-12-19,2.8091727081582274
2012-12-20,2.8217332921945295
2012-12-21,2.7889878805710797
2012-12-24,2.779723778992607
2012-12-26,2.7656595313992507
2012-12-27,2.757900450765547
2012-12-28,2.734180192231632
2012-12-31,2.803858642551151
2013-01-02,2.881522363070233
2013-01-03,2.8887579512836417
2013-01-04,2.9084064717339273
2013-01-07,2.8978410387768343
2013-01-08,2.889734298844044
2013-01-09,2.902506678901486
2013-01-10,2.938502350042095
2013-01-11,2.9327677400024426
2013-01-14,2.919859917675617
2013-01-15,2.949117550317832
2013-01-16,2.9375371134297046
2013-01-17,2.9602057736830667
2013-01-18,2.962197075436922
2013-01-22,2.982924158486312
2013-01-23,2.9840378568397723
2013-01-24,2.9942885759623
2013-01-25,3.022769913243719
2013-01-28,3.0005483809415248
2013-01-29,3.0023656367942335
2013-01-30,2.9731498511133876
2013-01-31,2.9783131570585413
2013-02-01,2.9996379860138873
2013-02-04,2.953981057054762
2013-02-05,2.982465583815277
2013-02-06,2.9855548218687367
2013-02-07,2.9836593147882766
2013-02-08,3.0096091106177454
2013-02-11,2.9918711533720126
2013-02-12,3.012191042421971
2013-02-13,3.0394241217241245
2013-02-14,3.0396596057292524
2013-02-15,3.04167590313679
2013-02-19,3.0720573768418804
2013-02-20,2.98717506722307
2013-02-21,2.940904126737593
2013-02-22,2.988222559817
2013-02-25,2.9159972092347637
2013-02-26,2.950487712696352
2013-02-27,3.002202890209215
2013-02-28,3.016951520725324
2013-03-01,3.02060569501325
2013-03-04,3.0576935315663705
2013-03-05,3.1061069054350794
2013-03-06,3.097403347140094
2013-03-07,3.0913064782371036
2013-03-08,3.1066299276952565
2013-03-11,3.0969588762543463
2013-03-12,3.1000272511455536
2013-03-13,3.096969249854664
2013-03-14,3.1090173488579156
2013-03-15,3.105644010332808
2013-03-18,3.1016714525068556
2013-03-19,3.0889153061151915
2013-03-20,3.123589600392838
2013-03-21,3.094826671797382
2013-03-22,3.1148852733056573
2013-03-25,3.0933065660195416
2013-03-26,3.1207962626782724
2013-03-27,3.1215831491926402
2013-03-28,3.1327924136390912
2013-04-01,3.117696591529957
2013-04-02,3.0760068320167657
2013-04-03,3.0283175679660905
2013-04-04,3.0782771714004866
2013-04-05,3.0706932036565844
2013-04-08,3.1015401188060574
2013-04-09,3.1072313650330834
2013-04-10,3.152573891147916
2013-04-11,3.141312676053521
2013-04-12,3.136578312512848
2013-04-15,3.0385455275071434
2013-04-16,3.1089066715004
2013-04-17,3.053362485834496
2013-04-18,3.016038532249225
2013-04-19,3.0538352520448506
2013-04-22,3.0720468733128725
2013-04-23,3.129774095183472
2013-04-24,3.166113944109571
2013-04-25,3.182330421728454
2013-04-26,3.1651460232147253
2013-04-29,3.1892685071438436
2013-04-30,3.196137665034674
2013-05-01,3.1362563037177478
2013-05-02,3.1890595500658785
2013-05-03,3.2241449870855865
2013-05-06,3.247818973582368
2013-05-07,3.23719228833596
2013-05-08,3.252681256431882
2013-05-09,3.236186977951781
2013-05-10,3.268236024873158
2013-05-13,3.27907181939248
2013-05-14,3.3419250318148213
2013-05-15,3.359936076225753
2013-05-16,3.3386149375738636
2013-05-17,3.3879042405150406
2013-05-20,3.384882572096453
2013-05-21,3.3913741979069805
2013-05-22,3.345081440320617
2013-05-23,3.3635717215659824
2013-05-24,3.386486941280678
2013-05-28,3.4025752469800032
2013-05-29,3.388976694303157
2013-05-30,3.43681194822229
2013-05-31,3.3913954025437913
2013-06-03,3.3653116167032917
2013-06-04,3.352121326485223
2013-06-05,3.315317440536593
2013-06-06,3.3699926073052593
2013-06-07,3.4316485387208893
2013-06-10,3.454015268850637
2013-06-11,3.3937158443846793
2013-06-12,3.344653315650496
2013-06-13,3.3867209670899863
2013-06-14,3.357502874218224
2013-06-17,3.3929926642575365
2013-06-18,3.4283311190079213
2013-06-19,3.3812886386325074
2013-06-20,3.2669800134142934
2013-06-21,3.2741086819733396
2013-06-24,3.25419664978548
2013-06-25,3.2957854503158748
2013-06-26,3.353534994750754
2013-06-27,3.402368227414248
2013-06-28,3.3908239053233578
2013-07-01,3.4245214238379362
2013-07-02,3.439796003400549
2013-07-03,3.4472314389658374
2013-07-05,3.505968496314154
2013-07-08,3.4969974125848
2013-07-09,3.479449585432529
2013-07-10,3.4844245359979
2013-07-11,3.5824215438971843
2013-07-12,3.650234021928918
2013-07-15,3.6582567814866818
2013-07-16,3.585880819227008
2013-07-17,3.6314196532036465
2013-07-18,3.6316569371374157
2013-07-19,3.6533767066047225
2013-07-22,3.6657653381264175
2013-07-23,3.6584329520398953
2013-07-24,3.638549161222405
2013-07-25,3.6632520289562436
2013-07-26,3.6517881670522634
2013-07-29,3.6255443804240697
2013-07-30,3.6489391065295327
2013-07-31,3.6638692805348647
2013-08-01,3.7064222069027393
2013-08-02,3.7328549763617245
2013-08-05,3.7595153023308665
2013-08-06,3.720736193487803
2013-08-07,3.7244930201392057
2013-08-08,3.7996646164961083
2013-08-09,3.7909346933543437
2013-08-12,3.773442733980173
2013-08-13,3.7977465512536344
2013-08-14,3.7599037966252657
2013-08-15,3.6797650955728276
2013-08-16,3.681370688572063
2013-08-19,3.6547788013450093
2013-08-20,3.7211960643495607
2013-08-21,3.6993840815873127
2013-08-22,3.772862529134049
2013-08-23,3.789076123105989
2013-08-26,3.8048120461262838
2013-08-27,3.705441442700958
2013-08-28,3.717457021887261
2013-08-29,3.7437695325558367
2013-08-30,3.715542126432485
2013-09-03,3.777263421947808
2013-09-04,3.8116442570913316
2013-09-05,3.8296329228951986
2013-09-06,3.83292880199564
2013-09-09,3.8834705171555055
2013-09-10,3.9224610258641954
2013-09-11,3.9225531269328235
2013-09-12,3.9317124132722374
2013-09-13,3.9246502301107995
2013-09-16,3.9007319317052747
2013-09-17,3.9523140212525476
2013-09-18,3.9689413386241332
2013-09-19,4.002669922702677
2013-09-20,3.980493855279075
2013-09-23,3.9882232638444752
2013-09-24,3.9932560943201576
2013-09-25,4.015507964351357
2013-09-26,4.077635483115045
2013-09-27,4.066979525722947
2013-09-30,4.077040361532379
2013-10-01,4.134580688344641
2013-10-02,4.129197072360757
2013-10-03,4.0532472134734485
2013-10-04,4.071277773625362
2013-10-07,4.0158236509096925
2013-10-08,3.8854295011766355
2013-10-09,3.821502549712129
2013-10-10,3.973875193510894
2013-10-11,3.9767231267235434
2013-10-14,3.997714097730208
2013-10-15,4.011848188386497
2013-10-16,4.122960007308644
2013-10-17,4.15871974399654
2013-10-18,4.152218360840604
2013-10-21,4.101632962894222
2013-10-22,4.101326396109005
2013-10-23,4.060625359440657
2013-10-24,4.102596820127383
2013-10-25,4.112610118929081
2013-10-28,4.082535735175616
2013-10-29,4.129418319423196
2013-10-30,4.110027006038542
2013-10-31,4.086824860758943
2013-11-01,4.088188639522187
2013-11-04,4.12367838535592
2013-11-05,4.135235127876979
2013-11-06,4.074574413173782
2013-11-07,4.079369934211972
2013-11-08,4.139897685559266
2013-11-11,4.1602000127406775
2013-11-12,4.165146788371292
2013-11-13,4.224171859408859
2013-11-14,4.207912169733057
2013-11-15,4.247533483422785
2013-11-18,4.1706280343215525
2013-11-19,4.112401956795638
2013-11-20,4.114152173942996
2013-11-21,4.190514195123141
2013-11-22,4.2006148927538804
2013-11-25,4.178980966551651
2013-11-26,4.197635479454743
2013-11-27,4.211394304376288
2013-11-29,4.208839209090227
2013-12-02,4.212214021386727
2013-12-03,4.18765969527593
2013-12-04,4.160886391181414
2013-12-05,4.1810156744616265
2013-12-06,4.22215968685629
2013-12-09,4.226661463198166
2013-12-10,4.233249391940039
2013-12-11,4.155332847753743
2013-12-12,4.181064795822852
2013-12-13,4.179856024978581
2013-12-16,4.209652521457366
2013-12-17,4.190896670569534
2013-12-18,4.244321396248023
2013-12-19,4.218682770795887
2013-12-20,4.288339499180998
2013-12-23,4.288158899605494
2013-12-24,4.301482021653615
2013-12-26,4.326726423152527
2013-12-27,4.277129164855162
2013-12-30,4.2854362047246
2013-12-31,4.301065704824216
2014-01-02,4.257800887062472
2014-01-03,4.273858579771783
2014-01-06,4.294221010015119
2014-01-07,4.3359500843818015
2014-01-08,4.365993638345809
2014-01-09,4.404637802342431
2014-01-10,4.4608228440837845
2014-01-13,4.393840003369462
2014-01-14,4.459669134436238
2014-01-15,4.496484951245472
2014-01-16,4.481102193449351
2014-01-17,4.4765829782382305
2014-01-21,4.51860758214159
2014-01-22,4.513852463750154
2014-01-23,4.486178686266617
2014-01-24,4.377834546742816
2014-01-27,4.360565306637556
2014-01-28,4.44996429813029
2014-01-29,4.4042753765883225
2014-01-30,4.554648771720737
2014-01-31,4.598046284036378
2014-02-03,4.437840861133951
2014-02-04,4.443826894830809
2014-02-05,4.427938244174015
2014-02-06,4.454744033925673
2014-02-07,4.5488374031032315
2014-02-10,4.563482421410942
2014-02-11,4.587889461355145
2014-02-12,4.586279007484102
2014-02-13,4.61771813537283
2014-02-14,4.6228547889531075
2014-02-18,4.6846648646142
2014-02-19,4.6392757739124
2014-02-20,4.730448155248594
2014-02-21,4.746081028486526
2014-02-24,4.793199595155616
2014-02-25,4.7773250774386735
2014-02-26,4.7720566463229135
2014-02-27,4.815171644318208
2014-02-28,4.771186296248518
2014-03-03,4.758188050434413
2014-03-04,4.892415121668773
2014-03-05,4.931774073182351
2014-03-06,4.960189244373861
2014-03-07,4.932358667904548
2014-03-10,4.908569856890345
2014-03-11,4.877292417182444
2014-03-12,4.8878761927513485
2014-03-13,4.803572679369625
2014-03-14,4.788878419364348
2014-03-17,4.82608103058513
2014-03-18,4.887501182472169
2014-03-19,4.850864963938965
2014-03-20,4.8469442930140065
2014-03-21,4.7728443533273905
2014-03-24,4.692603725753764
2014-03-25,4.684390524686441
2014-03-26,4.569125020727465
2014-03-27,4.534170637499068
2014-03-28,4.530761300589433
2014-03-31,4.646187620699254
2014-04-01,4.716446932965935
2014-04-02,4.714756750475682
2014-04-03,4.693268077565871
2014-04-04,4.616115348410874
2014-04-07,4.484275523255349
2014-04-08,4.51993071879555
2014-04-09,4.593750988556945
2014-04-10,4.459427312871361
2014-04-11,4.4218529297487885
2014-04-14,4.454147787151317
2014-04-15,4.468088502658389
2014-04-16,4.521436996466778
2014-04-17,4.561890173238825
2014-04-21,4.5919805284478015
2014-04-22,4.6348594239754135
2014-04-23,4.652106241852665
2014-04-24,4.6839988265540295
2014-04-25,4.585827812065695
2014-04-28,4.5490039888358
2014-04-29,4.575511470463468
2014-04-30,4.591848337556531
2014-05-01,4.604330429599044
2014-05-02,4.641272382226737
2014-05-05,4.63880382378833
2014-05-06,4.624874482778378
2014-05-07,4.645603602855159
2014-05-08,4.637682522613577
2014-05-09,4.630206041339385
2014-05-12,4.712500959372994
2014-05-13,4.707475251084471
2014-05-14,4.662581991919954
2014-05-15,4.60375272870339
2014-05-16,4.620000665513529
2014-05-19,4.650415146819074
2014-05-20,4.613789383434076
2014-05-21,4.655161991435806
2014-05-22,4.666481490181223
2014-05-23,4.698590783832498
2014-05-27,4.73932314650004
2014-05-28,4.753882066630556
2014-05-29,4.816903068115705
2014-05-30,4.811384408239529
2014-06-02,4.825103800000056
2014-06-03,4.86696347241486
2014-06-04,4.903647585137093
2014-06-05,4.938776156089155
2014-06-06,4.968831916134635
2014-06-09,4.962000699756341
2014-06-10,4.974446817129204
2014-06-11,4.975558652571815
2014-06-12,4.93276974648128
2014-06-13,4.979308419661609
2014-06-16,5.004690911450275
2014-06-17,5.038733278655158
2014-06-18,5.069068278653421
2014-06-19,5.137854354719402
2014-06-20,5.130398761054538
2014-06-23,5.1198823399690125
2014-06-24,5.067176894643545
2014-06-25,5.094949281950912
2014-06-26,5.083693682287302
2014-06-27,5.066950487489657
2014-06-30,5.097426580604095
2014-07-01,5.153971294191728
2014-07-02,5.131286574908358
2014-07-03,5.152677700603757
2014-07-07,5.085987272891096
2014-07-08,5.027199097619785
2014-07-09,5.057083126292372
2014-07-10,5.039187557218384
2014-07-11,5.041695684490146
2014-07-14,5.090439072158577
2014-07-15,5.057517217663157
2014-07-16,5.097906971539737
2014-07-17,5.035503169329517
2014-07-18,5.147048106908316
2014-07-21,5.155297252276046
2014-07-22,5.182269039401849
2014-07-23,5.173565694242174
2014-07-24,5.20367070967256
2014-07-25,5.140057991204639
2014-07-28,5.111644046144521
2014-07-29,5.101349365206544
2014-07-30,5.1046586378708385
2014-07-31,4.980999261132155
2014-08-01,4.995906662174102
2014-08-04,5.030786267132442
2014-08-05,4.973174099688682
2014-08-06,4.97057461111468
2014-08-07,4.938541898010642
2014-08-08,4.975354896832609
2014-08-11,5.010492113224768
2014-08-12,5.012175326240904
2014-08-13,5.06713053070376
2014-08-14,5.069229958758717
2014-08-15,5.090593150800258
2014-08-18,5.143118017753009
2014-08-19,5.174502617101197
2014-08-20,5.185059153142386
2014-08-21,5.1948100514995845
2014-08-22,5.184992267289627
2014-08-25,5.1963070657288
2014-08-26,5.202385125258823
2014-08-27,5.204798749023109
2014-08-28,5.207091336457764
2014-08-29,5.236531355280941
2014-09-02,5.2478314799055354
2014-09-03,5.2699922331507985
2014-09-04,5.260137529860918
2014-09-05,5.277776182229609
2014-09-08,5.2724116422036
2014-09-09,5.233343866210001
2014-09-10,5.239066057736106
2014-09-11,5.246710198029566
2014-09-12,5.208065393602607
2014-09-15,5.200856392125622
2014-09-16,5.248727117189176
2014-09-17,5.266231585989275
2014-09-18,5.308153389063393
2014-09-19,5.3227409080353905
2014-09-22,5.273171722894858
2014-09-23,5.234111948633075
2014-09-24,5.281832555095841
2014-09-25,5.19425726859617
2014-09-26,5.218817623026232
2014-09-29,5.215007769691995
2014-09-30,5.168529133507174
2014-10-01,5.071308557199873
2014-10-02,5.063607844000541
2014-10-03,5.1626142726945785
2014-10-06,5.104770785836239
2014-10-07,5.010351983981728
2014-10-08,5.098456741977987
2014-10-09,5.011107088001666
2014-10-10,4.8560668468724115
2014-10-13,4.712899523985701
2014-10-14,4.774864093061534
2014-10-15,4.729325738985955
2014-10-16,4.813557848476328
2014-10-17,4.901413997325119
2014-10-20,4.995860528712346
2014-10-21,5.1511685217375796
2014-10-22,5.093506063179897
2014-10-23,5.135675546916425
2014-10-24,5.218072448700827
2014-10-27,5.203062930394669
2014-10-28,5.26909084779291
2014-10-29,5.246468733057824
2014-10-30,5.25724525479112
2014-10-31,5.324399039768429
2014-11-03,5.3201078606864165
2014-11-04,5.296072291948783
2014-11-05,5.260356511253276
2014-11-06,5.326031914737715
2014-11-07,5.3928911278014775
2014-11-10,5.4453470269454085
2014-11-11,5.445974095141783
2014-11-12,5.458285913841646
2014-11-13,5.437645129298389
2014-11-14,5.399417006450314
2014-11-17,5.390444720291554
2014-11-18,5.433571751710047
2014-11-19,5.413639026321488
2014-11-20,5.4418849181793805
2014-11-21,5.430901725514917
2014-11-24,5.508349241380729
2014-11-25,5.553018811346516
2014-11-26,5.665206944139625
2014-11-28,5.690183126086158
2014-12-01,5.663401731173319
2014-12-02,5.706635706249207
2014-12-03,5.702741297371064
2014-12-04,5.727106648928731
2014-12-05,5.740420641921124
2014-12-08,5.757963471975993
2014-12-09,5.761448877558237
2014-12-10,5.654205880518122
2014-12-11,5.709686387225615
2014-12-12,5.63054749176905
2014-12-15,5.5482858406362965
2014-12-16,5.4755268226876765
2014-12-17,5.637520716454254
2014-12-18,5.756213054461463
2014-12-19,5.769693970319566
2014-12-22,5.828078420187431
2014-12-23,5.7287661200136855
2014-12-24,5.78526127044012
2014-12-26,5.839780555565544
2014-12-29,5.814615633679388
2014-12-30,5.784633195318156
2014-12-31,5.753860839518525
2015-01-02,5.7668859872933735
2015-01-05,5.701217788187845
2015-01-06,5.618932633569152
2015-01-07,5.7200229946501855
2015-01-08,5.834021437778081
2015-01-09,5.757459864807229
2015-01-12,5.740325213226542
2015-01-13,5.757904933766486
2015-01-14,5.700268420884212
2015-01-15,5.6165217350027214
2015-01-16,5.719491050708238
2015-01-20,5.777012119444343
2015-01-21,5.811755437084518
2015-01-22,5.950300154881961
2015-01-23,5.973206991330961
2015-01-26,6.060288333780453
2015-01-27,6.0016092956728775
2015-01-28,5.913601935699388
2015-01-29,5.965463050271615
2015-01-30,5.8280195340193925
2015-02-02,5.83235406492534
2015-02-03,5.80614651567519
2015-02-04,5.838121162214556
2015-02-05,5.880849801025141
2015-02-06,5.839074508334728
2015-02-09,5.777775103744608
2015-02-10,5.87260990598626
2015-02-11,5.878991834565971
2015-02-12,5.920171715176393
2015-02-13,5.916309126076772
2015-02-17,5.925727104165117
2015-02-18,5.96612367977126
2015-02-19,5.979942841526043
2015-02-20,6.062685931714659
2015-02-23,6.058190597834362
2015-02-24,6.0799071134687495
2015-02-25,6.091116659042271
2015-02-26,6.019460432221809
2015-02-27,6.048405284452916
2015-03-02,6.088483616236347
2015-03-03,6.0355354142019015
2015-03-04,6.019787184373887
2015-03-05,6.057101319025422
2015-03-06,5.956628499086324
2015-03-09,5.977578581629213
2015-03-10,5.902571965577683
2015-03-11,5.925094227823456
2015-03-12,5.975754251575866
2015-03-13,5.954347751899248
2015-03-16,6.066085746425354
2015-03-17,6.046143450991267
2015-03-18,6.100417798393703
2015-03-19,6.142927140382675
2015-03-20,6.182081449538271
2015-03-23,6.158743853864569
2015-03-24,6.121005554882232
2015-03-25,5.955173222005818
2015-03-26,5.958254234809425
2015-03-27,6.08164704827166
2015-03-30,6.169213557971921
2015-03-31,6.09180197156531
2015-04-01,5.995401367848626
2015-04-02,6.007271650204939
2015-04-06,6.029448397638443
2015-04-07,6.038989313996255
2015-04-08,6.098042676323223
2015-04-09,6.1081539171896
2015-04-10,6.13622108590679
2015-04-13,6.123394714985693
2015-04-14,6.095743420793473
2015-04-15,6.128196511749548
2015-04-16,6.157963541120365
2015-04-17,6.098190642577853
2015-04-20,6.17792213643369
2015-04-21,6.215570888860492
2015-04-22,6.237833390328967
2015-04-23,6.2459095120038715
2015-04-24,6.227040307933839
2015-04-27,6.147336346660545
2015-04-28,6.112095265576612
2015-04-29,6.059464424815209
2015-04-30,5.946966561644986
2015-05-01,6.061083397543053
2015-05-04,6.103395109502651
2015-05-05,6.056525447665578
2015-05-06,6.054555175259652
2015-05-07,6.0613508642435425
2015-05-08,6.11772740311126
2015-05-11,6.12443072848299
2015-05-12,6.110992674245486
2015-05-13,6.1051630176691205
2015-05-14,6.173148184081425
2015-05-15,6.1648385542824435
2015-05-18,6.20626341379459
2015-05-19,6.225257071986418
2015-05-20,6.206033671570682
2015-05-21,6.204043450195143
2015-05-22,6.171885662509891
2015-05-26,6.143619994732283
2015-05-27,6.227412324903171
2015-05-28,6.2450179146471685
2015-05-29,6.237372251780119
2015-06-01,6.226867977823315
2015-06-02,6.198940244410248
2015-06-03,6.20631759003861
2015-06-04,6.153887959863929
2015-06-05,6.208624967935558
2015-06-08,6.140264729008728
2015-06-09,6.152051355352258
2015-06-10,6.260937501832312
2015-06-11,6.270498272742645
2015-06-12,6.209623048067697
2015-06-15,6.234309733578276
2015-06-16,6.253146818153385
2015-06-17,6.261048618308772
2015-06-18,6.345623181496177
2015-06-19,6.344684145328224
2015-06-22,6.352154399234853
2015-06-23,6.3511633912417285
2015-06-24,6.258499856603571
2015-06-25,6.295877217075753
2015-06-26,6.2328260611430135
2015-06-29,6.065101860385961
2015-06-30,6.141999197461969
2015-07-01,6.150690051116764
2015-07-02,6.127915182936457
2015-07-06,6.095669354604017
2015-07-07,6.103518019966145
2015-07-08,5.971754148812529
2015-07-09,6.052266308890063
2015-07-10,6.13487333945089
2015-07-13,6.186578253637267
2015-07-14,6.222987645241204
2015-07-15,6.197185727616837
2015-07-16,6.332439194086487
2015-07-17,6.322263870681003
2015-07-20,6.28599512178439
2015-07-21,6.2491338963904015
2015-07-22,6.241964445173693
2015-07-23,6.206454078536862
2015-07-24,6.096469132437421
2015-07-27,6.009443234162338
2015-07-28,6.087441959247445
2015-07-29,6.112282316780601
2015-07-30,6.091409903161909
2015-07-31,6.117287971717044
2015-08-03,6.095378632721095
2015-08-04,6.154023189416305
2015-08-05,6.2280882675945515
2015-08-06,6.160537498695772
2015-08-07,6.133304588444655
2015-08-10,6.185354218601753
2015-08-11,6.123651001737658
2015-08-12,6.095486543057901
2015-08-13,6.14774507796523
2015-08-14,6.156863938616573
2015-08-17,6.2215331775481655
2015-08-18,6.213840246602935
2015-08-19,6.200783363920193
2015-08-20,5.949514691378977
2015-08-21,5.793713142725151
2015-08-24,5.513199805639242
2015-08-25,5.5153049311958595
2015-08-26,5.749210338717523
2015-08-27,5.89140756370698
2015-08-28,5.898828258135902
2015-08-31,5.860669945614246
2015-09-01,5.627818219668296
2015-09-02,5.675308267357274
2015-09-03,5.657858691372521
2015-09-04,5.643017599829669
2015-09-08,5.681154688266683
2015-09-09,5.6845858134100276
2015-09-10,5.718052751872362
2015-09-11,5.737593993930417
2015-09-14,5.727196194733875
2015-09-15,5.741571944031501
2015-09-16,5.760888757859161
2015-09-17,5.771599108084517
2015-09-18,5.737182525367782
2015-09-21,5.728526898070188
2015-09-22,5.699041167332546
2015-09-23,5.694332406828948
2015-09-24,5.6792358075327165
2015-09-25,5.644117917153512
2015-09-28,5.568256018209481
2015-09-29,5.558901586982051
2015-09-30,5.617239328129767
2015-10-01,5.646382354150274
2015-10-02,5.660522684252793
2015-10-05,5.671739824671246
2015-10-06,5.651766373081179
2015-10-07,5.671904012091499
2015-10-08,5.6887922863838565
2015-10-09,5.69442360661271
2015-10-12,5.698827568438591
2015-10-13,5.708611270566515
2015-10-14,5.687569844877499
2015-10-15,5.716831034646343
2015-10-16,5.72492443707787
2015-10-19,5.747768645177719
2015-10-20,5.744292334010046
2015-10-21,5.733670993056473
2015-10-22,5.75462157390412
2015-10-23,5.756280445572455
2015-10-26,5.760220539447664
2015-10-27,5.750298255803885
2015-10-28,5.771488840210306
2015-10-29,5.764335403502343
2015-10-30,5.767658113607643
2015-11-02,5.7716756661231985
2015-11-03,5.772242237718373
2015-11-04,5.785964692777602
2015-11-05,5.806803112224502
2015-11-06,5.802286766016591
2015-11-09,5.737971274169043
2015-11-10,5.769830548931358
2015-11-11,5.787971697796617
2015-11-12,5.7100229586102484
2015-11-13,5.633991327938534
2015-11-16,5.68885507061046
2015-11-17,5.680513328113743
2015-11-18,5.763442766452247
2015-11-19,5.774985287130757
2015-11-20,5.816726452779455
2015-11-23,5.830359121978347
2015-11-24,5.824118540810912
2015-11-25,5.836656863385401
2015-11-27,5.848384917900159
2015-11-30,5.816096025517854
2015-12-01,5.88110755697342
2015-12-02,5.841299895307846
2015-12-03,5.779581463099557
2015-12-04,5.88961683667954
2015-12-07,5.846712278937659
2015-12-08,5.841022776432592
2015-12-09,5.764506785498809
2015-12-10,5.7786296208351215
2015-12-11,5.690565990313772
2015-12-14,5.723244909102886
2015-12-15,5.778299166282737
2015-12-16,5.815851651214011
2015-12-17,5.749885190627133
2015-12-18,5.675028707953087
2015-12-21,5.706864369076939
2015-12-22,5.748535547580781
2015-12-23,5.787758959235233
2015-12-24,5.78448384114693
2015-12-28,5.806193552635292
2015-12-29,5.876794165645333
2015-12-30,5.830193714728208
2015-12-31,5.754944722661376
2016-01-04,5.601053094850203
2016-01-05,5.648747688843085
2016-01-06,5.586621384846757
2016-01-07,5.442860075721324
2016-01-08,5.361870746777433
2016-01-11,5.367434449026581
2016-01-12,5.420775719368816
2016-01-13,5.242584829898804
2016-01-14,5.3391463534830095
2016-01-15,5.201356484882291
2016-01-19,5.213796654433218
2016-01-20,5.177802172493696
2016-01-21,5.184272471289467
2016-01-22,5.296132581700086
2016-01-25,5.223146093006979
2016-01-26,5.25091994597124
2016-01-27,5.166429914072966
2016-01-28,5.240076428904022
2016-01-29,5.319500216575211
2016-02-01,5.327135422358614
2016-02-02,5.318679515534384
2016-02-03,5.306530688304773
2016-02-04,5.289025026008734
2016-02-05,5.271825091282744
2016-02-08,5.267169197639013
2016-02-09,5.283075379002157
2016-02-10,5.286885194512108
2016-02-11,5.269568804326651
2016-02-12,5.278887746178066
2016-02-16,5.314655624520639
2016-02-17,5.321144033707467
2016-02-18,5.3206470798489915
2016-02-19,5.31866491103372
2016-02-22,5.332431969131672
2016-02-23,5.331041448227399
2016-02-24,5.350179343957867
2016-02-25,5.383159162121915
2016-02-26,5.349335019408069
2016-02-29,5.348023090517421
2016-03-01,5.359562832871617
2016-03-02,5.373551271933712
2016-03-03,5.386016627432453
2016-03-04,5.380363487825537
2016-03-07,5.391264814993195
2016-03-08,5.368906604033031
2016-03-09,5.392619088736028
2016-03-10,5.4029131010652165
2016-03-11,5.432897521811483
2016-03-14,5.425908879930597
2016-03-15,5.42036756420391
2016-03-16,5.4490331930979155
2016-03-17,5.478017326148998
2016-03-18,5.481011368641676
2016-03-21,5.477293715943718
2016-03-22,5.465519454642483
2016-03-23,5.433346328463905
2016-03-24,5.432237730131116
2016-03-28,5.440813846090239
2016-03-29,5.486491141320881
2016-03-30,5.491922543758914
2016-03-31,5.483042007328143
2016-04-01,5.493434701808029
2016-04-04,5.438096018707096
2016-04-05,5.3874756121026035
2016-04-06,5.431417175217204
2016-04-07,5.3922806300885195
2016-04-08,5.415555266778296
2016-04-11,5.447372271022588
2016-04-12,5.488567322969862
2016-04-13,5.531955027650033
2016-04-14,5.503449447615826
2016-04-15,5.52502245233033
2016-04-18,5.553209842879886
2016-04-19,5.6432080116181735
2016-04-20,5.653804770354606
2016-04-21,5.618694650322183
2016-04-22,5.6201349972933246
2016-04-25,5.572811668546753
2016-04-26,5.634895776899617
2016-04-27,5.698755888671833
2016-04-28,5.629569953797484
2016-04-29,5.652913654242853
2016-05-02,5.690106633236807
2016-05-03,5.583981225148143
2016-05-04,5.5674482852459
2016-05-05,5.5753478769654885
2016-05-06,5.6528662103571135
2016-05-09,5.57586194402588
2016-05-10,5.656910000900468
2016-05-11,5.660855883446009
2016-05-12,5.643412869499984
2016-05-13,5.601582683597262
2016-05-16,5.69688270370807
2016-05-17,5.662929989429515
2016-05-18,5.562935239214314
2016-05-19,5.5940931622988135
2016-05-20,5.6300704529848975
2016-05-23,5.648175841099283
2016-05-24,5.682772455040856
2016-05-25,5.7233874101405755
2016-05-26,5.71586200304669
2016-05-27,5.72819528757364
2016-05-31,5.757738432519671
2016-06-01,5.762862035631681
2016-06-02,5.793096121441476
2016-06-03,5.838743309191146
2016-06-06,5.923383089001793
2016-06-07,5.944816525319867
2016-06-08,5.959168503859536
2016-06-09,5.908419270418178
2016-06-10,5.7767865041171245
2016-06-13,5.746073746122941
2016-06-14,5.715399634113861
2016-06-15,5.75895020701922
2016-06-16,5.752574594033249
2016-06-17,5.80947074937157
2016-06-20,5.857089098303118
2016-06-21,5.877481563001143
2016-06-22,5.850242783268586
2016-06-23,5.9379808474340114
2016-06-24,5.696899708581276
2016-06-27,5.532146587444824
2016-06-28,5.675745797521856
2016-06-29,5.784256662245887
2016-06-30,5.864858632197979
2016-07-01,5.917156111217902
2016-07-05,5.863731889175579
2016-07-06,5.899625663617146
2016-07-07,5.87257693987589
2016-07-08,5.98227034266627
2016-07-11,5.989282147729982
2016-07-12,6.051841288086903
2016-07-13,6.019830332831949
2016-07-14,6.04538060207987
2016-07-15,6.02576755835742
2016-07-18,6.070252706623013
2016-07-19,6.04051105502391
2016-07-20,6.026342067633846
2016-07-21,5.973866792359571
2016-07-22,6.0603461489407255
2016-07-25,6.065209194281995
2016-07-26,6.096072867343723
2016-07-27,6.057316237730912
2016-07-28,6.066415274225819
2016-07-29,6.093082529568474
2016-08-01,6.034092167142132
2016-08-02,5.980833938321129
2016-08-03,5.998877393039075
2016-08-04,5.996163609897156
2016-08-05,6.055707047515419
2016-08-08,6.060383907111853
2016-08-09,6.049697015790649
2016-08-10,6.040132954791684
2016-08-11,6.078730173067292
2016-08-12,6.0885397191102415
2016-08-15,6.137789565453701
2016-08-16,6.0697275032487035
2016-08-17,6.05082299898142
2016-08-18,6.11777037676394
2016-08-19,6.16758693280268
2016-08-22,6.147187627279024
2016-08-23,6.18656195548102
2016-08-24,6.070980882485723
2016-08-25,6.072304447698698
2016-08-26,6.073452264162118
2016-08-29,6.109330921174124
2016-08-30,6.05675935919954
2016-08-31,6.018784645874479
2016-09-01,6.020034525689696
2016-09-02,6.084586509503107
2016-09-06,6.115088719628198
2016-09-07,6.114823780867071
2016-09-08,6.119030949273924
2016-09-09,5.946280144242063
2016-09-12,6.017083524246033
2016-09-13,5.902113436232102
2016-09-14,5.9040070477083875
2016-09-15,5.9557737196792875
2016-09-16,5.965689869783853
2016-09-19,5.9976229168741355
2016-09-20,5.991463336364453
2016-09-21,6.093935673407753
2016-09-22,6.142543099674185
2016-09-23,6.08566562607464
2016-09-26,6.0520204825983175
2016-09-27,6.082382439032705
2016-09-28,6.176071631352847
2016-09-29,6.139628512010061
2016-09-30,6.175715501265438
2016-10-03,6.175190023263433
2016-10-04,6.130013157732776
2016-10-05,6.182130378752497
2016-10-06,6.2061302293998954
2016-10-07,6.1868285747369764
2016-10-10,6.237955672837428
2016-10-11,6.105577826150034
2016-10-12,6.118896144665741
2016-10-13,6.0534689072091314
2016-10-14,6.066755023287998
2016-10-17,6.016612996503662
2016-10-18,6.0579597163402585
2016-10-19,6.120012733382801
2016-10-20,6.132066080544132
2016-10-21,6.109469506338659
2016-10-24,6.1499399699292505
2016-10-25,6.14520113518416
2016-10-26,6.120474849853399
2016-10-27,6.036063734959787
2016-10-28,6.005147913857563
2016-10-31,5.933464736831946
2016-11-01,5.914961280605585
2016-11-02,5.846545581615438
2016-11-03,5.816574264116523
2016-11-04,5.762794636042465
2016-11-07,5.9118251557383
2016-11-08,5.932159323529813
2016-11-09,5.989378638627034
2016-11-10,5.937077715133115
2016-11-11,5.98767921090477
2016-11-14,5.98198309639198
2016-11-15,6.03021916720242
2016-11-16,6.067295665214822
2016-11-17,6.159888768174287
2016-11-18,6.211989470027855
2016-11-21,6.280225415871791
2016-11-22,6.294532029075156
2016-11-23,6.317793314186736
2016-11-25,6.339210727581195
2016-11-28,6.301333512973954
2016-11-29,6.308905854106074
2016-11-30,6.307032425293966
2016-12-01,6.189776365684774
2016-12-02,6.219818073482914
2016-12-05,6.305549025085183
2016-12-06,6.3926115705711135
2016-12-07,6.450184770599849
2016-12-08,6.563008618739415
2016-12-09,6.569212380151371
2016-12-12,6.529069846897785
2016-12-13,6.527675173610235
2016-12-14,6.4531166984116375
2016-12-15,6.528424337354132
2016-12-16,6.4410191995094905
2016-12-19,6.464912603235106
2016-12-20,6.5501221307034685
2016-12-21,6.534315001330826
2016-12-22,6.50185269702113
2016-12-23,6.521820541176535
2016-12-27,6.561549341429741
2016-12-28,6.455523906555727
2016-12-29,6.430920276677348
2016-12-30,6.393626534625742
2017-01-03,6.447524802189154
2017-01-04,6.503459574314297
2017-01-05,6.463175575648949
2017-01-06,6.483212179837539
2017-01-09,6.46010242937877
2017-01-10,6.5076494753472796
2017-01-11,6.529145006155193
2017-01-12,6.470800185889753
2017-01-13,6.500826947486839
2017-01-17,6.323758803676371
2017-01-18,6.3873886869909215
2017-01-19,6.336285362126406
2017-01-20,6.375103953930604
2017-01-23,6.332229300961773
2017-01-24,6.439213899144914
2017-01-25,6.533534792781617
2017-01-26,6.564665457932339
2017-01-27,6.539432887335926
2017-01-30,6.473388394814148
2017-01-31,6.424187678617194
2017-02-01,6.527347810175203
2017-02-02,6.4987076669658395
2017-02-03,6.56795241524607
2017-02-06,6.591090066564652
2017-02-07,6.581083439040658
2017-02-08,6.56661985178018
2017-02-09,6.637088766494205
2017-02-10,6.650843533123081
2017-02-13,6.678229100302777
2017-02-14,6.6863955096473795
2017-02-15,6.706601681141214
2017-02-16,6.673920127853216
2017-02-17,6.6694234324938435
2017-02-21,6.737310382230515
2017-02-22,6.719378120751485
2017-02-23,6.666951636550342
2017-02-24,6.655664403730929
2017-02-27,6.744265144289677
2017-02-28,6.698735854378275
2017-03-01,6.871506328532621
2017-03-02,6.762715139598263
2017-03-03,6.7848560714333646
2017-03-06,6.75323043083529
2017-03-07,6.715887719209431
2017-03-08,6.706937786335179
2017-03-09,6.7347340988950375
2017-03-10,6.8111664942725065
2017-03-13,6.810305573953002
2017-03-14,6.728166635647731
2017-03-15,6.817630525607401
2017-03-16,6.803718508444453
2017-03-17,6.816612556936958
2017-03-20,6.884505113395047
2017-03-21,6.688608066242708
2017-03-22,6.725292738170172
2017-03-23,6.742099655207155
2017-03-24,6.776791500612204
2017-03-27,6.818116126884299
2017-03-28,6.8976721612560885
2017-03-29,6.907014903203498
2017-03-30,6.897171508874545
2017-03-31,6.865416737531268
2017-04-03,6.856706477614027
2017-04-04,6.875228139742817
2017-04-05,6.827369847122052
2017-04-06,6.831343120998777
2017-04-07,6.829993264982877
2017-04-10,6.817188654471345
2017-04-11,6.804229821082372
2017-04-12,6.770246120810773
2017-04-13,6.720969322094557
2017-04-17,6.756885444710742
2017-04-18,6.7338215370633785
2017-04-19,6.708312546990499
2017-04-20,6.7607683358017026
2017-04-21,6.724627482557718
2017-04-24,6.779816568062855
2017-04-25,6.847141723105459
2017-04-26,6.812562628389884
2017-04-27,6.819044735250719
2017-04-28,6.82205254256889
2017-05-01,6.870391671761906
2017-05-02,6.88600952749881
2017-05-03,6.8415932209175745
2017-05-04,6.904632950454444
2017-05-05,6.9446557813070235
2017-05-08,6.895520069347228
2017-05-09,6.946879491767662
2017-05-10,6.972394849389207
2017-05-11,6.954941746783576
2017-05-12,6.955233694149188
2017-05-15,7.08408041025857
2017-05-16,7.152829484419933
2017-05-17,6.947407100406672
2017-05-18,7.002955171801444
2017-05-19,7.027506551963951
2017-05-22,7.100418743787414
2017-05-23,7.1313083283366865
2017-05-24,7.1184718204364135
2017-05-25,7.167117049758754
2017-05-26,7.15119368113044
2017-05-30,7.138296476125206
2017-05-31,7.1763799835245505
2017-06-01,7.270147089490126
2017-06-02,7.343476232817686
2017-06-05,7.3510986462020735
2017-06-06,7.3788016227494975
2017-06-07,7.412924548576288
2017-06-08,7.470822873295234
2017-06-09,7.234963934726107
2017-06-12,7.187955861246787
2017-06-13,7.222334907359712
2017-06-14,7.191279082211119
2017-06-15,7.167000018778933
2017-06-16,7.155680877087331
2017-06-19,7.299918143569592
2017-06-20,7.237556535517733
2017-06-21,7.338103224125934
2017-06-22,7.3493310926609725
2017-06-23,7.380987581017762
2017-06-26,7.332403780961148
2017-06-27,7.147703313154973
2017-06-28,7.2915976299871135
2017-06-29,7.1318311135050205
2017-06-30,7.128190784695046
2017-07-03,7.059869595267273
2017-07-05,7.096851921060683
2017-07-06,6.997648999163149
2017-07-07,7.074740796687106
2017-07-10,7.060681811012015
2017-07-11,7.117874153963273
2017-07-12,7.199850259637289
2017-07-13,7.173723505449696
2017-07-14,7.205262880305952
2017-07-17,7.170743017948521
2017-07-18,7.239993840661913
2017-07-19,7.366565361768634
2017-07-20,7.382943922434961
2017-07-21,7.3926704499260705
2017-07-24,7.452173045496083
2017-07-25,7.444588874608252
2017-07-26,7.44965513845835
2017-07-27,7.318589825959878
2017-07-28,7.43869214356707
2017-07-31,7.398675417349542
2017-08-01,7.396168588376641
2017-08-02,7.349972786871635
2017-08-03,7.2974626505681774
2017-08-04,7.231845507861482
2017-08-07,7.278154569390883
2017-08-08,7.234360829608496
2017-08-09,7.190095819543177
2017-08-10,6.976109136221078
2017-08-11,7.058362665244456
2017-08-14,7.157151719229988
2017-08-15,7.149147988587676
2017-08-16,7.178945206753104
2017-08-17,7.034373651089574
2017-08-18,7.067160633958052
2017-08-21,7.074762612554422
2017-08-22,7.213742925722802
2017-08-23,7.223764256865542
2017-08-24,7.275203510805934
2017-08-25,7.212389263425934
2017-08-28,7.215252645083852
2017-08-29,7.22305978088551
2017-08-30,7.293601974252056
2017-08-31,7.367538953861492
2017-09-01,7.3886874568500245
2017-09-05,7.3275710959284295
2017-09-06,7.30127088028173
2017-09-07,7.29122191894838
2017-09-08,7.294950107026755
2017-09-11,7.410624297916481
2017-09-12,7.412167957513409
2017-09-13,7.413535269246742
2017-09-14,7.433168141586969
2017-09-15,7.440747162501906
2017-09-18,7.517720320220358
2017-09-19,7.5329626753290535
2017-09-20,7.8262231674468135
2017-09-21,7.8042704334917
2017-09-22,7.827594514817331
2017-09-25,7.703142224738763
2017-09-26,7.689697871744449
2017-09-27,7.792148036022063
2017-09-28,7.8269183183281905
2017-09-29,7.872358343810407
2017-10-02,7.9352671286566885
2017-10-03,7.926283729559047
2017-10-04,7.88317181475326
2017-10-05,7.901633765555971
2017-10-06,7.936272399481452
2017-10-09,7.914208481397883
2017-10-10,7.889566350484715
2017-10-11,7.938724749070149
2017-10-12,7.9450526533438035
2017-10-13,7.9845235135443655
2017-10-16,8.014886398335287
2017-10-17,7.950796253342863
2017-10-18,7.986377909787196
2017-10-19,7.93980959072554
2017-10-20,8.016540495524277
2017-10-23,7.988017631498507
2017-10-24,8.01689765581465
2017-10-25,7.961488728478332
2017-10-26,7.998383222069383
2017-10-27,8.222997897710268
2017-10-30,8.229929140612112
2017-10-31,8.249672067392877
2017-11-01,8.188851051794636
2017-11-02,8.200242258470832
2017-11-03,8.28872828986919
2017-11-06,8.282366893507023
2017-11-07,8.28295109604648
2017-11-08,8.382676280878695
2017-11-09,8.329710615448622
2017-11-10,8.401765462042794
2017-11-13,8.391567668265424
2017-11-14,8.346428570956041
2017-11-15,8.312992308964633
2017-11-16,8.4067953904926
2017-11-17,8.438973888226538
2017-11-20,8.520485162709129
2017-11-21,8.671987046919874
2017-11-22,8.645630388578057
2017-11-24,8.674421743075772
2017-11-27,8.535154127802366
2017-11-28,8.554640594668896
2017-11-29,8.276348172207477
2017-11-30,8.373281498723827
2017-12-01,8.281182543428347
2017-12-04,8.038546972501091
2017-12-05,8.073869601646892
2017-12-06,8.095988966752635
2017-12-07,8.253677320585304
2017-12-08,8.332239756132125
2017-12-11,8.313530177129842
2017-12-12,8.290319060674957
2017-12-13,8.279347308869651
2017-12-14,8.247878866464543
2017-12-15,8.294904557538455
2017-12-18,8.34053892985181
2017-12-19,8.297115953482567
2017-12-20,8.25614038224578
2017-12-21,8.252332133975315
2017-12-22,8.281827139225962
2017-12-26,8.275137158671267
2017-12-27,8.324959283182633
2017-12-28,8.332949777652368
2017-12-29,8.249364923931171
2018-01-02,8.346328265258412
2018-01-03,8.35857975410138
2018-01-04,8.35799972465504
2018-01-05,8.417654979895527
2018-01-08,8.462081036630835
2018-01-09,8.451499798184866
2018-01-10,8.439637781472111
2018-01-11,8.616902890538697
2018-01-12,8.636153410760166
2018-01-16,8.48714325226797
2018-01-17,8.571924900231894
2018-01-18,8.536779359797075
2018-01-19,8.615126275200971
2018-01-22,8.67342114285959
2018-01-23,8.664261297946236
2018-01-24,8.663389355565883
2018-01-25,8.660106885076358
2018-01-26,8.752044381068739
2018-01-29,8.654197462506511
2018-01-30,8.582923014253542
2018-01-31,8.614219901780197
2018-02-01,8.604842771950258
2018-02-02,8.4189191116035
2018-02-05,8.088191412615584
2018-02-06,8.194501828750795
2018-02-07,8.25307527021933
2018-02-08,7.968981871527014
2018-02-09,8.0620126419352
2018-02-12,8.200590947175598
2018-02-13,8.280545553305997
2018-02-14,8.383879252240384
2018-02-15,8.530953321824313
2018-02-16,8.42071595787581
2018-02-20,8.418496718056492
2018-02-21,8.328241484978426
2018-02-22,8.396591404017354
2018-02-23,8.496417960352444
2018-02-26,8.67003724639854
2018-02-27,8.552297859740992
2018-02-28,8.559677289898467
2018-03-01,8.41987866728082
2018-03-02,8.485053647824905
2018-03-05,8.655015855256053
2018-03-06,8.756206313084567
2018-03-07,8.770712994396476
2018-03-08,8.812767895442008
2018-03-09,8.984224749539633
2018-03-12,8.926513968821519
2018-03-13,8.838317765771853
2018-03-14,8.846134436745102
2018-03-15,8.795310912100014
2018-03-16,8.794904650120868
2018-03-19,8.698713958537622
2018-03-20,8.79166460362534
2018-03-21,8.777407711267443
2018-03-22,8.544577964473987
2018-03-23,8.339442142069151
2018-03-26,8.606478828749053
2018-03-27,8.42202504416237
2018-03-28,8.292790395524925
2018-03-29,8.471334797328112
2018-04-02,8.247843807884008
2018-04-03,8.377810148834097
2018-04-04,8.472776730842746
2018-04-05,8.552553220362912
2018-04-06,8.37178131820907
2018-04-09,8.378119192008064
2018-04-10,8.587881771857038
2018-04-11,8.549844663595287
2018-04-12,8.663004176342536
2018-04-13,8.60315656202886
2018-04-16,8.674629613207971
2018-04-17,8.830879637604468
2018-04-18,8.859354839924128
2018-04-19,8.836987338252538
2018-04-20,8.754020248258042
2018-04-23,8.70457462432103
2018-04-24,8.51395857124904
2018-04-25,8.499394943123407
2018-04-26,8.631029798544935
2018-04-27,8.643753971034021
2018-04-30,8.587590988724411
2018-05-01,8.552286324111668
2018-05-02,8.539184177213365
2018-05-03,8.614120226026401
2018-05-04,8.666421932842123
2018-05-07,8.735652507704259
2018-05-08,8.737293432810295
2018-05-09,8.931439647421271
2018-05-10,9.010211639881907
2018-05-11,9.071774181932865
2018-05-14,9.090394595192166
2018-05-15,9.027072920003972
2018-05-16,9.105875421753653
2018-05-17,9.2479854567957
2018-05-18,9.222848504247159
2018-05-21,9.39245256958592
2018-05-22,9.38534005442345
2018-05-23,9.42035408922238
2018-05-24,9.465684250518576
2018-05-25,9.416161105727882
2018-05-29,9.448291253291456
2018-05-30,9.558753628421577
2018-05-31,9.497657408640762
2018-06-01,9.739322021551544
2018-06-04,9.821587070499847
2018-06-05,9.907782540847146
2018-06-06,9.969017982502525
2018-06-07,9.934733515367476
2018-06-08,10.018665268562502
2018-06-11,10.075719277884557
2018-06-12,10.162692146755461
2018-06-13,10.119380198351552
2018-06-14,10.193274864743456
2018-06-15,10.2442059072358
2018-06-18,10.340190166214695
2018-06-19,10.384713822608969
2018-06-20,10.375281860037713
2018-06-21,10.25337180739463
2018-06-22,10.319867618960588
2018-06-25,10.068825878283892
2018-06-26,10.18419342092507
2018-06-27,10.123981873947027
2018-06-28,10.200446900744558
2018-06-29,10.198632346188829
2018-07-02,10.301957054660166
2018-07-03,10.206243910445952
2018-07-05,10.398270523286845
2018-07-06,10.609722265158114
2018-07-09,10.646278623214627
2018-07-10,10.62941235302698
2018-07-11,10.624263731617031
2018-07-12,10.76531764714423
2018-07-13,10.663650503545288
2018-07-16,10.739207947179986
2018-07-17,10.810873226080028
2018-07-18,10.841070935211604
2018-07-19,10.806366179612278
2018-07-20,10.801843856423664
2018-07-23,10.815637316969529
2018-07-24,10.676205675579482
2018-07-25,10.818313881137014
2018-07-26,10.9103612591536
2018-07-27,10.694498240728437
2018-07-30,10.461468052881212
2018-07-31,10.494546451029297
2018-08-01,10.585623163292427
2018-08-02,10.74281421171531
2018-08-03,10.72738426452664
2018-08-06,10.851862110407964
2018-08-07,10.8723158801814
2018-08-08,10.775344638065375
2018-08-09,10.791675887474474
2018-08-10,10.834553895225874
2018-08-13,10.820028271382412
2018-08-14,10.938554819901546
2018-08-15,10.786590690385964
2018-08-16,10.884347599850518
2018-08-17,10.96999163988173
2018-08-20,11.063307175014828
2018-08-21,11.110065215908525
2018-08-22,11.136316168059963
2018-08-23,11.194215519997924
2018-08-24,11.385777134949356
2018-08-27,11.540926238882735
2018-08-28,11.552637267799813
2018-08-29,11.633247684052357
2018-08-30,11.6294365068796
2018-08-31,11.722944955432732
2018-09-04,11.90900825947461
2018-09-05,11.692564544481991
2018-09-06,11.655596490639729
2018-09-07,11.702524917372598
2018-09-10,11.93642772873553
2018-09-11,12.049067904187122
2018-09-12,12.015812639674726
2018-09-13,11.984946827058783
2018-09-14,12.056958090395547
2018-09-17,11.85120830614705
2018-09-18,11.915913450308501
2018-09-19,11.790797365878142
2018-09-20,11.838574080240415
2018-09-21,11.822054775319664
2018-09-24,11.860422036058877
2018-09-25,12.13870508837675
2018-09-26,12.150083312960641
2018-09-27,12.231048308260279
2018-09-28,12.18235265309309
2018-10-01,12.030930174055888
2018-10-02,11.798048637340838
2018-10-03,11.820064295547121
2018-10-04,11.605237020016311
2018-10-05,11.52815708792112
2018-10-08,11.318038135271417
2018-10-09,11.230504518016883
2018-10-10,10.64740628338623
2018-10-11,10.433057264113726
2018-10-12,10.746736343365892
2018-10-15,10.648325975593485
2018-10-16,11.016543306591903
2018-10-17,10.92280852892889
2018-10-18,10.748899767082378
2018-10-19,10.498345606482754
2018-10-22,10.584975893267059
2018-10-23,10.501716317609851
2018-10-24,10.060662957355998
2018-10-25,10.099459697102594
2018-10-26,9.866253742280744
2018-10-29,9.768341637152508
2018-10-30,9.985657988400593
2018-10-31,10.218650856512282
2018-11-01,10.216480426979588
2018-11-02,10.199975138266757
2018-11-05,10.250543718783598
2018-11-06,10.251716190810306
2018-11-07,10.301448417319737
2018-11-08,10.325921681527795
2018-11-09,10.312515244248218
2018-11-12,10.287797088146199
2018-11-13,10.261430677559694
2018-11-14,10.228226912466353
2018-11-15,10.238103404751854
2018-11-16,10.246276888794062
2018-11-19,10.197986201167819
2018-11-20,10.096531476381656
2018-11-21,10.097111807170718
2018-11-23,10.102902992303788
2018-11-26,10.118762655533803
2018-11-27,10.11995860483585
2018-11-28,10.188408660033913
2018-11-29,10.198754576859628
2018-11-30,10.22098997442424
2018-12-03,10.191352460206115
2018-12-04,9.956078429822014
2018-12-06,9.925136599249822
2018-12-07,9.71890970517497
2018-12-10,9.711553945611916
2018-12-11,9.811082893609262
2018-12-12,9.881980017033555
2018-12-13,9.895997280979051
2018-12-14,9.751245029386833
2018-12-17,9.452920532402361
2018-12-18,9.397606664451713
2018-12-19,9.313000138117564
2018-12-20,9.15102189375712
2018-12-21,9.020769539283487
2018-12-24,8.762401513849934
2018-12-26,9.13564521989035
2018-12-27,9.243407893744646
2018-12-28,9.24185751515568
2018-12-31,9.322821802262611
2019-01-02,9.23541447956967
2019-01-03,9.190094403443066
2019-01-04,9.261730844601821
2019-01-07,9.268435494772326
2019-01-08,9.29236932108007
2019-01-09,9.286216556771409
2019-01-10,9.30529464015324
2019-01-11,9.304518941051551
2019-01-14,9.27767935829661
2019-01-15,9.316356924641113
2019-01-16,9.31753234519765
2019-01-17,9.339708164595018
2019-01-18,9.350643589293083
2019-01-22,9.336583591386704
2019-01-23,9.360891998506691
2019-01-24,9.333106250280153
2019-01-25,9.346468562222467
2019-01-28,9.335450685865657
2019-01-29,9.336110253523323
2019-01-30,9.351645036041242
2019-01-31,9.405303105630459
2019-02-01,9.412489673803607
2019-02-04,9.472779413407762
2019-02-05,9.540489217957415
2019-02-06,9.505520567031311
2019-02-07,9.398773604317674
2019-02-08,9.477835267893902
2019-02-11,9.541116545265757
2019-02-12,9.676144386180088
2019-02-13,9.675246312738187
2019-02-14,9.695504939329705
2019-02-15,9.820654721409007
2019-02-19,9.862919931387932
2019-02-20,9.784820771232772
2019-02-21,9.771742787513704
2019-02-22,10.086718504069296
2019-02-25,10.148999415987344
2019-02-26,10.121101469469316
2019-02-27,10.109569500467423
2019-02-28,10.097568442578838
2019-03-01,10.16473377779323
2019-03-04,10.04880162432215
2019-03-05,10.02952023171822
2019-03-06,9.94817507676243
2019-03-07,9.867216550674538
2019-03-08,9.892570258292235
2019-03-11,10.096624225725968
2019-03-12,10.064811203578882
2019-03-13,10.1322585165793
2019-03-14,10.109779205827152
2019-03-15,10.107548989395372
2019-03-18,10.102741224612428
2019-03-19,10.086778196779788
2019-03-20,10.063599597164714
2019-03-21,10.210609099483717
2019-03-22,9.966592099585851
2019-03-25,9.9552726046385
2019-03-26,9.997270355781595
2019-03-27,9.911356430201181
2019-03-28,9.991720991608526
2019-03-29,10.136834541641203
2019-04-01,10.249419790761621
2019-04-02,10.22255609198481
2019-04-03,10.249090388693235
2019-04-04,10.09939307386702
2019-04-05,10.135184217098894
2019-04-08,10.196985397417976
2019-04-09,10.188889598847837
2019-04-10,10.30268012222298
2019-04-11,10.309463429061381
2019-04-12,10.360382400463482
2019-04-15,10.38074943427081
2019-04-16,10.385652128269161
2019-04-17,10.23822557948989
2019-04-18,10.262739861002123
2019-04-22,10.347259739838773
2019-04-23,10.45659399932175
2019-04-24,10.420319007223522
2019-04-25,10.347352149571318
2019-04-26,10.383016180095863
2019-04-29,10.456650060408112
2019-04-30,10.508026463198973
2019-05-01,10.399740827393714
2019-05-02,10.453638285206459
2019-05-03,10.802965486027396
2019-05-06,10.789555822344763
2019-05-07,10.445986860516904
2019-05-08,10.491386871413358
2019-05-09,10.439841240432203
2019-05-10,10.464331327057256
2019-05-13,10.075115492577067
2019-05-14,10.356314944840237
2019-05-15,10.533314140308692
2019-05-16,10.715842864940816
2019-05-17,10.577709579703619
2019-05-20,10.373415996912932
2019-05-21,10.413466916415675
2019-05-22,10.300530813199906
2019-05-23,10.144456258340782
2019-05-24,10.133546341014187
2019-05-28,10.117626095891357
2019-05-29,9.961864015807773
2019-05-30,10.11301401980428
2019-05-31,9.95993096113378
2019-06-03,9.829049071679623
2019-06-04,10.023497938362437
2019-06-05,10.186484465672422
2019-06-06,10.308997008483374
2019-06-07,10.45082662991268
2019-06-10,10.543284849120742
2019-06-11,10.478977333649352
2019-06-12,10.53279684997243
2019-06-13,10.573402361975557
2019-06-14,10.509759490447353
2019-06-17,10.495400726746407
2019-06-18,10.552112812641884
2019-06-19,10.732628641582032
2019-06-20,10.827402844081533
2019-06-21,10.764100625512299
2019-06-24,10.649928565610157
2019-06-25,10.450075062460021
2019-06-26,10.411697344577414
2019-06-27,10.505521837962819
2019-06-28,10.561937672165689
2019-07-01,10.663976835276932
2019-07-02,10.752182409441183
2019-07-03,10.83800330080174
2019-07-05,10.900648624929099
2019-07-08,10.902217735041694
2019-07-09,10.955162770670336
2019-07-10,10.957524370884485
2019-07-11,10.933417236248548
2019-07-12,10.992024583555342
2019-07-15,11.05094813597081
2019-07-16,10.965031652011783
2019-07-17,10.932193027569305
2019-07-18,10.975834899864104
2019-07-19,10.88856051722659
2019-07-22,10.975311254572699
2019-07-23,10.982973424303122
2019-07-24,11.113247633723088
2019-07-25,11.111124980128233
2019-07-26,11.16005763275875
2019-07-29,10.937526294301573
2019-07-30,10.91031679643261
2019-07-31,10.781893330931416
2019-08-01,10.753161825689343
2019-08-02,10.619358399520243
2019-08-05,10.223849990897241
2019-08-06,10.563809047197644
2019-08-07,10.665708230733665
2019-08-08,11.058853745141143
2019-08-09,11.073633227917007
2019-08-12,10.828466916125613
2019-08-13,10.937602946897364
2019-08-14,10.559843310117481
2019-08-15,10.593120953892187
2019-08-16,10.772278826317535
2019-08-19,10.695245340669407
2019-08-20,10.728368811274606
2019-08-21,10.921066658070888
2019-08-22,10.89987441245975
2019-08-23,10.648949343163371
2019-08-26,10.780446561779698
2019-08-27,10.763959328354286
2019-08-28,10.734325826390043
2019-08-29,10.845817622344244
2019-08-30,10.778777031383544
2019-09-03,10.691977261576254
2019-09-04,10.769264329866825
2019-09-05,10.916825073702471
2019-09-06,10.887873777603403
2019-09-09,10.795179742007239
2019-09-10,10.633164882118047
2019-09-11,10.725865851887452
2019-09-12,10.821790643588704
2019-09-13,10.77390799092508
2019-09-16,10.7490195255533
2019-09-17,10.800444349852485
2019-09-18,10.748649097459262
2019-09-19,10.754201903220187
2019-09-20,10.701734194206274
2019-09-23,10.6986846954132
2019-09-24,10.525743637424803
2019-09-25,10.658157666799864
2019-09-26,10.643034728726436
2019-09-27,10.462227937444762
2019-09-30,10.508136808638673
2019-10-01,10.39954381912255
2019-10-02,10.238331053871828
2019-10-03,10.317465062924322
2019-10-04,10.453241071431405
2019-10-07,10.385866121948077
2019-10-08,10.250794000240022
2019-10-09,10.431685007541427
2019-10-10,10.484975713246412
2019-10-11,10.517314801630333
2019-10-14,10.502048469705331
2019-10-15,10.623976637809857
2019-10-16,10.632982695506334
2019-10-17,10.669634971859375
2019-10-18,10.611276175473394
2019-10-21,10.708420127015343
2019-10-22,10.66697649250197
2019-10-23,10.665310854087174
2019-10-24,10.834242394876469
2019-10-25,10.835297563904492
2019-10-28,10.931425332957451
2019-10-29,10.859632365507652
2019-10-30,10.88789733606682
2019-10-31,10.846244125405942
2019-11-01,10.925233135344762
2019-11-04,10.995315557260069
2019-11-05,10.981805680598573
2019-11-06,10.98764746729508
2019-11-07,10.995053059967935
2019-11-08,11.05986042150545
2019-11-11,11.054871188483071
2019-11-12,11.039948179705064
2019-11-13,11.024666029602901
2019-11-14,11.057407787060848
2019-11-15,11.172612092235962
2019-11-18,11.168623495598473
2019-11-19,11.133503947747814
2019-11-20,10.900960006434705
2019-11-21,10.821769442039828
2019-11-22,10.841644064996075
2019-11-25,11.035230697418513
2019-11-26,11.032595704854929
2019-11-27,11.087770267827077
2019-11-29,11.012349572571807
2019-12-02,10.919118854093195
2019-12-03,10.908060626093834
2019-12-04,10.964093058725677
2019-12-05,10.986786668742779
2019-12-06,11.045479440879662
2019-12-09,10.956119776204355
2019-12-10,10.967881031598663
2019-12-11,11.00046190346274
2019-12-12,11.077571326153189
2019-12-13,11.04180862145411
2019-12-16,11.194361931012637
2019-12-17,11.249071095435879
2019-12-18,11.242707393035024
2019-12-19,11.318302036142695
2019-12-20,11.342490418099436
2019-12-23,11.385194614908029
2019-12-24,11.425292717758852
2019-12-26,11.45094717121594
2019-12-27,11.445117487928261
2019-12-30,11.338696632549098
2019-12-31,11.385377770575952
2020-01-02,11.487392269988602
2020-01-03,11.417250116544693
2020-01-06,11.445973772070355
2020-01-07,11.534151183122342
2020-01-08,11.633012733922323
2020-01-09,11.674448012214333
2020-01-10,11.61786444697196
2020-01-13,11.746455568117515
2020-01-14,11.756505263047378
2020-01-15,11.674992098238349
2020-01-16,11.797228355758493
2020-01-17,11.82251651021542
2020-01-21,11.860055794876105
2020-01-22,11.930437061816447
2020-01-23,11.986867311124621
2020-01-24,11.826443487295474
2020-01-27,11.54766569918726
2020-01-28,11.698187696204242
2020-01-29,11.647141722522884
2020-01-30,11.765722913862122
2020-01-31,11.542009689265038
2020-02-03,11.77390070335676
2020-02-04,12.050930318698232
2020-02-05,11.888160063614809
2020-02-06,11.935468365939181
2020-02-07,12.06398795299828
2020-02-10,12.280348617302321
2020-02-11,12.235002994304173
2020-02-12,12.173084789166746
2020-02-13,12.262175447579311
2020-02-14,12.35740027863592
2020-02-18,12.43877907743316
2020-02-19,12.643218329484883
2020-02-20,12.590702455447627
2020-02-21,12.371341872356
2020-02-24,11.92427798703466
2020-02-25,11.795182557699931
2020-02-26,11.82869437524432
2020-02-27,11.270912528842816
2020-02-28,11.257106411833949
2020-03-02,11.797014105683633
2020-03-03,11.487500331682979
2020-03-04,11.904603264107408
2020-03-05,11.6655970446864
2020-03-06,11.485484640291018
2020-03-09,10.46188527942816
2020-03-10,10.87353936077291
2020-03-11,10.37928062935192
2020-03-12,9.425204171087143
2020-03-13,9.80534461018888
2020-03-16,8.942375530568196
2020-03-17,9.2564900959386
2020-03-18,9.143809867835076
2020-03-19,9.133512273735697
2020-03-20,8.892004471130983
2020-03-23,8.822344579671517
2020-03-24,9.105183706808724
2020-03-25,9.133028061070508
2020-03-26,9.42453032251005
2020-03-27,9.404431046855409
2020-03-30,9.552029021776036
2020-03-31,9.454724663847541
2020-04-01,9.364042968971654
2020-04-02,9.459136703238507
2020-04-03,9.427228080548861
2020-04-06,9.556252104894867
2020-04-07,9.464658135177544
2020-04-08,9.53338213370458
2020-04-09,9.539307677814602
2020-04-13,9.58202900154919
2020-04-14,9.677575162396609
2020-04-15,9.719866228791767
2020-04-16,9.82749348038106
2020-04-17,9.893409038874156
2020-04-20,9.95138990356875
2020-04-21,9.833015585047669
2020-04-22,9.920546330585305
2020-04-23,9.89146594942638
2020-04-24,9.949087352011473
2020-04-27,9.95037805827323
2020-04-28,9.852413523943977
2020-04-29,9.895882948292025
2020-04-30,9.884958799827672
2020-05-01,9.86753274190915
2020-05-04,10.136435652085765
2020-05-05,10.282626037172289
2020-05-06,10.244500297247306
2020-05-07,10.434464978686961
2020-05-08,10.638649178012267
2020-05-11,10.787437461715644
2020-05-12,10.538505351526808
2020-05-13,10.506097533293165
2020-05-14,10.604551277594727
2020-05-15,10.682904092373832
2020-05-18,10.875546735143912
2020-05-19,10.771869395728315
2020-05-20,10.96077598495348
2020-05-21,10.787889962935768
2020-05-22,10.884582369509083
2020-05-26,10.688208599489567
2020-05-27,10.567943443182088
2020-05-28,10.592229218900247
2020-05-29,11.003616850033989
2020-06-01,11.10849408080508
2020-06-02,11.1695907407002
2020-06-03,11.252272967506734
2020-06-04,11.1310400653657
2020-06-05,11.34956127616614
2020-06-08,11.566063577109185
2020-06-09,11.561154805108986
2020-06-10,11.648740529405949
2020-06-11,11.127746202047556
2020-06-12,11.230483002307206
2020-06-15,11.583437731834413
2020-06-16,11.590824235930572
2020-06-17,11.678894300041305
2020-06-18,11.80404498016388
2020-06-19,11.852150372538889
2020-06-22,11.780531007904687
2020-06-23,11.777892233765986
2020-06-24,11.52297550688364
2020-06-25,11.640638737230324
2020-06-26,11.37453236270753
2020-06-29,11.553122602772117
2020-06-30,11.757530524313516
2020-07-01,11.704325136527538
2020-07-02,11.899511614944087
2020-07-06,12.088766078092306
2020-07-07,12.18455122471357
2020-07-08,12.43685827853075
2020-07-09,12.47980589736753
2020-07-10,12.56130613981793
2020-07-13,12.267094481308588
2020-07-14,12.453455535264736
2020-07-15,12.54428627069572
2020-07-16,12.409858926545553
2020-07-17,12.618269276784693
2020-07-20,12.946545277372406
2020-07-21,12.806723146243787
2020-07-22,12.867399099628042
2020-07-23,12.53714765700929
2020-07-24,12.407741257071732
2020-07-27,12.853880980795001
2020-07-28,12.778491835980107
2020-07-29,13.087985504813993
2020-07-30,13.081788104658392
2020-07-31,13.11817867698394
2020-08-03,13.496874084188416
2020-08-04,13.568730813685264
2020-08-05,13.807276879317348
2020-08-06,13.982130180894373
2020-08-07,13.673323052985321
2020-08-10,13.430335905720437
2020-08-11,13.218731217037687
2020-08-12,13.487451527665675
2020-08-13,13.564891768058292
2020-08-14,13.632659967815954
2020-08-17,13.954919704338733
2020-08-18,14.020043686163161
2020-08-19,14.045972015358364
2020-08-20,14.240532102298861
2020-08-21,14.070051755439652
2020-08-24,14.072562685272565
2020-08-25,14.230625637862637
2020-08-26,14.450293970644251
2020-08-27,14.468268457858349
2020-08-28,14.532040864719404
2020-08-31,14.671469202210668
2020-09-01,15.07606057012838
2020-09-02,14.948854955058275
2020-09-03,14.11097110666194
2020-09-04,13.867661289234023
2020-09-08,13.248704055015816
2020-09-09,13.53266344463737
2020-09-10,13.310817480460397
2020-09-11,13.185553877118169
2020-09-14,13.408628994818969
2020-09-15,13.500236020557253
2020-09-16,13.440105458700009
2020-09-17,13.245479793116568
2020-09-18,13.247765601408684
2020-09-21,13.441722530643885
2020-09-22,13.800408012541817
2020-09-23,13.431199291258046
2020-09-24,13.384473582995385
2020-09-25,13.55136114711616
2020-09-28,13.774861914838258
2020-09-29,13.807612284998237
2020-09-30,13.858013473076637
2020-10-01,14.060880449994164
2020-10-02,13.980928510257986
2020-10-05,14.33880665929786
2020-10-06,14.155958825388753
2020-10-07,14.431382389383177
2020-10-08,14.484979582316083
2020-10-09,14.674170101489725
2020-10-12,14.72900143258221
2020-10-13,14.869813768895245
2020-10-14,14.821438177378413
2020-10-15,14.849031719987803
2020-10-16,14.784916818070181
2020-10-19,14.659799753363512
2020-10-20,14.6178701793697
2020-10-21,14.340484116800893
2020-10-22,14.402216013691357
2020-10-23,14.52618377858178
2020-10-26,14.210399343359143
2020-10-27,14.21704484790141
2020-10-28,13.832107974749995
2020-10-29,13.886896114547149
2020-10-30,13.497489463816514
2020-11-02,13.728370461283953
2020-11-03,13.973210791891761
2020-11-04,13.966082804311293
2020-11-05,14.499900914285462
2020-11-06,14.7651310572709
2020-11-09,14.648572659376365
2020-11-10,14.503095659891326
2020-11-11,14.667568734354541
2020-11-12,14.477843664698097
2020-11-13,14.665929851442558
2020-11-16,14.86170046739112
2020-11-17,14.970447898997573
2020-11-18,14.855359334819282
2020-11-19,15.019516718196899
2020-11-20,15.078207269217154
2020-11-23,15.43106005932375
2020-11-24,15.707631415420542
2020-11-25,15.759548293522341
2020-11-27,15.803246555697982
2020-11-30,15.696209966537577
2020-12-01,15.788140743685492
2020-12-02,15.874694771992719
2020-12-03,16.250907145608835
2020-12-04,16.37360016362839
2020-12-07,16.562228285109754
2020-12-08,16.610882634812846
2020-12-09,16.23690599370034
2020-12-10,16.413957038336953
2020-12-11,16.310164160385845
2020-12-14,16.10645492324669
2020-12-15,16.249318957236984
2020-12-16,16.278717014039344
2020-12-17,16.503566869131248
2020-12-18,16.45764328788629
2020-12-21,16.366081636154952
2020-12-22,16.270943604480575
2020-12-23,16.354110386951778
2020-12-24,16.387573474232884
2020-12-28,16.18103512412846
2020-12-29,16.22334881249645
2020-12-30,16.639382740315387
2020-12-31,16.604046800270197
2021-01-04,16.63184140940389
2021-01-05,17.151060171318182
2021-01-06,17.619881984702143
2021-01-07,18.21029821420899
2021-01-08,18.310281970931964
2021-01-11,18.084963041809825
2021-01-12,18.35864248969118
2021-01-13,18.175003896658527
2021-01-14,18.596207157817545
2021-01-15,18.210499254412053
2021-01-19,18.492863390301036
2021-01-20,18.403901129825638
2021-01-21,18.170298599949845
2021-01-22,18.283212400087738
2021-01-25,18.22911678883334
2021-01-26,17.87410398879948
2021-01-27,17.238167958836105
2021-01-28,17.69739568932424
2021-01-29,17.434753289548016
2021-02-01,17.8490657703486
2021-02-02,18.180865723070923
2021-02-03,18.675746830664448
2021-02-04,18.930627944090077
2021-02-05,19.216763010590817
2021-02-08,19.971397468792407
2021-02-09,20.174709896901163
2021-02-10,19.975497360240666
2021-02-11,20.04621901760869
2021-02-12,20.270096269967823
2021-02-16,20.28167223715962
2021-02-17,20.372010114755575
2021-02-18,19.88237617128584
2021-02-19,20.404174907452447
2021-02-22,20.302684262188677
2021-02-23,20.184666895796315
2021-02-24,20.418749646010056
2021-02-25,19.86154185851064
2021-02-26,19.85434042241904
2021-03-01,20.474491144154786
2021-03-02,20.291906735996648
2021-03-03,20.279928751178097
2021-03-04,19.9218170456755
2021-03-05,20.45425180210896
2021-03-08,20.766633763778415
2021-03-09,20.851866701900622
2021-03-10,21.26030388418287
2021-03-11,21.939865645659772
2021-03-12,22.2179148559592
2021-03-15,22.48656474097181
2021-03-16,22.304645475750252
2021-03-17,22.562549245325254
2021-03-18,22.128828413930076
2021-03-19,22.49055008355978
2021-03-22,22.22660422239112
2021-03-23,21.123056328007472
2021-03-24,20.388798225569804
2021-03-25,20.484069851129117
2021-03-26,20.52146022229558
2021-03-29,20.099600225152294
2021-03-30,20.278159778359075
2021-03-31,20.529820539768036
2021-04-01,20.84182899253598
2021-04-05,20.710540111541274
2021-04-06,20.724754188099407
2021-04-07,20.647295354271545
2021-04-08,20.639371829596644
2021-04-09,20.659327953387407
2021-04-12,20.521249051786583
2021-04-13,20.4056282115182
2021-04-14,20.88830670758811
2021-04-15,20.92257933599803
2021-04-16,20.853251434676203
2021-04-19,20.681682278270724
2021-04-20,20.114064633527757
2021-04-21,20.46101863559876
2021-04-22,20.237989367376112
2021-04-23,20.617443096088195
2021-04-26,20.957538356996924
2021-04-27,21.11835040493177
2021-04-28,21.526533762280817
2021-04-29,21.52242646854398
2021-04-30,21.142971878744934
2021-05-03,21.521730637115468
2021-05-04,21.213364241251742
2021-05-05,21.51229705567783
2021-05-06,21.45984900078435
2021-05-07,22.013987124087503
2021-05-10,21.78949753351241
2021-05-11,21.443415236228496
2021-05-12,20.98615636282149
2021-05-13,20.968086279690773
2021-05-14,21.710601656495516
2021-05-17,21.883977332552778
2021-05-18,21.541449019755973
2021-05-19,21.184042681552018
2021-05-20,21.298505617724118
2021-05-21,21.217903743541417
2021-05-24,21.43141858440593
2021-05-25,21.33996547796121
2021-05-26,21.61836733075259
2021-05-27,21.833415234214154
2021-05-28,21.8556888521866
2021-06-01,22.516066631973743
2021-06-02,22.496898601988708
2021-06-03,22.471560073842344
2021-06-04,22.678593492218372
2021-06-07,22.551951301382413
2021-06-08,22.707625376680156
2021-06-09,22.480300348977
2021-06-10,22.347197768964964
2021-06-11,22.435043871029407
2021-06-14,22.17785892555611
2021-06-15,22.12759341880607
2021-06-16,21.927080330256157
2021-06-17,21.337278359002042
2021-06-18,20.86471301207059
2021-06-21,21.410964024626075
2021-06-22,21.39690395880529
2021-06-23,21.44176177501578
2021-06-24,21.680145036666758
2021-06-25,21.725583933255194
2021-06-28,21.511860870647602
2021-06-29,21.459509990471982
2021-06-30,21.573770986947075
2021-07-01,21.704200761685392
2021-07-02,21.64254485219269
2021-07-06,21.248805476822483
2021-07-07,20.975576749823
2021-07-08,20.99790124533787
2021-07-09,21.389146750119497
2021-07-12,21.51898613551785
2021-07-13,21.42436646350305
2021-07-14,20.98316063644207
2021-07-15,20.77314314805218
2021-07-16,20.50755272294736
2021-07-19,20.3123594730989
2021-07-20,20.69411881208764
2021-07-21,21.312703298318187
2021-07-22,21.269754580104316
2021-07-23,21.382256678663694
2021-07-26,21.498591439272918
2021-07-27,21.169063038801173
2021-07-28,21.440573686463793
2021-07-29,21.28979283363395
2021-07-30,21.133662536251236
2021-08-02,20.933432704660483
2021-08-03,21.60902089650624
2021-08-04,21.614993927429374
2021-08-05,21.606821217513737
2021-08-06,21.796775349210773
2021-08-09,22.14644487400893
2021-08-10,22.317624349567396
2021-08-11,22.212992887377187
2021-08-12,22.43800743889301
2021-08-13,22.530904009758686
2021-08-16,22.456774527336226
2021-08-17,22.262949788261
2021-08-18,22.085370319258608
2021-08-19,21.90494312270597
2021-08-20,22.07934464935625
2021-08-23,22.48654433262649
2021-08-24,22.5307667411229
2021-08-25,22.60902037237974
2021-08-26,22.60137033311777
2021-08-27,22.796373375123068
2021-08-30,22.824439692959295
2021-08-31,22.745724594145837
2021-09-01,22.727729697491153
2021-09-02,22.912558220469073
2021-09-03,23.079485745380982
2021-09-07,22.931601882019375
2021-09-08,22.875236867163142
2021-09-09,23.009594262081997
2021-09-10,22.87926820729217
2021-09-13,22.475119466599516
2021-09-14,22.54066580773077
2021-09-15,22.813441617306207
2021-09-16,22.8658197693689
2021-09-17,22.519895497796742
2021-09-20,21.976535164979627
2021-09-21,22.106085396614034
2021-09-22,22.392993019014565
2021-09-23,22.77922096642035
2021-09-24,22.670104592675504
2021-09-27,22.297728379928838
2021-09-28,21.638487143123463
2021-09-29,21.67555270386956
2021-09-30,21.56424845329772
2021-10-01,21.49796573150603
2021-10-04,21.236175500978792
2021-10-05,21.532148552970604
2021-10-06,21.527275344685354
2021-10-07,21.654731950220437
2021-10-08,21.619771429248264
2021-10-11,21.545592637126045
2021-10-12,21.72594701439125
2021-10-13,21.974588185944025
2021-10-14,22.278387370166232
2021-10-15,22.32216809240932
2021-10-18,22.502529865406075
2021-10-19,22.569352584261985
2021-10-20,22.725589853712883
2021-10-21,22.832871179235653
2021-10-22,22.937692425170084
2021-10-25,23.021675559223123
2021-10-26,23.05969940538018
2021-10-27,22.69624648731926
2021-10-28,23.139225129111175
2021-10-29,23.30884785480928
2021-11-01,23.40339539341848
2021-11-02,23.513666769888964
2021-11-03,23.480377604283387
2021-11-04,23.824725961529367
2021-11-05,24.13575788711811
2021-11-08,24.301782026003135
2021-11-09,24.161229590257815
2021-11-10,23.726181198685726
2021-11-11,23.915027999692025
2021-11-12,23.90817470120724
2021-11-15,23.895342168865508
2021-11-16,23.92404441143854
2021-11-17,23.875169803435767
2021-11-18,24.06756765729328
2021-11-19,24.077214100614057
2021-11-22,23.76105291117213
2021-11-23,23.71690599241353
2021-11-24,23.93744847562849
2021-11-26,23.373969919054765
2021-11-29,23.692485365226247
2021-11-30,23.109342077050098
2021-12-01,22.466971978530303
2021-12-02,22.89138351052371
2021-12-03,22.4283903617871
2021-12-06,22.21907826772374
2021-12-07,23.182064841755494
2021-12-08,23.320032151071445
2021-12-09,22.82264649259754
2021-12-10,23.061757442325472
2021-12-13,22.55097147547224
2021-12-14,22.217694385967153
2021-12-15,22.92614196984737
2021-12-16,22.357993579240986
2021-12-17,22.352639585331946
2021-12-20,22.03660670290647
2021-12-21,22.92074797335683
2021-12-22,23.23111516304469
2021-12-23,23.508657798159593
2021-12-27,24.120355286967293
2021-12-28,23.92211894841221
2021-12-29,23.864121928278465
2021-12-30,23.740940501385914
2021-12-31,23.677901255146864
2022-01-03,23.831408817661874
2022-01-04,23.862958001965872
2022-01-05,23.19536072424759
2022-01-06,23.307715901530848
2022-01-07,23.001167980282176
2022-01-10,22.98211119816337
2022-01-11,23.343765644973974
2022-01-12,23.336402269679947
2022-01-13,22.83061390867512
2022-01-14,22.95745502405923
2022-01-18,22.309453161100468
2022-01-19,21.81848074819013
2022-01-20,21.269756376942805
2022-01-21,20.783954561915348
2022-01-24,21.011966273576114
2022-01-25,20.493294644896512
2022-01-26,20.52722922608141
2022-01-27,20.206486891462344
2022-01-28,20.579495461498094
2022-01-31,21.2065054608661
2022-02-01,21.39933072765235
2022-02-02,21.50704125376216
2022-02-03,21.31203444097381
2022-02-04,21.453110210009864
2022-02-07,21.517390282980354
2022-02-08,21.243268555138556
2022-02-09,21.511733161597757
2022-02-10,21.370917906615087
2022-02-11,21.745946735778084
2022-02-14,21.195931690126304
2022-02-15,21.171693227122635
2022-02-16,21.42066152969028
2022-02-17,21.36396915302552
2022-02-18,21.18775161511135
2022-02-22,20.84495935624515
2022-02-23,20.83021274830533
2022-02-24,20.811301572271432
2022-02-25,21.364898537221304
2022-02-28,21.92191985342558
2022-03-01,21.870756617273376
2022-03-02,22.32115770258574
2022-03-03,22.415149440848268
2022-03-04,22.70648676037992
2022-03-07,22.477648524931986
2022-03-08,22.284066431474937
2022-03-09,22.4266756582798
2022-03-10,22.67044070303783
2022-03-11,22.46926597174559
2022-03-14,22.289065220021566
2022-03-15,22.36749555060267
2022-03-16,22.437667447308307
2022-03-17,23.005504847561284
2022-03-18,23.04248143214303
2022-03-21,23.4623473319922
2022-03-22,23.46842522553436
2022-03-23,23.44550341490091
2022-03-24,23.586729255770642
2022-03-25,23.93017961556629
2022-03-28,23.64407274053685
2022-03-29,23.695951225724627
2022-03-30,23.722945859338974
2022-03-31,23.45057278248179
2022-04-01,23.544858455946862
2022-04-04,23.621290018446825
2022-04-05,23.327777021686224
2022-04-06,23.417469986703487
2022-04-07,23.64486741063944
2022-04-08,24.276270398791503
2022-04-11,23.853351276759856
2022-04-12,24.113811823231792
2022-04-13,24.415998725699023
2022-04-14,24.405065462235164
2022-04-18,24.71143328280584
2022-04-19,24.66029093903489
2022-04-20,24.68542953488695
2022-04-21,23.81697782863352
2022-04-22,23.078406363315295
2022-04-25,22.599004161147533
2022-04-26,22.418251558759323
2022-04-27,22.665460694106105
2022-04-28,23.130427702723775
2022-04-29,22.455049481864737
2022-05-02,22.54133874113876
2022-05-03,22.74505054244587
2022-05-04,22.954423242830668
2022-05-05,22.692151734831576
2022-05-06,22.754121591350252
2022-05-09,22.25340906888951
2022-05-10,22.30680862816653
2022-05-11,22.321029315070973
2022-05-12,22.323153369157584
2022-05-13,22.515810524220907
2022-05-16,22.66306588232537
2022-05-17,22.804489625309646
2022-05-18,22.4275714337063
2022-05-19,22.44226226942675
2022-05-20,22.391951897080336
2022-05-23,22.658762939682727
2022-05-24,22.643941274961012
2022-05-25,22.81369874936277
2022-05-26,23.035378280397047
2022-05-27,23.18109190596186
2022-05-31,23.066878732345433
2022-06-01,23.056229010035388
2022-06-02,23.14320353497232
2022-06-03,23.102962321331578
2022-06-06,23.172033773959832
2022-06-07,23.541895228286368
2022-06-08,23.25980099317584
2022-06-09,22.794467122262105
2022-06-10,22.3181863643006
2022-06-13,21.43774902730738
2022-06-14,21.276995845365537
2022-06-15,21.209056173701416
2022-06-16,20.424842970732726
2022-06-17,20.0628166740862
2022-06-21,20.63869946864786
2022-06-22,20.348688948234503
2022-06-23,20.109078909330176
2022-06-24,20.558156278791763
2022-06-27,20.76707812288103
2022-06-28,20.777964149815332
2022-06-29,20.489001250349133
2022-06-30,20.30512500828157
2022-07-01,20.480014913904572
2022-07-05,20.436503274824762
2022-07-06,20.440837373566744
2022-07-07,20.4484730793681
2022-07-08,20.443480845196305
2022-07-11,20.371312995317894
2022-07-12,20.33956824306044
2022-07-13,20.31067680539035
2022-07-14,20.24850106526706
2022-07-15,20.32477483830456
2022-07-18,20.229436569474423
2022-07-19,20.293594757123355
2022-07-20,20.236428737137658
2022-07-21,20.22818591793569
2022-07-22,20.182201711324804
2022-07-25,20.295314829705987
2022-07-26,20.266640955655273
2022-07-27,20.264891667993854
2022-07-28,20.213917612322035
2022-07-29,20.22418616194893
2022-08-01,20.16413149730729
2022-08-02,20.152666815768182
2022-08-03,20.09936073630558
2022-08-04,19.986398827249808
2022-08-05,20.07323458255091
2022-08-08,20.150027527621784
2022-08-09,20.192550190298995
2022-08-10,20.325601922189083
2022-08-11,20.416173085285894
2022-08-12,20.46669199117289
2022-08-15,20.468520940989677
2022-08-16,20.482680141971542
2022-08-17,20.522386467215515
2022-08-18,20.6420014294912
2022-08-19,20.599832800514243
2022-08-22,20.579549784738635
2022-08-23,20.593027728091574
2022-08-24,20.73098963893031
2022-08-25,20.80210704271896
2022-08-26,20.70479223058012
2022-08-29,20.70247007859306
2022-08-30,20.489492731241686
2022-08-31,20.581547468280796
2022-09-01,20.47210766276921
2022-09-02,20.49847869443643
2022-09-06,20.42271276863715
2022-09-07,20.575824960786097
2022-09-08,20.69074304586838
2022-09-09,20.718495039087486
2022-09-12,20.693241545404803
2022-09-13,20.52131482074977
2022-09-14,20.601182208930208
2022-09-15,20.487619589558392
2022-09-16,20.458730906591025
2022-09-19,20.49832476934907
2022-09-20,20.396470150212753
2022-09-21,20.317684960839063
2022-09-22,20.2287597553442
2022-09-23,20.094514912785947
2022-09-26,20.0306597911813
2022-09-27,20.119896893028066
2022-09-28,20.324214712194358
2022-09-29,20.203348580857657
2022-09-30,20.202626768789973
2022-10-03,20.325029608170105
2022-10-04,20.579201282899298
2022-10-05,20.56976334079543
2022-10-06,20.5496096301441
2022-10-07,20.486736093355542
2022-10-10,20.481143160329093
2022-10-11,20.495430168131254
2022-10-12,20.436571506444402
2022-10-13,20.589174626351603
2022-10-14,20.41933055015684
2022-10-17,20.461035704998334
2022-10-18,20.547522102637494
2022-10-19,20.536218910866303
2022-10-20,20.490057142512608
2022-10-21,20.649836884369357
2022-10-24,20.729334261224736
2022-10-25,20.74534505626756
2022-10-26,20.851749066579167
2022-10-27,20.89060825397623
2022-10-28,20.973672093108835
2022-10-31,21.02233004989271
2022-11-01,21.074440879064518
2022-11-02,21.009566156994435
2022-11-03,21.093004320106942
2022-11-04,21.161810045686657
2022-11-07,21.264965104477113
2022-11-08,21.323351214136178
2022-11-09,21.053070915811926
2022-11-10,21.549705996397186
2022-11-11,21.549005548494385
2022-11-14,21.536549762770928
2022-11-15,21.71204977986011
2022-11-16,21.5465535940673
2022-11-17,21.60463208580145
2022-11-18,21.699887794327932
2022-11-21,21.561925021162544
2022-11-22,21.81532126350338
2022-11-23,21.82816822096019
2022-11-25,21.865717176647493
2022-11-28,21.623392762199813
2022-11-29,21.65064372269833
2022-11-30,22.025207895920037
2022-12-01,21.975194608903532
2022-12-02,22.040640847478645
2022-12-05,21.583311174263528
2022-12-06,21.2831141890057
2022-12-07,21.31819821162374
2022-12-08,21.462063114717218
2022-12-09,21.190219268178918
2022-12-12,21.49004878768537
2022-12-13,21.710886602858633
2022-12-14,21.699093513894002
2022-12-15,21.16551203222875
2022-12-16,20.98357746424259
2022-12-19,20.84107536024721
2022-12-20,21.056735424757843
2022-12-21,21.447998446631406
2022-12-22,21.114425747738547
2022-12-23,21.15971915041804
2022-12-27,20.99505319009605
2022-12-28,20.575923937712624
2022-12-29,20.82286470864814
2022-12-30,20.84263311150992
2023-01-03,20.63492694598397
2023-01-04,20.93695544815483
2023-01-05,20.91047074662604
2023-01-06,21.42090815964319
2023-01-09,21.322305876546825
2023-01-10,21.318579358491505
2023-01-11,21.33441578160554
2023-01-12,21.613160662224512
2023-01-13,21.71981750461777
2023-01-17,21.680174779383506
2023-01-18,21.27390013574306
2023-01-19,20.967325777051663
2023-01-20,21.302451941655757
2023-01-23,21.448496977355614
2023-01-24,21.52040266103373
2023-01-25,21.601912557539727
2023-01-26,21.6549070598814
2023-01-27,21.597892749528622
2023-01-30,21.38114772873678
2023-01-31,21.65086430015236
2023-02-01,21.83943610886875
2023-02-02,21.727450640862426
2023-02-03,21.595039576108164
2023-02-06,21.447618921589598
2023-02-07,21.606045412398352
2023-02-08,21.476410647708846
2023-02-09,21.386546722635355
2023-02-10,21.382905876212195
2023-02-13,21.710212017250136
2023-02-14,21.76102035860904
2023-02-15,21.83203226651458
2023-02-16,21.658349007555564
2023-02-17,21.483369158663272
2023-02-21,21.073761436702334
2023-02-22,21.05476967643091
2023-02-23,21.076701408711433
2023-02-24,20.893805658157806
2023-02-27,21.073256659687665
2023-02-28,21.27390773564948
2023-03-01,21.818143385071746
2023-03-02,22.02723661188891
2023-03-03,22.46172588190051
2023-03-06,22.34552845013567
2023-03-07,22.07983139666886
2023-03-08,22.10305897157262
2023-03-09,21.460849207999985
2023-03-10,20.98619688345337
2023-03-13,20.675109578882275
2023-03-14,20.99432382046648
2023-03-15,20.370337883195393
2023-03-16,20.884018922743877
2023-03-17,20.44260981611809
2023-03-20,20.700174109545898
2023-03-21,21.113985774171514
2023-03-22,20.668183069711763
2023-03-23,20.690742354955788
2023-03-24,20.688863931097675
2023-03-27,20.796690866960287
2023-03-28,20.836063840532066
2023-03-29,21.120652650982073
2023-03-30,21.24807839123673
2023-03-31,21.676031345443345
2023-04-03,21.749873797445638
2023-04-04,21.56075199649563
2023-04-05,21.20585353949687
2023-04-06,21.217022766436795
2023-04-10,21.593277430703232
2023-04-11,21.641674581976336
2023-04-12,21.53278587597774
2023-04-13,21.857124043290508
2023-04-14,21.89380917384986
2023-04-17,22.054333191642346
2023-04-18,22.326971808580875
2023-04-19,22.192451239109324
2023-04-20,21.912102601027
2023-04-21,21.943010288659853
2023-04-24,21.766607725383
2023-04-25,21.367563045382944
2023-04-26,21.250006392309803
2023-04-27,21.656108879890713
2023-04-28,21.869566782921396
2023-05-01,21.836389448207242
2023-05-02,21.407011387203
2023-05-03,21.823102460423534
2023-05-04,21.745274330705342
2023-05-05,22.054464589983393
2023-05-08,22.17288800152241
2023-05-09,22.052375878824687
2023-05-10,22.121430455406262
2023-05-11,22.00104201529324
2023-05-12,21.87513634976946
2023-05-15,22.060920935721104
2023-05-16,21.998402736541486
2023-05-17,22.38038713197401
2023-05-18,22.793232708032992
2023-05-19,22.738491866922868
2023-05-22,22.682340144939634
2023-05-23,22.110583696966042
2023-05-24,22.107514369364882
2023-05-25,23.059272774327685
2023-05-26,23.47524998998641
2023-05-30,23.60702749265069
2023-05-31,23.272291574445614
2023-06-01,23.57551264007307
2023-06-02,23.714746423959255
2023-06-05,23.731350315356796
2023-06-06,24.03789957219501
2023-06-07,23.58135397735554
2023-06-08,23.935263756565245
2023-06-09,24.046588390832788
2023-06-12,24.428182605138808
2023-06-13,24.474977903810508
2023-06-14,24.649679555823973
2023-06-15,24.840038369366805
2023-06-16,24.71005231257293
2023-06-20,24.7339655082108
2023-06-21,24.48826212671671
2023-06-22,24.422865039486272
2023-06-23,24.226802573625875
2023-06-26,24.0182544724203
2023-06-27,24.74803281046401
2023-06-28,24.872425240217417
2023-06-29,24.988694653030443
2023-06-30,25.357737078727574
2023-07-03,25.649006398503637
2023-07-05,25.756964319493754
2023-07-06,25.232318638399654
2023-07-07,25.82705159162071
2023-07-10,26.56671502712467
2023-07-11,26.777316236852155
2023-07-12,27.16184115800531
2023-07-13,27.440570783401725
2023-07-14,27.184947160790667
2023-07-17,27.458882057631662
2023-07-18,28.053627088659095
2023-07-19,28.78040418460379
2023-07-20,28.083887701889672
2023-07-21,27.889223325287976
2023-07-24,27.98897767197316
2023-07-25,28.095028454847156
2023-07-26,28.120425490661074
2023-07-27,28.277434179853266
2023-07-28,29.02782325473342
2023-07-31,29.374891457787278
2023-08-01,29.516837317983033
2023-08-02,29.700491122233124
2023-08-03,29.564194993608144
2023-08-04,29.388882784025267
2023-08-07,29.657965429882285
2023-08-08,29.38580713551473
2023-08-09,28.08949305563767
2023-08-10,28.539079643490407
2023-08-11,28.304153453986284
2023-08-14,28.783966062986828
2023-08-15,28.401086497234342
2023-08-16,27.957515739476737
2023-08-17,27.104883525655424
2023-08-18,27.293274729083453
2023-08-21,27.706149819671083
2023-08-22,27.50868756552353
2023-08-23,28.137208919658462
2023-08-24,27.444850033596296
2023-08-25,27.809570656863634
2023-08-28,28.23139854611955
2023-08-29,29.127127770712775
2023-08-30,29.42388607370151
2023-08-31,29.25844930576672
2023-09-01,29.31825509428745
2023-09-05,28.948507046975358
2023-09-06,28.912920375298043
2023-09-07,28.91298667807406
2023-09-08,28.945243106770157
2023-09-11,29.23408299782316
2023-09-12,28.922760583205005
2023-09-13,28.684280723538922
2023-09-14,29.253368137071273
2023-09-15,28.64457554901783
2023-09-18,28.74099795311986
2023-09-19,28.34909433697622
2023-09-20,27.883086087075032
2023-09-21,27.305599269404926
2023-09-22,27.27872799402511
2023-09-25,27.348053706248514
2023-09-26,26.9707762685811
2023-09-27,27.299797662613088
2023-09-28,27.49333921355576
2023-09-29,27.49236233294155
2023-10-02,27.379168365043835
2023-10-03,26.79405736848654
2023-10-04,27.131653409757966
2023-10-05,27.202894108527428
2023-10-06,27.65084862949612
2023-10-09,28.022026264904675
2023-10-10,28.23824979532058
2023-10-11,28.568525377016794
2023-10-12,28.258007983990716
2023-10-13,27.911801197963044
2023-10-16,28.233551092470837
2023-10-17,28.423796212926565
2023-10-18,27.912835415280245
2023-10-19,27.59490440511422
2023-10-20,27.146741599054252
2023-10-23,27.10258558962315
2023-10-24,27.50797655344948
2023-10-25,27.094371162639135
2023-10-26,26.915410964511818
2023-10-27,26.59162966200646
2023-10-30,26.802093778894093
2023-10-31,26.96459150156876
2023-11-01,27.252116535609535
2023-11-02,27.53567999911225
2023-11-03,27.91551753978003
2023-11-06,28.063231090978153
2023-11-07,28.119436942096318
2023-11-08,28.163852196657523
2023-11-09,27.98812513659866
2023-11-10,28.329458473125293
2023-11-13,28.498302412080047
2023-11-14,29.11610595320214
2023-11-15,29.01092863824724
2023-11-16,28.913933941224734
2023-11-17,29.086488804206258
2023-11-20,29.338453575508773
2023-11-21,29.225129069149947
2023-11-22,29.382545995230895
2023-11-24,29.471983414058094
2023-11-27,29.474173241138935
2023-11-28,29.79532093732526
2023-11-29,29.85916172733193
2023-11-30,30.16311097286217
2023-12-01,30.152838669788203
2023-12-04,30.281277129487282
2023-12-05,30.22798655220082
2023-12-06,29.888845806408643
2023-12-07,30.082244808857652
2023-12-08,30.506736390364185
2023-12-11,30.616688508249965
2023-12-12,30.84090075242767
2023-12-13,31.386981640195653
2023-12-14,31.70036378304465
2023-12-15,31.717044960471092
2023-12-18,31.834874419233245
2023-12-19,32.23852747861804
2023-12-20,31.735222892613205
2023-12-21,32.29133306642705
2023-12-22,32.5762024741148
2023-12-26,32.7860694273874
2023-12-27,33.26238911128721
2023-12-28,33.27432799046402
2023-12-29,32.86541154221138
2024-01-02,32.40125000885884
2024-01-03,31.79515643055771
2024-01-04,31.944588526868795
2024-01-05,31.95309774376184
2024-01-08,32.50241535265806
2024-01-09,32.43463680885747
2024-01-10,32.32520215675525
2024-01-11,32.17283508112468
2024-01-12,31.563246825384578
2024-01-16,31.42766048921395
2024-01-17,31.203299865718424
2024-01-18,31.192048104823435
2024-01-19,31.791866045960706
2024-01-22,32.1956290607436
2024-01-23,32.09563582850679
2024-01-24,31.837710398569026
2024-01-25,31.863526294826162
2024-01-26,31.648687324800903
2024-01-29,31.983220654353516
2024-01-30,31.840885079216708
2024-01-31,31.396112039354055
2024-02-01,31.631974055051966
2024-02-02,32.23796710337287
2024-02-05,32.25733684906819
2024-02-06,32.373790653322764
2024-02-07,32.870359096749795
2024-02-08,33.22819057237508
2024-02-09,33.712315294604004
2024-02-12,33.668940339405275
2024-02-13,32.95031759296662
2024-02-14,34.16017555059179
2024-02-15,34.70624829764903
2024-02-16,33.87543576416842
2024-02-20,33.3615348922465
2024-02-21,32.419280162101586
2024-02-22,34.186219702633274
2024-02-23,33.988213140376416
2024-02-26,34.40346166408252
2024-02-27,34.3836519711954
2024-02-28,34.18637942838877
2024-02-29,34.899459470996945
2024-03-01,35.16163736666539
2024-03-04,36.697627059972554
2024-03-05,35.620325472315976
2024-03-06,37.044336876702715
2024-03-07,37.44504644172745
2024-03-08,37.803284486802106
2024-03-11,37.072421055879474
2024-03-12,37.88009374521346
2024-03-13,38.42396151268735
2024-03-14,37.913441319126036
2024-03-15,38.094599421512925
2024-03-18,37.74655931091483
2024-03-19,37.04602909879736
2024-03-20,38.28765580382303
2024-03-21,39.15384410043372
2024-03-22,38.75538753998152
2024-03-25,39.98094462382328
2024-03-26,39.855380140344906
2024-03-27,40.0013482756313
2024-03-28,39.79901172206646
2024-04-01,39.50484659519478
2024-04-02,38.988256613467904
2024-04-03,39.45803203930703
2024-04-04,38.67657776045234
2024-04-05,38.8829381566458
2024-04-08,39.15539765259363
2024-04-09,38.4532928356247
2024-04-10,38.592809413805696
2024-04-11,39.14981853845916
2024-04-12,37.83560749522509
2024-04-15,36.55015431809302
2024-04-16,36.65980608649476
2024-04-17,36.18831095133523
2024-04-18,36.08907679630965
2024-04-19,34.83458693198818
2024-04-22,35.71059004094787
2024-04-23,36.57660572361523
2024-04-24,36.3698611756856
2024-04-25,36.62301244290659
2024-04-26,37.61697761221954
2024-04-29,37.625589656133954
2024-04-30,36.43671402043655
2024-05-01,36.38049786047341
2024-05-02,37.93989865172788
2024-05-03,38.74344607683597
2024-05-06,39.49372163561482
2024-05-07,39.209782238190435
2024-05-08,39.638693271715084
2024-05-09,40.597887186394594
2024-05-10,40.47538012900588
2024-05-13,40.18379714376909
2024-05-14,40.57152078817392
2024-05-15,41.70112197427838
2024-05-16,40.92766172020535
2024-05-17,40.869875693318754
2024-05-20,41.006019051358855
2024-05-21,41.21766149760007
2024-05-22,40.731946035264286
2024-05-23,41.01386144510366
2024-05-24,41.92149257044977
2024-05-28,42.113477905465096
2024-05-29,41.909893582425646
2024-05-30,41.747626668828495
2024-05-31,40.914737679723466
2024-06-03,40.33251633739773
2024-06-04,40.020747556695916
2024-06-05,41.07146628536572
2024-06-06,40.694341588264635
2024-06-07,40.27746055994081
2024-06-10,40.94507888549901
2024-06-11,40.806512362119435
2024-06-12,41.27994796574094
2024-06-13,40.92404112619411
2024-06-14,40.494453593562184
2024-06-17,40.441638138996076
2024-06-18,40.86469489794401
2024-06-20,40.44919999318678
2024-06-21,40.65464729507791
2024-06-24,40.48639492269632
2024-06-25,41.40856138633426
2024-06-26,40.537199117794444
2024-06-27,40.82678669640682
2024-06-28,40.105991805256174
2024-07-01,39.896617849976266
2024-07-02,39.85737157320116
2024-07-03,40.06766157570611
2024-07-05,40.353026190406645
2024-07-08,40.46822299817861
2024-07-09,40.70091504683688
2024-07-10,41.24569972816764
2024-07-11,41.07678905832785
2024-07-12,41.49953664504564
2024-07-15,41.95510684133272
2024-07-16,42.123953453833394
2024-07-17,40.673334749803495
2024-07-18,40.1002660056141
2024-07-19,40.058550585376146
2024-07-22,40.4711860992444
2024-07-23,40.31572980728997
2024-07-24,39.067548988188854
2024-07-25,38.63901078263239
2024-07-26,39.152257212972124
2024-07-29,38.866555114016556
2024-07-30,38.11032629639746
2024-07-31,39.224605727466034
2024-08-01,39.20097714264662
2024-08-02,38.0064872833004
2024-08-05,36.967733185013614
2024-08-06,37.80833195627307
2024-08-07,37.13921684113648
2024-08-08,38.5514519278253
2024-08-09,38.74976154251534
2024-08-12,38.57972263568974
2024-08-13,39.17985899541711
2024-08-14,39.111605111377145
2024-08-15,39.61339581403118
2024-08-16,39.92938639364362
2024-08-19,40.374159505429475
2024-08-20,40.11501855775172
2024-08-21,40.5721087311811
2024-08-22,40.36564869514424
2024-08-23,41.108284987687554
2024-08-26,40.84755671391134
2024-08-27,40.937222738336025
2024-08-28,40.57711320614112
2024-08-29,40.741622816582996
2024-08-30,40.735768900122245
2024-09-03,39.61922298533606
2024-09-04,39.58328092122758
2024-09-05,39.21621801851368
2024-09-06,38.66761831991537
2024-09-09,39.341977715745806
2024-09-10,39.479728231339095
2024-09-11,39.620338399505336
2024-09-12,40.10034582692196
2024-09-13,40.5119142930331
2024-09-16,41.07398144711575
2024-09-17,41.24849105333374
2024-09-18,41.32369985325134
2024-09-19,41.746412376752865
2024-09-20,41.91889566421901
2024-09-23,42.23473063220059
2024-09-24,42.24586937578431
2024-09-25,42.07101601431688
2024-09-26,41.81701516599735
2024-09-27,41.728310183334386
2024-09-30,41.94098339431464
2024-10-01,42.05886493715782
2024-10-02,42.27027120844883
2024-10-03,42.43482545362397
2024-10-04,42.805116414138276
2024-10-07,42.479003043902686
2024-10-08,43.23086472865702
2024-10-09,43.567390622753486
2024-10-10,43.457800358060446
2024-10-11,43.850989295587496
2024-10-14,44.11271834022391
2024-10-15,43.98928627644254
2024-10-16,44.37198688741972
2024-10-17,43.86508449144898
2024-10-18,43.9618213791408
2024-10-21,43.88522982824149
2024-10-22,43.842252207552995
2024-10-23,43.71625503135415
2024-10-24,43.699097792820034
2024-10-25,43.595043463718326
2024-10-28,44.118651103788515
2024-10-29,44.14710341571183
2024-10-30,43.86418926186585
2024-10-31,43.975903263663554
2024-11-01,43.17637634821939
2024-11-04,42.78340584624004
2024-11-05,44.52832936524847
2024-11-06,46.92784285601417
2024-11-07,48.97292377499425
2024-11-08,50.300712180538895
2024-11-11,51.60733848584664
2024-11-12,51.51568486729624
2024-11-13,50.953677815066165
2024-11-14,50.521503303912304
2024-11-15,50.93798411287018
2024-11-18,51.55095958349453
2024-11-19,53.235497683540444
2024-11-20,53.57658511401484
2024-11-21,53.75524471570543
2024-11-22,55.07197290482671
2024-11-25,54.38554434286501
2024-11-26,54.19306900683988
2024-11-27,54.33600467667218
2024-11-29,54.79512095253344
2024-12-02,54.569570385292735
2024-12-03,55.29916165817889
2024-12-04,55.69456359625622
2024-12-05,55.64528974460021
2024-12-06,56.58174240670826
2024-12-09,54.564967956881354
2024-12-10,53.92014495388335
2024-12-11,54.983462500695296
2024-12-12,54.44379897405475
2024-12-13,54.9478017873651
2024-12-16,55.8232622733481
2024-12-17,55.343600237744006
2024-12-18,52.13771529409558
2024-12-19,51.875974527262514
2024-12-20,53.32467177748544
2024-12-23,53.099562113849444
2024-12-24,54.20012259056047
2024-12-26,54.028289293989744
2024-12-27,52.9023968526086
2024-12-30,51.948314378994134
2024-12-31,51.18311328501385
2025-01-02,51.35588689690002
2025-01-03,52.58592571340548
2025-01-06,52.72422658325556
2025-01-07,51.41365028849001
2025-01-08,51.72142209132775
2025-01-10,51.036746620067866
2025-01-13,50.91784873160586
2025-01-14,51.560490728083835
2025-01-15,52.75507744537261
2025-01-16,52.88949486569813
2025-01-17,53.96285371412492
2025-01-21,54.85272224878542
2025-01-22,55.314999514078615
2025-01-23,55.55211117507666
2025-01-24,55.59322254458466
2025-01-27,53.341272319424576
2025-01-28,54.67443568675032
2025-01-29,54.986470468132154
2025-01-30,55.94099607308242
2025-01-31,55.74702127037965
2025-02-03,55.34313628672756
2025-02-04,56.84365151857213
2025-02-05,57.20336319842743
2025-02-06,57.879557644764525
2025-02-07,57.62788156969212
2025-02-10,57.74394986127095
2025-02-11,57.07422168825216
2025-02-12,57.72448998977536
2025-02-13,59.88716992151932
2025-02-14,60.71062071889163
2025-02-18,60.84126512502757
2025-02-19,59.800670935467494
2025-02-20,57.7747699387959
2025-02-21,55.277411679691234
2025-02-24,54.326060843359414
2025-02-25,52.69317355632271
2025-02-26,52.929493126213224
2025-02-27,51.68187965205997
2025-02-28,52.40593019980476
2025-03-03,51.24114647475855
2025-03-04,50.18652530170113
2025-03-05,50.485007865519535
2025-03-06,48.861378675638726
2025-03-07,48.785838047838126
2025-03-10,46.460154677658366
2025-03-11,46.679301714049224
2025-03-12,46.869540110803634
2025-03-13,45.79916148303236
2025-03-14,46.8349094197653
2025-03-17,47.607999701900894
2025-03-18,47.052929125042816
2025-03-19,47.83550730889194
2025-03-20,47.88281262523162
2025-03-21,47.806913153475655
2025-03-24,48.913841780327914
2025-03-25,48.90541407932976
2025-03-26,48.43615092208027
2025-03-27,48.162313756047496
2025-03-28,47.15008752841571
2025-03-31,47.76625185490278
2025-04-01,47.91792765143762
2025-04-02,48.061439549159445
2025-04-03,46.60317163960833
2025-04-04,43.71479342791374
2025-04-07,43.370340303743255
2025-04-08,42.76152725567753
2025-04-09,45.16606943297435
2025-04-10,43.958532285299256
2025-04-11,44.60858233338068
2025-04-14,45.124689127786816
2025-04-15,45.07249120222279
2025-04-16,44.65940736135867
2025-04-17,44.937954832327996
2025-04-21,43.9898984408838
2025-04-22,44.84289979666106
2025-04-23,45.04729927563313
2025-04-24,45.47538291578663
2025-04-25,45.3590754500595
2025-04-28,45.64261773167956
2025-04-29,45.83580343509666
2025-04-30,45.8270697677501
2025-05-01,45.596978236796716
2025-05-02,45.74326594911489
2025-05-05,45.772485304779885
2025-05-06,45.67863588362214
2025-05-07,45.69363541919692
2025-05-08,45.72934603080539
2025-05-09,45.607663064515116
2025-05-12,45.492024467810005
2025-05-13,45.65511602875957
2025-05-14,45.68671762538137
2025-05-15,45.87009726302932
2025-05-16,45.97187114877366
2025-05-19,46.14947716936896
2025-05-20,46.198844269576746
2025-05-21,45.98937605680334
2025-05-22,46.00330774496344
2025-05-23,45.98779930396513
2025-05-27,46.053728710459055
2025-05-28,45.94215124168349
2025-05-29,45.855537364510894
2025-05-30,46.085809927850356
2025-06-02,46.1350088602515
2025-06-03,46.747535785214644
2025-06-04,46.642495714038006
2025-06-05,46.376733693594694
2025-06-06,46.62489905691114
2025-06-09,46.41619180224949
2025-06-10,46.051541395503236
2025-06-11,46.61478045634704
2025-06-12,46.553779008228155
2025-06-13,46.158784916766976
2025-06-16,46.669591954674885
2025-06-17,46.459359473217205
2025-06-18,46.81028600246775
2025-06-20,46.87813663739733
2025-06-23,47.22549122053122
2025-06-24,47.90367466339015
2025-06-25,47.71346124597452
2025-06-26,48.11128310714943
2025-06-27,48.25119052541174
2025-06-30,49.317633473337835
2025-07-01,48.652624399323564
2025-07-02,49.41735597413433
2025-07-03,49.804021856966
2025-07-07,49.93222157216548
2025-07-08,49.36008486786788
2025-07-09,49.86088938986268
2025-07-10,49.99999631500284
2025-07-11,49.8652065097019
2025-07-14,50.456059721514514
2025-07-15,50.07150005752961
2025-07-16,50.339280709508756
2025-07-17,50.86398737692653
2025-07-18,51.353181828392806
2025-07-21,50.92087727727304
2025-07-22,50.51923224173841
2025-07-23,51.72570401323816
2025-07-24,51.24219059360502
2025-07-25,51.70731198986175
2025-07-28,51.71100564590212
2025-07-29,51.596901177918866
2025-07-30,51.81492793614054
2025-07-31,52.150478202574135
2025-08-01,50.80414928664209
2025-08-04,51.8948141531831
2025-08-05,51.72606104614483
2025-08-06,50.90907958560313
2025-08-07,51.248730370998096
2025-08-08,51.64985479037101
2025-08-11,51.56871580975963
2025-08-12,52.470970914189806
2025-08-13,52.255431668054314
2025-08-14,51.81502030970063
2025-08-15,51.683934745587926
2025-08-18,52.02549713288238
2025-08-19,50.63219902144367
2025-08-20,50.409072232603876
2025-08-21,50.29475310164132
2025-08-22,51.207221926913114
2025-08-25,51.236069805660854
2025-08-26,51.77008247567744
2025-08-27,51.7155826661771
2025-08-28,52.43932543857066
2025-08-29,51.36339735178413
2025-09-02,50.99232481000768
2025-09-03,51.02827959288554
2025-09-04,52.061823002988206
2025-09-05,51.90156529041385
2025-09-08,53.44764213062634
2025-09-09,54.102061428769666
2025-09-10,54.83476878485216
2025-09-11,54.927342743274394
2025-09-12,54.57388001233137
2025-09-15,54.835932230976496
2025-09-16,54.78754433923503
2025-09-17,54.53449770057013
2025-09-18,55.13955839222067
2025-09-19,55.51524481912219
2025-09-22,56.11636283083347
2025-09-23,56.01121893994334
2025-09-24,55.449836220447224
2025-09-25,54.93763402341363
2025-09-26,55.23057076315155
2025-09-29,56.25564991805876
2025-09-30,57.086892658405745
2025-10-01,57.94249913222349
2025-10-02,57.97286221568476
2025-10-03,57.40611352386996
2025-10-06,56.53892789513572
2025-10-07,56.06917779077748
2025-10-08,56.68822667781172
2025-10-09,56.327388369713155
2025-10-10,54.19348321555362
2025-10-13,55.60441568406658
2025-10-14,55.208175815627506
2025-10-15,55.909005009407856
2025-10-16,56.002302734964566
2025-10-17,55.9687581308552
2025-10-20,55.941482998296586
2025-10-21,56.093996660887626
2025-10-22,55.36548024762293
2025-10-23,57.089765316369274
2025-10-24,59.102171091169716
2025-10-27,59.85060406678738
2025-10-28,59.596274587646505
2025-10-29,61.60929179997637
2025-10-30,60.663101472531466
2025-10-31,61.71518459813487
2025-11-03,62.12979742600498
2025-11-04,60.32152877055326
2025-11-05,63.263527888265244
2025-11-06,62.87968395657104
2025-11-07,63.3197240278875
2025-11-10,65.18931400072404
2025-11-11,64.35475212856419
2025-11-12,64.23152341293235
2025-11-13,61.797708137571895
2025-11-14,62.03040406686021
2025-11-17,61.820661410620666
2025-11-18,61.47216984567726
2025-11-19,62.0829855276777
2025-11-20,58.8656675804914
2025-11-21,59.84372038929138
2025-11-24,62.71868806178887
2025-11-25,63.326681963695684
2025-11-26,65.01805858394184
2025-11-28,66.17302782455126
2025-12-01,65.60463041344053
2025-12-02,65.34936186840626
2025-12-03,65.07582067789888
2025-12-04,65.52986128190297
2025-12-05,67.45986896282228
2025-12-08,68.67600273631348
2025-12-09,69.63080191904257
2025-12-10,71.93939614121882
2025-12-11,73.07780511571991
2025-12-12,70.55290353905022
2025-12-15,70.2632576996073
2025-12-16,69.4833192605752
2025-12-17,68.50336214513958
2025-12-18,69.48188564361826
2025-12-19,71.87590713681925
2025-12-22,72.85043720429228
2025-12-23,73.0151478402106
2025-12-24,73.61119467554911
2025-12-26,73.53783673046935
2025-12-29,73.08207721548652
2025-12-30,72.71682407078525
