date,dual_sleeve_v6_multifactor_aggressive
2006-01-03,1.0
2006-01-04,1.0
2006-01-05,1.0
2006-01-06,1.0
2006-01-09,1.0
2006-01-10,1.0
2006-01-11,1.0
2006-01-12,1.0
2006-01-13,1.0
2006-01-17,1.0
2006-01-18,1.0
2006-01-19,1.0
2006-01-20,1.0
2006-01-23,1.0
2006-01-24,1.0
2006-01-25,1.0
2006-01-26,1.0
2006-01-27,1.0
2006-01-30,1.0
2006-01-31,1.0
2006-02-01,0.999
2006-02-02,0.9863744547752085
2006-02-03,0.9718970532305271
2006-02-06,0.9671290557757842
2006-02-07,0.9516900421885574
2006-02-08,0.9626962124287697
2006-02-09,0.9712336026074048
2006-02-10,0.9607900136084015
2006-02-13,0.954420557626388
2006-02-14,0.9699353471951099
2006-02-15,0.9766036667878231
2006-02-16,0.9867841475877408
2006-02-17,0.9801749526049841
2006-02-21,0.9682530387686719
2006-02-22,0.9766583212805264
2006-02-23,0.9732892159231722
2006-02-24,0.9870971597699364
2006-02-27,0.9924421057907391
2006-02-28,0.9817420431636009
2006-03-01,1.0015313807370887
2006-03-02,1.0070892535584977
2006-03-03,0.9949055090920225
2006-03-06,0.992882728587031
2006-03-07,0.9630902672373594
2006-03-08,0.957470475106296
2006-03-09,0.9435830687029567
2006-03-10,0.9385995971706886
2006-03-13,0.9384410995811313
2006-03-14,0.9485842789623827
2006-03-15,0.9621673884590384
2006-03-16,0.9598004849779934
2006-03-17,0.9624419910832044
2006-03-20,0.9620566799650786
2006-03-21,0.9472520576460781
2006-03-22,0.9466434854688125
2006-03-23,0.9437669166788532
2006-03-24,0.9543035295780717
2006-03-27,0.9472599632435341
2006-03-28,0.9437506395577173
2006-03-29,0.9610236178110806
2006-03-30,0.9656564080916682
2006-03-31,0.9700434019940594
2006-04-03,0.9693410848981708
2006-04-04,0.9756753829965262
2006-04-05,0.9838233847642007
2006-04-06,0.9835830987328136
2006-04-07,0.9767048081734733
2006-04-10,0.9653024857794222
2006-04-11,0.9563419418032751
2006-04-12,0.965823688663806
2006-04-13,0.9649281879704877
2006-04-17,0.9680031681204198
2006-04-18,0.9884763894014625
2006-04-19,0.9885176345797637
2006-04-20,0.9779300716034472
2006-04-21,0.9799893089948358
2006-04-24,0.9756492631952778
2006-04-25,0.9701744812597788
2006-04-26,0.9671002432263581
2006-04-27,0.9692720884108657
2006-04-28,0.9725427722304159
2006-05-01,0.9669400268695768
2006-05-02,0.9710619669863638
2006-05-03,0.9742004181539803
2006-05-04,0.9777591390935003
2006-05-05,0.9887173548638947
2006-05-08,0.9912501469165214
2006-05-09,0.9911960332647742
2006-05-10,0.991000751701234
2006-05-11,0.9694617836828792
2006-05-12,0.947291967878542
2006-05-15,0.9353351114154437
2006-05-16,0.9417923164047812
2006-05-17,0.9123436791903123
2006-05-18,0.899173686349105
2006-05-19,0.9052823520579057
2006-05-22,0.8861060156836009
2006-05-23,0.8857346856111287
2006-05-24,0.871630460902738
2006-05-25,0.8974238395379391
2006-05-26,0.9111422649470133
2006-05-30,0.8909547774512971
2006-05-31,0.9045412021252406
2006-06-01,0.9183123141541458
2006-06-02,0.9216132873252543
2006-06-05,0.9036039522772032
2006-06-06,0.897974292591393
2006-06-07,0.8928721650578161
2006-06-08,0.8845462789148238
2006-06-09,0.8832168610781553
2006-06-12,0.8646951623151636
2006-06-13,0.8457322184996164
2006-06-14,0.8555046368156976
2006-06-15,0.8803213449246841
2006-06-16,0.8762155673376504
2006-06-19,0.8649222204135196
2006-06-20,0.8649725466417859
2006-06-21,0.87416363161618
2006-06-22,0.8708430672178583
2006-06-23,0.8703337925669069
2006-06-26,0.8750813731013355
2006-06-27,0.867655152912351
2006-06-28,0.8788725449334779
2006-06-29,0.9047705728215508
2006-06-30,0.9101376487551089
2006-07-03,0.9183244722240875
2006-07-05,0.905060183690852
2006-07-06,0.9079256952924856
2006-07-07,0.8985330204295642
2006-07-10,0.8994276166099514
2006-07-11,0.9070273093373257
2006-07-12,0.8976947246672726
2006-07-13,0.8806525322196107
2006-07-14,0.8732203260039707
2006-07-17,0.8717016032001813
2006-07-18,0.8756942729168792
2006-07-19,0.891735210912849
2006-07-20,0.873086063307027
2006-07-21,0.8600622276666973
2006-07-24,0.8806271594728043
2006-07-25,0.8861314834500511
2006-07-26,0.8781525291080635
2006-07-27,0.8718630456409341
2006-07-28,0.8861106943633206
2006-07-31,0.889104037782547
2006-08-01,0.8775060742131036
2006-08-02,0.880943942361412
2006-08-03,0.8827868058818364
2006-08-04,0.8764832566043277
2006-08-07,0.8784347354285985
2006-08-08,0.8803480935839681
2006-08-09,0.878326145942509
2006-08-10,0.8776247923473242
2006-08-11,0.8745586045167204
2006-08-14,0.8760701551910058
2006-08-15,0.8848191496608727
2006-08-16,0.8846430373301473
2006-08-17,0.8825739121942263
2006-08-18,0.8863684738734207
2006-08-21,0.8868075709183328
2006-08-22,0.8885059271629392
2006-08-23,0.8849447379401265
2006-08-24,0.8881553101590607
2006-08-25,0.8898300397132946
2006-08-28,0.8953357572538355
2006-08-29,0.8957990009012109
2006-08-30,0.894383225009473
2006-08-31,0.8961781415176767
2006-09-01,0.9005108467542317
2006-09-05,0.9005394888395387
2006-09-06,0.8938384202402135
2006-09-07,0.8860137053603665
2006-09-08,0.8930495665762909
2006-09-11,0.8953204536307653
2006-09-12,0.8987939558548442
2006-09-13,0.8996081287048645
2006-09-14,0.9018871845905493
2006-09-15,0.9016311304583344
2006-09-18,0.8996169143459116
2006-09-19,0.8988383699175181
2006-09-20,0.9045323059347267
2006-09-21,0.9014403791284751
2006-09-22,0.9028904298765755
2006-09-25,0.9114451230666206
2006-09-26,0.9145429354290299
2006-09-27,0.915752083120169
2006-09-28,0.9153142327320577
2006-09-29,0.9132555180410474
2006-10-02,0.9089189348721829
2006-10-03,0.9134646987565558
2006-10-04,0.9199358040648548
2006-10-05,0.9204933012368736
2006-10-06,0.9175793714803877
2006-10-09,0.9171317170401234
2006-10-10,0.919809074193807
2006-10-11,0.9209508986891488
2006-10-12,0.9301588115046353
2006-10-13,0.9320084149261311
2006-10-16,0.9333507689459453
2006-10-17,0.9329551192598304
2006-10-18,0.9305060947303571
2006-10-19,0.9233116583514315
2006-10-20,0.9247115931407932
2006-10-23,0.9323745342658509
2006-10-24,0.9344635237545905
2006-10-25,0.9348164267663517
2006-10-26,0.9356507934619344
2006-10-27,0.9257274520179365
2006-10-30,0.9275124268910037
2006-10-31,0.9290373651013292
2006-11-01,0.9220264341523716
2006-11-02,0.9206902104467596
2006-11-03,0.9212958596198427
2006-11-06,0.9317813811936887
2006-11-07,0.9359445924115549
2006-11-08,0.9400762132039716
2006-11-09,0.933953628079145
2006-11-10,0.939569751039769
2006-11-13,0.9442614884419934
2006-11-14,0.9504852854513305
2006-11-15,0.948575018496462
2006-11-16,0.9482061203792332
2006-11-17,0.9483045597702915
2006-11-20,0.9518504985500931
2006-11-21,0.9537112158142557
2006-11-22,0.9564169004357533
2006-11-24,0.9553742406327561
2006-11-27,0.9428442811438827
2006-11-28,0.9444201666477927
2006-11-29,0.9558639080132503
2006-11-30,0.9565012213813823
2006-12-01,0.9508408783060166
2006-12-04,0.9640703869827939
2006-12-05,0.9786049495909663
2006-12-06,0.9754186653747241
2006-12-07,0.970622449155628
2006-12-08,0.9766118143012643
2006-12-11,0.9805123496357127
2006-12-12,0.9724585843851168
2006-12-13,0.9747369027977872
2006-12-14,0.9804526100917642
2006-12-15,0.9808794471073753
2006-12-18,0.9747946727005276
2006-12-19,0.9789062081438817
2006-12-20,0.9828342180362241
2006-12-21,0.9775942423252746
2006-12-22,0.973653370751163
2006-12-26,0.9800615238846676
2006-12-27,0.9849504037374356
2006-12-28,0.9838793776007322
2006-12-29,0.9789017464278539
2007-01-03,0.9852672611755424
2007-01-04,0.987218077175368
2007-01-05,0.977768428553078
2007-01-08,0.9829338781248257
2007-01-09,0.9903412549165349
2007-01-10,1.002539015769178
2007-01-11,1.0142314346683345
2007-01-12,1.0142174628379073
2007-01-16,1.0169172761318628
2007-01-17,1.015784407058656
2007-01-18,1.005810628987027
2007-01-19,1.0091882395332485
2007-01-22,1.0061347840550185
2007-01-23,1.0127266226058953
2007-01-24,1.0333342006566535
2007-01-25,1.0200726739647175
2007-01-26,1.0240481745139494
2007-01-29,1.0209082002686345
2007-01-30,1.0242157395167775
2007-01-31,1.0301882237926376
2007-02-01,1.04542731462468
2007-02-02,1.0491729995535537
2007-02-05,1.0536591907417592
2007-02-06,1.053042840415423
2007-02-07,1.0595742475919336
2007-02-08,1.0649186927733039
2007-02-09,1.0431719367342187
2007-02-12,1.0305474816577374
2007-02-13,1.043586623152999
2007-02-14,1.0503364927874064
2007-02-15,1.0495025824602873
2007-02-16,1.0466117377695163
2007-02-20,1.0549086610056098
2007-02-21,1.0622813295480174
2007-02-22,1.0618268478620783
2007-02-23,1.055269355306894
2007-02-26,1.0514669495202487
2007-02-27,1.00491683205548
2007-02-28,1.0156025313041903
2007-03-01,1.015830864504645
2007-03-02,0.9963587185011338
2007-03-05,0.978838046998956
2007-03-06,1.000677103418553
2007-03-07,0.9926302134292015
2007-03-08,1.0077880433263842
2007-03-09,1.0113023094509774
2007-03-12,1.0177656483563788
2007-03-13,0.9951191105087304
2007-03-14,1.000582559897244
2007-03-15,1.0046104311588864
2007-03-16,0.9979301509488158
2007-03-19,1.0081929247509853
2007-03-20,1.0174090499805932
2007-03-21,1.0309490045141692
2007-03-22,1.0283945633027047
2007-03-23,1.0211755630735846
2007-03-26,1.0184475264967214
2007-03-27,1.012852434018328
2007-03-28,1.0020296956956363
2007-03-29,1.0060060708964609
2007-03-30,1.0035018982341637
2007-04-02,1.012337084391
2007-04-03,1.0224212166592426
2007-04-04,1.0197234573552647
2007-04-05,1.0252254565966161
2007-04-09,1.0299291731987488
2007-04-10,1.0294834526297794
2007-04-11,1.025892448726744
2007-04-12,1.030886031266834
2007-04-13,1.0343266970823477
2007-04-16,1.046027706515481
2007-04-17,1.044270337822454
2007-04-18,1.0415912359026358
2007-04-19,1.0384493978927525
2007-04-20,1.050306252688989
2007-04-23,1.0580280515145568
2007-04-24,1.05666572635842
2007-04-25,1.0686540031205094
2007-04-26,1.0704442626646409
2007-04-27,1.0629053198910907
2007-04-30,1.0500712005284805
2007-05-01,1.041795133035963
2007-05-02,1.0486805440244675
2007-05-03,1.0657520032348842
2007-05-04,1.0696584104648559
2007-05-07,1.0790298793024868
2007-05-08,1.0753191410153518
2007-05-09,1.075029984021647
2007-05-10,1.0569983581377285
2007-05-11,1.063929146952934
2007-05-14,1.0627612348305826
2007-05-15,1.064316287398057
2007-05-16,1.0721619490495915
2007-05-17,1.0691738054968785
2007-05-18,1.0782577480814015
2007-05-21,1.0850458072625309
2007-05-22,1.0860278669376724
2007-05-23,1.079860125829096
2007-05-24,1.0596841595721562
2007-05-25,1.067834313826337
2007-05-29,1.073899159113639
2007-05-30,1.0913396988847288
2007-05-31,1.0924241126762515
2007-06-01,1.0999392860299912
2007-06-04,1.1065530156678696
2007-06-05,1.1047969607747683
2007-06-06,1.0847909700281555
2007-06-07,1.0582069150436844
2007-06-08,1.0740691060859286
2007-06-11,1.0796434810273745
2007-06-12,1.0723182075130981
2007-06-13,1.0890197976234446
2007-06-14,1.101542684129822
2007-06-15,1.1149197272929334
2007-06-18,1.113533997155003
2007-06-19,1.1140850068327144
2007-06-20,1.1024771475477246
2007-06-21,1.1098426058924078
2007-06-22,1.0924383629275154
2007-06-25,1.0853617787361336
2007-06-26,1.0769902870896513
2007-06-27,1.0858991681980386
2007-06-28,1.0914269933369996
2007-06-29,1.089003031504661
2007-07-02,1.1035212985610225
2007-07-03,1.1019873828391131
2007-07-05,1.0991730201787477
2007-07-06,1.1039489607094466
2007-07-09,1.1270488477604241
2007-07-10,1.1073766002012584
2007-07-11,1.1126932670269558
2007-07-12,1.1323635556911913
2007-07-13,1.1515456212742035
2007-07-16,1.1449142514472928
2007-07-17,1.1467102674404352
2007-07-18,1.1402482814534793
2007-07-19,1.1486361698879353
2007-07-20,1.1292588655712674
2007-07-23,1.1292392435193646
2007-07-24,1.0930236051488291
2007-07-25,1.0877151530881732
2007-07-26,1.0590632504520054
2007-07-27,1.051999266507715
2007-07-30,1.0817079631036413
2007-07-31,1.0722003607128499
2007-08-01,1.0719719219937525
2007-08-02,1.080950399841461
2007-08-03,1.04101596194986
2007-08-06,1.0567710455425525
2007-08-07,1.0821249770806471
2007-08-08,1.099702970550426
2007-08-09,1.0474480404451978
2007-08-10,1.0476048227570933
2007-08-13,1.0598977357719896
2007-08-14,1.0296690976175742
2007-08-15,0.9976851040481852
2007-08-16,0.9875512170580822
2007-08-17,1.0154452670683722
2007-08-20,1.0333902874015133
2007-08-21,1.0447643495505243
2007-08-22,1.070940942894757
2007-08-23,1.0591641276951285
2007-08-24,1.0842836703183207
2007-08-27,1.0713240498627694
2007-08-28,1.0312144187364296
2007-08-29,1.061878254182794
2007-08-30,1.0626473051765486
2007-08-31,1.0867952687288907
2007-09-04,1.1093338170954499
2007-09-05,1.1058874444956495
2007-09-06,1.1153636887991007
2007-09-07,1.1029273684291196
2007-09-10,1.0951107691157054
2007-09-11,1.1119466157135425
2007-09-12,1.1083306514680165
2007-09-13,1.1222300740395132
2007-09-14,1.125626641361279
2007-09-17,1.126844113520518
2007-09-18,1.1771929628782103
2007-09-19,1.1871005440988804
2007-09-20,1.1815073139126862
2007-09-21,1.1913208697304234
2007-09-24,1.1907335024003616
2007-09-25,1.1996411091695067
2007-09-26,1.2002256373927311
2007-09-27,1.2074321048128065
2007-09-28,1.195804366595779
2007-10-01,1.2036877772253174
2007-10-02,1.2034703617309466
2007-10-03,1.1750057843883897
2007-10-04,1.175856313312339
2007-10-05,1.198434968873232
2007-10-08,1.2016969301495712
2007-10-09,1.2241517741650376
2007-10-10,1.2317864012202144
2007-10-11,1.2219089333049324
2007-10-12,1.2397990815220357
2007-10-15,1.2469878246062607
2007-10-16,1.2423067137286843
2007-10-17,1.2423639242128726
2007-10-18,1.2492730297599417
2007-10-19,1.2058280568783106
2007-10-22,1.21361162692392
2007-10-23,1.24141414472857
2007-10-24,1.2426117965100378
2007-10-25,1.2424809062334856
2007-10-26,1.2665936994392006
2007-10-29,1.2815076094062245
2007-10-30,1.2598059783726454
2007-10-31,1.247757738736327
2007-11-01,1.2089365806150294
2007-11-02,1.2055682762937692
2007-11-05,1.189716871073537
2007-11-06,1.2088730587040406
2007-11-07,1.1851954671012301
2007-11-08,1.1526028303682376
2007-11-09,1.1317011149674772
2007-11-12,1.0776511170757934
2007-11-13,1.1290568540013355
2007-11-14,1.118328789733726
2007-11-15,1.0965382480524926
2007-11-16,1.1059222840331386
2007-11-19,1.0733650820422702
2007-11-20,1.0983482799109563
2007-11-21,1.0849727620822003
2007-11-23,1.1041420932665773
2007-11-26,1.087703437430001
2007-11-27,1.1029910830971665
2007-11-28,1.154018849567463
2007-11-29,1.149816153491159
2007-11-30,1.1600362146025662
2007-12-03,1.15731345257244
2007-12-04,1.1464695925692687
2007-12-05,1.1744009282176202
2007-12-06,1.1940810745523456
2007-12-07,1.2054590079735024
2007-12-10,1.2247518060756843
2007-12-11,1.185993786601782
2007-12-12,1.1901388327385405
2007-12-13,1.1988333648965024
2007-12-14,1.1887998304188174
2007-12-17,1.1647099832032752
2007-12-18,1.1680989198242342
2007-12-19,1.172333944868413
2007-12-20,1.199445525022968
2007-12-21,1.2230124900625787
2007-12-24,1.2422915752152826
2007-12-26,1.253082606525434
2007-12-27,1.2388878188687884
2007-12-28,1.2357796722527656
2007-12-31,1.2256678925187454
2008-01-02,1.214095172066392
2008-01-03,1.2226380357065179
2008-01-04,1.173623945629643
2008-01-07,1.1669744727886788
2008-01-08,1.1518781409838987
2008-01-09,1.1596672412115077
2008-01-10,1.1719755242723557
2008-01-11,1.1627518097213922
2008-01-14,1.192774291223483
2008-01-15,1.149335857581663
2008-01-16,1.1151289267537343
2008-01-17,1.0738887316372088
2008-01-18,1.0661399922841852
2008-01-22,1.0757144977275903
2008-01-23,1.0872550339531066
2008-01-24,1.10736171832705
2008-01-25,1.1026169353545787
2008-01-28,1.119986925207748
2008-01-29,1.1228749902976776
2008-01-30,1.1104525281937787
2008-01-31,1.1304674933869567
2008-02-01,1.1598061209304311
2008-02-04,1.157646403125757
2008-02-05,1.1410259431624081
2008-02-06,1.1380633773906188
2008-02-07,1.1389685545002346
2008-02-08,1.1421645452547922
2008-02-11,1.1443889020666353
2008-02-12,1.1472246404918016
2008-02-13,1.1501027988042387
2008-02-14,1.1494248678897399
2008-02-15,1.1498650180273124
2008-02-19,1.153816187584464
2008-02-20,1.1520197588325447
2008-02-21,1.1488724110950579
2008-02-22,1.1471194488226621
2008-02-25,1.1552055335055007
2008-02-26,1.1555835947118744
2008-02-27,1.1524413398831332
2008-02-28,1.155390229056273
2008-02-29,1.146692531417338
2008-03-03,1.147253907331275
2008-03-04,1.143381868948824
2008-03-05,1.1494914499019948
2008-03-06,1.145420023316195
2008-03-07,1.1377271421652746
2008-03-10,1.126793274586791
2008-03-11,1.1458624152818824
2008-03-12,1.1437879515423994
2008-03-13,1.153356642641913
2008-03-14,1.1478244193569536
2008-03-17,1.1349398341511838
2008-03-18,1.1493430460165026
2008-03-19,1.1254892285424416
2008-03-20,1.1218760212914618
2008-03-24,1.128641980264163
2008-03-25,1.137864255928066
2008-03-26,1.1455590220672
2008-03-27,1.1406281126655906
2008-03-28,1.1406211769830827
2008-03-31,1.1381572502467654
2008-04-01,1.1425245552548091
2008-04-02,1.1428514456901586
2008-04-03,1.1446454049285923
2008-04-04,1.1495807875329418
2008-04-07,1.1519241473501383
2008-04-08,1.155901784057708
2008-04-09,1.1549273442275605
2008-04-10,1.1573406434422768
2008-04-11,1.1527241953024725
2008-04-14,1.1595864890527339
2008-04-15,1.1631986913208123
2008-04-16,1.1715110986910617
2008-04-17,1.1687391723919123
2008-04-18,1.1740085942183904
2008-04-21,1.1759066055071834
2008-04-22,1.1744844309480449
2008-04-23,1.1722434766347758
2008-04-24,1.1658892079614958
2008-04-25,1.1735253032854176
2008-04-28,1.1703416911861646
2008-04-29,1.1657150272601096
2008-04-30,1.165106747214497
2008-05-01,1.160268540209337
2008-05-02,1.1664636029706077
2008-05-05,1.1719807015011696
2008-05-06,1.1877058510511482
2008-05-07,1.1673953365425653
2008-05-08,1.1775902143014203
2008-05-09,1.1704735159013528
2008-05-12,1.1777921522675645
2008-05-13,1.1848185516446161
2008-05-14,1.182870655654452
2008-05-15,1.1960323353346534
2008-05-16,1.20550038659431
2008-05-19,1.2005252304336156
2008-05-20,1.201475527596201
2008-05-21,1.1806070803318094
2008-05-22,1.1785080669477035
2008-05-23,1.1636920706211522
2008-05-27,1.1597609620506362
2008-05-28,1.1744245068002408
2008-05-29,1.170811970624485
2008-05-30,1.1806659463573619
2008-06-02,1.1713548181425057
2008-06-03,1.1647166746563076
2008-06-04,1.1608428965433317
2008-06-05,1.2027622762895205
2008-06-06,1.165695479450213
2008-06-09,1.1701518483998263
2008-06-10,1.1672868074281482
2008-06-11,1.1355644588564644
2008-06-12,1.1426059242952018
2008-06-13,1.160926253310755
2008-06-16,1.1681814685059755
2008-06-17,1.1559213293617245
2008-06-18,1.1518762338422228
2008-06-19,1.168358795679654
2008-06-20,1.149807343781206
2008-06-23,1.143123637956999
2008-06-24,1.1366970765616458
2008-06-25,1.1520337976338453
2008-06-26,1.1191562683816623
2008-06-27,1.1148296083735176
2008-06-30,1.1203541716279877
2008-07-01,1.1240774544074135
2008-07-02,1.1095883687670218
2008-07-03,1.104342080624147
2008-07-07,1.103329168170386
2008-07-08,1.106287158431673
2008-07-09,1.1039255271664674
2008-07-10,1.110903579427713
2008-07-11,1.114033493690592
2008-07-14,1.1161327195823714
2008-07-15,1.111907655116711
2008-07-16,1.1210734373890094
2008-07-17,1.1230501150048875
2008-07-18,1.119207645915616
2008-07-21,1.1231837293338944
2008-07-22,1.1253339897899148
2008-07-23,1.1111317073263494
2008-07-24,1.1049154289684322
2008-07-25,1.110202988528265
2008-07-28,1.1053703792674385
2008-07-29,1.1108856378043006
2008-07-30,1.1187959780469958
2008-07-31,1.1126756160049829
2008-08-01,1.1103908713920418
2008-08-04,1.101068384926277
2008-08-05,1.1089409643700265
2008-08-06,1.1120904465319705
2008-08-07,1.1032655316969522
2008-08-08,1.1093969662388223
2008-08-11,1.1091825196413094
2008-08-12,1.1068217378529215
2008-08-13,1.1105655621853772
2008-08-14,1.1146887309329399
2008-08-15,1.1117595222882395
2008-08-18,1.1090076933646509
2008-08-19,1.1073902019555681
2008-08-20,1.1043690314335592
2008-08-21,1.1031149021148594
2008-08-22,1.1072043578268747
2008-08-25,1.1006647329342116
2008-08-26,1.1007590275277723
2008-08-27,1.1035628328116602
2008-08-28,1.1084311114686975
2008-08-29,1.104603479166272
2008-09-02,1.0972688194364069
2008-09-03,1.097137043185004
2008-09-04,1.0824951306117048
2008-09-05,1.0812123998425938
2008-09-08,1.0882877089594865
2008-09-09,1.0769088174049697
2008-09-10,1.0806588823867034
2008-09-11,1.083042382468207
2008-09-12,1.0812356305953865
2008-09-15,1.0727263027539402
2008-09-16,1.0789686381538504
2008-09-17,1.0610897852247196
2008-09-18,1.0632727145161376
2008-09-19,1.0734125487354647
2008-09-22,1.0638245585731634
2008-09-23,1.061437903626795
2008-09-24,1.0549625824678603
2008-09-25,1.0597339430260533
2008-09-26,1.063653251241528
2008-09-29,1.0490423391110428
2008-09-30,1.0590382018878564
2008-10-01,1.0547262551269432
2008-10-02,1.0433580761075874
2008-10-03,1.0363538847711393
2008-10-06,1.025628669522152
2008-10-07,1.0139811013697584
2008-10-08,1.0110387018221103
2008-10-09,0.9863992060715823
2008-10-10,0.9883137967154071
2008-10-13,1.0130516792056543
2008-10-14,1.0129519310572823
2008-10-15,0.9960823998589634
2008-10-16,1.0100437372615039
2008-10-17,1.0046207045969031
2008-10-20,1.0138034302873953
2008-10-21,1.010261170233301
2008-10-22,1.0013460260269804
2008-10-23,0.9998702976672411
2008-10-24,0.9927099104449393
2008-10-27,0.9880264546760434
2008-10-28,1.003722245253182
2008-10-29,1.0020930183965768
2008-10-30,1.0061335674535106
2008-10-31,1.0129941048038866
2008-11-03,1.0143581656431955
2008-11-04,1.0211680293693166
2008-11-05,1.0045431208327578
2008-11-06,0.9959143047884214
2008-11-07,0.997909072452398
2008-11-10,0.9887744452291686
2008-11-11,0.9875438412809638
2008-11-12,0.9727436352456997
2008-11-13,0.9875665095335124
2008-11-14,0.9798033217497868
2008-11-17,0.9752174166554758
2008-11-18,0.9759541587850363
2008-11-19,0.9625995090684871
2008-11-20,0.9530887464454907
2008-11-21,0.9598926661287348
2008-11-24,0.9635369133634246
2008-11-25,0.9655791464688426
2008-11-26,0.9674889404122511
2008-11-28,0.9689970467491765
2008-12-01,0.960305609172335
2008-12-02,0.9635465524807665
2008-12-03,0.966669141787844
2008-12-04,0.9598125934549613
2008-12-05,0.9672490308087788
2008-12-08,0.9702722858937247
2008-12-09,0.9629676136254908
2008-12-10,0.9647630225956385
2008-12-11,0.9598928895234832
2008-12-12,0.9649356816966709
2008-12-15,0.9653230131541123
2008-12-16,0.9743085728960416
2008-12-17,0.9725880059536914
2008-12-18,0.9723606590633924
2008-12-19,0.9662374794105589
2008-12-22,0.9658562045501009
2008-12-23,0.9642030515605997
2008-12-24,0.965137438442758
2008-12-26,0.9654851049392948
2008-12-29,0.9631647614842731
2008-12-30,0.9664961615915069
2008-12-31,0.9708311381333652
2009-01-02,0.973831054604409
2009-01-05,0.9684997926964897
2009-01-06,0.9645966355747957
2009-01-07,0.9616384051157668
2009-01-08,0.9656681635497143
2009-01-09,0.9602103125180876
2009-01-12,0.9556308912051105
2009-01-13,0.9568844785393034
2009-01-14,0.9476307832387227
2009-01-15,0.9527649161719534
2009-01-16,0.9563470693816714
2009-01-20,0.9497230332674222
2009-01-21,0.9552415864912334
2009-01-22,0.9480822183328349
2009-01-23,0.9448103931250409
2009-01-26,0.9433991199032943
2009-01-27,0.9399747563446004
2009-01-28,0.944654223401699
2009-01-29,0.9401272186695937
2009-01-30,0.9365086746016128
2009-02-02,0.9388023222277211
2009-02-03,0.943366148991785
2009-02-04,0.9406524514909111
2009-02-05,0.9364243569723549
2009-02-06,0.9423127141316481
2009-02-09,0.9390966309387129
2009-02-10,0.9308247593763064
2009-02-11,0.9331519770376805
2009-02-12,0.9371143386349194
2009-02-13,0.9352689464521059
2009-02-17,0.9279044098450148
2009-02-18,0.9253685609055619
2009-02-19,0.9290949803575922
2009-02-20,0.9290544483048309
2009-02-23,0.9204530956111856
2009-02-24,0.9261324475597774
2009-02-25,0.9239311107716276
2009-02-26,0.918298885085998
2009-02-27,0.9162780086924591
2009-03-02,0.9063872555973048
2009-03-03,0.9096742741412549
2009-03-04,0.9116599480764331
2009-03-05,0.9090660888813986
2009-03-06,0.9055145769529434
2009-03-09,0.9041224094989051
2009-03-10,0.9076379479876211
2009-03-11,0.9061094492338277
2009-03-12,0.9104677735513395
2009-03-13,0.9131833364735202
2009-03-16,0.91185033090885
2009-03-17,0.9139371721966472
2009-03-18,0.9176011099540506
2009-03-19,0.9191591901887833
2009-03-20,0.9180340032724481
2009-03-23,0.9214569940331354
2009-03-24,0.9207215505913553
2009-03-25,0.9223153415003827
2009-03-26,0.9250667207466045
2009-03-27,0.9218651328985172
2009-03-30,0.9206329616984683
2009-03-31,0.9223097070058837
2009-04-01,0.9232435883544288
2009-04-02,0.9475657660244593
2009-04-03,0.9478258525870004
2009-04-06,0.94269472020814
2009-04-07,0.9186004430545553
2009-04-08,0.9320098904724077
2009-04-09,0.9648602563214227
2009-04-13,0.9606710902182681
2009-04-14,0.9434824917233666
2009-04-15,0.9516104014648223
2009-04-16,0.9780079992238909
2009-04-17,0.9909059658130196
2009-04-20,0.9640564556189397
2009-04-21,0.9807069948142999
2009-04-22,0.9742682354787253
2009-04-23,0.9767416206385626
2009-04-24,0.9752984188337902
2009-04-27,0.9754554449623907
2009-04-28,0.9707484746955951
2009-04-29,0.9889666950294111
2009-04-30,0.9947232589633296
2009-05-01,0.9981064515038303
2009-05-04,1.0293873042410289
2009-05-05,1.0246720112391763
2009-05-06,1.0181914672168197
2009-05-07,0.9869404295736056
2009-05-08,1.0040258143732776
2009-05-11,0.9823367731269105
2009-05-12,0.9660187294400829
2009-05-13,0.9314078064473653
2009-05-14,0.9483338840904477
2009-05-15,0.9466752005759086
2009-05-18,0.9763581611336378
2009-05-19,0.9798498854480392
2009-05-20,0.9770111103969941
2009-05-21,0.958422265074146
2009-05-22,0.9521358454021273
2009-05-26,0.9756058158825666
2009-05-27,0.9582851390619241
2009-05-28,0.9618741203325801
2009-05-29,0.975716755697822
2009-06-01,0.9998827610634133
2009-06-02,0.9853626966654573
2009-06-03,0.9500917202940667
2009-06-04,0.9776415073205478
2009-06-05,0.9705175632687977
2009-06-08,0.9680714626607523
2009-06-09,0.9905100438490925
2009-06-10,0.9970532849777608
2009-06-11,0.9902792402217537
2009-06-12,0.9958663108755236
2009-06-15,0.9693228543671077
2009-06-16,0.9553350856769866
2009-06-17,0.952725312378183
2009-06-18,0.9715464231120581
2009-06-19,0.9855395867136915
2009-06-22,0.9302587478206573
2009-06-23,0.9400775480243998
2009-06-24,0.9486917866209552
2009-06-25,0.9367655024973705
2009-06-26,0.949395820974318
2009-06-29,0.9516524476948752
2009-06-30,0.9478211137860455
2009-07-01,0.958266414324009
2009-07-02,0.927269854609107
2009-07-06,0.9160561284039912
2009-07-07,0.8809841816150079
2009-07-08,0.8818379072006228
2009-07-09,0.8949174350626785
2009-07-10,0.8992293364426436
2009-07-13,0.9311330004359215
2009-07-14,0.9452991295359824
2009-07-15,0.9865312143974434
2009-07-16,1.0025405263124592
2009-07-17,1.00622412328681
2009-07-20,1.0223464932914523
2009-07-21,1.0305556284337318
2009-07-22,1.0374207195780156
2009-07-23,1.0615613680018683
2009-07-24,1.068395249906372
2009-07-27,1.0824609563254137
2009-07-28,1.0779044721218205
2009-07-29,1.0580646023897786
2009-07-30,1.081186048060988
2009-07-31,1.0914914115955865
2009-08-03,1.125140084061664
2009-08-04,1.1329057170830534
2009-08-05,1.1389067194938827
2009-08-06,1.121023936289552
2009-08-07,1.1401116069294754
2009-08-10,1.1529009032523272
2009-08-11,1.1411347845980004
2009-08-12,1.1554104287799878
2009-08-13,1.1688445405386725
2009-08-14,1.1560877718794234
2009-08-17,1.1306543518371963
2009-08-18,1.1434841864896585
2009-08-19,1.153444580943311
2009-08-20,1.1740499906629276
2009-08-21,1.1972130980322728
2009-08-24,1.1877041346773414
2009-08-25,1.1945753065649372
2009-08-26,1.1939479880849813
2009-08-27,1.2048674171627205
2009-08-28,1.2133438355282022
2009-08-31,1.1977155491470188
2009-09-01,1.1614905282601224
2009-09-02,1.1524219741616204
2009-09-03,1.1733242973891798
2009-09-04,1.1922529139034717
2009-09-08,1.2158684069010564
2009-09-09,1.2314232364341802
2009-09-10,1.2475579011767015
2009-09-11,1.2422815441451076
2009-09-14,1.2643719705645646
2009-09-15,1.2745209178668564
2009-09-16,1.3028252713016784
2009-09-17,1.289279622656219
2009-09-18,1.2882718641770943
2009-09-21,1.2868532483997979
2009-09-22,1.3001507577822673
2009-09-23,1.2768501524198157
2009-09-24,1.2445910053519462
2009-09-25,1.2282655550477402
2009-09-28,1.2725449739970573
2009-09-29,1.2676499867264588
2009-09-30,1.255893708605207
2009-10-01,1.202423120502893
2009-10-02,1.2128383456432876
2009-10-05,1.2396836565826033
2009-10-06,1.2592198856703178
2009-10-07,1.2589283793345776
2009-10-08,1.2735257981920556
2009-10-09,1.276868192079088
2009-10-12,1.2742199461832366
2009-10-13,1.2627113730168802
2009-10-14,1.2948339708674856
2009-10-15,1.2914441248318622
2009-10-16,1.2678711940318068
2009-10-19,1.2703163647685543
2009-10-20,1.261262728019153
2009-10-21,1.2289673108931487
2009-10-22,1.2755103462885227
2009-10-23,1.2443851102658756
2009-10-26,1.213058930201456
2009-10-27,1.1894196471251777
2009-10-28,1.1540894503276826
2009-10-29,1.2087150184851505
2009-10-30,1.1716072610797788
2009-11-02,1.1750464971265853
2009-11-03,1.18653605771776
2009-11-04,1.1872689126260982
2009-11-05,1.2175535971113223
2009-11-06,1.2174583463509563
2009-11-09,1.2506660818215336
2009-11-10,1.2507156185638315
2009-11-11,1.2553373029986379
2009-11-12,1.2399727810603491
2009-11-13,1.250666885216042
2009-11-16,1.269177601791174
2009-11-17,1.2628108094145774
2009-11-18,1.259917188994758
2009-11-19,1.2333693721429626
2009-11-20,1.2307793983938167
2009-11-23,1.2485908865249007
2009-11-24,1.2425304035761273
2009-11-25,1.2423647909997326
2009-11-27,1.2200953640213723
2009-11-30,1.2267849390778796
2009-12-01,1.242406180836879
2009-12-02,1.249740325434224
2009-12-03,1.2334860422254856
2009-12-04,1.242554890585912
2009-12-07,1.23672815277358
2009-12-08,1.2291571465774973
2009-12-09,1.2304388109604283
2009-12-10,1.2322403267449433
2009-12-11,1.234396270549037
2009-12-14,1.2448517394361056
2009-12-15,1.234266208163039
2009-12-16,1.2341227705031772
2009-12-17,1.2228582008088564
2009-12-18,1.229715988020628
2009-12-21,1.2484951214943558
2009-12-22,1.2608888886787093
2009-12-23,1.2795467583709497
2009-12-24,1.2877498446029596
2009-12-28,1.2880621273291228
2009-12-29,1.2855275497220744
2009-12-30,1.2856836868493404
2009-12-31,1.2756492134590007
2010-01-04,1.2923152626896695
2010-01-05,1.3135823168989471
2010-01-06,1.3067384307319403
2010-01-07,1.2993550414761783
2010-01-08,1.3051587927376058
2010-01-11,1.2903296118281997
2010-01-12,1.2609181596610994
2010-01-13,1.2849615768568063
2010-01-14,1.274716486975771
2010-01-15,1.2527369449834493
2010-01-19,1.2673870764493387
2010-01-20,1.2534318745451691
2010-01-21,1.238912919278969
2010-01-22,1.1990070335321705
2010-01-25,1.194337956745473
2010-01-26,1.1946751882822528
2010-01-27,1.201368593251675
2010-01-28,1.1860867973563225
2010-01-29,1.1710664228744931
2010-02-01,1.1884034235297771
2010-02-02,1.2157588538161876
2010-02-03,1.208068329592076
2010-02-04,1.1528744052128785
2010-02-05,1.1546030028127812
2010-02-08,1.1473141828370685
2010-02-09,1.1846120038737338
2010-02-10,1.1809940631962508
2010-02-11,1.1979947844541694
2010-02-12,1.2073036181140147
2010-02-16,1.2199082512868105
2010-02-17,1.2224261452348673
2010-02-18,1.22098390761659
2010-02-19,1.2288272218489353
2010-02-22,1.2329418371787488
2010-02-23,1.2241009862968841
2010-02-24,1.2378116308955216
2010-02-25,1.2385625999128935
2010-02-26,1.2541337554858496
2010-03-01,1.2820324688860905
2010-03-02,1.2870827964760316
2010-03-03,1.2993506650166535
2010-03-04,1.2909236534393358
2010-03-05,1.3115571083876456
2010-03-08,1.3127116934798606
2010-03-09,1.3247605861697718
2010-03-10,1.3297765300963555
2010-03-11,1.33865578950902
2010-03-12,1.3429186687542687
2010-03-15,1.338151961220946
2010-03-16,1.3485928531240496
2010-03-17,1.3554617696687086
2010-03-18,1.342101139493287
2010-03-19,1.3168292847126033
2010-03-22,1.3484151550655044
2010-03-23,1.3639577416943658
2010-03-24,1.360932573176264
2010-03-25,1.3553181501013585
2010-03-26,1.3546280747968773
2010-03-29,1.366593910591871
2010-03-30,1.3646980162929196
2010-03-31,1.3509159355596276
2010-04-01,1.3593309989693236
2010-04-05,1.3778591682987078
2010-04-06,1.374528017583751
2010-04-07,1.3659370836200897
2010-04-08,1.38147273985426
2010-04-09,1.3915251222950635
2010-04-12,1.389716688336935
2010-04-13,1.4022813882519616
2010-04-14,1.4289195554047829
2010-04-15,1.432512015628332
2010-04-16,1.4078454574486061
2010-04-19,1.396886509981105
2010-04-20,1.4191325224609719
2010-04-21,1.4107956159878803
2010-04-22,1.4243010524917956
2010-04-23,1.4496863213015907
2010-04-26,1.457033410500661
2010-04-27,1.4016406726960673
2010-04-28,1.4055938708647346
2010-04-29,1.4252760836089746
2010-04-30,1.3951693589115572
2010-05-03,1.4213727284955635
2010-05-04,1.3584293745589426
2010-05-05,1.3455027554020997
2010-05-06,1.2873457009195548
2010-05-07,1.2544022205509606
2010-05-10,1.33523074222996
2010-05-11,1.3354055041563908
2010-05-12,1.369335181658657
2010-05-13,1.3523925310979255
2010-05-14,1.3133447572908221
2010-05-17,1.3247784957594904
2010-05-18,1.3006480059051515
2010-05-19,1.2854627697397303
2010-05-20,1.2185152266768007
2010-05-21,1.2508090806831444
2010-05-24,1.231675491657028
2010-05-25,1.2361434725071994
2010-05-26,1.2323706961922207
2010-05-27,1.2878712785049207
2010-05-28,1.2680655317747016
2010-06-01,1.2400632851691162
2010-06-02,1.2717680409909742
2010-06-03,1.2797218206726666
2010-06-04,1.2160147471492828
2010-06-07,1.193340361083921
2010-06-08,1.206703662947038
2010-06-09,1.2183129307154046
2010-06-10,1.263987645655124
2010-06-11,1.2785536643759616
2010-06-14,1.2881658277702217
2010-06-15,1.3234016821502583
2010-06-16,1.3193211705567425
2010-06-17,1.3161527006204334
2010-06-18,1.3140752381039238
2010-06-21,1.3029389175933614
2010-06-22,1.265108749405097
2010-06-23,1.26828917017737
2010-06-24,1.2369564999784681
2010-06-25,1.25758786680497
2010-06-28,1.2457939541841225
2010-06-29,1.1867420016026766
2010-06-30,1.1737985476201078
2010-07-01,1.162812979593268
2010-07-02,1.160270649067013
2010-07-06,1.1612938558308654
2010-07-07,1.1698088889776963
2010-07-08,1.1698355657173936
2010-07-09,1.1725725803467448
2010-07-12,1.172009141421197
2010-07-13,1.1762045519105229
2010-07-14,1.1772389595736656
2010-07-15,1.1766153615921482
2010-07-16,1.1684893384369504
2010-07-19,1.1686948982516239
2010-07-20,1.172047885281271
2010-07-21,1.1666400033415187
2010-07-22,1.174431756458658
2010-07-23,1.1814279710338904
2010-07-26,1.186773515040844
2010-07-27,1.1804645949544865
2010-07-28,1.1771656859868105
2010-07-29,1.1702120373305438
2010-07-30,1.1722416914814042
2010-08-02,1.1746100627462106
2010-08-03,1.166825924253947
2010-08-04,1.1760771861013786
2010-08-05,1.1799393634808422
2010-08-06,1.1758438630905672
2010-08-09,1.1867699247888035
2010-08-10,1.1746881623004461
2010-08-11,1.1476611997378812
2010-08-12,1.1390920841329562
2010-08-13,1.1384955176285878
2010-08-16,1.1413875808317693
2010-08-17,1.1583513442461097
2010-08-18,1.1656551843700822
2010-08-19,1.155946493785468
2010-08-20,1.176619301903107
2010-08-23,1.1691566651457348
2010-08-24,1.1528760226873307
2010-08-25,1.1532554741806986
2010-08-26,1.15124566121015
2010-08-27,1.1729202346818277
2010-08-30,1.1555661316240318
2010-08-31,1.15827437564566
2010-09-01,1.1938524835391575
2010-09-02,1.1980843201316742
2010-09-03,1.2015570902818478
2010-09-07,1.2009081803475241
2010-09-08,1.2058937899797488
2010-09-09,1.2042977950774438
2010-09-10,1.2037882061885048
2010-09-13,1.209196169608835
2010-09-14,1.2088910130575587
2010-09-15,1.2097870510462911
2010-09-16,1.2103168251181955
2010-09-17,1.2107626332838037
2010-09-20,1.2168941863230835
2010-09-21,1.2140481748658158
2010-09-22,1.2137091973253327
2010-09-23,1.210743232978417
2010-09-24,1.217130048674895
2010-09-27,1.2190853748479555
2010-09-28,1.2207364725530119
2010-09-29,1.219206233104871
2010-09-30,1.2167949599881525
2010-10-01,1.214989163499847
2010-10-04,1.204313890891868
2010-10-05,1.2306246039121655
2010-10-06,1.1959776690627095
2010-10-07,1.1976853630460598
2010-10-08,1.2058483749893267
2010-10-11,1.1966832532498832
2010-10-12,1.2167880034268195
2010-10-13,1.2253466243642448
2010-10-14,1.2264747718533882
2010-10-15,1.2294641187473534
2010-10-18,1.222004747947127
2010-10-19,1.1976937877988956
2010-10-20,1.2209988079698868
2010-10-21,1.2267051828480249
2010-10-22,1.2469545543689584
2010-10-25,1.2649824691260825
2010-10-26,1.2626824127505005
2010-10-27,1.2841790377875797
2010-10-28,1.289281326507532
2010-10-29,1.2965650859759406
2010-11-01,1.292236887557072
2010-11-02,1.307051318192691
2010-11-03,1.3154265504531446
2010-11-04,1.3370589336165426
2010-11-05,1.3433072803324828
2010-11-08,1.347808304499897
2010-11-09,1.3433185396717058
2010-11-10,1.3444225761038415
2010-11-11,1.347798604731659
2010-11-12,1.3198798151880582
2010-11-15,1.3011831910924911
2010-11-16,1.2776872887551798
2010-11-17,1.2830541576009291
2010-11-18,1.3112084023740413
2010-11-19,1.3179580905408668
2010-11-22,1.3331312566833797
2010-11-23,1.3174997389675778
2010-11-24,1.345365812878882
2010-11-26,1.3398079884654492
2010-11-29,1.3367016392770064
2010-11-30,1.3235598909529438
2010-12-01,1.3506280621417173
2010-12-02,1.3539599799610116
2010-12-03,1.3604969380753715
2010-12-06,1.3591971248483516
2010-12-07,1.3539066953656966
2010-12-08,1.35611889351683
2010-12-09,1.365313033131708
2010-12-10,1.3735198097406773
2010-12-13,1.3552730866798075
2010-12-14,1.3414833835049302
2010-12-15,1.3294621933361763
2010-12-16,1.3527617054804304
2010-12-17,1.3579557276272514
2010-12-20,1.367726384712218
2010-12-21,1.3834072303488627
2010-12-22,1.3807653049326416
2010-12-23,1.3832027015775092
2010-12-27,1.3792210090938406
2010-12-28,1.372525362591351
2010-12-29,1.376769101869802
2010-12-30,1.3745557408217381
2010-12-31,1.37139341667169
2011-01-03,1.3899024448483355
2011-01-04,1.3830492915644943
2011-01-05,1.4005517706710662
2011-01-06,1.3897501623187
2011-01-07,1.3945489233465795
2011-01-10,1.4019095229080405
2011-01-11,1.4033968093528277
2011-01-12,1.4280492922038455
2011-01-13,1.4247451863470357
2011-01-14,1.4453566537951799
2011-01-18,1.444194937277218
2011-01-19,1.4086400225652382
2011-01-20,1.3870221378376117
2011-01-21,1.3803384724524526
2011-01-24,1.385683533636382
2011-01-25,1.3858346463031144
2011-01-26,1.4176276465549278
2011-01-27,1.4218066377806196
2011-01-28,1.3867770632335412
2011-01-31,1.3907154527249024
2011-02-01,1.4235728517692812
2011-02-02,1.432275061347207
2011-02-03,1.4356156442554142
2011-02-04,1.4705937696758047
2011-02-07,1.4813143204803525
2011-02-08,1.4839294502237184
2011-02-09,1.4740325556952534
2011-02-10,1.487990007436646
2011-02-11,1.497603469117527
2011-02-14,1.5195660885696016
2011-02-15,1.5030436774769147
2011-02-16,1.5202213993235723
2011-02-17,1.533387158740046
2011-02-18,1.5283450910297567
2011-02-22,1.478875175068213
2011-02-23,1.4651664044436261
2011-02-24,1.4629608999393586
2011-02-25,1.5035710123817851
2011-02-28,1.503436097587648
2011-03-01,1.4667626291129006
2011-03-02,1.479602596709714
2011-03-03,1.5174900034672654
2011-03-04,1.5139712545783306
2011-03-07,1.4769575585578765
2011-03-08,1.4793692803812653
2011-03-09,1.45646236461446
2011-03-10,1.422645369078547
2011-03-11,1.4470312171737432
2011-03-14,1.4469326131500369
2011-03-15,1.436144197149759
2011-03-16,1.4120074109442031
2011-03-17,1.4189017353303812
2011-03-18,1.4084634923919341
2011-03-21,1.4443467212824823
2011-03-22,1.4258495107554434
2011-03-23,1.4510690043202294
2011-03-24,1.4737412570163193
2011-03-25,1.482884682908235
2011-03-28,1.4893979721979282
2011-03-29,1.5050338909563246
2011-03-30,1.5163648986840335
2011-03-31,1.5093643386418352
2011-04-01,1.5012536723178722
2011-04-04,1.5028743489612324
2011-04-05,1.4973709632110854
2011-04-06,1.4962860229456687
2011-04-07,1.490963872084966
2011-04-08,1.4795247391423696
2011-04-11,1.4624661441566797
2011-04-12,1.4458001313519664
2011-04-13,1.4528023524727338
2011-04-14,1.4549572366719505
2011-04-15,1.4661792208719706
2011-04-18,1.4389403090181554
2011-04-19,1.450112561840997
2011-04-20,1.4739265662306884
2011-04-21,1.4860611587440644
2011-04-25,1.480150789102843
2011-04-26,1.4955322845708812
2011-04-27,1.5195780790607274
2011-04-28,1.5244620225712833
2011-04-29,1.526350378711235
2011-05-02,1.5113940581313332
2011-05-03,1.4898914904305898
2011-05-04,1.480606519247508
2011-05-05,1.4659055989057646
2011-05-06,1.481771081541021
2011-05-09,1.5014840987336109
2011-05-10,1.5144992393394365
2011-05-11,1.495357551141777
2011-05-12,1.5019974010056023
2011-05-13,1.4844930512961085
2011-05-16,1.4709368481175868
2011-05-17,1.4698811964038325
2011-05-18,1.5015430409109642
2011-05-19,1.5010453867784317
2011-05-20,1.4950104012602612
2011-05-23,1.4752991115493652
2011-05-24,1.47670653414211
2011-05-25,1.4867146617434577
2011-05-26,1.4926365803422155
2011-05-27,1.500401420175841
2011-05-31,1.5172203081950995
2011-06-01,1.4803475313303267
2011-06-02,1.4739686336807178
2011-06-03,1.4625164908227666
2011-06-06,1.437815936998538
2011-06-07,1.4437160693942537
2011-06-08,1.4450964476969126
2011-06-09,1.4606411561628974
2011-06-10,1.457010163633786
2011-06-13,1.4739534229463567
2011-06-14,1.4937180718718888
2011-06-15,1.472498349987141
2011-06-16,1.4680172132618758
2011-06-17,1.46710770860659
2011-06-20,1.4797148942843572
2011-06-21,1.5020745760019452
2011-06-22,1.4992796007893243
2011-06-23,1.4959492122361437
2011-06-24,1.4959311288524801
2011-06-27,1.5054845025137686
2011-06-28,1.5361689028800554
2011-06-29,1.5369925767115418
2011-06-30,1.547801368796613
2011-07-01,1.5705219613608796
2011-07-05,1.5737503370555235
2011-07-06,1.573737269473817
2011-07-07,1.5763362263306655
2011-07-08,1.5733332569547303
2011-07-11,1.535448339634053
2011-07-12,1.5281467843187146
2011-07-13,1.5364276922824514
2011-07-14,1.529841116223722
2011-07-15,1.5255107125213634
2011-07-18,1.514691751006308
2011-07-19,1.5509134245359284
2011-07-20,1.5420855941132972
2011-07-21,1.550326762499493
2011-07-22,1.5444143024894461
2011-07-25,1.5342036676952828
2011-07-26,1.5275318239246474
2011-07-27,1.482403309170648
2011-07-28,1.4805538386060324
2011-07-29,1.4763671672952836
2011-08-01,1.4666496265938707
2011-08-02,1.3712384520780052
2011-08-03,1.3814168872858903
2011-08-04,1.3120530976710483
2011-08-05,1.3075126309692915
2011-08-08,1.2200518089696022
2011-08-09,1.284323626014288
2011-08-10,1.2494652075305146
2011-08-11,1.303152494594076
2011-08-12,1.3235666026108588
2011-08-15,1.3395122747150638
2011-08-16,1.3218565070152968
2011-08-17,1.308392481305635
2011-08-18,1.25450398622318
2011-08-19,1.2422556629994057
2011-08-22,1.2404086307472426
2011-08-23,1.2881659627784847
2011-08-24,1.3056852553491598
2011-08-25,1.2841120535029173
2011-08-26,1.312368182315435
2011-08-29,1.3495530074778475
2011-08-30,1.3526851001103921
2011-08-31,1.348277272940521
2011-09-01,1.335023538884947
2011-09-02,1.3286118216008234
2011-09-06,1.3345318269821782
2011-09-07,1.3396175102265844
2011-09-08,1.339919445953873
2011-09-09,1.3284095386537602
2011-09-12,1.3296920162853103
2011-09-13,1.3344735389394409
2011-09-14,1.3397874468381512
2011-09-15,1.342187225190423
2011-09-16,1.34865012349786
2011-09-19,1.352479825515132
2011-09-20,1.3473820464406454
2011-09-21,1.3403794985383621
2011-09-22,1.3270681608315695
2011-09-23,1.3278641861116884
2011-09-26,1.338641817131676
2011-09-27,1.338585081472983
2011-09-28,1.3307450036779975
2011-09-29,1.324098984292017
2011-09-30,1.3111938411561228
2011-10-03,1.2976245516184703
2011-10-04,1.3013478468916566
2011-10-05,1.303470403693966
2011-10-06,1.3083482445654842
2011-10-07,1.3082961255919843
2011-10-10,1.3170211622765229
2011-10-11,1.318212961432973
2011-10-12,1.3174314960667461
2011-10-13,1.3176098484572294
2011-10-14,1.3227760140200915
2011-10-17,1.320767073988492
2011-10-18,1.324548905070942
2011-10-19,1.3231771521565905
2011-10-20,1.322374611010073
2011-10-21,1.329314932677715
2011-10-24,1.3302474827337145
2011-10-25,1.3250284985465914
2011-10-26,1.3241335967713903
2011-10-27,1.3292174445240381
2011-10-28,1.3269083318215953
2011-10-31,1.326598462052141
2011-11-01,1.3202231488760798
2011-11-02,1.3349962568555973
2011-11-03,1.3550094188281583
2011-11-04,1.3563782561989182
2011-11-07,1.3633242576891473
2011-11-08,1.3762449024278325
2011-11-09,1.3338303376514513
2011-11-10,1.3434856048619088
2011-11-11,1.3713558640089298
2011-11-14,1.3612402683924685
2011-11-15,1.3692098458872837
2011-11-16,1.3416394890800962
2011-11-17,1.326158106224186
2011-11-18,1.3256304382696662
2011-11-21,1.306163738777302
2011-11-22,1.3041214993087464
2011-11-23,1.2781222739381835
2011-11-25,1.2766027718980937
2011-11-28,1.3054447289050717
2011-11-29,1.3167616593145626
2011-11-30,1.3630469773797067
2011-12-01,1.3636519520443728
2011-12-02,1.357391255322357
2011-12-05,1.3728676138756888
2011-12-06,1.3730838980161195
2011-12-07,1.3634604669466537
2011-12-08,1.3418087954156521
2011-12-09,1.3692357245230247
2011-12-12,1.3512316986968589
2011-12-13,1.3270115939309037
2011-12-14,1.3070392348680846
2011-12-15,1.3071381855080917
2011-12-16,1.3199111899248541
2011-12-19,1.30499384730513
2011-12-20,1.348762531076156
2011-12-21,1.3536894896241747
2011-12-22,1.3509178029251445
2011-12-23,1.3634937574649961
2011-12-27,1.3644906636352263
2011-12-28,1.348154633680389
2011-12-29,1.3523849657987734
2011-12-30,1.3411147920660176
2012-01-03,1.3470922316687817
2012-01-04,1.3539825993274404
2012-01-05,1.3608473691220797
2012-01-06,1.3588962792809545
2012-01-09,1.361243702092459
2012-01-10,1.38693905230437
2012-01-11,1.3958132374178125
2012-01-12,1.406050618418707
2012-01-13,1.399725610043942
2012-01-17,1.3981033460709535
2012-01-18,1.4203505710130866
2012-01-19,1.433108725552312
2012-01-20,1.4336108492139272
2012-01-23,1.427801250156773
2012-01-24,1.4323718937641117
2012-01-25,1.4416971803090017
2012-01-26,1.442422164661685
2012-01-27,1.443455191305074
2012-01-30,1.442505313168194
2012-01-31,1.4350041173708756
2012-02-01,1.4714116625217428
2012-02-02,1.473098928291248
2012-02-03,1.499137332660988
2012-02-06,1.5015347654385667
2012-02-07,1.503745317874486
2012-02-08,1.5104538512307963
2012-02-09,1.5103234324065198
2012-02-10,1.5046504633492745
2012-02-13,1.531091991596462
2012-02-14,1.517108567944574
2012-02-15,1.5049490454329786
2012-02-16,1.513585527809993
2012-02-17,1.5206117511036426
2012-02-21,1.5168203761718553
2012-02-22,1.5259780210215903
2012-02-23,1.5394044586048916
2012-02-24,1.5391178499661706
2012-02-27,1.5437959361283453
2012-02-28,1.5452770123976078
2012-02-29,1.5393701538283917
2012-03-01,1.550912311973942
2012-03-02,1.538876648339608
2012-03-05,1.5318682586861725
2012-03-06,1.4899355029327377
2012-03-07,1.5182823200821045
2012-03-08,1.5388394576823776
2012-03-09,1.5467096665973876
2012-03-12,1.5449470797872684
2012-03-13,1.5732952271226923
2012-03-14,1.5620423748952432
2012-03-15,1.575723828082353
2012-03-16,1.5647857320329586
2012-03-19,1.571093555341123
2012-03-20,1.5612174671889896
2012-03-21,1.571252740586966
2012-03-22,1.5615532834504025
2012-03-23,1.5649341796158902
2012-03-26,1.580770306948093
2012-03-27,1.575501670262508
2012-03-28,1.5712468029229003
2012-03-29,1.5678017177506403
2012-03-30,1.5662246985138903
2012-04-02,1.5820091568634396
2012-04-03,1.583240298651728
2012-04-04,1.5548594590684406
2012-04-05,1.5232293846147598
2012-04-09,1.5048742438719591
2012-04-10,1.4556498774925983
2012-04-11,1.48309905648217
2012-04-12,1.5143733715058103
2012-04-13,1.4960418621234866
2012-04-16,1.4959409355564088
2012-04-17,1.5230099636932157
2012-04-18,1.5310321458747287
2012-04-19,1.5087031291786863
2012-04-20,1.49893696182151
2012-04-23,1.4841509208338302
2012-04-24,1.4897172579178721
2012-04-25,1.524468224707955
2012-04-26,1.5651624211483406
2012-04-27,1.586924912113403
2012-04-30,1.5708584962260161
2012-05-01,1.5728637622192112
2012-05-02,1.5827857333297466
2012-05-03,1.5662241211649035
2012-05-04,1.5411923160390733
2012-05-07,1.5404023968927962
2012-05-08,1.5303833098911095
2012-05-09,1.5270933547013879
2012-05-10,1.531083173602195
2012-05-11,1.5257852799486873
2012-05-14,1.504671723234484
2012-05-15,1.5048208189737353
2012-05-16,1.4992418152274878
2012-05-17,1.457081384302136
2012-05-18,1.43630456007639
2012-05-21,1.4595956601533997
2012-05-22,1.4570870769259139
2012-05-23,1.472995753571672
2012-05-24,1.4834477531275474
2012-05-25,1.4816955206147668
2012-05-29,1.5011995895714008
2012-05-30,1.4811878149183342
2012-05-31,1.4794420647614348
2012-06-01,1.4257109037402722
2012-06-04,1.4357601264688644
2012-06-05,1.448253620708336
2012-06-06,1.4838535255467074
2012-06-07,1.4770287914161329
2012-06-08,1.489656187014118
2012-06-11,1.4717692892113876
2012-06-12,1.4896379736428385
2012-06-13,1.463241714363598
2012-06-14,1.4823999808569344
2012-06-15,1.5016289661890272
2012-06-18,1.5139275640882752
2012-06-19,1.5132317913278928
2012-06-20,1.5034589858033423
2012-06-21,1.4833335382552828
2012-06-22,1.4930734334207203
2012-06-25,1.479438340836156
2012-06-26,1.4934902642752486
2012-06-27,1.4872078054867788
2012-06-28,1.4709799588484647
2012-06-29,1.502220410426147
2012-07-02,1.527637871699211
2012-07-03,1.529758820520208
2012-07-05,1.5231714791394493
2012-07-06,1.5118509357467125
2012-07-09,1.506074894729793
2012-07-10,1.494452467257167
2012-07-11,1.4882331069603236
2012-07-12,1.4817544669136813
2012-07-13,1.5040184885773547
2012-07-16,1.4944910477645053
2012-07-17,1.5067987106508265
2012-07-18,1.5087624931352948
2012-07-19,1.5043057334553078
2012-07-20,1.4906859053834158
2012-07-23,1.4773588136888722
2012-07-24,1.4642714905019498
2012-07-25,1.4713863901759123
2012-07-26,1.503766438304656
2012-07-27,1.5477551631681778
2012-07-30,1.5487203304305257
2012-07-31,1.5354054572233273
2012-08-01,1.521377908259578
2012-08-02,1.5111468885540047
2012-08-03,1.5277022743990818
2012-08-06,1.5235725094349075
2012-08-07,1.5098849510748704
2012-08-08,1.506202231891981
2012-08-09,1.4990609952483758
2012-08-10,1.499044099628411
2012-08-13,1.4955392725184093
2012-08-14,1.495196606363662
2012-08-15,1.5017967889815171
2012-08-16,1.5001244205231747
2012-08-17,1.4971893994136882
2012-08-20,1.4978605802005518
2012-08-21,1.495986814064847
2012-08-22,1.4919729432975861
2012-08-23,1.4818577425790966
2012-08-24,1.4952101812501055
2012-08-27,1.493082042479426
2012-08-28,1.4964002562813445
2012-08-29,1.4977082659191625
2012-08-30,1.4904260920291799
2012-08-31,1.4919780791028163
2012-09-04,1.4951213856829162
2012-09-05,1.496769430699151
2012-09-06,1.522506018444997
2012-09-07,1.5304893852456385
2012-09-10,1.5176761767674118
2012-09-11,1.524675595954994
2012-09-12,1.536635026610171
2012-09-13,1.5585310768252474
2012-09-14,1.5707783495735346
2012-09-17,1.5541752885836078
2012-09-18,1.542453934145877
2012-09-19,1.55039223586343
2012-09-20,1.5545008596485852
2012-09-21,1.5539412252803126
2012-09-24,1.5441653883794404
2012-09-25,1.5303024836306396
2012-09-26,1.516006948168708
2012-09-27,1.5357193667213647
2012-09-28,1.533512194252549
2012-10-01,1.5362844129983841
2012-10-02,1.5645293039393913
2012-10-03,1.5663327422247169
2012-10-04,1.582720634294968
2012-10-05,1.5843855985294941
2012-10-08,1.5714821277775957
2012-10-09,1.5510757307264849
2012-10-10,1.5344530829643939
2012-10-11,1.5368962227239642
2012-10-12,1.5268987026748535
2012-10-15,1.5388864716387856
2012-10-16,1.5493179395890877
2012-10-17,1.570073363988638
2012-10-18,1.565237543671837
2012-10-19,1.5442905592533922
2012-10-22,1.5465518724283824
2012-10-23,1.518792265971326
2012-10-24,1.5298946706398007
2012-10-25,1.5115831476853332
2012-10-26,1.5003496482282024
2012-10-31,1.4910447225465364
2012-11-01,1.5096885318986628
2012-11-02,1.484446788731313
2012-11-05,1.5000045134834559
2012-11-06,1.5087158879256402
2012-11-07,1.4844143048645257
2012-11-08,1.4694407957537392
2012-11-09,1.4695692690872728
2012-11-12,1.4791118792154654
2012-11-13,1.4724521843610145
2012-11-14,1.4420865449374674
2012-11-15,1.4283680930853742
2012-11-16,1.439539520635765
2012-11-19,1.4745979284457058
2012-11-20,1.4831107790731495
2012-11-21,1.4899108465106243
2012-11-23,1.5063292002574364
2012-11-26,1.5092921961799015
2012-11-27,1.515436694764615
2012-11-28,1.5287529184994026
2012-11-29,1.5274279823602555
2012-11-30,1.5205487920259335
2012-12-03,1.5185500645582297
2012-12-04,1.5198232813389472
2012-12-05,1.5074716535962778
2012-12-06,1.51445785065462
2012-12-07,1.5248061261708015
2012-12-10,1.5218739127634062
2012-12-11,1.530232426296353
2012-12-12,1.528365981996014
2012-12-13,1.5154841005633568
2012-12-14,1.5131265690184088
2012-12-17,1.5321171146312107
2012-12-18,1.561023878053443
2012-12-19,1.5539238028004958
2012-12-20,1.562581432692038
2012-12-21,1.5525727354351022
2012-12-24,1.5485148889408336
2012-12-26,1.5408567526913965
2012-12-27,1.5405434572524346
2012-12-28,1.528713864703354
2012-12-31,1.5629007889606785
2013-01-02,1.5983300575715775
2013-01-03,1.6039035105569788
2013-01-04,1.6127138036253712
2013-01-07,1.5996208974299493
2013-01-08,1.5945819366118197
2013-01-09,1.6118636315968082
2013-01-10,1.6185951874046165
2013-01-11,1.6143359674187303
2013-01-14,1.6125829369520785
2013-01-15,1.6213671398487945
2013-01-16,1.6114885604413736
2013-01-17,1.628251797050121
2013-01-18,1.6354332947856218
2013-01-22,1.6539268701071896
2013-01-23,1.6493022918703812
2013-01-24,1.6488589984297275
2013-01-25,1.658927291179177
2013-01-28,1.6475536557418746
2013-01-29,1.6478738681136078
2013-01-30,1.6307308960227422
2013-01-31,1.642328259792345
2013-02-01,1.6598982416222883
2013-02-04,1.648343078702212
2013-02-05,1.6646070971491693
2013-02-06,1.664820344392782
2013-02-07,1.667299283338342
2013-02-08,1.686344734759288
2013-02-11,1.6862284860927839
2013-02-12,1.6907036392259982
2013-02-13,1.7053802031697372
2013-02-14,1.7108265764676471
2013-02-15,1.7136252495448077
2013-02-19,1.7307873653873902
2013-02-20,1.6908179813328668
2013-02-21,1.6683699291292182
2013-02-22,1.6827922566022198
2013-02-25,1.6598288512244939
2013-02-26,1.670600768777338
2013-02-27,1.705472654357186
2013-02-28,1.7116653741600174
2013-03-01,1.7231962031716912
2013-03-04,1.7476476103756986
2013-03-05,1.771020754593104
2013-03-06,1.7715040609827697
2013-03-07,1.771975437471876
2013-03-08,1.7786620230160484
2013-03-11,1.7743981927886345
2013-03-12,1.7779265091949943
2013-03-13,1.7768577269598655
2013-03-14,1.7856928133787084
2013-03-15,1.7888321731231571
2013-03-18,1.7841152717948336
2013-03-19,1.7759216915038387
2013-03-20,1.7954448200810131
2013-03-21,1.7717853152014205
2013-03-22,1.7803451592619632
2013-03-25,1.7687691554859617
2013-03-26,1.78640254664696
2013-03-27,1.7857498652339283
2013-03-28,1.78791772708331
2013-04-01,1.7786255739258527
2013-04-02,1.7570937336073742
2013-04-03,1.732158440534741
2013-04-04,1.7610749000900239
2013-04-05,1.7506736762919777
2013-04-08,1.767482370694248
2013-04-09,1.773100102267245
2013-04-10,1.7919482831281244
2013-04-11,1.7827119304684165
2013-04-12,1.7791966236673935
2013-04-15,1.7324688718295256
2013-04-16,1.7713146042501724
2013-04-17,1.7428577839292356
2013-04-18,1.7296329741764203
2013-04-19,1.7473247569140247
2013-04-22,1.753960059290073
2013-04-23,1.7841410563257625
2013-04-24,1.7780292201443344
2013-04-25,1.7793278176582115
2013-04-26,1.7795113045673698
2013-04-29,1.7932767663203883
2013-04-30,1.802230087519429
2013-05-01,1.773390548648558
2013-05-02,1.796299389037718
2013-05-03,1.8146867429385471
2013-05-06,1.8154358792630003
2013-05-07,1.822607674042156
2013-05-08,1.8200641830397921
2013-05-09,1.8018781050167778
2013-05-10,1.8059732304553495
2013-05-13,1.8140796627200984
2013-05-14,1.848970568603885
2013-05-15,1.863974218432027
2013-05-16,1.8564722394267743
2013-05-17,1.8755861761355157
2013-05-20,1.862142775218671
2013-05-21,1.8614860322375875
2013-05-22,1.8404370681214826
2013-05-23,1.8410314621275072
2013-05-24,1.8502410750988292
2013-05-28,1.8642512603185175
2013-05-29,1.8479450188920172
2013-05-30,1.8553278080333324
2013-05-31,1.8326830605761308
2013-06-03,1.8242019731894432
2013-06-04,1.8107837198388625
2013-06-05,1.7890212980000542
2013-06-06,1.823768054587439
2013-06-07,1.8529864141481573
2013-06-10,1.874842098645293
2013-06-11,1.842240950002926
2013-06-12,1.8016375325502407
2013-06-13,1.8265070522653035
2013-06-14,1.81177639212475
2013-06-17,1.8271516382506594
2013-06-18,1.8451892887283496
2013-06-19,1.820224433561642
2013-06-20,1.7671269788934805
2013-06-21,1.7635254755242378
2013-06-24,1.747773656300867
2013-06-25,1.7680231675687035
2013-06-26,1.8009261200768016
2013-06-27,1.821146119469792
2013-06-28,1.820003580134211
2013-07-01,1.8245103932876003
2013-07-02,1.8289716356826606
2013-07-03,1.8330622338078635
2013-07-05,1.8664662150173201
2013-07-08,1.862440205992355
2013-07-09,1.8524355395181773
2013-07-10,1.8569476871298982
2013-07-11,1.9036598983357182
2013-07-12,1.9390530527819632
2013-07-15,1.9419236405898712
2013-07-16,1.9057539111894701
2013-07-17,1.9309311694454767
2013-07-18,1.9320866678024746
2013-07-19,1.9431357811740968
2013-07-22,1.9512882493589563
2013-07-23,1.9408914316874915
2013-07-24,1.9346187595682673
2013-07-25,1.958920042507665
2013-07-26,1.9555665193815035
2013-07-29,1.9447552803717303
2013-07-30,1.9573196108620277
2013-07-31,1.9699308883939382
2013-08-01,1.985999788116676
2013-08-02,1.9988895065883132
2013-08-05,2.0081351004670607
2013-08-06,1.986769467815996
2013-08-07,1.9902838714268578
2013-08-08,2.02896240525641
2013-08-09,2.0289768337776595
2013-08-12,2.019009853929793
2013-08-13,2.031437492058762
2013-08-14,2.008042014596391
2013-08-15,1.9739248453951233
2013-08-16,1.97745161322921
2013-08-19,1.962760452231822
2013-08-20,1.9811048145265977
2013-08-21,1.973873045406883
2013-08-22,2.007604565025558
2013-08-23,2.0207197054525547
2013-08-26,2.021945907110585
2013-08-27,1.9765656271719134
2013-08-28,1.9809102464540569
2013-08-29,1.9936784307595834
2013-08-30,1.978836881047726
2013-09-03,1.9985134527055883
2013-09-04,2.020898023686878
2013-09-05,2.028441915811788
2013-09-06,2.0303739759363526
2013-09-09,2.0439071256585972
2013-09-10,2.0694272474977606
2013-09-11,2.078401305776909
2013-09-12,2.0734297170015323
2013-09-13,2.0764189399098028
2013-09-16,2.0785243416348123
2013-09-17,2.095098940087528
2013-09-18,2.101141243530366
2013-09-19,2.106443024110891
2013-09-20,2.097517173385329
2013-09-23,2.107561705335665
2013-09-24,2.113844947982926
2013-09-25,2.1161970753470776
2013-09-26,2.1335529348346776
2013-09-27,2.12985165358899
2013-09-30,2.117141502301675
2013-10-01,2.1408148252332513
2013-10-02,2.13880785121029
2013-10-03,2.0918921272170916
2013-10-04,2.0944842058394064
2013-10-07,2.0783382972098026
2013-10-08,2.0139336958504415
2013-10-09,1.9772607682069154
2013-10-10,2.052394001864471
2013-10-11,2.0677766803507858
2013-10-14,2.074289184466706
2013-10-15,2.078727145950302
2013-10-16,2.13300311708089
2013-10-17,2.1514069362107904
2013-10-18,2.153033717837245
2013-10-21,2.129241345699875
2013-10-22,2.1304855323182847
2013-10-23,2.120601579068006
2013-10-24,2.139564884585836
2013-10-25,2.1496518440092416
2013-10-28,2.128854037435495
2013-10-29,2.153262617438449
2013-10-30,2.1420331777018906
2013-10-31,2.139941484162638
2013-11-01,2.1420519032462306
2013-11-04,2.157214037348958
2013-11-05,2.158176948492466
2013-11-06,2.13019930686605
2013-11-07,2.088665231247017
2013-11-08,2.1372788910784344
2013-11-11,2.150062435012064
2013-11-12,2.156773942685002
2013-11-13,2.199263642001321
2013-11-14,2.2083726363316263
2013-11-15,2.2282775827773427
2013-11-18,2.203614397698882
2013-11-19,2.1809827575497183
2013-11-20,2.1864193898720004
2013-11-21,2.224603960847055
2013-11-22,2.2307650869425775
2013-11-25,2.222376262690779
2013-11-26,2.2355619669792426
2013-11-27,2.24720945715465
2013-11-29,2.247197199228715
2013-12-02,2.2392953840921255
2013-12-03,2.231080336715233
2013-12-04,2.2149105561376765
2013-12-05,2.2127871417152716
2013-12-06,2.2421978288574405
2013-12-09,2.249324840923192
2013-12-10,2.241774241979883
2013-12-11,2.2018174687336622
2013-12-12,2.2116594125788596
2013-12-13,2.2140354921399172
2013-12-16,2.233248648477001
2013-12-17,2.2239501633389707
2013-12-18,2.2478248271214185
2013-12-19,2.236414316229559
2013-12-20,2.2639977153510524
2013-12-23,2.264829044277125
2013-12-24,2.2729958283290204
2013-12-26,2.2861960246521513
2013-12-27,2.2708339543684386
2013-12-30,2.274844227455919
2013-12-31,2.283557008070274
2014-01-02,2.2596537543741646
2014-01-03,2.2666927621075885
2014-01-06,2.2606614694934657
2014-01-07,2.2830328662354216
2014-01-08,2.2920611170963956
2014-01-09,2.310719521569853
2014-01-10,2.326797416816922
2014-01-13,2.294040308129402
2014-01-14,2.3246123917477193
2014-01-15,2.3367223480469317
2014-01-16,2.339527401423675
2014-01-17,2.336773902917307
2014-01-21,2.342410732294311
2014-01-22,2.3578794309396605
2014-01-23,2.3396297011468734
2014-01-24,2.2913696387248996
2014-01-27,2.2768253766022526
2014-01-28,2.3063640900466535
2014-01-29,2.2878781194529454
2014-01-30,2.333697707604848
2014-01-31,2.325951733799114
2014-02-03,2.264719948503572
2014-02-04,2.2657099492756294
2014-02-05,2.257546958831144
2014-02-06,2.277228237341727
2014-02-07,2.3160348523163945
2014-02-10,2.3165444921369844
2014-02-11,2.336481451670184
2014-02-12,2.339312783703443
2014-02-13,2.349708453138746
2014-02-14,2.3628252639130314
2014-02-18,2.3933524419114716
2014-02-19,2.375273151332579
2014-02-20,2.403479299653757
2014-02-21,2.4074564347357756
2014-02-24,2.4252543954780936
2014-02-25,2.4252008719952034
2014-02-26,2.4210212867103116
2014-02-27,2.4317028795666107
2014-02-28,2.416268525536715
2014-03-03,2.4133201805553246
2014-03-04,2.4803907131325347
2014-03-05,2.491130920743902
2014-03-06,2.5110562724143697
2014-03-07,2.497269695007258
2014-03-10,2.496003052415009
2014-03-11,2.4810953137072973
2014-03-12,2.4892344550218963
2014-03-13,2.445089755758886
2014-03-14,2.4365070263010504
2014-03-17,2.4524977115179714
2014-03-18,2.48066055992512
2014-03-19,2.4593641196490665
2014-03-20,2.4596650926414436
2014-03-21,2.4266476796751624
2014-03-24,2.389976722480974
2014-03-25,2.384714581697921
2014-03-26,2.327525885126809
2014-03-27,2.3166068199387437
2014-03-28,2.317945320641507
2014-03-31,2.3740293219339463
2014-04-01,2.4154774164585224
2014-04-02,2.4093022546811835
2014-04-03,2.4068300017088875
2014-04-04,2.359767246715395
2014-04-07,2.303971370276527
2014-04-08,2.303741448887182
2014-04-09,2.336288548134875
2014-04-10,2.2792224701963266
2014-04-11,2.2512256034382903
2014-04-14,2.2592434838608018
2014-04-15,2.259701780532535
2014-04-16,2.2926355255272037
2014-04-17,2.3078244174412097
2014-04-21,2.321790173291108
2014-04-22,2.34478034529078
2014-04-23,2.3760018486999472
2014-04-24,2.3839768125766363
2014-04-25,2.348496041221756
2014-04-28,2.340112952952962
2014-04-29,2.3544544015502877
2014-04-30,2.366873542910365
2014-05-01,2.3823681224784687
2014-05-02,2.401450199320957
2014-05-05,2.3972595866035697
2014-05-06,2.386377819094321
2014-05-07,2.39964782328848
2014-05-08,2.39277038672004
2014-05-09,2.389130449993936
2014-05-12,2.4223909497322245
2014-05-13,2.4185970952283893
2014-05-14,2.398407999707143
2014-05-15,2.3726818392576354
2014-05-16,2.3814788707255397
2014-05-19,2.3877977980324405
2014-05-20,2.37425479900369
2014-05-21,2.390797425152181
2014-05-22,2.395709906761383
2014-05-23,2.410087838276141
2014-05-27,2.4317996310230447
2014-05-28,2.4353455037490965
2014-05-29,2.47224730813451
2014-05-30,2.4767221023319053
2014-06-02,2.47831993944205
2014-06-03,2.495599025906894
2014-06-04,2.5106541942319205
2014-06-05,2.5292105972745262
2014-06-06,2.538470658236754
2014-06-09,2.534445477808167
2014-06-10,2.533253848283876
2014-06-11,2.51786982288607
2014-06-12,2.496102638480287
2014-06-13,2.5117822359437088
2014-06-16,2.520703675786585
2014-06-17,2.531682268068078
2014-06-18,2.5536328891141644
2014-06-19,2.5968661280966305
2014-06-20,2.590123865081418
2014-06-23,2.5840951796534917
2014-06-24,2.559771311820196
2014-06-25,2.5624721041647716
2014-06-26,2.565410269114947
2014-06-27,2.562260902391845
2014-06-30,2.5739160188892125
2014-07-01,2.5815371294836646
2014-07-02,2.571268231066274
2014-07-03,2.5781017618669995
2014-07-07,2.558783337730454
2014-07-08,2.5439546927807046
2014-07-09,2.5506924248028926
2014-07-10,2.545476752726039
2014-07-11,2.5452190858443484
2014-07-14,2.5631923651912194
2014-07-15,2.5523070662636234
2014-07-16,2.577937669965755
2014-07-17,2.542310005896208
2014-07-18,2.5916615460887886
2014-07-21,2.5932087080915998
2014-07-22,2.6032154429122776
2014-07-23,2.598659626521159
2014-07-24,2.6081274845491382
2014-07-25,2.5736914580508445
2014-07-28,2.55828353297551
2014-07-29,2.54778603912269
2014-07-30,2.536242840864224
2014-07-31,2.478801096579491
2014-08-01,2.4791882353826957
2014-08-04,2.494123432640152
2014-08-05,2.4680234974409463
2014-08-06,2.4715512146104874
2014-08-07,2.4486640937995006
2014-08-08,2.4738388329035312
2014-08-11,2.4953009991153774
2014-08-12,2.4948384543834052
2014-08-13,2.5233995945487786
2014-08-14,2.5232568378263394
2014-08-15,2.5349988112328634
2014-08-18,2.5525150068857934
2014-08-19,2.5694239513628503
2014-08-20,2.5762842494017497
2014-08-21,2.5798475623916093
2014-08-22,2.572555111985771
2014-08-25,2.5858357200332835
2014-08-26,2.5906536443170736
2014-08-27,2.5917664458279996
2014-08-28,2.591601077851165
2014-08-29,2.60565033408234
2014-09-02,2.6056455413803628
2014-09-03,2.609251766814876
2014-09-04,2.6050042953539707
2014-09-05,2.6135378774472464
2014-09-08,2.612840865032191
2014-09-09,2.589653036836218
2014-09-10,2.588497162609733
2014-09-11,2.590641044906708
2014-09-12,2.5743496620932738
2014-09-15,2.5676883543254116
2014-09-16,2.5901020325244626
2014-09-17,2.5983666778711996
2014-09-18,2.6182011087422117
2014-09-19,2.6254593458427644
2014-09-22,2.5990063062679654
2014-09-23,2.5796099712276006
2014-09-24,2.6036807077310833
2014-09-25,2.559833754144992
2014-09-26,2.5727310314787712
2014-09-29,2.570059874755776
2014-09-30,2.5492942750353627
2014-10-01,2.4941100442425257
2014-10-02,2.4926051000192024
2014-10-03,2.5319097918593245
2014-10-06,2.5151578874625247
2014-10-07,2.472194603193005
2014-10-08,2.5104334398337045
2014-10-09,2.4677224862596523
2014-10-10,2.4170674364849383
2014-10-13,2.3483978107458436
2014-10-14,2.37119122508199
2014-10-15,2.33718557983564
2014-10-16,2.3664957619880593
2014-10-17,2.4081150925284174
2014-10-20,2.450136843776583
2014-10-21,2.5157452900207633
2014-10-22,2.49494390310061
2014-10-23,2.5066303617507133
2014-10-24,2.548136988691542
2014-10-27,2.5465596748018937
2014-10-28,2.5708075038107676
2014-10-29,2.567253011725172
2014-10-30,2.569955235598589
2014-10-31,2.6004355863014164
2014-11-03,2.6040394128729614
2014-11-04,2.6017155514356056
2014-11-05,2.5936438683325878
2014-11-06,2.6250598631634827
2014-11-07,2.65089439665568
2014-11-10,2.6807351217588655
2014-11-11,2.678940418207477
2014-11-12,2.6845472266549173
2014-11-13,2.683664482268431
2014-11-14,2.6665267499048184
2014-11-17,2.6648601556266036
2014-11-18,2.683211401420613
2014-11-19,2.6753854124342236
2014-11-20,2.6846036251847383
2014-11-21,2.6794035406409717
2014-11-24,2.710173436965672
2014-11-25,2.7311464196685447
2014-11-26,2.765082679706566
2014-11-28,2.7860584136702067
2014-12-01,2.7726776701014213
2014-12-02,2.7881082284671814
2014-12-03,2.79695358913963
2014-12-04,2.7926824016689658
2014-12-05,2.7974116664543436
2014-12-08,2.8140135741929724
2014-12-09,2.8055170244839553
2014-12-10,2.7569862741553
2014-12-11,2.7807502883020008
2014-12-12,2.7513601832393735
2014-12-15,2.7258835788691216
2014-12-16,2.6886258598555943
2014-12-17,2.747486793223455
2014-12-18,2.8039745834442407
2014-12-19,2.817454936712541
2014-12-22,2.8276135893140397
2014-12-23,2.797316980734848
2014-12-24,2.810153700247554
2014-12-26,2.826646665463621
2014-12-29,2.822446118271412
2014-12-30,2.8116402639522318
2014-12-31,2.79593023676655
2015-01-02,2.79188967045102
2015-01-05,2.755601022799897
2015-01-06,2.725283467274519
2015-01-07,2.7776058101929233
2015-01-08,2.8204493014101
2015-01-09,2.7787158234553337
2015-01-12,2.7763192593388126
2015-01-13,2.7757347236676004
2015-01-14,2.74476036175657
2015-01-15,2.7103892596039105
2015-01-16,2.7459652422739795
2015-01-20,2.7720244342555658
2015-01-21,2.791365168909412
2015-01-22,2.860090589355108
2015-01-23,2.86995278570157
2015-01-26,2.890275431417719
2015-01-27,2.868576421050524
2015-01-28,2.831745636121871
2015-01-29,2.8568968704699302
2015-01-30,2.7983748094807597
2015-02-02,2.806566897888915
2015-02-03,2.8130055394511797
2015-02-04,2.821373357308165
2015-02-05,2.8450002134324213
2015-02-06,2.8267068507329913
2015-02-09,2.803291583285806
2015-02-10,2.840717561461686
2015-02-11,2.8388428078973433
2015-02-12,2.8622333789748913
2015-02-13,2.8561487518211512
2015-02-17,2.866652011835735
2015-02-18,2.8834959209770883
2015-02-19,2.882347824866526
2015-02-20,2.909035760036507
2015-02-23,2.9202021664313342
2015-02-24,2.925602553237358
2015-02-25,2.9230973730551244
2015-02-26,2.8894265206235126
2015-02-27,2.885893173692821
2015-03-02,2.898580674034851
2015-03-03,2.8744661573334556
2015-03-04,2.868284745572088
2015-03-05,2.8914134477910522
2015-03-06,2.844569348218862
2015-03-09,2.8593328937189826
2015-03-10,2.822577777805335
2015-03-11,2.8236451915931156
2015-03-12,2.8583654969446743
2015-03-13,2.8501396060684905
2015-03-16,2.9023360073820323
2015-03-17,2.8841468717560392
2015-03-18,2.9081178674003603
2015-03-19,2.917330663499117
2015-03-20,2.9441072647658535
2015-03-23,2.940456966773214
2015-03-24,2.9315618912193426
2015-03-25,2.8586056444976102
2015-03-26,2.8562916221424186
2015-03-27,2.896696440251049
2015-03-30,2.9357599203451654
2015-03-31,2.904981856730241
2015-04-01,2.8820991871042705
2015-04-02,2.8853018557083168
2015-04-06,2.8920532474506455
2015-04-07,2.889311810413989
2015-04-08,2.907810791272627
2015-04-09,2.9164734881375947
2015-04-10,2.9351621295016024
2015-04-13,2.929256341664759
2015-04-14,2.9181281382881528
2015-04-15,2.91703445923725
2015-04-16,2.926826373565084
2015-04-17,2.896305048233102
2015-04-20,2.9206817335669424
2015-04-21,2.9390975171763136
2015-04-22,2.9420869649498242
2015-04-23,2.9558665109018505
2015-04-24,2.9608076075573018
2015-04-27,2.9305867963088668
2015-04-28,2.9173656250655973
2015-04-29,2.883640184474957
2015-04-30,2.8626125051527245
2015-05-01,2.9073090444891743
2015-05-04,2.923874493107082
2015-05-05,2.8888866321814026
2015-05-06,2.8944088314761096
2015-05-07,2.9130133013578927
2015-05-08,2.944506377442325
2015-05-11,2.934855928026969
2015-05-12,2.925555590094855
2015-05-13,2.926637688621298
2015-05-14,2.960608776864726
2015-05-15,2.954583674105388
2015-05-18,2.9740942123884184
2015-05-19,2.987535886788528
2015-05-20,2.9816577838027354
2015-05-21,2.979186432014856
2015-05-22,2.96594093403318
2015-05-26,2.949211069546209
2015-05-27,2.9732647682388533
2015-05-28,2.977150307582386
2015-05-29,2.971824998349117
2015-06-01,2.967279388932114
2015-06-02,2.9569480567866893
2015-06-03,2.9691114771794167
2015-06-04,2.9438327301777636
2015-06-05,2.9643256717552853
2015-06-08,2.9428835212082163
2015-06-09,2.947650548809197
2015-06-10,3.0018886451064635
2015-06-11,3.0115084979207585
2015-06-12,2.9926370586494935
2015-06-15,2.9999074282686315
2015-06-16,3.0137728458847457
2015-06-17,3.0142373201706327
2015-06-18,3.0557419611580117
2015-06-19,3.045438197075494
2015-06-22,3.0602350291792257
2015-06-23,3.0663242395081807
2015-06-24,3.017934977457738
2015-06-25,3.018220026782843
2015-06-26,2.999880348923447
2015-06-29,2.9251923472894745
2015-06-30,2.9587059700396843
2015-07-01,2.9703229967044478
2015-07-02,2.9679700137022182
2015-07-06,2.952848807370328
2015-07-07,2.9402935869982523
2015-07-08,2.884011747259779
2015-07-09,2.918198295257198
2015-07-10,2.961453007092356
2015-07-13,2.983109572755147
2015-07-14,3.0051441879597283
2015-07-15,2.988237130640689
2015-07-16,3.0489907964457728
2015-07-17,3.0486415586334488
2015-07-20,3.04301961119186
2015-07-21,3.0202879959146025
2015-07-22,3.016127743306298
2015-07-23,3.0096599186954087
2015-07-24,2.960553338572723
2015-07-27,2.9052464297516325
2015-07-28,2.9392410097089487
2015-07-29,2.9420245920602683
2015-07-30,2.960266234707992
2015-07-31,2.9768323906157588
2015-08-03,2.9741550554116905
2015-08-04,3.0236422935937233
2015-08-05,3.054079115240805
2015-08-06,3.0219039664525496
2015-08-07,3.0152359903271284
2015-08-10,3.031724095354723
2015-08-11,2.9935261339557315
2015-08-12,2.995257427272934
2015-08-13,3.013166471554137
2015-08-14,3.0230635815968645
2015-08-17,3.0541914211305636
2015-08-18,3.03421606487859
2015-08-19,3.021955066920777
2015-08-20,2.9003773347611306
2015-08-21,2.834859960769124
2015-08-24,2.702232651906556
2015-08-25,2.713807135851028
2015-08-26,2.8206132443965215
2015-08-27,2.885340341249503
2015-08-28,2.8872005776498426
2015-08-31,2.8557760337009745
2015-09-01,2.741210293340718
2015-09-02,2.75975876582379
2015-09-03,2.7577829724311465
2015-09-04,2.7509970597312434
2015-09-08,2.7688152610452286
2015-09-09,2.77078986497285
2015-09-10,2.7828039044146635
2015-09-11,2.789634749182207
2015-09-14,2.786849041161962
2015-09-15,2.790896266869043
2015-09-16,2.797491546062047
2015-09-17,2.8021995146361722
2015-09-18,2.787374752286069
2015-09-21,2.7882139036427547
2015-09-22,2.7740131538014476
2015-09-23,2.7774340373309157
2015-09-24,2.773976112538921
2015-09-25,2.762224272740456
2015-09-28,2.731177308355086
2015-09-29,2.7237678495051227
2015-09-30,2.7426006724614482
2015-10-01,2.759317512274688
2015-10-02,2.7641086783929287
2015-10-05,2.768595770834448
2015-10-06,2.76012499482684
2015-10-07,2.769204903537156
2015-10-08,2.778313702064096
2015-10-09,2.77792644054781
2015-10-12,2.783357972568909
2015-10-13,2.778224609788463
2015-10-14,2.772651967254626
2015-10-15,2.783648451758455
2015-10-16,2.7855931263513467
2015-10-19,2.793395668535906
2015-10-20,2.794558034398822
2015-10-21,2.7921074384742837
2015-10-22,2.804011152786927
2015-10-23,2.80417278261784
2015-10-26,2.803058445549936
2015-10-27,2.800337174548504
2015-10-28,2.80846400852558
2015-10-29,2.8043146349547334
2015-10-30,2.799837212560942
2015-11-02,2.8024464479810733
2015-11-03,2.808274047138768
2015-11-04,2.793908834240685
2015-11-05,2.805229280734544
2015-11-06,2.8096430005921236
2015-11-09,2.787681214561529
2015-11-10,2.8046443533622845
2015-11-11,2.817850589589519
2015-11-12,2.7760720276707147
2015-11-13,2.7485713882343976
2015-11-16,2.7896656026157722
2015-11-17,2.793630739098585
2015-11-18,2.8314136640061744
2015-11-19,2.8350582444884407
2015-11-20,2.8534321350852414
2015-11-23,2.8627740243392577
2015-11-24,2.8780623688633242
2015-11-25,2.8842750212075536
2015-11-27,2.8950430309799144
2015-11-30,2.8820270430972026
2015-12-01,2.9034260535649743
2015-12-02,2.8835350965887003
2015-12-03,2.8520784448403975
2015-12-04,2.9068823188962916
2015-12-07,2.889055776252829
2015-12-08,2.892197984409411
2015-12-09,2.8542404530104473
2015-12-10,2.8636219205377165
2015-12-11,2.8258579857969193
2015-12-14,2.8416294567532696
2015-12-15,2.8726215752837136
2015-12-16,2.88600428989988
2015-12-17,2.852480198119079
2015-12-18,2.818867431201219
2015-12-21,2.8373565783806463
2015-12-22,2.856188649558572
2015-12-23,2.875839360808477
2015-12-24,2.8758720056313236
2015-12-28,2.8806084529968046
2015-12-29,2.911175780931724
2015-12-30,2.888474077133213
2015-12-31,2.8543013507550077
2016-01-04,2.7826403608192347
2016-01-05,2.811299242477123
2016-01-06,2.7812616318677756
2016-01-07,2.712363998399985
2016-01-08,2.6732020738930524
2016-01-11,2.677269763921617
2016-01-12,2.701114685068182
2016-01-13,2.6182416968026
2016-01-14,2.663734978278903
2016-01-15,2.599437860672193
2016-01-19,2.604838834393811
2016-01-20,2.579597673951139
2016-01-21,2.581361819683136
2016-01-22,2.6373868206393243
2016-01-25,2.6038089773947086
2016-01-26,2.6220013570379264
2016-01-27,2.580035997112593
2016-01-28,2.609722570696859
2016-01-29,2.6493929931547884
2016-02-01,2.6514428767342006
2016-02-02,2.6484252953322835
2016-02-03,2.6433748669830917
2016-02-04,2.634413736968972
2016-02-05,2.6261608434131674
2016-02-08,2.6232358089990564
2016-02-09,2.6327716572456996
2016-02-10,2.635672562007284
2016-02-11,2.627731513784718
2016-02-12,2.6296554140903563
2016-02-16,2.648019094280354
2016-02-17,2.6434443957262377
2016-02-18,2.6435297500736024
2016-02-19,2.647443683581082
2016-02-22,2.6530631903996316
2016-02-23,2.6525505541381493
2016-02-24,2.6598431608400723
2016-02-25,2.6739741562187715
2016-02-26,2.655787139345216
2016-02-29,2.652308324898669
2016-03-01,2.6569521954653745
2016-03-02,2.673246805895127
2016-03-03,2.679009786098056
2016-03-04,2.679179521843477
2016-03-07,2.6826810730700257
2016-03-08,2.6746493001878457
2016-03-09,2.688162189466919
2016-03-10,2.6935538808338966
2016-03-11,2.706942670978083
2016-03-14,2.7036162887150796
2016-03-15,2.7042543126064054
2016-03-16,2.720777524440562
2016-03-17,2.735009089950532
2016-03-18,2.7295752550215244
2016-03-21,2.7274941362731835
2016-03-22,2.7220144032503306
2016-03-23,2.7088972456009084
2016-03-24,2.7101387525345184
2016-03-28,2.7138715383723158
2016-03-29,2.7364446023879347
2016-03-30,2.738211235953567
2016-03-31,2.7334300855460967
2016-04-01,2.74071423597524
2016-04-04,2.732009544332747
2016-04-05,2.7182706810859636
2016-04-06,2.735209416421733
2016-04-07,2.742027179516671
2016-04-08,2.7493839413454424
2016-04-11,2.7551085154313055
2016-04-12,2.76738447497178
2016-04-13,2.7452004635811504
2016-04-14,2.72655927975145
2016-04-15,2.7388978928545655
2016-04-18,2.753146747200211
2016-04-19,2.7777660909062893
2016-04-20,2.7503277821522714
2016-04-21,2.709761271173313
2016-04-22,2.716229495954397
2016-04-25,2.716248676069031
2016-04-26,2.726311001118424
2016-04-27,2.7466556777764457
2016-04-28,2.740223159342124
2016-04-29,2.7430239649106336
2016-05-02,2.77434706662856
2016-05-03,2.729990777472297
2016-05-04,2.7224979742042783
2016-05-05,2.718738619600179
2016-05-06,2.743732225208245
2016-05-09,2.7077129164005416
2016-05-10,2.7405492866185415
2016-05-11,2.747929927910077
2016-05-12,2.743033794108218
2016-05-13,2.7193846013702805
2016-05-16,2.754927878836007
2016-05-17,2.7339260986301004
2016-05-18,2.692356124812154
2016-05-19,2.7061170951838367
2016-05-20,2.715538178612953
2016-05-23,2.7158700844577766
2016-05-24,2.7305665638443846
2016-05-25,2.750323007589432
2016-05-26,2.7678655814381767
2016-05-27,2.7699914587690113
2016-05-31,2.782207031563522
2016-06-01,2.7781242298067617
2016-06-02,2.7897978185997863
2016-06-03,2.816446331172089
2016-06-06,2.854241305992995
2016-06-07,2.8586463874188763
2016-06-08,2.868287228436851
2016-06-09,2.84859634443739
2016-06-10,2.7859802414353987
2016-06-13,2.7772251215774615
2016-06-14,2.760886239941857
2016-06-15,2.780039996665066
2016-06-16,2.7748321188101785
2016-06-17,2.79555368074775
2016-06-20,2.820416556242109
2016-06-21,2.828750558548081
2016-06-22,2.8181303967095865
2016-06-23,2.857374795757557
2016-06-24,2.7647037502996192
2016-06-27,2.7036192641534926
2016-06-28,2.7708105319229315
2016-06-29,2.8195110825495915
2016-06-30,2.860666407376252
2016-07-01,2.8809327671696128
2016-07-05,2.868781392643904
2016-07-06,2.8899040997520613
2016-07-07,2.8775522082483564
2016-07-08,2.919880421853721
2016-07-11,2.922768938118622
2016-07-12,2.9450578531285005
2016-07-13,2.9355867922894823
2016-07-14,2.940096477288545
2016-07-15,2.9351856292624117
2016-07-18,2.95164220490748
2016-07-19,2.936028925174252
2016-07-20,2.933033639492007
2016-07-21,2.9085255539461867
2016-07-22,2.954307390129451
2016-07-25,2.964245824703241
2016-07-26,2.9780452154488057
2016-07-27,2.959519876636479
2016-07-28,2.969987029145212
2016-07-29,2.981304338672361
2016-08-01,2.9649600657834205
2016-08-02,2.940909813084575
2016-08-03,2.94166270606274
2016-08-04,2.931852584424966
2016-08-05,2.9455459821125562
2016-08-08,2.9392264734716282
2016-08-09,2.9409386920128564
2016-08-10,2.934882777211661
2016-08-11,2.94748642413973
2016-08-12,2.9542548917591844
2016-08-15,2.9727387246267107
2016-08-16,2.9397489934605265
2016-08-17,2.9341006114800985
2016-08-18,2.965403055365116
2016-08-19,2.9779496039413678
2016-08-22,2.982043645757447
2016-08-23,2.987017364253013
2016-08-24,2.9458002940892936
2016-08-25,2.9473726944036054
2016-08-26,2.936503241583384
2016-08-29,2.9559883979804904
2016-08-30,2.932830715200039
2016-08-31,2.9160906247371647
2016-09-01,2.919272636182825
2016-09-02,2.9558509911059256
2016-09-06,2.9634482529896093
2016-09-07,2.9558526806874554
2016-09-08,2.934486221213984
2016-09-09,2.841713826106963
2016-09-12,2.8807340660825695
2016-09-13,2.8254773703962264
2016-09-14,2.8273026930710254
2016-09-15,2.851294995224852
2016-09-16,2.8555090600381714
2016-09-19,2.8680213587386048
2016-09-20,2.8648204275820293
2016-09-21,2.9104726130820513
2016-09-22,2.934866732376935
2016-09-23,2.9313984065432948
2016-09-26,2.907831054128463
2016-09-27,2.9249752335805406
2016-09-28,2.932121282793677
2016-09-29,2.9031233358009345
2016-09-30,2.9293078490727518
2016-10-03,2.9076108527776543
2016-10-04,2.8875851033701743
2016-10-05,2.8982762474053394
2016-10-06,2.9017591192447014
2016-10-07,2.887026615489189
2016-10-10,2.8987246723220133
2016-10-11,2.826759875560034
2016-10-12,2.8272502699476463
2016-10-13,2.7935104236378843
2016-10-14,2.8042241701385215
2016-10-17,2.792308958906383
2016-10-18,2.8116215151905837
2016-10-19,2.8359523358196026
2016-10-20,2.8251694567999213
2016-10-21,2.8066057425638617
2016-10-24,2.8344194394446585
2016-10-25,2.829881228931687
2016-10-26,2.8258266559309857
2016-10-27,2.8035968888891802
2016-10-28,2.7900600397444792
2016-10-31,2.777383429813716
2016-11-01,2.765139839368325
2016-11-02,2.725085257797949
2016-11-03,2.711208235568239
2016-11-04,2.692127453015326
2016-11-07,2.767941384279819
2016-11-08,2.783369501441646
2016-11-09,2.8042968064859393
2016-11-10,2.780651971459795
2016-11-11,2.807377244091971
2016-11-14,2.8076889807994263
2016-11-15,2.8396324237264254
2016-11-16,2.8532979120917825
2016-11-17,2.8942644821985652
2016-11-18,2.9235754143087505
2016-11-21,2.9727076372064567
2016-11-22,2.987353394074136
2016-11-23,2.999700637828272
2016-11-25,3.007717894600725
2016-11-28,2.994864381652895
2016-11-29,2.989928798833197
2016-11-30,3.0025472132976456
2016-12-01,2.9349975141796167
2016-12-02,2.933541867625667
2016-12-05,2.9504299752484138
2016-12-06,2.9749695085562564
2016-12-07,3.0147855877340684
2016-12-08,3.0042030958101558
2016-12-09,3.0133854785023995
2016-12-12,3.000227247472205
2016-12-13,3.0090869914198084
2016-12-14,2.9843331351234483
2016-12-15,2.998557285559086
2016-12-16,2.9861844152356958
2016-12-19,2.983627051704981
2016-12-20,3.003809748439461
2016-12-21,2.994788581735625
2016-12-22,2.978749447572632
2016-12-23,2.9829740527761825
2016-12-27,2.991463418658294
2016-12-28,2.957771906766241
2016-12-29,2.9580213796512984
2016-12-30,2.94310256044279
2017-01-03,2.9531955538686794
2017-01-04,2.9882424011600883
2017-01-05,2.957373343288118
2017-01-06,2.9661552588005593
2017-01-09,2.9424967704791527
2017-01-10,2.9719383316679635
2017-01-11,2.9912737512884586
2017-01-12,2.9621083013780094
2017-01-13,2.9802140757768427
2017-01-17,2.895460721503129
2017-01-18,2.9349602481548818
2017-01-19,2.9082776929199836
2017-01-20,2.93115825151448
2017-01-23,2.912981267310097
2017-01-24,2.9485377748601924
2017-01-25,2.978523192961901
2017-01-26,3.0019090303874085
2017-01-27,2.9868599475692865
2017-01-30,2.9461822163502505
2017-01-31,2.920522279010559
2017-02-01,2.9269513232039968
2017-02-02,2.9044890495184372
2017-02-03,2.949572761421372
2017-02-06,2.9602364565491044
2017-02-07,2.9513038896674266
2017-02-08,2.934186385380557
2017-02-09,2.96901642971083
2017-02-10,2.9760868273907937
2017-02-13,2.9987677286984247
2017-02-14,3.0221104965264414
2017-02-15,3.0449006876528784
2017-02-16,3.0283563977006644
2017-02-17,3.026280516049348
2017-02-21,3.0632974636383583
2017-02-22,3.0605351091685002
2017-02-23,3.045692023955948
2017-02-24,3.0287731959470077
2017-02-27,3.0714886246091835
2017-02-28,3.046652503003974
2017-03-01,3.14550322457368
2017-03-02,3.0902960769447976
2017-03-03,3.0926426337505077
2017-03-06,3.0860630846045654
2017-03-07,3.0689895363636226
2017-03-08,3.0569447270134753
2017-03-09,3.0560700153328226
2017-03-10,3.0680907691924943
2017-03-13,3.070263453081467
2017-03-14,3.0542861822799674
2017-03-15,3.0696798322191543
2017-03-16,3.070246558204492
2017-03-17,3.0528213511447055
2017-03-20,3.056313579647402
2017-03-21,2.9669456932879394
2017-03-22,2.9771914419585412
2017-03-23,2.9801427769448976
2017-03-24,2.979062918516492
2017-03-27,2.969651050041887
2017-03-28,3.009573317597755
2017-03-29,3.0140334340031525
2017-03-30,3.039977008917613
2017-03-31,3.0336231218699163
2017-04-03,3.027693600295055
2017-04-04,3.0393752839213946
2017-04-05,3.02707979777295
2017-04-06,3.021974078882087
2017-04-07,3.0284186718186725
2017-04-10,3.021328789919596
2017-04-11,3.018292731033799
2017-04-12,2.9994476820434106
2017-04-13,2.9804802579500778
2017-04-17,2.989218786673059
2017-04-18,2.98426814123313
2017-04-19,2.9867235432049983
2017-04-20,3.0157108932431775
2017-04-21,3.0111883985763623
2017-04-24,3.0490266204565533
2017-04-25,3.072620265438949
2017-04-26,3.059389397788122
2017-04-27,3.0798998108047257
2017-04-28,3.0637415983987384
2017-05-01,3.0785791917509524
2017-05-02,3.0928457159799514
2017-05-03,3.0715910128248263
2017-05-04,3.1044534859096165
2017-05-05,3.125723848738406
2017-05-08,3.101656158159272
2017-05-09,3.1356059732652004
2017-05-10,3.151116290612891
2017-05-11,3.142312029028525
2017-05-12,3.1431014535688817
2017-05-15,3.2016560901474196
2017-05-16,3.2289900415944266
2017-05-17,3.1399779543645314
2017-05-18,3.1591658558619686
2017-05-19,3.1706981912080154
2017-05-22,3.2048869211800675
2017-05-23,3.225995689779846
2017-05-24,3.218680079933474
2017-05-25,3.2405285391790435
2017-05-26,3.231592205936224
2017-05-30,3.224538799971088
2017-05-31,3.237647965783783
2017-06-01,3.275597058167886
2017-06-02,3.3105841203893136
2017-06-05,3.3149461969349407
2017-06-06,3.3207549648072434
2017-06-07,3.324302093177923
2017-06-08,3.3505523528913055
2017-06-09,3.258309453495491
2017-06-12,3.2317928456366722
2017-06-13,3.2440598161739556
2017-06-14,3.234204843148407
2017-06-15,3.222284102668619
2017-06-16,3.2303119643422664
2017-06-19,3.2872223323267447
2017-06-20,3.266850309385943
2017-06-21,3.3080657436899568
2017-06-22,3.3105901733185097
2017-06-23,3.3318288002657974
2017-06-26,3.3018226980006196
2017-06-27,3.2308267885667306
2017-06-28,3.2850945671949066
2017-06-29,3.2151090707977965
2017-06-30,3.2231860222158324
2017-07-03,3.1907996721464813
2017-07-05,3.2056205846311503
2017-07-06,3.1624127140983087
2017-07-07,3.1976521992753755
2017-07-10,3.1935822979720667
2017-07-11,3.218918547205747
2017-07-12,3.255788922605153
2017-07-13,3.2467253525147
2017-07-14,3.270033502752725
2017-07-17,3.2617978726509174
2017-07-18,3.282019423257964
2017-07-19,3.3107227968227786
2017-07-20,3.3271286630160612
2017-07-21,3.317536639316536
2017-07-24,3.3386349976314587
2017-07-25,3.3318013508277415
2017-07-26,3.33644305287482
2017-07-27,3.294420207756639
2017-07-28,3.344987392605104
2017-07-31,3.3303925670526047
2017-08-01,3.3333981909086043
2017-08-02,3.3215611546623953
2017-08-03,3.300723807842739
2017-08-04,3.295101193281232
2017-08-07,3.3173448705474904
2017-08-08,3.3095233517022913
2017-08-09,3.297096789567692
2017-08-10,3.2209258826778973
2017-08-11,3.2345040602338058
2017-08-14,3.2812640634060224
2017-08-15,3.283582953111099
2017-08-16,3.295537611242582
2017-08-17,3.240894074804834
2017-08-18,3.2503955868064245
2017-08-21,3.2467618370016886
2017-08-22,3.3047116356934008
2017-08-23,3.2990118460424362
2017-08-24,3.3109940559813404
2017-08-25,3.2953677100686933
2017-08-28,3.298947933144625
2017-08-29,3.301906154194238
2017-08-30,3.3169149981949806
2017-08-31,3.3356542861223404
2017-09-01,3.333096584044537
2017-09-05,3.3146737106046364
2017-09-06,3.3108853204572988
2017-09-07,3.3292206135098676
2017-09-08,3.326799954742051
2017-09-11,3.3535760351039134
2017-09-12,3.352106140601406
2017-09-13,3.34735420033361
2017-09-14,3.358752835580704
2017-09-15,3.37079201269298
2017-09-18,3.3915126638445163
2017-09-19,3.4080439861968235
2017-09-20,3.41788896804823
2017-09-21,3.413123188941165
2017-09-22,3.4317229280832464
2017-09-25,3.3868784938376537
2017-09-26,3.3794168215151075
2017-09-27,3.4066751725811413
2017-09-28,3.406496885432207
2017-09-29,3.4181807722869757
2017-10-02,3.438019276638758
2017-10-03,3.432820262156767
2017-10-04,3.4148675032995786
2017-10-05,3.4254342854742905
2017-10-06,3.4230078486901276
2017-10-09,3.419695973471436
2017-10-10,3.414005593617913
2017-10-11,3.438483469108206
2017-10-12,3.4464994947438456
2017-10-13,3.45119079936221
2017-10-16,3.4545203484567986
2017-10-17,3.4269258944111796
2017-10-18,3.4476018248779936
2017-10-19,3.440705975143496
2017-10-20,3.480881597084699
2017-10-23,3.470000981537781
2017-10-24,3.4868332320188222
2017-10-25,3.459176485824093
2017-10-26,3.4636155416454555
2017-10-27,3.5443202193027257
2017-10-30,3.551115312181935
2017-10-31,3.549789646754124
2017-11-01,3.526543748750264
2017-11-02,3.5659679757845275
2017-11-03,3.583292665445498
2017-11-06,3.5746667932958918
2017-11-07,3.5692180399828968
2017-11-08,3.610192161183925
2017-11-09,3.603499509994893
2017-11-10,3.643006723891451
2017-11-13,3.650997918238719
2017-11-14,3.6386116039980725
2017-11-15,3.62531750642827
2017-11-16,3.659959635046336
2017-11-17,3.6661428127349986
2017-11-20,3.6894763557990298
2017-11-21,3.732602938853803
2017-11-22,3.7269213985123333
2017-11-24,3.742355849465752
2017-11-27,3.6878605588893354
2017-11-28,3.7076821920756613
2017-11-29,3.63460592515741
2017-11-30,3.680643744742108
2017-12-01,3.669685201328575
2017-12-04,3.6011072120043264
2017-12-05,3.5893404197505934
2017-12-06,3.5804827226472438
2017-12-07,3.6274352783301116
2017-12-08,3.6563474562809173
2017-12-11,3.6427929815315943
2017-12-12,3.65093019348869
2017-12-13,3.6367053289355025
2017-12-14,3.6264332446932306
2017-12-15,3.6462188597305296
2017-12-18,3.6571299211829404
2017-12-19,3.632742187166193
2017-12-20,3.6230595768837364
2017-12-21,3.6322937289609154
2017-12-22,3.640570113829772
2017-12-26,3.6426192260265453
2017-12-27,3.6597039906884987
2017-12-28,3.663510384159126
2017-12-29,3.6319663729268665
2018-01-02,3.6651323530380577
2018-01-03,3.692404301370087
2018-01-04,3.6945694562267835
2018-01-05,3.734361982274004
2018-01-08,3.7616578657418103
2018-01-09,3.785053620269414
2018-01-10,3.7582203973266592
2018-01-11,3.8214721801978224
2018-01-12,3.836107675578537
2018-01-16,3.799092905331382
2018-01-17,3.845874150107474
2018-01-18,3.8262464971924657
2018-01-19,3.861212453144971
2018-01-22,3.879618804901456
2018-01-23,3.882243066930034
2018-01-24,3.868587378964611
2018-01-25,3.8485128273768807
2018-01-26,3.8726889338985773
2018-01-29,3.814667042175929
2018-01-30,3.773614459992557
2018-01-31,3.7686227641489194
2018-02-01,3.768713233056902
2018-02-02,3.6710280523823218
2018-02-05,3.5258993174341766
2018-02-06,3.546810924235816
2018-02-07,3.5365499543243937
2018-02-08,3.417546489042457
2018-02-09,3.4606195508665083
2018-02-12,3.525696886473879
2018-02-13,3.5503633855258667
2018-02-14,3.6172712777809655
2018-02-15,3.669400169039271
2018-02-16,3.644665325920586
2018-02-20,3.6262439167408207
2018-02-21,3.6023028919711297
2018-02-22,3.6139860318241057
2018-02-23,3.6751372040339536
2018-02-26,3.7186681226546576
2018-02-27,3.6731958900682593
2018-02-28,3.6591309901353615
2018-03-01,3.61652100398998
2018-03-02,3.643492212582642
2018-03-05,3.696523292795175
2018-03-06,3.724477146655956
2018-03-07,3.719281900289975
2018-03-08,3.728204763012333
2018-03-09,3.8069349488401634
2018-03-12,3.780337706074835
2018-03-13,3.755338595258137
2018-03-14,3.743132816402615
2018-03-15,3.7142353335697535
2018-03-16,3.7167680050416307
2018-03-19,3.675266204071886
2018-03-20,3.699161498533871
2018-03-21,3.687287730585438
2018-03-22,3.562329448741075
2018-03-23,3.491505180377833
2018-03-26,3.5923004151924167
2018-03-27,3.5126242754737595
2018-03-28,3.489360119978427
2018-03-29,3.548071089425924
2018-04-02,3.4501194562854995
2018-04-03,3.507062499457172
2018-04-04,3.544945644990438
2018-04-05,3.574669084579837
2018-04-06,3.503295354758122
2018-04-09,3.506052956969637
2018-04-10,3.5924650712779727
2018-04-11,3.587716829687053
2018-04-12,3.636996771513349
2018-04-13,3.6150044910780132
2018-04-16,3.6480470115250583
2018-04-17,3.7218634846295027
2018-04-18,3.7214627969773852
2018-04-19,3.703479238073506
2018-04-20,3.687550498396271
2018-04-23,3.6643834911135365
2018-04-24,3.607741810913087
2018-04-25,3.5886410124319488
2018-04-26,3.6427316906471665
2018-04-27,3.6369329746808465
2018-04-30,3.6186747575514233
2018-05-01,3.599226538770962
2018-05-02,3.5933798165384583
2018-05-03,3.625291864741285
2018-05-04,3.6392410901506302
2018-05-07,3.6711928414891535
2018-05-08,3.682908299702866
2018-05-09,3.7852420198039627
2018-05-10,3.829256240043921
2018-05-11,3.863655737604337
2018-05-14,3.8544013811371363
2018-05-15,3.832791775191805
2018-05-16,3.842546935192988
2018-05-17,3.8975621038243378
2018-05-18,3.9017472177102936
2018-05-21,3.967069186452233
2018-05-22,3.9560584946688033
2018-05-23,3.958943916514718
2018-05-24,3.9832353358581796
2018-05-25,3.9803547292828383
2018-05-29,3.9909179630926075
2018-05-30,4.041845622282747
2018-05-31,4.0163990318954434
2018-06-01,4.1080163780987
2018-06-04,4.153929411159139
2018-06-05,4.175194676003715
2018-06-06,4.201736408818965
2018-06-07,4.18672463695084
2018-06-08,4.220239902210179
2018-06-11,4.248747148292608
2018-06-12,4.2819259831837355
2018-06-13,4.253867945860855
2018-06-14,4.280100405651775
2018-06-15,4.29468474201784
2018-06-18,4.33417644727567
2018-06-19,4.338890668288203
2018-06-20,4.329147369007285
2018-06-21,4.2779849539265395
2018-06-22,4.308684735203438
2018-06-25,4.21820771690537
2018-06-26,4.255403154219009
2018-06-27,4.238742939282992
2018-06-28,4.262109908387883
2018-06-29,4.258695440023588
2018-07-02,4.296427969602139
2018-07-03,4.266130836394467
2018-07-05,4.341217362854972
2018-07-06,4.411961254086616
2018-07-09,4.43272115576009
2018-07-10,4.43491159396988
2018-07-11,4.4183630622995995
2018-07-12,4.481257238821181
2018-07-13,4.451595951518033
2018-07-16,4.480719106700411
2018-07-17,4.508731137294205
2018-07-18,4.520418371210394
2018-07-19,4.502450650904267
2018-07-20,4.503768333586853
2018-07-23,4.502592657744717
2018-07-24,4.453239084037669
2018-07-25,4.516924566859644
2018-07-26,4.549099948802154
2018-07-27,4.458683962029308
2018-07-30,4.372372426106509
2018-07-31,4.396719056376029
2018-08-01,4.421266694420394
2018-08-02,4.494722236395288
2018-08-03,4.4842511513345205
2018-08-06,4.533566166822784
2018-08-07,4.540480808499725
2018-08-08,4.49530015425918
2018-08-09,4.511912786841225
2018-08-10,4.534387005288828
2018-08-13,4.526628373419395
2018-08-14,4.573112507562004
2018-08-15,4.512153773503297
2018-08-16,4.548869440467946
2018-08-17,4.582882559660481
2018-08-20,4.620970090741898
2018-08-21,4.638318009188504
2018-08-22,4.65492181179957
2018-08-23,4.684888553566766
2018-08-24,4.76711043489261
2018-08-27,4.833036731429541
2018-08-28,4.84518750728119
2018-08-29,4.88023785416373
2018-08-30,4.874993528926434
2018-08-31,4.912466204710484
2018-09-04,4.992397597600984
2018-09-05,4.918654154616032
2018-09-06,4.898464913269855
2018-09-07,4.924915091967834
2018-09-10,5.000733900263719
2018-09-11,5.0442941167943935
2018-09-12,5.044447266809954
2018-09-13,5.026073383632363
2018-09-14,5.046624075168578
2018-09-17,4.970787180204414
2018-09-18,4.995523405649295
2018-09-19,4.955688964045548
2018-09-20,4.984406614061721
2018-09-21,4.979302963856179
2018-09-24,4.999213592503571
2018-09-25,5.094208793167315
2018-09-26,5.101287401742868
2018-09-27,5.129010003003125
2018-09-28,5.107448977943893
2018-10-01,5.055806579890526
2018-10-02,4.957480361338884
2018-10-03,4.964571110240666
2018-10-04,4.903323637966455
2018-10-05,4.885335477989818
2018-10-08,4.810146888287172
2018-10-09,4.776980361099147
2018-10-10,4.547018545245052
2018-10-11,4.442213695792081
2018-10-12,4.574027685486034
2018-10-15,4.53667222997289
2018-10-16,4.687364887342205
2018-10-17,4.666032476336203
2018-10-18,4.59736047024673
2018-10-19,4.4974246998814404
2018-10-22,4.538272155644499
2018-10-23,4.501406702795934
2018-10-24,4.310067228141023
2018-10-25,4.319767967418173
2018-10-26,4.227110395675797
2018-10-29,4.197066320108805
2018-10-30,4.2854573994003164
2018-10-31,4.363822625148464
2018-11-01,4.3951817284141566
2018-11-02,4.3889052971792815
2018-11-05,4.409862895674777
2018-11-06,4.411797249059025
2018-11-07,4.43277971945009
2018-11-08,4.438514668857988
2018-11-09,4.435452568622178
2018-11-12,4.425486805918268
2018-11-13,4.417104839908651
2018-11-14,4.403749588988781
2018-11-15,4.41271925464769
2018-11-16,4.416131892558509
2018-11-19,4.400653865933275
2018-11-20,4.35845146701275
2018-11-21,4.361076282669655
2018-11-23,4.364996256126397
2018-11-26,4.3655643673322695
2018-11-27,4.3681393328572735
2018-11-28,4.395516662864229
2018-11-29,4.399060909648003
2018-11-30,4.404280473737244
2018-12-03,4.390372032701044
2018-12-04,4.3174836638692655
2018-12-06,4.3010658566451765
2018-12-07,4.230525560451967
2018-12-10,4.228457924776899
2018-12-11,4.264274360560406
2018-12-12,4.287399592791646
2018-12-13,4.319591751658213
2018-12-14,4.255458304754854
2018-12-17,4.147626064763374
2018-12-18,4.1231698967964245
2018-12-19,4.080641869120645
2018-12-20,4.021687326047748
2018-12-21,3.9890503847526353
2018-12-24,3.879282233586045
2018-12-26,4.0268542054113
2018-12-27,4.072100310255544
2018-12-28,4.060661068024275
2018-12-31,4.095135447310812
2019-01-02,4.045051364956975
2019-01-03,4.0340442250898185
2019-01-04,4.050480008451908
2019-01-07,4.048875714074362
2019-01-08,4.054253809162563
2019-01-09,4.0481829994457845
2019-01-10,4.055683688885334
2019-01-11,4.056705017630804
2019-01-14,4.046912295098065
2019-01-15,4.06372969565363
2019-01-16,4.063166670105192
2019-01-17,4.069952351219881
2019-01-18,4.073309595763494
2019-01-22,4.0705765732064325
2019-01-23,4.081369664014854
2019-01-24,4.064555354461995
2019-01-25,4.067730887460095
2019-01-28,4.069366742118111
2019-01-29,4.072434594083413
2019-01-30,4.080770246849475
2019-01-31,4.0990673087468155
2019-02-01,4.097944858398987
2019-02-04,4.11894963120422
2019-02-05,4.143402270873842
2019-02-06,4.15338402335646
2019-02-07,4.122860390055333
2019-02-08,4.148391727689121
2019-02-11,4.163576024831966
2019-02-12,4.194963203028557
2019-02-13,4.212412930251767
2019-02-14,4.2162886763859575
2019-02-15,4.248302777887359
2019-02-19,4.260352609556802
2019-02-20,4.251349961095616
2019-02-21,4.249824880803158
2019-02-22,4.287268020442622
2019-02-25,4.287795132913735
2019-02-26,4.288456101973478
2019-02-27,4.273483528926223
2019-02-28,4.276640069886651
2019-03-01,4.2812344885295275
2019-03-04,4.242774788416266
2019-03-05,4.236193790715172
2019-03-06,4.2105306936195195
2019-03-07,4.172727754530646
2019-03-08,4.1680799235295085
2019-03-11,4.2115692706868
2019-03-12,4.200483192938042
2019-03-13,4.219316697510673
2019-03-14,4.213228819413029
2019-03-15,4.2246435988638895
2019-03-18,4.232911426541608
2019-03-19,4.2339166711802045
2019-03-20,4.213588613900807
2019-03-21,4.265099845549609
2019-03-22,4.189025860036061
2019-03-25,4.192572227694854
2019-03-26,4.220284835418964
2019-03-27,4.205440214933334
2019-03-28,4.227073538670264
2019-03-29,4.265593922025984
2019-04-01,4.3003634696858
2019-04-02,4.297089413958027
2019-04-03,4.306376414750223
2019-04-04,4.2834318037233015
2019-04-05,4.306338529219014
2019-04-08,4.318726352733627
2019-04-09,4.30414056826424
2019-04-10,4.334030374679474
2019-04-11,4.3358470353789915
2019-04-12,4.352990229579697
2019-04-15,4.3539652007321425
2019-04-16,4.348824648054289
2019-04-17,4.2949603893614245
2019-04-18,4.312540851063042
2019-04-22,4.333839293473215
2019-04-23,4.386956615572408
2019-04-24,4.3711432186240415
2019-04-25,4.3362490251782395
2019-04-26,4.34805398694211
2019-04-29,4.367793799310635
2019-04-30,4.3778619641459375
2019-05-01,4.328085518759074
2019-05-02,4.352298854143207
2019-05-03,4.454552504762765
2019-05-06,4.447340023647577
2019-05-07,4.33937993986338
2019-05-08,4.360389104639949
2019-05-09,4.327904837950477
2019-05-10,4.324168944845415
2019-05-13,4.166252079304292
2019-05-14,4.263150983924905
2019-05-15,4.330876252147913
2019-05-16,4.4248882227342925
2019-05-17,4.385300071705056
2019-05-20,4.335027996749712
2019-05-21,4.364524339233533
2019-05-22,4.350326978636969
2019-05-23,4.279703746609648
2019-05-24,4.271337525703461
2019-05-28,4.289899429157316
2019-05-29,4.22559055819044
2019-05-30,4.261547612852669
2019-05-31,4.199067120091307
2019-06-03,4.166576495572186
2019-06-04,4.257093154115551
2019-06-05,4.330823014545278
2019-06-06,4.380384863834573
2019-06-07,4.423883665223655
2019-06-10,4.44454290945552
2019-06-11,4.424628413174439
2019-06-12,4.442260282325261
2019-06-13,4.441716365785779
2019-06-14,4.432666805360189
2019-06-17,4.41112432578021
2019-06-18,4.435995998700435
2019-06-19,4.482536348454576
2019-06-20,4.511598911157432
2019-06-21,4.476749519558164
2019-06-24,4.450066756897878
2019-06-25,4.38136617926193
2019-06-26,4.36652363346447
2019-06-27,4.414693741597668
2019-06-28,4.468746102625441
2019-07-01,4.496126865083595
2019-07-02,4.529378623337662
2019-07-03,4.573222102353235
2019-07-05,4.571251004670431
2019-07-08,4.5483803612853855
2019-07-09,4.563219393780598
2019-07-10,4.568350520293137
2019-07-11,4.579832845529418
2019-07-12,4.597355956700851
2019-07-15,4.5986186067416925
2019-07-16,4.578213996684256
2019-07-17,4.563363217822662
2019-07-18,4.603402875492019
2019-07-19,4.5705655150822695
2019-07-22,4.578277888397432
2019-07-23,4.586042316098276
2019-07-24,4.611332136538697
2019-07-25,4.607241231534534
2019-07-26,4.608057141750384
2019-07-29,4.551720383105539
2019-07-30,4.5438182460136485
2019-07-31,4.512457536094655
2019-08-01,4.516627956604702
2019-08-02,4.474492992292943
2019-08-05,4.3466595105365
2019-08-06,4.48185612060824
2019-08-07,4.51730760386175
2019-08-08,4.643401595681903
2019-08-09,4.663118954895838
2019-08-12,4.593896933926605
2019-08-13,4.634546080113847
2019-08-14,4.502194961578562
2019-08-15,4.544331806837866
2019-08-16,4.613010927661263
2019-08-19,4.635922290631626
2019-08-20,4.6295769898460435
2019-08-21,4.6894993325496515
2019-08-22,4.690352969313744
2019-08-23,4.587384052941632
2019-08-26,4.635889791141683
2019-08-27,4.64279569094867
2019-08-28,4.649612495692098
2019-08-29,4.68333011289511
2019-08-30,4.691754689563827
2019-09-03,4.6767196940750075
2019-09-04,4.730377429485677
2019-09-05,4.774413024553061
2019-09-06,4.763631266736814
2019-09-09,4.72756211683871
2019-09-10,4.630474798595138
2019-09-11,4.68486287229264
2019-09-12,4.726623318579513
2019-09-13,4.694925263461667
2019-09-16,4.6793902973961705
2019-09-17,4.726025411843104
2019-09-18,4.728413590042108
2019-09-19,4.711328555230785
2019-09-20,4.688450331639392
2019-09-23,4.698251201941611
2019-09-24,4.647326477431663
2019-09-25,4.678111148844655
2019-09-26,4.684617122869931
2019-09-27,4.614812782400106
2019-09-30,4.630277236236914
2019-10-01,4.560569220617979
2019-10-02,4.489964570964918
2019-10-03,4.518203484822464
2019-10-04,4.573529496939756
2019-10-07,4.543614247858807
2019-10-08,4.486438318206122
2019-10-09,4.527497652888657
2019-10-10,4.545848246807325
2019-10-11,4.560641810412735
2019-10-14,4.559504463209746
2019-10-15,4.583422318352829
2019-10-16,4.574475890656714
2019-10-17,4.589560198526258
2019-10-18,4.57024412288737
2019-10-21,4.606526986716291
2019-10-22,4.587426498101793
2019-10-23,4.5954295582026266
2019-10-24,4.664347806346768
2019-10-25,4.645133676500724
2019-10-28,4.666463609865102
2019-10-29,4.648396858965419
2019-10-30,4.687375406658289
2019-10-31,4.661707969551108
2019-11-01,4.67733927922544
2019-11-04,4.667553052765664
2019-11-05,4.661618329603207
2019-11-06,4.676102022523974
2019-11-07,4.659844056035652
2019-11-08,4.670211282203137
2019-11-11,4.660295324520754
2019-11-12,4.649927193784604
2019-11-13,4.680347298200031
2019-11-14,4.692399105698567
2019-11-15,4.724268682186946
2019-11-18,4.72393007771231
2019-11-19,4.691329623199947
2019-11-20,4.614315270674979
2019-11-21,4.580467885783754
2019-11-22,4.595949316688331
2019-11-25,4.649341379977501
2019-11-26,4.678113604336342
2019-11-27,4.681104967017266
2019-11-29,4.661612737010286
2019-12-02,4.616931536602546
2019-12-03,4.586032927011731
2019-12-04,4.618633956537203
2019-12-05,4.64202352814345
2019-12-06,4.692068072524574
2019-12-09,4.670402947219418
2019-12-10,4.69566590269094
2019-12-11,4.718106660789766
2019-12-12,4.778374491774523
2019-12-13,4.754212307731353
2019-12-16,4.817879267647643
2019-12-17,4.843701225615543
2019-12-18,4.828840047951145
2019-12-19,4.86083309148909
2019-12-20,4.874468024703145
2019-12-23,4.889860639264075
2019-12-24,4.904834304316141
2019-12-26,4.919866010037447
2019-12-27,4.908947270313247
2019-12-30,4.872073768569745
2019-12-31,4.885720318083975
2020-01-02,4.938814874731689
2020-01-03,4.919367342518217
2020-01-06,4.941916508018301
2020-01-07,4.965399794734573
2020-01-08,5.014051512962317
2020-01-09,5.040399522699097
2020-01-10,5.01863844869623
2020-01-13,5.074439854430855
2020-01-14,5.0765554085689875
2020-01-15,5.046156080058828
2020-01-16,5.09572681452354
2020-01-17,5.102914789096446
2020-01-21,5.1182845592038015
2020-01-22,5.144170738303446
2020-01-23,5.168941162284442
2020-01-24,5.1056544857833535
2020-01-27,4.993542449172095
2020-01-28,5.05731451190983
2020-01-29,5.049384585490092
2020-01-30,5.087999253997432
2020-01-31,4.994708427115605
2020-02-03,5.081199279703937
2020-02-04,5.202310761845135
2020-02-05,5.188803064517296
2020-02-06,5.21041844002174
2020-02-07,5.1868448477388975
2020-02-10,5.269771986881622
2020-02-11,5.311027298435159
2020-02-12,5.288568261470885
2020-02-13,5.305251575266533
2020-02-14,5.343954047073354
2020-02-18,5.372752718251786
2020-02-19,5.450411918304769
2020-02-20,5.4448608503197615
2020-02-21,5.371120845488656
2020-02-24,5.186855477864128
2020-02-25,5.040868901694453
2020-02-26,4.991840522494676
2020-02-27,4.7785473903452855
2020-02-28,4.728855809978944
2020-03-02,4.928977137861594
2020-03-03,4.830564256182715
2020-03-04,5.007577911965153
2020-03-05,4.8733151694084365
2020-03-06,4.74411160812187
2020-03-09,4.337984904544494
2020-03-10,4.538658926353778
2020-03-11,4.318686410424355
2020-03-12,3.8162144007886614
2020-03-13,4.014216531163688
2020-03-16,3.630720171912246
2020-03-17,3.747303821639908
2020-03-18,3.6441604075063414
2020-03-19,3.6520634712939763
2020-03-20,3.5806359403258794
2020-03-23,3.535205811804718
2020-03-24,3.6851130267107512
2020-03-25,3.6908915954374257
2020-03-26,3.814783581742649
2020-03-27,3.7715515995588
2020-03-30,3.837938601188908
2020-03-31,3.816732198820475
2020-04-01,3.75833079586325
2020-04-02,3.8049213413315037
2020-04-03,3.7897680186655895
2020-04-06,3.8410996030244493
2020-04-07,3.801476503446278
2020-04-08,3.8248681774099453
2020-04-09,3.8291162137413823
2020-04-13,3.8498015374934718
2020-04-14,3.8839721572515433
2020-04-15,3.890169994433136
2020-04-16,3.9355484003311108
2020-04-17,3.9774135054752127
2020-04-20,3.9924404613575
2020-04-21,3.949979425304798
2020-04-22,3.986190796930833
2020-04-23,3.970511712914043
2020-04-24,3.9942240645358362
2020-04-27,3.989861094633708
2020-04-28,3.9551065462589636
2020-04-29,3.979458575489232
2020-04-30,3.9754942371332254
2020-05-01,3.9631498942826773
2020-05-04,4.070500978688878
2020-05-05,4.118029400417727
2020-05-06,4.103961852881619
2020-05-07,4.172296674900376
2020-05-08,4.256639877235302
2020-05-11,4.307736843887782
2020-05-12,4.204374043545815
2020-05-13,4.200806849617943
2020-05-14,4.240842438497399
2020-05-15,4.27737522069499
2020-05-18,4.363559411137756
2020-05-19,4.315004151584874
2020-05-20,4.381113316130423
2020-05-21,4.309877049107235
2020-05-22,4.338488537941248
2020-05-26,4.251581267238412
2020-05-27,4.21515458568666
2020-05-28,4.215280923804361
2020-05-29,4.296716626598615
2020-06-01,4.306265784193076
2020-06-02,4.310591114006657
2020-06-03,4.315017273494143
2020-06-04,4.279973255831014
2020-06-05,4.337634443040373
2020-06-08,4.45307185262043
2020-06-09,4.4360987920103145
2020-06-10,4.470319653504929
2020-06-11,4.278851854519361
2020-06-12,4.30481690003243
2020-06-15,4.4347439915113105
2020-06-16,4.4305037463330965
2020-06-17,4.459956304511039
2020-06-18,4.493050990371619
2020-06-19,4.53597346324745
2020-06-22,4.49426972341864
2020-06-23,4.500239951899325
2020-06-24,4.406483234138565
2020-06-25,4.430723593887662
2020-06-26,4.3485050881111285
2020-06-29,4.420804397567296
2020-06-30,4.514293055586512
2020-07-01,4.515331935276882
2020-07-02,4.592981498495317
2020-07-06,4.653743143436192
2020-07-07,4.6819512833994885
2020-07-08,4.758159143437786
2020-07-09,4.797386603825542
2020-07-10,4.8265677699075
2020-07-13,4.742274084941754
2020-07-14,4.792315532137362
2020-07-15,4.82174611961966
2020-07-16,4.774045125042271
2020-07-17,4.853058803060665
2020-07-20,4.947355937950054
2020-07-21,4.887422255450101
2020-07-22,4.8971839548001554
2020-07-23,4.784625701196671
2020-07-24,4.73582779602732
2020-07-27,4.908427178339468
2020-07-28,4.88144255424788
2020-07-29,4.982400473395559
2020-07-30,4.995205581243289
2020-07-31,5.005558663085972
2020-08-03,5.12359314801299
2020-08-04,5.1427202969435175
2020-08-05,5.226680672270436
2020-08-06,5.283115485567761
2020-08-07,5.148521229593936
2020-08-10,5.051753962581179
2020-08-11,4.990804407068422
2020-08-12,5.0969696444442825
2020-08-13,5.139596442924301
2020-08-14,5.143512324466775
2020-08-17,5.268694263048639
2020-08-18,5.303726150364496
2020-08-19,5.3157155350823375
2020-08-20,5.406253544261037
2020-08-21,5.340847356606833
2020-08-24,5.337536829026739
2020-08-25,5.39307573879647
2020-08-26,5.495684201180648
2020-08-27,5.476081864872656
2020-08-28,5.489417408130899
2020-08-31,5.550441775394522
2020-09-01,5.6997050145885195
2020-09-02,5.687738189705596
2020-09-03,5.359961731697286
2020-09-04,5.298222648024714
2020-09-08,5.070547267954285
2020-09-09,5.17775849383523
2020-09-10,5.1012260795718944
2020-09-11,5.061553893574697
2020-09-14,5.127634878324884
2020-09-15,5.1697845765909385
2020-09-16,5.137829059470466
2020-09-17,5.059989063917804
2020-09-18,5.020559682559793
2020-09-21,5.062418062786898
2020-09-22,5.2171510987326455
2020-09-23,5.081700019127291
2020-09-24,5.0685559247949845
2020-09-25,5.147262422650508
2020-09-28,5.247352857395459
2020-09-29,5.2597087049988955
2020-09-30,5.269801343287305
2020-10-01,5.341361826209238
2020-10-02,5.2769449972732225
2020-10-05,5.411747207945622
2020-10-06,5.346764332944137
2020-10-07,5.4538996669620055
2020-10-08,5.478383133889715
2020-10-09,5.488750598939457
2020-10-12,5.523723236888206
2020-10-13,5.535558524519719
2020-10-14,5.521645073214551
2020-10-15,5.5614008059100195
2020-10-16,5.538847415190718
2020-10-19,5.462843388472729
2020-10-20,5.470217377848163
2020-10-21,5.374277155586206
2020-10-22,5.398345994272104
2020-10-23,5.440199978287948
2020-10-26,5.336194089253687
2020-10-27,5.312564236266432
2020-10-28,5.143672771579905
2020-10-29,5.182235236832481
2020-10-30,5.05951898924089
2020-11-02,5.14725530808145
2020-11-03,5.247087642422513
2020-11-04,5.192317533134227
2020-11-05,5.3753779650452795
2020-11-06,5.476672608262347
2020-11-09,5.480333512221313
2020-11-10,5.476732858155392
2020-11-11,5.526390176741203
2020-11-12,5.451098999702513
2020-11-13,5.539409998704584
2020-11-16,5.630159242338899
2020-11-17,5.655271775387572
2020-11-18,5.618114158828072
2020-11-19,5.669420733338606
2020-11-20,5.6809912128526445
2020-11-23,5.798988791012526
2020-11-24,5.898984991481454
2020-11-25,5.901116919065273
2020-11-27,5.9219694637171525
2020-11-30,5.860778601813651
2020-12-01,5.900499772800625
2020-12-02,5.925895233623414
2020-12-03,6.03725295875816
2020-12-04,6.0882603988991475
2020-12-07,6.116787065788155
2020-12-08,6.09796817060986
2020-12-09,6.035683882623743
2020-12-10,6.0421685562180185
2020-12-11,6.032435856775164
2020-12-14,5.925473258365671
2020-12-15,6.0041203815590665
2020-12-16,5.9917516481121
2020-12-17,6.049007946136569
2020-12-18,6.009115955696858
2020-12-21,6.0113581274841135
2020-12-22,6.000917477300785
2020-12-23,6.042203110328187
2020-12-24,6.016094488115329
2020-12-28,5.963136545438454
2020-12-29,5.925516472089013
2020-12-30,6.022307209791483
2020-12-31,6.030980847014699
2021-01-04,6.015997441849676
2021-01-05,6.192505303660498
2021-01-06,6.434257031209565
2021-01-07,6.612061197096073
2021-01-08,6.5959202054552595
2021-01-11,6.530335086971187
2021-01-12,6.624306119651597
2021-01-13,6.562788276298645
2021-01-14,6.737374838980163
2021-01-15,6.597896214268682
2021-01-19,6.704263362278679
2021-01-20,6.679267201266984
2021-01-21,6.602027119397107
2021-01-22,6.639908120316382
2021-01-25,6.602953864430455
2021-01-26,6.514580783060572
2021-01-27,6.291837208494119
2021-01-28,6.440479815309204
2021-01-29,6.327769581138119
2021-02-01,6.467424893813966
2021-02-02,6.584001980679455
2021-02-03,6.731990540074211
2021-02-04,6.809668927897709
2021-02-05,6.923100580415905
2021-02-08,7.168343462933759
2021-02-09,7.2643699841780185
2021-02-10,7.179257876430994
2021-02-11,7.209898358669977
2021-02-12,7.285651833465486
2021-02-16,7.294743733706122
2021-02-17,7.3223853520551
2021-02-18,7.1575998539277
2021-02-19,7.356119641487852
2021-02-22,7.303265275665583
2021-02-23,7.237931119282676
2021-02-24,7.317221318207881
2021-02-25,7.131060631090277
2021-02-26,7.127777031148689
2021-03-01,7.371516587922969
2021-03-02,7.290868801738183
2021-03-03,7.224888868876003
2021-03-04,7.0601745409728816
2021-03-05,7.211846077332188
2021-03-08,7.301997853806842
2021-03-09,7.394513551658873
2021-03-10,7.512681223329744
2021-03-11,7.774602931443846
2021-03-12,7.869858603176833
2021-03-15,7.999916999772273
2021-03-16,7.93916708518972
2021-03-17,8.027148056631203
2021-03-18,7.8750959180728834
2021-03-19,7.985039023404761
2021-03-22,7.91087071393244
2021-03-23,7.518615655306501
2021-03-24,7.2243841294121065
2021-03-25,7.280993759327213
2021-03-26,7.275899719378234
2021-03-29,7.133844995968788
2021-03-30,7.208427940764054
2021-03-31,7.322165391644569
2021-04-01,7.407982698997986
2021-04-05,7.389719173141961
2021-04-06,7.394874624593814
2021-04-07,7.3817329247636065
2021-04-08,7.37707737422874
2021-04-09,7.401957519374441
2021-04-12,7.382164096375036
2021-04-13,7.323213974104545
2021-04-14,7.438190828140399
2021-04-15,7.447883992384634
2021-04-16,7.435911531890959
2021-04-19,7.387824308361808
2021-04-20,7.183693826834726
2021-04-21,7.315012113109863
2021-04-22,7.2598364708257215
2021-04-23,7.371370716184554
2021-04-26,7.438060634975067
2021-04-27,7.494000621101389
2021-04-28,7.5985195084425925
2021-04-29,7.561157930152608
2021-04-30,7.465681328449224
2021-05-03,7.552932384585549
2021-05-04,7.542298177209285
2021-05-05,7.695606035863926
2021-05-06,7.720043025623966
2021-05-07,7.917974538136127
2021-05-10,7.860325951813434
2021-05-11,7.764059358650097
2021-05-12,7.528572545788264
2021-05-13,7.61460091299274
2021-05-14,7.776293345113571
2021-05-17,7.836725851894539
2021-05-18,7.6877174375288
2021-05-19,7.5705706184970545
2021-05-20,7.613434928777186
2021-05-21,7.586756676196489
2021-05-24,7.668479556543776
2021-05-25,7.59504743444946
2021-05-26,7.657783402637986
2021-05-27,7.711689253677729
2021-05-28,7.673336356796868
2021-06-01,7.872647845778991
2021-06-02,7.824270597729702
2021-06-03,7.846206792952601
2021-06-04,7.925696291831099
2021-06-07,7.8961447962635285
2021-06-08,7.945929461277497
2021-06-09,7.8668225396929286
2021-06-10,7.836458442799919
2021-06-11,7.87521295788866
2021-06-14,7.807326272199563
2021-06-15,7.822803305855753
2021-06-16,7.776432837616401
2021-06-17,7.606814437429103
2021-06-18,7.445012320942053
2021-06-21,7.617264594046553
2021-06-22,7.635151035413549
2021-06-23,7.624768890756233
2021-06-24,7.705661558885342
2021-06-25,7.73294409045807
2021-06-28,7.681699790661906
2021-06-29,7.669914116586248
2021-06-30,7.689450934882511
2021-07-01,7.727530252479531
2021-07-02,7.752014616385752
2021-07-06,7.734416110999064
2021-07-07,7.705850668320747
2021-07-08,7.680319102122966
2021-07-09,7.799734122858332
2021-07-12,7.840727723051406
2021-07-13,7.7889549798836955
2021-07-14,7.726675183502619
2021-07-15,7.726507886275006
2021-07-16,7.718901289741756
2021-07-19,7.675873426600703
2021-07-20,7.7928496434143035
2021-07-21,7.904795852306782
2021-07-22,7.934831367681256
2021-07-23,8.029271880594115
2021-07-26,8.041493227392301
2021-07-27,7.9953158454644795
2021-07-28,8.06104386680246
2021-07-29,8.122275123255422
2021-07-30,8.088795243648805
2021-08-02,8.078663522879959
2021-08-03,8.308246198829021
2021-08-04,8.32363356074841
2021-08-05,8.316557134037808
2021-08-06,8.364079383032518
2021-08-09,8.465484606446664
2021-08-10,8.481975263916423
2021-08-11,8.4222570973211
2021-08-12,8.501100929414891
2021-08-13,8.536542051349308
2021-08-16,8.511682947223154
2021-08-17,8.463005706744987
2021-08-18,8.38261153437343
2021-08-19,8.343734741502676
2021-08-20,8.404259734590855
2021-08-23,8.536122404124676
2021-08-24,8.519917976966262
2021-08-25,8.583182798425057
2021-08-26,8.600127378801215
2021-08-27,8.663094635449676
2021-08-30,8.68821038216615
2021-08-31,8.694630754404885
2021-09-01,8.711441042864939
2021-09-02,8.800559114372412
2021-09-03,8.86725077555064
2021-09-07,8.834261452997433
2021-09-08,8.829517959694316
2021-09-09,8.818544825733602
2021-09-10,8.78130886415644
2021-09-13,8.633426506360873
2021-09-14,8.678199901347263
2021-09-15,8.743230106751481
2021-09-16,8.717193319895955
2021-09-17,8.647390808579434
2021-09-20,8.51335864567156
2021-09-21,8.56705983460051
2021-09-22,8.613215833925814
2021-09-23,8.7134912193337
2021-09-24,8.645957682290495
2021-09-27,8.452936236218669
2021-09-28,8.2249075037069
2021-09-29,8.264812896270834
2021-09-30,8.165845826950491
2021-10-01,8.126562883909461
2021-10-04,7.964408971065611
2021-10-05,8.096990116414728
2021-10-06,8.12290596518013
2021-10-07,8.180660952160261
2021-10-08,8.144050218841633
2021-10-11,8.12744570684206
2021-10-12,8.189225209148669
2021-10-13,8.286679859362534
2021-10-14,8.399084394367929
2021-10-15,8.420735661468429
2021-10-18,8.481314255956669
2021-10-19,8.537658105010717
2021-10-20,8.560130544824414
2021-10-21,8.636757046513626
2021-10-22,8.669425366760347
2021-10-25,8.687165544350728
2021-10-26,8.6938798498792
2021-10-27,8.616798858882742
2021-10-28,8.764105652253367
2021-10-29,8.850700146645849
2021-11-01,8.816722097554738
2021-11-02,8.838740878766624
2021-11-03,8.862025657543935
2021-11-04,8.897833046276034
2021-11-05,8.997715249019244
2021-11-08,9.052515908935868
2021-11-09,9.008716929840588
2021-11-10,8.864120202983859
2021-11-11,8.889394140932348
2021-11-12,8.938787693648909
2021-11-15,8.937383729741155
2021-11-16,9.008392490313254
2021-11-17,8.997503481580159
2021-11-18,9.01558530765917
2021-11-19,9.003640575872819
2021-11-22,8.90351045249501
2021-11-23,8.945240085072053
2021-11-24,9.019793449683778
2021-11-26,8.813851377772972
2021-11-29,8.94347990165112
2021-11-30,8.68836365721117
2021-12-01,8.47544063629475
2021-12-02,8.612056721816074
2021-12-03,8.451547958187987
2021-12-06,8.358568398280797
2021-12-07,8.685310060034391
2021-12-08,8.707715697091032
2021-12-09,8.510009546090131
2021-12-10,8.659607248674092
2021-12-13,8.49637692693186
2021-12-14,8.365884007235183
2021-12-15,8.61256033567575
2021-12-16,8.47451738370849
2021-12-17,8.414488841452632
2021-12-20,8.30724500805125
2021-12-21,8.556437632275834
2021-12-22,8.679722268412869
2021-12-23,8.759369621353995
2021-12-27,8.978339738476048
2021-12-28,8.936119724172809
2021-12-29,8.920805709243437
2021-12-30,8.858187098905823
2021-12-31,8.85872005000033
2022-01-03,8.913155962903911
2022-01-04,8.936231667141538
2022-01-05,8.70842596077
2022-01-06,8.729447716573638
2022-01-07,8.603807925494435
2022-01-10,8.593979577489478
2022-01-11,8.690197397504592
2022-01-12,8.716629462307328
2022-01-13,8.602587477123356
2022-01-14,8.590466401435323
2022-01-18,8.40974934567093
2022-01-19,8.228688305661478
2022-01-20,8.051749898421912
2022-01-21,7.900439950601341
2022-01-24,7.920303420485023
2022-01-25,7.792348111422918
2022-01-26,7.792025829145783
2022-01-27,7.676863549689079
2022-01-28,7.810418774910021
2022-01-31,7.991541051167582
2022-02-01,8.028112218546692
2022-02-02,8.104253218445935
2022-02-03,7.9818090746631745
2022-02-04,8.003649764159135
2022-02-07,8.024203874690514
2022-02-08,8.03124601467016
2022-02-09,8.081364844235157
2022-02-10,7.992409192922653
2022-02-11,8.016038721421003
2022-02-14,7.871987325128699
2022-02-15,7.910070112265584
2022-02-16,7.987851162098682
2022-02-17,7.959034276992309
2022-02-18,7.893667931823134
2022-02-22,7.80265219571861
2022-02-23,7.770229108234475
2022-02-24,7.786639700039936
2022-02-25,7.988130539581724
2022-02-28,8.080819873650901
2022-03-01,8.049772260576384
2022-03-02,8.21283364814794
2022-03-03,8.241965890655301
2022-03-04,8.346614353823332
2022-03-07,8.259335189624798
2022-03-08,8.196321612492362
2022-03-09,8.237274777132907
2022-03-10,8.321340235765158
2022-03-11,8.249291317277743
2022-03-14,8.177159404720836
2022-03-15,8.19215240994377
2022-03-16,8.234288524319052
2022-03-17,8.437910888042275
2022-03-18,8.442133867923012
2022-03-21,8.59121235146909
2022-03-22,8.595641806650983
2022-03-23,8.58205356886886
2022-03-24,8.627538506323615
2022-03-25,8.751225543685285
2022-03-28,8.649779648378903
2022-03-29,8.680561838054091
2022-03-30,8.69169829867436
2022-03-31,8.58290966272305
2022-04-01,8.62671053099046
2022-04-04,8.626469077404836
2022-04-05,8.545906137709839
2022-04-06,8.596533002104398
2022-04-07,8.703581401656534
2022-04-08,8.891563760688461
2022-04-11,8.711187581890334
2022-04-12,8.772003564740901
2022-04-13,8.824378879429386
2022-04-14,8.846288960543971
2022-04-18,8.904224091814818
2022-04-19,8.90678438981797
2022-04-20,8.949799024666456
2022-04-21,8.739474442260136
2022-04-22,8.479710305425789
2022-04-25,8.329895737704943
2022-04-26,8.25240388197417
2022-04-27,8.345247187641128
2022-04-28,8.48623821218794
2022-04-29,8.212572748749025
2022-05-02,8.249093576849088
2022-05-03,8.303310666150145
2022-05-04,8.365296174807195
2022-05-05,8.282269513094267
2022-05-06,8.291515306597285
2022-05-09,8.143176953506243
2022-05-10,8.148249202236897
2022-05-11,8.15865300475245
2022-05-12,8.15477853594145
2022-05-13,8.212198377548356
2022-05-16,8.253252008033497
2022-05-17,8.303565906417697
2022-05-18,8.182692082477335
2022-05-19,8.187462816629502
2022-05-20,8.163710714286585
2022-05-23,8.247092633976536
2022-05-24,8.25131082792029
2022-05-25,8.299878383127492
2022-05-26,8.382325163692109
2022-05-27,8.422511819937823
2022-05-31,8.38500575728344
2022-06-01,8.379896340338286
2022-06-02,8.423557825603206
2022-06-03,8.387068427474263
2022-06-06,8.414868019487907
2022-06-07,8.534837276012377
2022-06-08,8.427580813994707
2022-06-09,8.259330667888
2022-06-10,8.09639632876795
2022-06-13,7.80848387488805
2022-06-14,7.7637161408010655
2022-06-15,7.755732624734128
2022-06-16,7.516469282375372
2022-06-17,7.41952948275573
2022-06-21,7.627364323875731
2022-06-22,7.553471831479948
2022-06-23,7.497548741791617
2022-06-24,7.672586040742048
2022-06-27,7.730361520069885
2022-06-28,7.6953280099798524
2022-06-29,7.6303112022530835
2022-06-30,7.59341651146378
2022-07-01,7.6587983604458145
2022-07-05,7.6517869827693294
2022-07-06,7.647055026362119
2022-07-07,7.652093278951875
2022-07-08,7.649769606351975
2022-07-11,7.6258711052329895
2022-07-12,7.617881478116264
2022-07-13,7.611518746981561
2022-07-14,7.589373478097808
2022-07-15,7.615380041912022
2022-07-18,7.582994397035841
2022-07-19,7.6040604535846645
2022-07-20,7.5815554078093745
2022-07-21,7.577516518834138
2022-07-22,7.562413512658042
2022-07-25,7.6076631597069415
2022-07-26,7.60311091059476
2022-07-27,7.599811411244807
2022-07-28,7.578900465521239
2022-07-29,7.571587791655818
2022-08-01,7.552166067280104
2022-08-02,7.543334406146454
2022-08-03,7.514909901289154
2022-08-04,7.472538522597661
2022-08-05,7.502301378906848
2022-08-08,7.528615589188946
2022-08-09,7.549999135486237
2022-08-10,7.584244472174837
2022-08-11,7.600921690463245
2022-08-12,7.619563419994504
2022-08-15,7.619412266545058
2022-08-16,7.625019266945548
2022-08-17,7.627616423824313
2022-08-18,7.651872814695988
2022-08-19,7.656363808232969
2022-08-22,7.645224680013938
2022-08-23,7.641032332229918
2022-08-24,7.67566893168265
2022-08-25,7.691919740486016
2022-08-26,7.664404435154936
2022-08-29,7.665753213599454
2022-08-30,7.613235133444429
2022-08-31,7.645649174579005
2022-09-01,7.6265565474990415
2022-09-02,7.634467156632944
2022-09-06,7.617560073032545
2022-09-07,7.667975576662575
2022-09-08,7.708202153835484
2022-09-09,7.707587605972281
2022-09-12,7.693607999145439
2022-09-13,7.62683763809468
2022-09-14,7.6418250054335015
2022-09-15,7.610895381765627
2022-09-16,7.606949803318195
2022-09-19,7.625696084822925
2022-09-20,7.587511744002435
2022-09-21,7.567112190209178
2022-09-22,7.53749655247793
2022-09-23,7.485482694645364
2022-09-26,7.4549915566883325
2022-09-27,7.481990297918592
2022-09-28,7.558161978515589
2022-09-29,7.523012063047048
2022-09-30,7.515468965065756
2022-10-03,7.565258223016821
2022-10-04,7.657217342230504
2022-10-05,7.656282647511934
2022-10-06,7.64179065838019
2022-10-07,7.623391924914316
2022-10-10,7.627286078000758
2022-10-11,7.636178935182364
2022-10-12,7.614521334450936
2022-10-13,7.661039845836963
2022-10-14,7.599126824609305
2022-10-17,7.609529017529317
2022-10-18,7.643611492222703
2022-10-19,7.643942783300336
2022-10-20,7.624036205923317
2022-10-21,7.680263621829577
2022-10-24,7.705538943032829
2022-10-25,7.714407903082426
2022-10-26,7.748340835774916
2022-10-27,7.769381945165511
2022-10-28,7.799849837474374
2022-10-31,7.8186735094460795
2022-11-01,7.8366893539895255
2022-11-02,7.783723919396983
2022-11-03,7.813347163770619
2022-11-04,7.876988424499415
2022-11-07,7.913918090138748
2022-11-08,7.931068929191963
2022-11-09,7.861767547909993
2022-11-10,8.017532443500604
2022-11-11,7.96713169371277
2022-11-14,7.965508083361164
2022-11-15,8.001434592242797
2022-11-16,7.972104010515558
2022-11-17,7.982928150642416
2022-11-18,8.035540953884455
2022-11-21,8.00985448644413
2022-11-22,8.087010720185026
2022-11-23,8.09336096032022
2022-11-25,8.116515167100172
2022-11-28,8.028153148799847
2022-11-29,8.034055681857845
2022-11-30,8.169848277099563
2022-12-01,8.144410253910971
2022-12-02,8.164302568568754
2022-12-05,8.008728260791594
2022-12-06,7.887908213056902
2022-12-07,7.8733899179255795
2022-12-08,7.924823032871949
2022-12-09,7.833884962816651
2022-12-12,7.915631346687012
2022-12-13,7.98167955156063
2022-12-14,7.985195780838612
2022-12-15,7.835065174289191
2022-12-16,7.768834037464585
2022-12-19,7.736554560452212
2022-12-20,7.769964024510106
2022-12-21,7.9026703516245655
2022-12-22,7.787297417622443
2022-12-23,7.809369704789412
2022-12-27,7.765425891484276
2022-12-28,7.620636804159142
2022-12-29,7.70436565981141
2022-12-30,7.713439773206625
2023-01-03,7.635683968737159
2023-01-04,7.692198582231912
2023-01-05,7.62704476444695
2023-01-06,7.827880847432884
2023-01-09,7.7823883892074175
2023-01-10,7.806529688714667
2023-01-11,7.819905495632037
2023-01-12,7.899442433557544
2023-01-13,7.94426204998072
2023-01-17,7.924060146632581
2023-01-18,7.7640463150374455
2023-01-19,7.622722949580061
2023-01-20,7.7091301838197275
2023-01-23,7.7491195123028875
2023-01-24,7.798310413757741
2023-01-25,7.817821814253834
2023-01-26,7.863724454376764
2023-01-27,7.857139062617919
2023-01-30,7.781864879059582
2023-01-31,7.852290022750608
2023-02-01,7.909210528233687
2023-02-02,7.778115431882473
2023-02-03,7.710872217825638
2023-02-06,7.671698055630216
2023-02-07,7.7136428404183786
2023-02-08,7.6524867522854985
2023-02-09,7.658472637260311
2023-02-10,7.673728532219774
2023-02-13,7.778393274342505
2023-02-14,7.7721161684344215
2023-02-15,7.807391900636123
2023-02-16,7.731993684452728
2023-02-17,7.690711599095768
2023-02-21,7.532899715440908
2023-02-22,7.555880574974808
2023-02-23,7.578311788955826
2023-02-24,7.512102008494037
2023-02-27,7.552153928249091
2023-02-28,7.605797525392245
2023-03-01,7.7701949567541355
2023-03-02,7.850977487210937
2023-03-03,7.990071240606284
2023-03-06,7.975756630686244
2023-03-07,7.881749375925071
2023-03-08,7.891315374416385
2023-03-09,7.703595948836806
2023-03-10,7.5608327751832345
2023-03-13,7.46341263797815
2023-03-14,7.608783203020978
2023-03-15,7.437614496876394
2023-03-16,7.598078884387974
2023-03-17,7.463479107148924
2023-03-20,7.544891741699504
2023-03-21,7.693712328688115
2023-03-22,7.5510704911962785
2023-03-23,7.554736365257562
2023-03-24,7.545344028103909
2023-03-27,7.5864979036609475
2023-03-28,7.610447936471709
2023-03-29,7.709849543311691
2023-03-30,7.767485948644785
2023-03-31,7.931444298697222
2023-04-03,7.967536748037786
2023-04-04,7.873114773254406
2023-04-05,7.747059126950379
2023-04-06,7.75219451505036
2023-04-10,7.878476116681749
2023-04-11,7.937935856587632
2023-04-12,7.878710502582392
2023-04-13,7.995486530661656
2023-04-14,8.01205451279679
2023-04-17,8.002731504334248
2023-04-18,8.07783224671736
2023-04-19,7.988432362191366
2023-04-20,7.888340445342656
2023-04-21,7.86407148397402
2023-04-24,7.8273534354707115
2023-04-25,7.729879933830388
2023-04-26,7.653825835897342
2023-04-27,7.760420008091718
2023-04-28,7.830439892806972
2023-05-01,7.822651610253491
2023-05-02,7.670389950866763
2023-05-03,7.770743298039388
2023-05-04,7.743484616638113
2023-05-05,7.835118970606444
2023-05-08,7.861195601361628
2023-05-09,7.812353740959582
2023-05-10,7.8221139391391645
2023-05-11,7.789752452768277
2023-05-12,7.752901536680417
2023-05-15,7.813307536809568
2023-05-16,7.802288408275272
2023-05-17,7.930225970487019
2023-05-18,8.063672185734355
2023-05-19,8.052034357234522
2023-05-22,8.0319837874788
2023-05-23,7.890428477962196
2023-05-24,7.870850846612142
2023-05-25,8.192695007036217
2023-05-26,8.338249281750578
2023-05-30,8.385744204115094
2023-05-31,8.256292256385747
2023-06-01,8.363175058406298
2023-06-02,8.431407573606885
2023-06-05,8.465131232230853
2023-06-06,8.484336134128323
2023-06-07,8.396271049026797
2023-06-08,8.50582568396034
2023-06-09,8.535970665359244
2023-06-12,8.639188092982607
2023-06-13,8.68682706129516
2023-06-14,8.699513247658146
2023-06-15,8.797340500422042
2023-06-16,8.747692009407533
2023-06-20,8.72793618683098
2023-06-21,8.672222121799162
2023-06-22,8.65525761836427
2023-06-23,8.576832058694537
2023-06-26,8.563006649255243
2023-06-27,8.798056376784809
2023-06-28,8.849630574196315
2023-06-29,8.86884558737517
2023-06-30,8.996205519926404
2023-07-03,9.00600440128583
2023-07-05,9.03421206906688
2023-07-06,8.844413072983368
2023-07-07,9.047134739875448
2023-07-10,9.317424056557535
2023-07-11,9.411714789501925
2023-07-12,9.585736099341828
2023-07-13,9.704347694906739
2023-07-14,9.65210865636917
2023-07-17,9.723915056094507
2023-07-18,9.916441242718768
2023-07-19,10.176639279851429
2023-07-20,9.911387483827868
2023-07-21,9.83874681474735
2023-07-24,9.87897421950991
2023-07-25,9.974963006224618
2023-07-26,9.983343343243897
2023-07-27,10.011044873949741
2023-07-28,10.27620651103657
2023-07-31,10.38180976139488
2023-08-01,10.465274715359772
2023-08-02,10.558020192693785
2023-08-03,10.510655080371787
2023-08-04,10.474888677978395
2023-08-07,10.598734971188147
2023-08-08,10.476254949904387
2023-08-09,10.034389554875077
2023-08-10,10.200545562371856
2023-08-11,10.136003627953919
2023-08-14,10.313079300514012
2023-08-15,10.192099862761985
2023-08-16,10.019942687473746
2023-08-17,9.748201562482588
2023-08-18,9.839633972146023
2023-08-21,9.95622240849291
2023-08-22,9.897992188964766
2023-08-23,10.112161446563537
2023-08-24,9.888122537967037
2023-08-25,10.019333050702052
2023-08-28,10.216791154855528
2023-08-29,10.45063309809685
2023-08-30,10.562492239080978
2023-08-31,10.529811137544664
2023-09-01,10.56221994709268
2023-09-05,10.370089012086313
2023-09-06,10.362718665479925
2023-09-07,10.366570917406298
2023-09-08,10.36080170394606
2023-09-11,10.480874552107776
2023-09-12,10.339139393379055
2023-09-13,10.252035260169611
2023-09-14,10.47356675777507
2023-09-15,10.238385389061644
2023-09-18,10.263507648305941
2023-09-19,10.131326006774579
2023-09-20,9.975770386518041
2023-09-21,9.721902313667242
2023-09-22,9.717382602733295
2023-09-25,9.732976703158956
2023-09-26,9.606185284039674
2023-09-27,9.716004069616902
2023-09-28,9.797227874796764
2023-09-29,9.795404416941896
2023-10-02,9.759449273322351
2023-10-03,9.63258558475878
2023-10-04,9.725575715905942
2023-10-05,9.742703113972883
2023-10-06,9.897528572331376
2023-10-09,10.002372672270285
2023-10-10,10.091701576502716
2023-10-11,10.191310642914049
2023-10-12,10.116048995207265
2023-10-13,10.001837399311333
2023-10-16,10.148522693270312
2023-10-17,10.192388885241073
2023-10-18,10.061699744619022
2023-10-19,9.936422017001206
2023-10-20,9.778752091729958
2023-10-23,9.739908131102457
2023-10-24,9.85041249002258
2023-10-25,9.734355413121872
2023-10-26,9.69748764326008
2023-10-27,9.59568614002563
2023-10-30,9.709562413659222
2023-10-31,9.730371136589321
2023-11-01,9.826747398881105
2023-11-02,9.905626933601013
2023-11-03,10.023376937646871
2023-11-06,10.094156887938915
2023-11-07,10.058285816915982
2023-11-08,10.065216464358178
2023-11-09,10.009971141048657
2023-11-10,10.141097917559959
2023-11-13,10.199252280405076
2023-11-14,10.382570784439558
2023-11-15,10.360497201214594
2023-11-16,10.29907340292101
2023-11-17,10.36037610265565
2023-11-20,10.436274998282535
2023-11-21,10.39226556279178
2023-11-22,10.463543338079045
2023-11-24,10.485048791174338
2023-11-27,10.495912738799097
2023-11-28,10.606881708125796
2023-11-29,10.583479073083318
2023-11-30,10.718388754503009
2023-12-01,10.728081186950199
2023-12-04,10.820490194188622
2023-12-05,10.81250678396843
2023-12-06,10.667190901526402
2023-12-07,10.728435305010315
2023-12-08,10.876660297291755
2023-12-11,10.852793795203935
2023-12-12,10.932302480068307
2023-12-13,11.116044501160037
2023-12-14,11.173103643957091
2023-12-15,11.159500766472876
2023-12-18,11.20721123859735
2023-12-19,11.339987873467622
2023-12-20,11.181797633408047
2023-12-21,11.358641121262902
2023-12-22,11.444271178213619
2023-12-26,11.461154451210744
2023-12-27,11.634645595515513
2023-12-28,11.666536106940598
2023-12-29,11.532906796428811
2024-01-02,11.42697444648204
2024-01-03,11.258808463166497
2024-01-04,11.27218215574531
2024-01-05,11.241614834534163
2024-01-08,11.40818286359893
2024-01-09,11.377107155135889
2024-01-10,11.380976895108068
2024-01-11,11.290961668592853
2024-01-12,11.135262491402436
2024-01-16,11.086633735959685
2024-01-17,11.048867750590038
2024-01-18,11.041072433273857
2024-01-19,11.19719010579746
2024-01-22,11.255761076162784
2024-01-23,11.224415756399459
2024-01-24,11.163765268056054
2024-01-25,11.224553540318745
2024-01-26,11.132907195436449
2024-01-29,11.233908385396827
2024-01-30,11.163046250717594
2024-01-31,11.029477144824977
2024-02-01,11.171736282814846
2024-02-02,11.362956803276099
2024-02-05,11.282084724089817
2024-02-06,11.302701815005092
2024-02-07,11.471083355923035
2024-02-08,11.54565016173603
2024-02-09,11.633955800306879
2024-02-12,11.536973519168932
2024-02-13,11.397265710347684
2024-02-14,11.678014144949254
2024-02-15,11.763280801578986
2024-02-16,11.653921993063836
2024-02-20,11.504296103132882
2024-02-21,11.362828896432145
2024-02-22,11.689290228677036
2024-02-23,11.71171981621207
2024-02-26,11.801739731781732
2024-02-27,11.859381197696633
2024-02-28,11.866908694633466
2024-02-29,12.064287436426628
2024-03-01,12.191868434205361
2024-03-04,12.45379807059347
2024-03-05,12.364048737672048
2024-03-06,12.636662830187582
2024-03-07,12.779793838655129
2024-03-08,12.630831689632638
2024-03-11,12.377793101408875
2024-03-12,12.689601863972362
2024-03-13,12.733425308050219
2024-03-14,12.574267635890202
2024-03-15,12.5291457811596
2024-03-18,12.560153509902962
2024-03-19,12.467932842177309
2024-03-20,12.666759617803807
2024-03-21,12.900212463714091
2024-03-22,12.904603330719324
2024-03-25,13.021840853153085
2024-03-26,12.993372156878046
2024-03-27,12.990015264483356
2024-03-28,13.010778304210449
2024-04-01,12.995858238676105
2024-04-02,12.877947539008439
2024-04-03,13.030587597565656
2024-04-04,12.765479729780946
2024-04-05,12.866085124473468
2024-04-08,12.915881480810814
2024-04-09,12.597911461940644
2024-04-10,12.726115736293714
2024-04-11,12.867214249447388
2024-04-12,12.578399327671157
2024-04-15,12.267308445337328
2024-04-16,12.29473164127378
2024-04-17,12.129020229641819
2024-04-18,12.083330850997797
2024-04-19,11.692466064289357
2024-04-22,11.976214966590573
2024-04-23,12.203047316363081
2024-04-24,12.17330156786536
2024-04-25,12.341629896115547
2024-04-26,12.476554388827921
2024-04-29,12.579455085591519
2024-04-30,12.22736057965832
2024-05-01,12.146952363629344
2024-05-02,12.660368293553525
2024-05-03,12.913921164632633
2024-05-06,13.19373851045919
2024-05-07,13.067261172880734
2024-05-08,13.184179968520601
2024-05-09,13.542597326804332
2024-05-10,13.514335480258525
2024-05-13,13.388184760165252
2024-05-14,13.47774739709906
2024-05-15,13.765556035700403
2024-05-16,13.49003043082811
2024-05-17,13.441357223223346
2024-05-20,13.508562754263956
2024-05-21,13.56964640662815
2024-05-22,13.398623577790525
2024-05-23,13.45553174534237
2024-05-24,13.762791607191678
2024-05-28,13.753754440133225
2024-05-29,13.647265876899116
2024-05-30,13.630803444984766
2024-05-31,13.498580459785646
2024-06-03,13.33679762706409
2024-06-04,13.18887732783669
2024-06-05,13.455410404302508
2024-06-06,13.186982229487338
2024-06-07,13.146099157795224
2024-06-10,13.371945328325316
2024-06-11,13.32561441318828
2024-06-12,13.403528044007789
2024-06-13,13.426262801443041
2024-06-14,13.262829254229413
2024-06-17,13.250606287475861
2024-06-18,13.410997252412843
2024-06-20,13.361354719678014
2024-06-21,13.293519945708864
2024-06-24,13.264523326257214
2024-06-25,13.324535319057121
2024-06-26,13.146169321054611
2024-06-27,13.149332674118273
2024-06-28,12.974832123745065
2024-07-01,12.95904366158718
2024-07-02,12.961050285086403
2024-07-03,13.006967186729126
2024-07-05,13.059188886138866
2024-07-08,13.063500292113062
2024-07-09,13.13003540193245
2024-07-10,13.314023163065873
2024-07-11,13.252725060697408
2024-07-12,13.390335731841617
2024-07-15,13.4816394305664
2024-07-16,13.544557727493165
2024-07-17,13.143663563484036
2024-07-18,13.096804054836001
2024-07-19,13.084133199681398
2024-07-22,13.256519669736905
2024-07-23,13.222535088313796
2024-07-24,12.788026427462986
2024-07-25,12.701739691031378
2024-07-26,12.878828201639672
2024-07-29,12.837890178514803
2024-07-30,12.64270060332891
2024-07-31,12.91865960369493
2024-08-01,12.852737141071762
2024-08-02,12.480290498463846
2024-08-05,12.124340067900683
2024-08-06,12.333136643360698
2024-08-07,12.137663959080111
2024-08-08,12.513795350207833
2024-08-09,12.592592741886865
2024-08-12,12.571931149948059
2024-08-13,12.73994065734527
2024-08-14,12.707027099920083
2024-08-15,12.885777560380424
2024-08-16,12.960360233027242
2024-08-19,13.1041277523247
2024-08-20,13.012454319676188
2024-08-21,13.1662302961907
2024-08-22,13.10898757828511
2024-08-23,13.349868798278997
2024-08-26,13.273798459123066
2024-08-27,13.305597247648642
2024-08-28,13.19228555016025
2024-08-29,13.126941919318783
2024-08-30,13.114124056887478
2024-09-03,12.786269829874005
2024-09-04,12.78908365848741
2024-09-05,12.659455886825462
2024-09-06,12.478207320154327
2024-09-09,12.581498928503413
2024-09-10,12.598832543016533
2024-09-11,12.618105631915588
2024-09-12,12.771656843002592
2024-09-13,12.89403568284768
2024-09-16,13.066945712532894
2024-09-17,13.093422045693185
2024-09-18,13.102844717353218
2024-09-19,13.244490294502729
2024-09-20,13.309531716774316
2024-09-23,13.37676395431594
2024-09-24,13.407740769962714
2024-09-25,13.33560208953192
2024-09-26,13.273924910916648
2024-09-27,13.25834709821331
2024-09-30,13.32214223611831
2024-10-01,13.40091116527287
2024-10-02,13.390536617464422
2024-10-03,13.306195726417313
2024-10-04,13.34427791910999
2024-10-07,13.218150002041346
2024-10-08,13.274906953993808
2024-10-09,13.323622159671919
2024-10-10,13.22144967508856
2024-10-11,13.37740222151126
2024-10-14,13.467684461847588
2024-10-15,13.462828322042384
2024-10-16,13.53894736126739
2024-10-17,13.489634426822706
2024-10-18,13.527523656847213
2024-10-21,13.381452560405947
2024-10-22,13.368895457230071
2024-10-23,13.34992195892518
2024-10-24,13.406195625476634
2024-10-25,13.273589336815649
2024-10-28,13.348077225760408
2024-10-29,13.372239351388103
2024-10-30,13.389095661825143
2024-10-31,13.268445663634413
2024-11-01,13.094036294264233
2024-11-04,13.003531782911217
2024-11-05,13.49866412675797
2024-11-06,13.895232992359988
2024-11-07,14.578453863223745
2024-11-08,15.056872804329007
2024-11-11,15.11730653738886
2024-11-12,15.004130032395624
2024-11-13,14.959965094906382
2024-11-14,14.816831199716612
2024-11-15,14.89801215275622
2024-11-18,14.961321370853598
2024-11-19,15.310713398507204
2024-11-20,15.322929683116818
2024-11-21,15.544807897115998
2024-11-22,15.872300810748861
2024-11-25,15.70991685084226
2024-11-26,15.836557954289216
2024-11-27,15.784950482323124
2024-11-29,15.907460505291553
2024-12-02,15.7074138016021
2024-12-03,15.921084454834206
2024-12-04,15.96684260843412
2024-12-05,15.89132393478917
2024-12-06,15.976730071649184
2024-12-09,15.357324319228612
2024-12-10,15.178811517760499
2024-12-11,15.394337412751051
2024-12-12,15.234721849695944
2024-12-13,15.29503808529361
2024-12-16,15.36785972330699
2024-12-17,15.178115325872922
2024-12-18,14.479918011813341
2024-12-19,14.447391484760987
2024-12-20,14.896789898757403
2024-12-23,14.837384202258129
2024-12-24,15.041758225497068
2024-12-26,14.96009817586049
2024-12-27,14.724665824956622
2024-12-30,14.508897573851073
2024-12-31,14.347271329836625
2025-01-02,14.41153225314928
2025-01-03,14.644163293198652
2025-01-06,14.65251712577683
2025-01-07,14.364745346800788
2025-01-08,14.449765736447082
2025-01-10,14.26957810367291
2025-01-13,14.22326290978931
2025-01-14,14.449393021975283
2025-01-15,14.68434010134422
2025-01-16,14.78207301183711
2025-01-17,15.018443457283936
2025-01-21,15.26922438075372
2025-01-22,15.29070986626861
2025-01-23,15.322881571316596
2025-01-24,15.361186392824278
2025-01-27,15.144142615649367
2025-01-28,15.55497149444907
2025-01-29,15.635612059652335
2025-01-30,15.862198479022272
2025-01-31,15.684777165404315
2025-02-03,15.649668981782026
2025-02-04,16.096922931868203
2025-02-05,16.185052998663267
2025-02-06,16.39045512701999
2025-02-07,16.333996632946743
2025-02-10,16.33967178259111
2025-02-11,16.15818969579301
2025-02-12,16.394724902632934
2025-02-13,17.042710457946747
2025-02-14,17.307474893024427
2025-02-18,17.325007514771478
2025-02-19,17.035455045711352
2025-02-20,16.440323121255872
2025-02-21,15.806382069520335
2025-02-24,15.568308064472715
2025-02-25,15.111721519962899
2025-02-26,15.141267304683044
2025-02-27,14.899658792896245
2025-02-28,15.092964711907886
2025-03-03,14.830311993389754
2025-03-04,14.515288563304722
2025-03-05,14.63803837879706
2025-03-06,14.358430789108343
2025-03-07,14.340875074483446
2025-03-10,13.821432077577295
2025-03-11,13.717370681934339
2025-03-12,13.748023886458105
2025-03-13,13.498776125856262
2025-03-14,13.792681691592563
2025-03-17,13.98504684730146
2025-03-18,13.885400158162794
2025-03-19,14.085745873238892
2025-03-20,14.086774416591334
2025-03-21,14.109771555109274
2025-03-24,14.380868614590614
2025-03-25,14.419120821253886
2025-03-26,14.352718366166739
2025-03-27,14.322767502706796
2025-03-28,14.093201024365133
2025-03-31,14.274510592175348
2025-04-01,14.31692258324415
2025-04-02,14.350921654054474
2025-04-03,13.909563209926617
2025-04-04,13.117242377156106
2025-04-07,12.966167241098296
2025-04-08,12.77143726556299
2025-04-09,13.512395416638618
2025-04-10,13.175386071572754
2025-04-11,13.337161199261601
2025-04-14,13.504815013486871
2025-04-15,13.479140785286164
2025-04-16,13.30667904876778
2025-04-17,13.376757297722289
2025-04-21,13.138020608674529
2025-04-22,13.392425625520156
2025-04-23,13.447769098121386
2025-04-24,13.577136179704157
2025-04-25,13.527485312674662
2025-04-28,13.603964322612597
2025-04-29,13.668823278165478
2025-04-30,13.716521551609105
2025-05-01,13.650463611580978
2025-05-02,13.679659145592291
2025-05-05,13.694409814688191
2025-05-06,13.671263388705192
2025-05-07,13.690297980817128
2025-05-08,13.660754531268529
2025-05-09,13.64934955946771
2025-05-12,13.581860689476512
2025-05-13,13.584661715878845
2025-05-14,13.587327062095898
2025-05-15,13.677818448068917
2025-05-16,13.708360628611755
2025-05-19,13.73637301692973
2025-05-20,13.730376268015023
2025-05-21,13.693177181860706
2025-05-22,13.683848712617282
2025-05-23,13.711178099320476
2025-05-27,13.715013277450483
2025-05-28,13.705242706863398
2025-05-29,13.694382395796138
2025-05-30,13.76458395462453
2025-06-02,13.775115791535358
2025-06-03,13.95640455964316
2025-06-04,13.864801980528425
2025-06-05,13.818417192506885
2025-06-06,13.901037618399872
2025-06-09,13.852733010338275
2025-06-10,13.75746456469567
2025-06-11,13.860636258219792
2025-06-12,13.944202696984311
2025-06-13,13.955395420296067
2025-06-16,14.06307573992747
2025-06-17,14.033258247413428
2025-06-18,14.048071753599741
2025-06-20,14.018406833010173
2025-06-23,14.150310038763005
2025-06-24,14.205380456385639
2025-06-25,14.146709767124078
2025-06-26,14.278978256727333
2025-06-27,14.28350542249352
2025-06-30,14.393419908151397
2025-07-01,14.274095221229645
2025-07-02,14.368493554233373
2025-07-03,14.463162048912164
2025-07-07,14.482633906191365
2025-07-08,14.315991604966865
2025-07-09,14.381438773631423
2025-07-10,14.354015881251216
2025-07-11,14.310787512298905
2025-07-14,14.411958907418086
2025-07-15,14.31402261453277
2025-07-16,14.34974011773556
2025-07-17,14.397541925018901
2025-07-18,14.539958173046143
2025-07-21,14.45031449098188
2025-07-22,14.317891395217558
2025-07-23,14.638251376626792
2025-07-24,14.578595739283253
2025-07-25,14.706037844643568
2025-07-28,14.683978717811868
2025-07-29,14.617979158525195
2025-07-30,14.613173171568153
2025-07-31,14.545437335641301
2025-08-01,14.411002400559502
2025-08-04,14.73993397653135
2025-08-05,14.606154794120092
2025-08-06,14.286299953190815
2025-08-07,14.325972302238089
2025-08-08,14.439935024673167
2025-08-11,14.428467823411966
2025-08-12,14.689058358960898
2025-08-13,14.531186049766148
2025-08-14,14.455979911868308
2025-08-15,14.416167499540588
2025-08-18,14.546027444038193
2025-08-19,14.255490295460234
2025-08-20,14.192651686558944
2025-08-21,14.14045791730533
2025-08-22,14.385383611524595
2025-08-25,14.423762527120362
2025-08-26,14.51597287217487
2025-08-27,14.533257030105045
2025-08-28,14.719877865731183
2025-08-29,14.42642249550142
2025-09-02,14.311455243989233
2025-09-03,14.321546277647359
2025-09-04,14.611619544781503
2025-09-05,14.566641774311977
2025-09-08,15.000562164976865
2025-09-09,15.18423083533219
2025-09-10,15.389871754285904
2025-09-11,15.415853469527464
2025-09-12,15.316650970462028
2025-09-15,15.39019828591982
2025-09-16,15.376617788274553
2025-09-17,15.30559796995115
2025-09-18,15.475413702823058
2025-09-19,15.580853482327287
2025-09-22,15.749562666562664
2025-09-23,15.720053086557055
2025-09-24,15.56249596997623
2025-09-25,15.418741809991733
2025-09-26,15.500957144470002
2025-09-29,15.788654842146292
2025-09-30,16.021950604198548
2025-10-01,16.262084267492654
2025-10-02,16.246072419796228
2025-10-03,16.188838766772296
2025-10-06,15.93169939308277
2025-10-07,15.817541457591302
2025-10-08,16.063363982934813
2025-10-09,15.968904584416343
2025-10-10,15.3661881268063
2025-10-13,15.764821014277125
2025-10-14,15.6015142350647
2025-10-15,15.824048732492484
2025-10-16,15.886111625678334
2025-10-17,15.838962250464673
2025-10-20,15.830101824965121
2025-10-21,15.734141107718443
2025-10-22,15.570781851043117
2025-10-23,16.062453047054
2025-10-24,16.616272720224636
2025-10-27,16.848322918888698
2025-10-28,16.750088847519876
2025-10-29,17.312733434615836
2025-10-30,17.051228316628563
2025-10-31,17.250914839728523
2025-11-03,17.33274537057895
2025-11-04,16.721142990892126
2025-11-05,17.550913090851747
2025-11-06,17.43829886334845
2025-11-07,17.543361604884574
2025-11-10,18.14464639354039
2025-11-11,17.760313763756212
2025-11-12,17.750708129534658
2025-11-13,16.981652210748937
2025-11-14,16.93225066745639
2025-11-17,16.80933162231037
2025-11-18,16.590918184220875
2025-11-19,16.8224064174503
2025-11-20,15.926949732734586
2025-11-21,16.213256849771895
2025-11-24,17.099569518209474
2025-11-25,17.24136075854331
2025-11-26,17.719612324106897
2025-11-28,18.15198929342378
2025-12-01,18.01796794227441
2025-12-02,18.061068289456685
2025-12-03,17.99712500148236
2025-12-04,18.017219793241658
2025-12-05,18.381203356278345
2025-12-08,18.53344255048061
2025-12-09,18.68875754874308
2025-12-10,19.13242182380037
2025-12-11,19.34032346971136
2025-12-12,18.64783068568425
2025-12-15,18.632741926364066
2025-12-16,18.442737266590065
2025-12-17,18.066467130323357
2025-12-18,18.32148041426205
2025-12-19,18.911642765072525
2025-12-22,19.09105360187705
2025-12-23,19.15905137117038
2025-12-24,19.309576617260394
2025-12-26,19.29536629440617
2025-12-29,19.20473971946858
2025-12-30,19.147753069104766
