date,dual_sleeve_v6_multifactor_aggressive
2000-01-03,1.0
2000-01-04,1.0
2000-01-05,1.0
2000-01-06,1.0
2000-01-07,1.0
2000-01-10,1.0
2000-01-11,1.0
2000-01-12,1.0
2000-01-13,1.0
2000-01-14,1.0
2000-01-18,1.0
2000-01-19,1.0
2000-01-20,1.0
2000-01-21,1.0
2000-01-24,1.0
2000-01-25,1.0
2000-01-26,1.0
2000-01-27,1.0
2000-01-28,1.0
2000-01-31,1.0
2000-02-01,0.9996
2000-02-02,0.9996
2000-02-03,0.9996
2000-02-04,0.9996
2000-02-07,0.9996
2000-02-08,0.9996
2000-02-09,0.9996
2000-02-10,0.9996
2000-02-11,0.9996
2000-02-14,0.9996
2000-02-15,0.9996
2000-02-16,0.9996
2000-02-17,0.9996
2000-02-18,0.9996
2000-02-22,0.9996
2000-02-23,0.9996
2000-02-24,0.9996
2000-02-25,0.9996
2000-02-28,0.9996
2000-02-29,0.9996
2000-03-01,0.9996
2000-03-02,0.9996
2000-03-03,0.9996
2000-03-06,0.9996
2000-03-07,0.9996
2000-03-08,0.9996
2000-03-09,0.9996
2000-03-10,0.9996
2000-03-13,0.9996
2000-03-14,0.9996
2000-03-15,0.9996
2000-03-16,0.9996
2000-03-17,0.9996
2000-03-20,0.9996
2000-03-21,0.9996
2000-03-22,0.9996
2000-03-23,0.9996
2000-03-24,0.9996
2000-03-27,0.9996
2000-03-28,0.9996
2000-03-29,0.9996
2000-03-30,0.9996
2000-03-31,0.9996
2000-04-03,0.9996
2000-04-04,0.9996
2000-04-05,0.9996
2000-04-06,0.9996
2000-04-07,0.9996
2000-04-10,0.9996
2000-04-11,0.9996
2000-04-12,0.9996
2000-04-13,0.9996
2000-04-14,0.9996
2000-04-17,0.9996
2000-04-18,0.9996
2000-04-19,0.9996
2000-04-20,0.9996
2000-04-24,0.9996
2000-04-25,0.9996
2000-04-26,0.9996
2000-04-27,0.9996
2000-04-28,0.9996
2000-05-01,0.9996
2000-05-02,0.9996
2000-05-03,0.9996
2000-05-04,0.9996
2000-05-05,0.9996
2000-05-08,0.9996
2000-05-09,0.9996
2000-05-10,0.9996
2000-05-11,0.9996
2000-05-12,0.9996
2000-05-15,0.9996
2000-05-16,0.9996
2000-05-17,0.9996
2000-05-18,0.9996
2000-05-19,0.9996
2000-05-22,0.9996
2000-05-23,0.9996
2000-05-24,0.9996
2000-05-25,0.9996
2000-05-26,0.9996
2000-05-30,1.001138439875165
2000-05-31,1.0021044252315106
2000-06-01,1.003322738507256
2000-06-02,1.0057404743093998
2000-06-05,1.0050190109169088
2000-06-06,1.0046567137399511
2000-06-07,1.0048746531467179
2000-06-08,1.0040041384530742
2000-06-09,1.0039677055562328
2000-06-12,1.004296042613939
2000-06-13,1.004478068786906
2000-06-14,1.0047326497327795
2000-06-15,1.0034257178815815
2000-06-16,1.0014485180961656
2000-06-19,1.0023015336882677
2000-06-20,1.0008630125118616
2000-06-21,1.000953068111379
2000-06-22,1.0000588516022193
2000-06-23,0.9998339277173698
2000-06-26,1.0000966297898526
2000-06-27,1.000059244809429
2000-06-28,0.9996094860701298
2000-06-29,0.9991208311689634
2000-06-30,0.9981782074039522
2000-07-03,0.9972676504180269
2000-07-05,0.9984507608852115
2000-07-06,0.998185685325976
2000-07-07,0.9997032916716875
2000-07-10,0.9998535125518659
2000-07-11,1.0004166120652571
2000-07-12,1.0004913190485034
2000-07-13,1.0007529739965717
2000-07-14,1.0009395117745685
2000-07-17,0.9995979228050978
2000-07-18,0.9992594518260313
2000-07-19,0.9994102298024495
2000-07-20,1.0004266419588923
2000-07-21,0.9994168980116602
2000-07-24,0.998664002335225
2000-07-25,0.9989288315032208
2000-07-26,0.9984378951725656
2000-07-27,0.9991198528745466
2000-07-28,0.9968568699773616
2000-07-31,0.9980435050861591
2000-08-01,0.9991452306215486
2000-08-02,1.000502976492822
2000-08-03,1.0008395542250381
2000-08-04,1.0024063480762357
2000-08-07,1.0036621756595312
2000-08-08,1.0032591199224705
2000-08-09,1.0024510965979085
2000-08-10,1.0027464119835054
2000-08-11,1.0040730433405805
2000-08-14,1.0052423724141843
2000-08-15,1.0048071391142368
2000-08-16,1.0036434656384907
2000-08-17,1.004522860034209
2000-08-18,1.0043406973629345
2000-08-21,1.0047419535269442
2000-08-22,1.005178545582709
2000-08-23,1.0048157117389602
2000-08-24,1.0045248026924785
2000-08-25,1.0043791290418849
2000-08-28,1.0050354842451004
2000-08-29,1.0043819034489179
2000-08-30,1.0044912857623742
2000-08-31,1.0058396797873044
2000-09-01,1.005550624031214
2000-09-05,1.0056954851268043
2000-09-06,1.0060570878224755
2000-09-07,1.0057684205953978
2000-09-08,1.0066359470250907
2000-09-11,1.007570497011054
2000-09-12,1.0077848663838722
2000-09-13,1.0072853926984031
2000-09-14,1.0067842110030951
2000-09-15,1.0057786869610257
2000-09-18,1.0038268381665427
2000-09-19,1.0035338789086259
2000-09-20,1.0020631309133803
2000-09-21,1.001691515670492
2000-09-22,1.0034792721455847
2000-09-25,1.0038105875953955
2000-09-26,1.0035534529806898
2000-09-27,1.0036270788583015
2000-09-28,1.006716797081152
2000-09-29,1.0064282536060878
2000-10-02,1.0067896219356047
2000-10-03,1.0069338732440067
2000-10-04,1.0070058929617425
2000-10-05,1.0072218051389206
2000-10-06,1.0047774454975797
2000-10-09,1.0046313160858378
2000-10-10,1.0037540410438288
2000-10-11,1.0024303484277133
2000-10-12,0.9990184228924583
2000-10-13,1.0011803106457347
2000-10-16,1.0012551735824202
2000-10-17,0.9999092870782715
2000-10-18,0.9994190282247783
2000-10-19,1.0016512718834432
2000-10-20,1.002546354078016
2000-10-23,1.0026575987980462
2000-10-24,1.0034357106967995
2000-10-25,1.0029563790396618
2000-10-26,1.0026605822472299
2000-10-27,1.0051431553874497
2000-10-30,1.0085711705802318
2000-10-31,1.0100339501416349
2000-11-01,1.0084640423826978
2000-11-02,1.0084640423826978
2000-11-03,1.0084640423826978
2000-11-06,1.0084640423826978
2000-11-07,1.0084640423826978
2000-11-08,1.0084640423826978
2000-11-09,1.0084640423826978
2000-11-10,1.0084640423826978
2000-11-13,1.0084640423826978
2000-11-14,1.0084640423826978
2000-11-15,1.0084640423826978
2000-11-16,1.0084640423826978
2000-11-17,1.0084640423826978
2000-11-20,1.0084640423826978
2000-11-21,1.0084640423826978
2000-11-22,1.0084640423826978
2000-11-24,1.0084640423826978
2000-11-27,1.0084640423826978
2000-11-28,1.0084640423826978
2000-11-29,1.0084640423826978
2000-11-30,1.0084640423826978
2000-12-01,1.0084640423826978
2000-12-04,1.0084640423826978
2000-12-05,1.0084640423826978
2000-12-06,1.0084640423826978
2000-12-07,1.0084640423826978
2000-12-08,1.0084640423826978
2000-12-11,1.0084640423826978
2000-12-12,1.0084640423826978
2000-12-13,1.0084640423826978
2000-12-14,1.0084640423826978
2000-12-15,1.0084640423826978
2000-12-18,1.0084640423826978
2000-12-19,1.0084640423826978
2000-12-20,1.0084640423826978
2000-12-21,1.0084640423826978
2000-12-22,1.0084640423826978
2000-12-26,1.0084640423826978
2000-12-27,1.0084640423826978
2000-12-28,1.0084640423826978
2000-12-29,1.0084640423826978
2001-01-02,1.0084640423826978
2001-01-03,1.0084640423826978
2001-01-04,1.0084640423826978
2001-01-05,1.0084640423826978
2001-01-08,1.0084640423826978
2001-01-09,1.0084640423826978
2001-01-10,1.0084640423826978
2001-01-11,1.0084640423826978
2001-01-12,1.0084640423826978
2001-01-16,1.0084640423826978
2001-01-17,1.0084640423826978
2001-01-18,1.0084640423826978
2001-01-19,1.0084640423826978
2001-01-22,1.0084640423826978
2001-01-23,1.0084640423826978
2001-01-24,1.0084640423826978
2001-01-25,1.0084640423826978
2001-01-26,1.0084640423826978
2001-01-29,1.0084640423826978
2001-01-30,1.0084640423826978
2001-01-31,1.0084640423826978
2001-02-01,1.008161503169983
2001-02-02,1.0057656493031617
2001-02-05,1.0028165088155319
2001-02-06,1.0021046856128997
2001-02-07,1.0041083418542
2001-02-08,1.0036420000660653
2001-02-09,1.0017333283698653
2001-02-12,1.0043237414897868
2001-02-13,1.0051762046565975
2001-02-14,1.0032780931068244
2001-02-15,1.0043379183661196
2001-02-16,1.0066908516580149
2001-02-20,1.004647035377915
2001-02-21,0.9997460960219048
2001-02-22,1.0033160005433093
2001-02-23,1.0029921163914162
2001-02-26,1.0135381440036089
2001-02-27,1.0129025121417021
2001-02-28,1.0135411908283793
2001-03-01,1.0112079526100042
2001-03-02,1.0124645738204927
2001-03-05,1.0125915016985718
2001-03-06,1.0185927914060156
2001-03-07,1.020060200470118
2001-03-08,1.0171382173074923
2001-03-09,1.01430108807235
2001-03-12,1.0020105674220734
2001-03-13,1.0031682253654373
2001-03-14,0.9964016160839101
2001-03-15,0.9927851878587892
2001-03-16,0.9843224341961558
2001-03-19,0.9836319770891471
2001-03-20,0.9833792027265092
2001-03-21,0.9731580136816574
2001-03-22,0.9680310325750373
2001-03-23,0.9763419301413676
2001-03-26,0.9787367447381463
2001-03-27,0.9851586372620957
2001-03-28,0.9796810767460092
2001-03-29,0.9820131356329564
2001-03-30,0.9809414370948463
2001-04-02,0.974247715796018
2001-04-03,0.9703502483574105
2001-04-04,0.9666473815899757
2001-04-05,0.9703119577268062
2001-04-06,0.9593409925659497
2001-04-09,0.9593870219746795
2001-04-10,0.9677552334257776
2001-04-11,0.9683349519002331
2001-04-12,0.9686516201302982
2001-04-16,0.9636637287342905
2001-04-17,0.9647043644816589
2001-04-18,0.9784230999667838
2001-04-19,0.9811507117112553
2001-04-20,0.976797794182736
2001-04-23,0.9715544062106166
2001-04-24,0.9725667579571734
2001-04-25,0.9778323804972247
2001-04-26,0.9857223610413198
2001-04-27,0.994866276259394
2001-04-30,0.9937213440026923
2001-05-01,0.9926190914194518
2001-05-02,0.9855367353980624
2001-05-03,0.9772126011319109
2001-05-04,0.9937414055455527
2001-05-07,0.992173075114212
2001-05-08,0.9913024120895673
2001-05-09,0.9916561283561605
2001-05-10,0.9981961175286632
2001-05-11,0.9917395345677649
2001-05-14,0.9999787619586881
2001-05-15,1.0017920333811925
2001-05-16,1.020126390735076
2001-05-17,1.0228156689153256
2001-05-18,1.025487208802801
2001-05-21,1.0278274260066687
2001-05-22,1.0254915784916325
2001-05-23,1.0142451088196778
2001-05-24,1.0182551107241113
2001-05-25,1.0092293566865573
2001-05-29,1.0083214547445258
2001-05-30,1.0020914111058348
2001-05-31,1.0084538614549097
2001-06-01,1.0086250447371716
2001-06-04,1.0104850219704122
2001-06-05,1.023532097298753
2001-06-06,1.0207398711759745
2001-06-07,1.0312095838730275
2001-06-08,1.0283157340806217
2001-06-11,1.0106019422048593
2001-06-12,1.013626444185277
2001-06-13,1.0134598287990695
2001-06-14,0.9936312246044513
2001-06-15,0.9839183853582568
2001-06-18,0.986471591302643
2001-06-19,0.9861178545751992
2001-06-20,0.9850925867302469
2001-06-21,0.988518785256257
2001-06-22,0.9795451568888017
2001-06-25,0.9878136773979862
2001-06-26,0.9866930696178701
2001-06-27,0.9837785299948548
2001-06-28,0.9967868656212852
2001-06-29,1.006631994142415
2001-07-02,1.0149939048925083
2001-07-03,1.0053929563908581
2001-07-05,0.9897332033455878
2001-07-06,0.9759227636699507
2001-07-09,0.9854526057445465
2001-07-10,0.9730028558953707
2001-07-11,0.9504339839261573
2001-07-12,0.9813579901959705
2001-07-13,0.9908922678153084
2001-07-16,0.985154251870894
2001-07-17,0.9980763582958059
2001-07-18,0.9949554928282442
2001-07-19,0.9934934723053769
2001-07-20,0.996784086502271
2001-07-23,0.9915143728007335
2001-07-24,0.9598766122247405
2001-07-25,0.9680246968266899
2001-07-26,0.995296154022301
2001-07-27,0.9944340528336234
2001-07-30,0.9901847335146963
2001-07-31,0.990781931184238
2001-08-01,0.9852494881474335
2001-08-02,0.9825633118608971
2001-08-03,0.9793763294924975
2001-08-06,0.9689724810919624
2001-08-07,0.97349256523007
2001-08-08,0.9642749585550481
2001-08-09,0.9662205215329992
2001-08-10,0.9738708085790108
2001-08-13,0.9729540080370606
2001-08-14,0.9727716505765562
2001-08-15,0.9670100797862055
2001-08-16,0.9717023459293729
2001-08-17,0.9588189465136067
2001-08-20,0.9651601503243687
2001-08-21,0.9590188475396099
2001-08-22,0.9628850398910882
2001-08-23,0.962095537752473
2001-08-24,0.9736427676298148
2001-08-27,0.9724794075385007
2001-08-28,0.9620268063405432
2001-08-29,0.9494424673689544
2001-08-30,0.9358141054119401
2001-08-31,0.9443932007743979
2001-09-04,0.9426202193742401
2001-09-05,0.938084655130015
2001-09-06,0.9335112039265419
2001-09-07,0.9344737805608432
2001-09-10,0.9326018297258871
2001-09-17,0.9215888238939598
2001-09-18,0.9235957251620617
2001-09-19,0.9199899160114139
2001-09-20,0.9118753101202202
2001-09-21,0.9133143748414397
2001-09-24,0.9234790973818582
2001-09-25,0.9247008501949022
2001-09-26,0.9181236924940164
2001-09-27,0.9157847147825419
2001-09-28,0.9198642949417308
2001-10-01,0.9186470747418657
2001-10-02,0.9207023218628346
2001-10-03,0.9232495802059567
2001-10-04,0.9221068230502706
2001-10-05,0.9228185096964522
2001-10-08,0.9243774854383221
2001-10-09,0.9239926862116603
2001-10-10,0.926168721797845
2001-10-11,0.9263065147634947
2001-10-12,0.9224908428681203
2001-10-15,0.9236766476414243
2001-10-16,0.9281383351271336
2001-10-17,0.9244890926317824
2001-10-18,0.9220877455001593
2001-10-19,0.9264480207455904
2001-10-22,0.9266880296611906
2001-10-23,0.9221385183160856
2001-10-24,0.9211003293576467
2001-10-25,0.9237110862829403
2001-10-26,0.9244266558444346
2001-10-29,0.9210014740967034
2001-10-30,0.9189177586537062
2001-10-31,0.9226543440451539
2001-11-01,0.9238505569947753
2001-11-02,0.925927356256625
2001-11-05,0.929661919662281
2001-11-06,0.930444156762496
2001-11-07,0.9274033453739916
2001-11-08,0.92510040490589
2001-11-09,0.9240882184499627
2001-11-12,0.9226758784565895
2001-11-13,0.921553060970966
2001-11-14,0.9174858218427805
2001-11-15,0.9164893095075987
2001-11-16,0.917489447254203
2001-11-19,0.9210979804263417
2001-11-20,0.9256602678412649
2001-11-21,0.9237164019263354
2001-11-23,0.9255564873146701
2001-11-26,0.9247625581061996
2001-11-27,0.9251964363941114
2001-11-28,0.9248117061505208
2001-11-29,0.9262893087895361
2001-11-30,0.925820101681632
2001-12-03,0.924631230156447
2001-12-04,0.9288937401255525
2001-12-05,0.9487764015468194
2001-12-06,0.9432935302138331
2001-12-07,0.93647144768343
2001-12-10,0.9354903603172062
2001-12-11,0.9290332314334934
2001-12-12,0.9243059910424979
2001-12-13,0.931472348279269
2001-12-14,0.9342132997716179
2001-12-17,0.9367823615764901
2001-12-18,0.9417301352461797
2001-12-19,0.9502552536472696
2001-12-20,0.9450193686839504
2001-12-21,0.9451600973283493
2001-12-24,0.9564406231361643
2001-12-26,0.9759997838278412
2001-12-27,0.9880629306578056
2001-12-28,0.9866365182838063
2001-12-31,0.9711926039000406
2002-01-02,0.963025409803865
2002-01-03,0.9913568894349127
2002-01-04,0.9999781174016144
2002-01-07,0.9840518424157523
2002-01-08,0.9772875793870492
2002-01-09,0.970341104138579
2002-01-10,0.9667388505542367
2002-01-11,0.9562496731304414
2002-01-14,0.9391602410489811
2002-01-15,0.9447184187435252
2002-01-16,0.9259500066543922
2002-01-17,0.9381065566207711
2002-01-18,0.9285880251614687
2002-01-22,0.9256230639029747
2002-01-23,0.9291298698499169
2002-01-24,0.9294538207761899
2002-01-25,0.9375504427254924
2002-01-28,0.9403126377902445
2002-01-29,0.9258266100057619
2002-01-30,0.9366666334919213
2002-01-31,0.9447869661044292
2002-02-01,0.9340679718099459
2002-02-04,0.9256615027105046
2002-02-05,0.9162723649064551
2002-02-06,0.9046307175968948
2002-02-07,0.8980300453514346
2002-02-08,0.9073586494864427
2002-02-11,0.9155660701569421
2002-02-12,0.9156907352139398
2002-02-13,0.921457249797841
2002-02-14,0.9207135862024863
2002-02-15,0.9224478699189023
2002-02-19,0.912561256872572
2002-02-20,0.9163502394715949
2002-02-21,0.9151084362347587
2002-02-22,0.9157041012886286
2002-02-25,0.9294450914645885
2002-02-26,0.9386749695298524
2002-02-27,0.9427827513913618
2002-02-28,0.9453397234780929
2002-03-01,0.9518653460885674
2002-03-04,0.9588350276613895
2002-03-05,0.9527243606844833
2002-03-06,0.9593041191643886
2002-03-07,0.9540471986005393
2002-03-08,0.952157471482515
2002-03-11,0.9514466688483709
2002-03-12,0.9501058412516483
2002-03-13,0.9483024874316486
2002-03-14,0.947388483404629
2002-03-15,0.9471152516636759
2002-03-18,0.944591048032814
2002-03-19,0.9477161540576443
2002-03-20,0.9412351435752901
2002-03-21,0.9378426603660845
2002-03-22,0.9429837519926354
2002-03-25,0.9386815162089294
2002-03-26,0.9484445756416069
2002-03-27,0.9481086373518723
2002-03-28,0.947637728627826
2002-04-01,0.9430198372694566
2002-04-02,0.9418933971118503
2002-04-03,0.9333486160827023
2002-04-04,0.9346352088549922
2002-04-05,0.9361655564426281
2002-04-08,0.9436062717110169
2002-04-09,0.9443501551437686
2002-04-10,0.9639849616367823
2002-04-11,0.951146676044475
2002-04-12,0.9555697379150847
2002-04-15,0.9528107810421595
2002-04-16,0.9771482191635096
2002-04-17,0.9784993098392655
2002-04-18,0.9736438481540609
2002-04-19,0.976985891710621
2002-04-22,0.9653208670229749
2002-04-23,0.9605124490935936
2002-04-24,0.9597438815364472
2002-04-25,0.9553782865459004
2002-04-26,0.9491608936811297
2002-04-29,0.9412465458883678
2002-04-30,0.9564662448983431
2002-05-01,0.9645346743900053
2002-05-02,0.9669378296711589
2002-05-03,0.9650916798837451
2002-05-06,0.9486022325827455
2002-05-07,0.9471785420573281
2002-05-08,0.9644785711260774
2002-05-09,0.9574990469049884
2002-05-10,0.9438057185352532
2002-05-13,0.9553916843344554
2002-05-14,0.973647765321646
2002-05-15,0.9703912621667645
2002-05-16,0.9726714799645466
2002-05-17,0.9763600006560642
2002-05-20,0.9694971910300604
2002-05-21,0.9618388830963459
2002-05-22,0.9614624162067891
2002-05-23,0.9779275835187278
2002-05-24,0.9680848727499237
2002-05-28,0.9633809177394195
2002-05-29,0.9578710538750408
2002-05-30,0.9522633838415555
2002-05-31,0.9528707685578285
2002-06-03,0.9357592997165078
2002-06-04,0.9332900190816478
2002-06-05,0.9408260056801391
2002-06-06,0.9274356151772691
2002-06-07,0.9311058142860095
2002-06-10,0.9346939995575327
2002-06-11,0.9254664529105213
2002-06-12,0.9288591048262318
2002-06-13,0.9156282018595129
2002-06-14,0.9141117707697328
2002-06-17,0.9351708671224828
2002-06-18,0.9383690556834587
2002-06-19,0.9293406187035418
2002-06-20,0.9227738395770568
2002-06-21,0.9088115060842467
2002-06-24,0.9021065769365604
2002-06-25,0.8932882291138164
2002-06-26,0.8861373543940957
2002-06-27,0.9033154566732184
2002-06-28,0.9046268986106022
2002-07-01,0.8905913434629947
2002-07-02,0.8832215580471695
2002-07-03,0.8806257342137495
2002-07-05,0.8852804538941138
2002-07-08,0.8848752943609165
2002-07-09,0.8842822450484795
2002-07-10,0.8772181670861754
2002-07-11,0.8728140925286939
2002-07-12,0.8709815402702448
2002-07-15,0.8660912405143453
2002-07-16,0.8638667937725717
2002-07-17,0.8649013241500765
2002-07-18,0.8600311832751566
2002-07-19,0.8499632872856291
2002-07-22,0.8424346863640068
2002-07-23,0.8386073646501913
2002-07-24,0.8480211136549277
2002-07-25,0.8519459675790503
2002-07-26,0.856948845076207
2002-07-29,0.8653433357710207
2002-07-30,0.8674324918145065
2002-07-31,0.8678088033939644
2002-08-01,0.8646130097245771
2002-08-02,0.8610927344145415
2002-08-05,0.8566811608341307
2002-08-06,0.8584165109868034
2002-08-07,0.8613841735367073
2002-08-08,0.8670459679794446
2002-08-09,0.8676065549710086
2002-08-12,0.868648036598202
2002-08-13,0.8649233568604747
2002-08-14,0.8678446482399983
2002-08-15,0.8676760919232496
2002-08-16,0.8699370766271977
2002-08-19,0.8683920391697797
2002-08-20,0.8664709686895272
2002-08-21,0.867721227683256
2002-08-22,0.8676429628590048
2002-08-23,0.8678206706849133
2002-08-26,0.8681171494786047
2002-08-27,0.8672550185747626
2002-08-28,0.8692365737121156
2002-08-29,0.8693997740599356
2002-08-30,0.8710338320323243
2002-09-03,0.8662289843305931
2002-09-04,0.8656299267645434
2002-09-05,0.8652345134324408
2002-09-06,0.8648528725096667
2002-09-09,0.8661145008621016
2002-09-10,0.8657038857042506
2002-09-11,0.865558271259104
2002-09-12,0.8633102586703044
2002-09-13,0.8650507555000786
2002-09-16,0.8666475528749139
2002-09-17,0.8652103230082072
2002-09-18,0.8625912983767102
2002-09-19,0.8594655870505588
2002-09-20,0.8609105659616534
2002-09-23,0.8592523841436884
2002-09-24,0.8571818433857534
2002-09-25,0.8608225524275285
2002-09-26,0.8648657052947804
2002-09-27,0.8639272151464273
2002-09-30,0.8643668795144476
2002-10-01,0.8650699515458132
2002-10-02,0.8646908876865095
2002-10-03,0.8660231191966045
2002-10-04,0.8614869347544197
2002-10-07,0.8575543046216838
2002-10-08,0.8612757576389815
2002-10-09,0.8577649276503916
2002-10-10,0.8623862992278527
2002-10-11,0.8653767183521597
2002-10-14,0.8684352088921156
2002-10-15,0.8660032870256853
2002-10-16,0.8648502597637753
2002-10-17,0.8654556687152004
2002-10-18,0.8640368345949931
2002-10-21,0.8659319238047307
2002-10-22,0.8641945313979291
2002-10-23,0.8678692231050275
2002-10-24,0.8652103455725303
2002-10-25,0.8681362266061421
2002-10-28,0.8649549352977407
2002-10-29,0.8633118685963196
2002-10-30,0.8647277730232825
2002-10-31,0.863876170206406
2002-11-01,0.8666098176521119
2002-11-04,0.866224736953352
2002-11-05,0.8701833878112398
2002-11-06,0.8737612118279956
2002-11-07,0.8611809161720677
2002-11-08,0.8519814203358831
2002-11-11,0.8401665936435204
2002-11-12,0.8485685790121774
2002-11-13,0.8508587939439379
2002-11-14,0.8618601051012805
2002-11-15,0.8707476766825539
2002-11-18,0.8616606795280587
2002-11-19,0.856344583140979
2002-11-20,0.8656130496680486
2002-11-21,0.8791759819844366
2002-11-22,0.8733454128410101
2002-11-25,0.8700516676114441
2002-11-26,0.8466469039016735
2002-11-27,0.8689684738034281
2002-11-29,0.8653247569554863
2002-12-02,0.8646194757188999
2002-12-03,0.8438930161772888
2002-12-04,0.8359388292183428
2002-12-05,0.8232752423709377
2002-12-06,0.8373964492632536
2002-12-09,0.8071594394238903
2002-12-10,0.8226816282811458
2002-12-11,0.8239405814470504
2002-12-12,0.8233810410601712
2002-12-13,0.7985273961424357
2002-12-16,0.8235379080340984
2002-12-17,0.8164620351604702
2002-12-18,0.7958112617561482
2002-12-19,0.793702902206823
2002-12-20,0.8042441832495488
2002-12-23,0.8090545176190916
2002-12-24,0.806961468439809
2002-12-26,0.7998176555084042
2002-12-27,0.7850682017710757
2002-12-30,0.7901148287876008
2002-12-31,0.78883410259024
2003-01-02,0.814582326825724
2003-01-03,0.8173363031064104
2003-01-06,0.832353513142838
2003-01-07,0.832406135745373
2003-01-08,0.8231250134025646
2003-01-09,0.8366446528725794
2003-01-10,0.8404783897586097
2003-01-13,0.8362058794300062
2003-01-14,0.8352854888962989
2003-01-15,0.8276136278610826
2003-01-16,0.8286169267906265
2003-01-17,0.818016737884411
2003-01-21,0.8010295452781946
2003-01-22,0.8065067276920593
2003-01-23,0.8154466292744806
2003-01-24,0.7976980581344283
2003-01-27,0.7823990699161308
2003-01-28,0.7893330336714546
2003-01-29,0.7966672307254716
2003-01-30,0.7823592180537576
2003-01-31,0.7896876002313591
2003-02-03,0.7943051987505924
2003-02-04,0.7937334230934184
2003-02-05,0.792360536567451
2003-02-06,0.7890011069401062
2003-02-07,0.7869128856243508
2003-02-10,0.7897574919670913
2003-02-11,0.7888936549778756
2003-02-12,0.7868618964073822
2003-02-13,0.7853534412378983
2003-02-14,0.7892559947961002
2003-02-18,0.7944813893551981
2003-02-19,0.7925719975068415
2003-02-20,0.7926124655356407
2003-02-21,0.7957591850353444
2003-02-24,0.7945627274731947
2003-02-25,0.7923464747548539
2003-02-26,0.7926367039520579
2003-02-27,0.7936663021388318
2003-02-28,0.7962617766394314
2003-03-03,0.7952388686701001
2003-03-04,0.7864443631857488
2003-03-05,0.7884204348442624
2003-03-06,0.7860200271690362
2003-03-07,0.7889463129406113
2003-03-10,0.7735668218673978
2003-03-11,0.7668790133223312
2003-03-12,0.7663576539060785
2003-03-13,0.7890453738184405
2003-03-14,0.7907056511620689
2003-03-17,0.8109842944325171
2003-03-18,0.8188997527354569
2003-03-19,0.8204723893195783
2003-03-20,0.8262798745765778
2003-03-21,0.8363235305546892
2003-03-24,0.8159189408011822
2003-03-25,0.831404672605949
2003-03-26,0.8202522578581484
2003-03-27,0.8212324782880736
2003-03-28,0.8256252831162308
2003-03-31,0.813557783519184
2003-04-01,0.8224426198981781
2003-04-02,0.846215646829355
2003-04-03,0.8428084397490759
2003-04-04,0.8333604115917856
2003-04-07,0.832760373952866
2003-04-08,0.8267780854947916
2003-04-09,0.8194337817258528
2003-04-10,0.8236370965491583
2003-04-11,0.8220699970059439
2003-04-14,0.8340276325773184
2003-04-15,0.8422592530980292
2003-04-16,0.8335597418340219
2003-04-17,0.8461439685988549
2003-04-21,0.8405822637006196
2003-04-22,0.8544893145912617
2003-04-23,0.8633190152255936
2003-04-24,0.854180146911796
2003-04-25,0.8515667819353766
2003-04-28,0.864933251119888
2003-04-29,0.8720189056324921
2003-04-30,0.8813260982497138
2003-05-01,0.8831746185415331
2003-05-02,0.8901636383107049
2003-05-05,0.8909769624104804
2003-05-06,0.8937577993646565
2003-05-07,0.8880110087715137
2003-05-08,0.8862804901368844
2003-05-09,0.899154564389013
2003-05-12,0.917621594866969
2003-05-13,0.914207939838186
2003-05-14,0.9178620716122005
2003-05-15,0.925305486998798
2003-05-16,0.9346185254886415
2003-05-19,0.9244879833769629
2003-05-20,0.9191176114972686
2003-05-21,0.9258057370669197
2003-05-22,0.9473281137098185
2003-05-23,0.9546556194618971
2003-05-27,0.9823249117304494
2003-05-28,0.9833567428678976
2003-05-29,0.9963728052408458
2003-05-30,1.0098337787750364
2003-06-02,1.0073194778040937
2003-06-03,1.0065295395475253
2003-06-04,1.0238032224174356
2003-06-05,1.0251897431559271
2003-06-06,1.011963255025739
2003-06-09,0.998755843053826
2003-06-10,1.008781746976752
2003-06-11,1.0378645970204077
2003-06-12,1.0488892240445744
2003-06-13,1.0303982675428496
2003-06-16,1.0375839690465813
2003-06-17,1.0404759785253557
2003-06-18,1.0481955075271816
2003-06-19,1.040349428855762
2003-06-20,1.0307750248514567
2003-06-23,1.0030956115256444
2003-06-24,1.0029729896548294
2003-06-25,0.9972698000196968
2003-06-26,1.0059397927276823
2003-06-27,1.0130109360198545
2003-06-30,1.018566185350993
2003-07-01,1.0377407781121961
2003-07-02,1.0636392014497387
2003-07-03,1.062113934039319
2003-07-07,1.0878351201027723
2003-07-08,1.1062493405745173
2003-07-09,1.115450754522986
2003-07-10,1.0904347518066366
2003-07-11,1.0876652713977555
2003-07-14,1.1036382398911229
2003-07-15,1.0992007244895112
2003-07-16,1.1068621376846108
2003-07-17,1.061539198263751
2003-07-18,1.072834881862695
2003-07-21,1.0560556688509222
2003-07-22,1.0711429754861752
2003-07-23,1.0922082793086485
2003-07-24,1.0960268191281866
2003-07-25,1.111197491739078
2003-07-28,1.1214654673155187
2003-07-29,1.0952263863954976
2003-07-30,1.100542912616589
2003-07-31,1.1021564288494188
2003-08-01,1.0672787831506911
2003-08-04,1.0718345272948195
2003-08-05,1.0539401237497465
2003-08-06,1.0197811871064295
2003-08-07,1.013419505242566
2003-08-08,1.012265648045022
2003-08-11,1.0307407406737252
2003-08-12,1.0434721677714829
2003-08-13,1.0518016690820449
2003-08-14,1.047004163607384
2003-08-15,1.0508229343899804
2003-08-18,1.073013812494848
2003-08-19,1.0817350827080598
2003-08-20,1.0863444444116204
2003-08-21,1.0918729359250148
2003-08-22,1.0849095958554869
2003-08-25,1.0808653606312095
2003-08-26,1.0792036151717173
2003-08-27,1.0919148795800366
2003-08-28,1.0964435597549735
2003-08-29,1.1093579356903307
2003-09-02,1.1231821396174098
2003-09-03,1.1181118300855124
2003-09-04,1.1271835066158207
2003-09-05,1.1165945509988013
2003-09-08,1.1260456328380626
2003-09-09,1.1169285188264284
2003-09-10,1.0990585584966233
2003-09-11,1.101835004263563
2003-09-12,1.105288148360845
2003-09-15,1.1011748886075765
2003-09-16,1.112814007113259
2003-09-17,1.1104512550998338
2003-09-18,1.1244184772630264
2003-09-19,1.1264557517352731
2003-09-22,1.1178168237436745
2003-09-23,1.1273353756074511
2003-09-24,1.0995821719477428
2003-09-25,1.0859981046404408
2003-09-26,1.0676970293055328
2003-09-29,1.0759124326504623
2003-09-30,1.0686009796262863
2003-10-01,1.086432042078174
2003-10-02,1.0941626021182052
2003-10-03,1.116605930552271
2003-10-06,1.1291384804824547
2003-10-07,1.1459598399995075
2003-10-08,1.1428834753325354
2003-10-09,1.1371936112854943
2003-10-10,1.1393565843901106
2003-10-13,1.1522971718043937
2003-10-14,1.1498062197715522
2003-10-15,1.1446857511973942
2003-10-16,1.1504097818805235
2003-10-17,1.1254485694771164
2003-10-20,1.1377460180332886
2003-10-21,1.1556113192196378
2003-10-22,1.127998519522589
2003-10-23,1.1281790164228016
2003-10-24,1.1346760915731633
2003-10-27,1.1453300181085713
2003-10-28,1.1655825385243348
2003-10-29,1.1715929959319755
2003-10-30,1.1707141410975668
2003-10-31,1.1711409767474759
2003-11-03,1.189144026417437
2003-11-04,1.2034803925390745
2003-11-05,1.2113931722669515
2003-11-06,1.2175503997599153
2003-11-07,1.2104864406038773
2003-11-10,1.1929427092381526
2003-11-11,1.1871430427316927
2003-11-12,1.2151469803414408
2003-11-13,1.2219696531847295
2003-11-14,1.2043788379865634
2003-11-17,1.1966222103614945
2003-11-18,1.1776298012872024
2003-11-19,1.1909098006338557
2003-11-20,1.1849762851634844
2003-11-21,1.1850945096709562
2003-11-24,1.2177520115258749
2003-11-25,1.2291864901189105
2003-11-26,1.233561795400902
2003-11-28,1.24205683209088
2003-12-01,1.2685894576348888
2003-12-02,1.273806723368993
2003-12-03,1.2493282713004659
2003-12-04,1.226539913368873
2003-12-05,1.221293267583802
2003-12-08,1.2317183019771378
2003-12-09,1.2160300140879379
2003-12-10,1.1943734260739487
2003-12-11,1.2289013256045622
2003-12-12,1.2304134014629204
2003-12-15,1.2171288083305023
2003-12-16,1.2104792279157592
2003-12-17,1.2061125489561169
2003-12-18,1.232801410942555
2003-12-19,1.2211812152891635
2003-12-22,1.2203625246326442
2003-12-23,1.2303094930398506
2003-12-24,1.2284074534033584
2003-12-26,1.239674128216886
2003-12-29,1.2567111151506263
2003-12-30,1.257032777735702
2003-12-31,1.241100493493154
2004-01-02,1.247808035595059
2004-01-05,1.267331085719961
2004-01-06,1.278736582273334
2004-01-07,1.2883983863333102
2004-01-08,1.3027995303321733
2004-01-09,1.330297477480666
2004-01-12,1.3392368157886914
2004-01-13,1.3172538590073317
2004-01-14,1.3544506448555003
2004-01-15,1.3460904890491712
2004-01-16,1.3718674446876213
2004-01-20,1.3829238576977865
2004-01-21,1.3755433564148998
2004-01-22,1.355733212940758
2004-01-23,1.348926301900201
2004-01-26,1.3860940767495527
2004-01-27,1.3671152114443181
2004-01-28,1.3376414666873353
2004-01-29,1.3319910511814277
2004-01-30,1.3346356522740825
2004-02-02,1.3380005064305374
2004-02-03,1.320664211255476
2004-02-04,1.2956632363403053
2004-02-05,1.3154210759495952
2004-02-06,1.3504614722629318
2004-02-09,1.3582274502813547
2004-02-10,1.3708410678472596
2004-02-11,1.4087544570885555
2004-02-12,1.428269326968997
2004-02-13,1.4150126514154662
2004-02-17,1.433601020044193
2004-02-18,1.4261988560963024
2004-02-19,1.397836774126505
2004-02-20,1.3925685541468227
2004-02-23,1.3663963472181293
2004-02-24,1.3606436943228417
2004-02-25,1.3846052813592704
2004-02-26,1.391571756215644
2004-02-27,1.4165249902212815
2004-03-01,1.4471236141005637
2004-03-02,1.4465170194958372
2004-03-03,1.4491228268697272
2004-03-04,1.4595813688398402
2004-03-05,1.4617856202185162
2004-03-08,1.4739254866633253
2004-03-09,1.4579241937943688
2004-03-10,1.4314251962534115
2004-03-11,1.403670894981121
2004-03-12,1.4269000556149445
2004-03-15,1.3898974404788054
2004-03-16,1.3903847975758883
2004-03-17,1.4219892845206736
2004-03-18,1.4372426654103319
2004-03-19,1.4217071146945048
2004-03-22,1.4054498995735905
2004-03-23,1.3949287896064289
2004-03-24,1.392561901883385
2004-03-25,1.4274859493433267
2004-03-26,1.4426963984863228
2004-03-29,1.4712529106872436
2004-03-30,1.4999691952728427
2004-03-31,1.5007177985107867
2004-04-01,1.5113603840828682
2004-04-02,1.5188717589110547
2004-04-05,1.515092577941215
2004-04-06,1.5200754551722544
2004-04-07,1.5228908657410898
2004-04-08,1.5147525458222288
2004-04-12,1.5128374254425334
2004-04-13,1.485260138567743
2004-04-14,1.4813152361824609
2004-04-15,1.4856920817413612
2004-04-16,1.5182941022345604
2004-04-19,1.5225548876430464
2004-04-20,1.4688021133124511
2004-04-21,1.4711410716897995
2004-04-22,1.491146427371125
2004-04-23,1.482619600532318
2004-04-26,1.48150338012673
2004-04-27,1.4819903936176386
2004-04-28,1.4640979587411742
2004-04-29,1.4524983920910166
2004-04-30,1.4525657790069864
2004-05-03,1.4641205436375233
2004-05-04,1.4645897964505121
2004-05-05,1.472892417677442
2004-05-06,1.4578619622171158
2004-05-07,1.4392311608895845
2004-05-10,1.4129144214606153
2004-05-11,1.431808814493283
2004-05-12,1.433871368098744
2004-05-13,1.4317613518300454
2004-05-14,1.4320845906970145
2004-05-17,1.4129852506652951
2004-05-18,1.4260432758822854
2004-05-19,1.417568610071293
2004-05-20,1.4261377566939997
2004-05-21,1.4356729792853606
2004-05-24,1.4451068049047915
2004-05-25,1.4675617400494068
2004-05-26,1.4718842889546946
2004-05-27,1.476261196658571
2004-05-28,1.478708127938453
2004-06-01,1.485416301425542
2004-06-02,1.492145751885563
2004-06-03,1.479550527220888
2004-06-04,1.4814569561500661
2004-06-07,1.5046504247225292
2004-06-08,1.4988604894949136
2004-06-09,1.4843319169700202
2004-06-10,1.4921866186356278
2004-06-14,1.4779105109513613
2004-06-15,1.489845587186728
2004-06-16,1.497858304584475
2004-06-17,1.4936454553910885
2004-06-18,1.4933043267863229
2004-06-21,1.4927200848373092
2004-06-22,1.5033179376816495
2004-06-23,1.5192691891119603
2004-06-24,1.5153548202952107
2004-06-25,1.5207289074701926
2004-06-28,1.520384839841271
2004-06-29,1.5292713805669722
2004-06-30,1.5472071983908258
2004-07-01,1.5392017747368865
2004-07-02,1.5359195838554804
2004-07-06,1.524626567155233
2004-07-07,1.5326729641232724
2004-07-08,1.5103750368212416
2004-07-09,1.500328418323513
2004-07-12,1.4993927349630891
2004-07-13,1.498503913693264
2004-07-14,1.4981406234674775
2004-07-15,1.493315136862408
2004-07-16,1.4628488574559626
2004-07-19,1.4706670919591778
2004-07-20,1.4913357560388296
2004-07-21,1.4534583657136326
2004-07-22,1.4446205879687855
2004-07-23,1.4331900002272584
2004-07-26,1.4164008424488534
2004-07-27,1.439696677804878
2004-07-28,1.4382485580597577
2004-07-29,1.4316911315054435
2004-07-30,1.4358164083657483
2004-08-02,1.438460373235572
2004-08-03,1.4334795636009414
2004-08-04,1.4231629195069662
2004-08-05,1.3928017757501538
2004-08-06,1.3554583819389903
2004-08-09,1.370053066656204
2004-08-10,1.3911973380785545
2004-08-11,1.3828972086928686
2004-08-12,1.362467664451477
2004-08-13,1.362560456334042
2004-08-16,1.387578014623946
2004-08-17,1.3801751849910266
2004-08-18,1.3972553185235044
2004-08-19,1.391311927681122
2004-08-20,1.4118459475273126
2004-08-23,1.3987455830296962
2004-08-24,1.4020017813915207
2004-08-25,1.4111495235301477
2004-08-26,1.404507747910081
2004-08-27,1.4082983156448825
2004-08-30,1.3969434137055303
2004-08-31,1.4087656701738345
2004-09-01,1.4093400239208889
2004-09-02,1.4313772512065617
2004-09-03,1.4265404132307815
2004-09-07,1.437495566991806
2004-09-08,1.4324312601200315
2004-09-09,1.436181173673562
2004-09-10,1.440682448628565
2004-09-13,1.4387420741122379
2004-09-14,1.434619521208603
2004-09-15,1.4289262847486568
2004-09-16,1.4409566242248941
2004-09-17,1.4488258469404458
2004-09-20,1.4433384535991023
2004-09-21,1.4542447673851422
2004-09-22,1.4350160621843528
2004-09-23,1.4248760521378137
2004-09-24,1.4263156670544168
2004-09-27,1.41798648590603
2004-09-28,1.4318473282143258
2004-09-29,1.4360509071766272
2004-09-30,1.44031596800839
2004-10-01,1.4623029402988492
2004-10-04,1.4807812068074917
2004-10-05,1.4800413814657678
2004-10-06,1.4970323503737357
2004-10-07,1.4824214244459515
2004-10-08,1.4737244543507997
2004-10-11,1.4755563791786501
2004-10-12,1.4725503860505427
2004-10-13,1.4348659004072961
2004-10-14,1.4347671057085034
2004-10-15,1.4464547535762258
2004-10-18,1.4493612933290676
2004-10-19,1.4173783408745013
2004-10-20,1.4183581042958269
2004-10-21,1.4237368511354265
2004-10-22,1.4112514495827013
2004-10-25,1.420048162219828
2004-10-26,1.443102820984174
2004-10-27,1.4581243740304672
2004-10-28,1.4528226506792665
2004-10-29,1.4666619610083036
2004-11-01,1.481262376615227
2004-11-02,1.4812142983829029
2004-11-03,1.4927603593975984
2004-11-04,1.5112645171599046
2004-11-05,1.5194606652221982
2004-11-08,1.5306277618571964
2004-11-09,1.5284041226984402
2004-11-10,1.5348952565614613
2004-11-11,1.5464060747756716
2004-11-12,1.5672131844758432
2004-11-15,1.5725066110990766
2004-11-16,1.5627561265311687
2004-11-17,1.567442440284473
2004-11-18,1.5761613498189588
2004-11-19,1.5562894314620725
2004-11-22,1.5662682372028272
2004-11-23,1.5673807832080389
2004-11-24,1.5754583221935554
2004-11-26,1.571485429017727
2004-11-29,1.5838811796562842
2004-11-30,1.5859773677085278
2004-12-01,1.6253253527592952
2004-12-02,1.617888399411933
2004-12-03,1.632312876919761
2004-12-06,1.6283876560027581
2004-12-07,1.5962126041376385
2004-12-08,1.5925220533892026
2004-12-09,1.604627394475083
2004-12-10,1.620438353240877
2004-12-13,1.6460912654557909
2004-12-14,1.6352135328467101
2004-12-15,1.6532307868872176
2004-12-16,1.6474540478819177
2004-12-17,1.6451160157650182
2004-12-20,1.641375937659472
2004-12-21,1.6524308409832653
2004-12-22,1.6592180631872702
2004-12-23,1.6553343758340173
2004-12-27,1.6451026725974416
2004-12-28,1.6721566708313766
2004-12-29,1.6766967299849675
2004-12-30,1.6828872406476736
2004-12-31,1.6772769257884113
2005-01-03,1.6354633159568954
2005-01-04,1.5945305400612757
2005-01-05,1.5750457907938207
2005-01-06,1.5707108109206678
2005-01-07,1.568125976966159
2005-01-10,1.5788175110817522
2005-01-11,1.5293732810888165
2005-01-12,1.5279129335221624
2005-01-13,1.5357877115613354
2005-01-14,1.5548540360511138
2005-01-18,1.573159021439634
2005-01-19,1.5487914153876872
2005-01-20,1.5413076907443541
2005-01-21,1.5391857388041934
2005-01-24,1.5115355631897467
2005-01-25,1.5178395514059635
2005-01-26,1.5423803655212212
2005-01-27,1.5262703872528685
2005-01-28,1.5219277857930946
2005-01-31,1.5487738333592294
2005-02-01,1.5515525345610315
2005-02-02,1.5548908927171736
2005-02-03,1.5538267797172467
2005-02-04,1.5824368074785007
2005-02-07,1.5800755667540591
2005-02-08,1.5786701058026933
2005-02-09,1.5611570999175266
2005-02-10,1.5710791500207322
2005-02-11,1.5786268455206518
2005-02-14,1.5846821879782065
2005-02-15,1.5927812110117294
2005-02-16,1.598231038107499
2005-02-17,1.5913335042915222
2005-02-18,1.5845209441219097
2005-02-22,1.5419607693170478
2005-02-23,1.5530208395744522
2005-02-24,1.571723668307955
2005-02-25,1.5899474653653882
2005-02-28,1.582217900853837
2005-03-01,1.5976029926771511
2005-03-02,1.6041939344825646
2005-03-03,1.6136424148650896
2005-03-04,1.6343999148972645
2005-03-07,1.6333873998309767
2005-03-08,1.6165249612878683
2005-03-09,1.590968677346868
2005-03-10,1.5752072274032114
2005-03-11,1.5743399380887686
2005-03-14,1.5838221357656779
2005-03-15,1.582072070989938
2005-03-16,1.5729633150554454
2005-03-17,1.5800808066614043
2005-03-18,1.573223080364707
2005-03-21,1.5690658760361758
2005-03-22,1.5556816326239105
2005-03-23,1.5446309509112572
2005-03-24,1.5488796796633095
2005-03-28,1.5499201012791177
2005-03-29,1.5283820235604877
2005-03-30,1.5521450028174089
2005-03-31,1.5513234086270566
2005-04-01,1.5585649297581097
2005-04-04,1.5582795972523593
2005-04-05,1.559528261266521
2005-04-06,1.5695645773039488
2005-04-07,1.5685326974368095
2005-04-08,1.545850728709604
2005-04-11,1.550238416510957
2005-04-12,1.5499782241894093
2005-04-13,1.523808307908309
2005-04-14,1.5096440311170432
2005-04-15,1.4625518049774393
2005-04-18,1.4727644649229095
2005-04-19,1.5076843374039446
2005-04-20,1.4786980795044276
2005-04-21,1.5123999781915267
2005-04-22,1.4893975280660172
2005-04-25,1.516396501343179
2005-04-26,1.497326243361185
2005-04-27,1.49055969136938
2005-04-28,1.465603280274178
2005-04-29,1.4675228230252844
2005-05-02,1.4810954889225794
2005-05-03,1.4807100673420324
2005-05-04,1.5011580175072194
2005-05-05,1.4964870741578005
2005-05-06,1.5028765097078758
2005-05-09,1.5136841768117633
2005-05-10,1.5008399272945618
2005-05-11,1.5029182821402929
2005-05-12,1.4841259753596316
2005-05-13,1.4680484549981871
2005-05-16,1.4832245852460297
2005-05-17,1.4953332881426422
2005-05-18,1.5075794502662316
2005-05-19,1.513601262016557
2005-05-20,1.5143559664374662
2005-05-23,1.5210568199770895
2005-05-24,1.5235473513459428
2005-05-25,1.5178820293958621
2005-05-26,1.5289751160967773
2005-05-27,1.5346039051245433
2005-05-31,1.5290376594097506
2005-06-01,1.5428118643865338
2005-06-02,1.5446659484220564
2005-06-03,1.5382572994701076
2005-06-06,1.5444396274440941
2005-06-07,1.5468452177934988
2005-06-08,1.5422093560217691
2005-06-09,1.5469495358261975
2005-06-10,1.5470616877779417
2005-06-13,1.5514155404205845
2005-06-14,1.548083687889515
2005-06-15,1.5519768365661826
2005-06-16,1.5574986256649719
2005-06-17,1.5528080221804548
2005-06-20,1.554609732631519
2005-06-21,1.5514871518710205
2005-06-22,1.5540406418182777
2005-06-23,1.5398357282290185
2005-06-24,1.5264599291098413
2005-06-27,1.5286004442451175
2005-06-28,1.545060289535536
2005-06-29,1.5476384386227542
2005-06-30,1.5474729939089173
2005-07-01,1.551823522764642
2005-07-05,1.559999664199711
2005-07-06,1.5592001891511953
2005-07-07,1.566876524736099
2005-07-08,1.5803476551918765
2005-07-11,1.58981362449199
2005-07-12,1.5915428763870756
2005-07-13,1.590060229123707
2005-07-14,1.5836917775715045
2005-07-15,1.588064206799794
2005-07-18,1.5762628685725866
2005-07-19,1.5869712797719335
2005-07-20,1.5973345273725845
2005-07-21,1.575694004734756
2005-07-22,1.5812024821649457
2005-07-25,1.5805166285713226
2005-07-26,1.5941665284614792
2005-07-27,1.5998774412144814
2005-07-28,1.5985252186304513
2005-07-29,1.6028259832661316
2005-08-01,1.6010955518157617
2005-08-02,1.609051419194726
2005-08-03,1.598172015172019
2005-08-04,1.5793561710899722
2005-08-05,1.5700216892898764
2005-08-08,1.5447930162375938
2005-08-09,1.5584589296774958
2005-08-10,1.563510177751998
2005-08-11,1.5718684527163738
2005-08-12,1.565567879303957
2005-08-15,1.5608313544409023
2005-08-16,1.5362118252117467
2005-08-17,1.5278968293434718
2005-08-18,1.50634624142476
2005-08-19,1.5295370839848779
2005-08-22,1.53229320911033
2005-08-23,1.5258829736154034
2005-08-24,1.5176133597361139
2005-08-25,1.5182886108359839
2005-08-26,1.4958529553498157
2005-08-29,1.505648710812912
2005-08-30,1.5119936038049715
2005-08-31,1.5364067710958527
2005-09-01,1.5470421826376872
2005-09-02,1.5414850492650491
2005-09-06,1.5563383500741688
2005-09-07,1.610402951633561
2005-09-08,1.6150986291770772
2005-09-09,1.6253111283461985
2005-09-12,1.6227878360740582
2005-09-13,1.6154515420586801
2005-09-14,1.6022091445087765
2005-09-15,1.5974660041496866
2005-09-16,1.6111165702918393
2005-09-19,1.6056327678614761
2005-09-20,1.5784770238336332
2005-09-21,1.5684647922838317
2005-09-22,1.5626383908496932
2005-09-23,1.5670976359461817
2005-09-26,1.568815363629084
2005-09-27,1.5757685476847545
2005-09-28,1.5798652674478266
2005-09-29,1.6041297633618719
2005-09-30,1.5977827102299311
2005-10-03,1.6123593350024152
2005-10-04,1.5933581533685313
2005-10-05,1.5511182314472614
2005-10-06,1.5266717966304064
2005-10-07,1.5403248182062996
2005-10-10,1.527289799401098
2005-10-11,1.5250890852018768
2005-10-12,1.49008839260986
2005-10-13,1.4907983288920263
2005-10-14,1.510328881902386
2005-10-17,1.5128271488332647
2005-10-18,1.4992287266003195
2005-10-19,1.5270685239706412
2005-10-20,1.505754103601093
2005-10-21,1.52114537329663
2005-10-24,1.558312900028048
2005-10-25,1.5551581285941387
2005-10-26,1.559473949035875
2005-10-27,1.5277919227265429
2005-10-28,1.5414050245671387
2005-10-31,1.5690451403368426
2005-11-01,1.5742471248546872
2005-11-02,1.6056698603500805
2005-11-03,1.6094155978956224
2005-11-04,1.6169012618301768
2005-11-07,1.6279198123481249
2005-11-08,1.6264880827833845
2005-11-09,1.6191020336614927
2005-11-10,1.6313619834191118
2005-11-11,1.6357552456238802
2005-11-14,1.647643141604003
2005-11-15,1.643315661996514
2005-11-16,1.6409610462854776
2005-11-17,1.664146162541364
2005-11-18,1.656630891273209
2005-11-21,1.6773445334439696
2005-11-22,1.7013882701940417
2005-11-23,1.6978086562483725
2005-11-25,1.7117929785862858
2005-11-28,1.6824210141683875
2005-11-29,1.659873855669983
2005-11-30,1.655730414473608
2005-12-01,1.6869497511005735
2005-12-02,1.6847792828335844
2005-12-05,1.6743422194690594
2005-12-06,1.6772418964858826
2005-12-07,1.6646151461448158
2005-12-08,1.6800226944840548
2005-12-09,1.7022013490994605
2005-12-12,1.7020925046663784
2005-12-13,1.705701911401465
2005-12-14,1.6996796982923537
2005-12-15,1.7148810722481365
2005-12-16,1.718390275417594
2005-12-19,1.6949728196910445
2005-12-20,1.696925119694253
2005-12-21,1.7074631008940586
2005-12-22,1.7341184899345592
2005-12-23,1.7427368917685997
2005-12-27,1.7481768891380705
2005-12-28,1.7496794339864892
2005-12-29,1.7351012579046579
2005-12-30,1.7258028291495515
2006-01-03,1.7655610871548855
2006-01-04,1.7903821905059403
2006-01-05,1.8000977105245648
2006-01-06,1.827204277721797
2006-01-09,1.8369775098545995
2006-01-10,1.8417159150756133
2006-01-11,1.8469775722372332
2006-01-12,1.8380398145398762
2006-01-13,1.835075965307095
2006-01-17,1.8314349941742702
2006-01-18,1.8196361949922235
2006-01-19,1.8398177378693086
2006-01-20,1.7840553567352908
2006-01-23,1.8029368466242568
2006-01-24,1.829317495344233
2006-01-25,1.8218129272591466
2006-01-26,1.8436952542479186
2006-01-27,1.8615738070796881
2006-01-30,1.8541084434647372
2006-01-31,1.853067333097618
2006-02-01,1.83026901506672
2006-02-02,1.8071377395679618
2006-02-03,1.780613676038523
2006-02-06,1.7718782225797312
2006-02-07,1.7435923885538098
2006-02-08,1.763756805335802
2006-02-09,1.7793981674113681
2006-02-10,1.7602644563493388
2006-02-13,1.748594968935214
2006-02-14,1.7770196322214122
2006-02-15,1.7892366679902862
2006-02-16,1.8078883382270943
2006-02-17,1.7957796247221152
2006-02-21,1.773937473075571
2006-02-22,1.7893368005473724
2006-02-23,1.7831642588616259
2006-02-24,1.8084618081954733
2006-02-27,1.8182542897661234
2006-02-28,1.7986506930837167
2006-03-01,1.8349067605406242
2006-03-02,1.84508934554033
2006-03-03,1.8227674937040135
2006-03-06,1.8190615552830256
2006-03-07,1.7644787535904563
2006-03-08,1.7541827261544194
2006-03-09,1.728739593381976
2006-03-10,1.719609369625242
2006-03-13,1.7193189860145017
2006-03-14,1.7379023162805358
2006-03-15,1.762787946350593
2006-03-16,1.7584515398410736
2006-03-17,1.7632910461248346
2006-03-20,1.7625851171952387
2006-03-21,1.7354615521199315
2006-03-22,1.7343465863546854
2006-03-23,1.729076421463824
2006-03-24,1.7483805617172694
2006-03-27,1.7354760359738546
2006-03-28,1.7290466001320226
2006-03-29,1.7606924428698125
2006-03-30,1.7691801831139184
2006-03-31,1.777217599539177
2006-04-03,1.7759308836038854
2006-04-04,1.7875359582201176
2006-04-05,1.8024639213533342
2006-04-06,1.8020236930470266
2006-04-07,1.7894219692358289
2006-04-10,1.7685317616506107
2006-04-11,1.7521151390303056
2006-04-12,1.7694866580368478
2006-04-13,1.767846010217077
2006-04-17,1.7734796847820078
2006-04-18,1.8109886963428659
2006-04-19,1.8110642616800685
2006-04-20,1.7916667757335023
2006-04-21,1.7954395068567508
2006-04-24,1.7874881041030954
2006-04-25,1.7774577500082098
2006-04-26,1.7718254350757678
2006-04-27,1.7758044750624806
2006-04-28,1.78179669853896
2006-05-01,1.771531902509678
2006-05-02,1.7790837135984827
2006-05-03,1.7848336734857584
2006-05-04,1.7913536100912364
2006-05-05,1.811430169435549
2006-05-08,1.8160705005822255
2006-05-09,1.815971358900459
2006-05-10,1.815613583329927
2006-05-11,1.7761520159820712
2006-05-12,1.7355346717013755
2006-05-15,1.7136285016292945
2006-05-16,1.7254587540976816
2006-05-17,1.6715058729869878
2006-05-18,1.647377114402491
2006-05-19,1.658568807665973
2006-05-22,1.6234358203903103
2006-05-23,1.6227555061500616
2006-05-24,1.5969151403189246
2006-05-25,1.6441712181066048
2006-05-26,1.6693047606108415
2006-05-30,1.6323192422370116
2006-05-31,1.6572109460470783
2006-06-01,1.6824410157663154
2006-06-02,1.688488732397593
2006-06-05,1.655493809554347
2006-06-06,1.6451797037602442
2006-06-07,1.6358320902110703
2006-06-08,1.6205782249152825
2006-06-09,1.6181425970128487
2006-06-12,1.584208972035568
2006-06-13,1.5494669415049904
2006-06-14,1.567371000009689
2006-06-15,1.6128377186361484
2006-06-16,1.6053155189361452
2006-06-19,1.5846249654310045
2006-06-20,1.5847171681699843
2006-06-21,1.6015561652105037
2006-06-22,1.5954725554699813
2006-06-23,1.5945395128135296
2006-06-26,1.6032375604098243
2006-06-27,1.5896319741125657
2006-06-28,1.6101833705551336
2006-06-29,1.657631176355808
2006-06-30,1.6674642021643182
2006-07-03,1.6824632905798262
2006-07-05,1.6581617727527134
2006-07-06,1.6634116797565015
2006-07-07,1.6462033496562
2006-07-10,1.6478423403168205
2006-07-11,1.6617657458452901
2006-07-12,1.6446675070544143
2006-07-13,1.6134444872488491
2006-07-14,1.5998279339454735
2006-07-17,1.5970454802014786
2006-07-18,1.6043604548459904
2006-07-19,1.6337490752530275
2006-07-20,1.5995819511085412
2006-07-21,1.5757209672949104
2006-07-24,1.6133980018111045
2006-07-25,1.6234824799136505
2006-07-26,1.6088642287577224
2006-07-27,1.5973412590773806
2006-07-28,1.6234443922046466
2006-07-31,1.62892850002413
2006-08-01,1.6076798580231042
2006-08-02,1.61397838009491
2006-08-03,1.6173546924076523
2006-08-04,1.6058059527404145
2006-08-07,1.6093812592725685
2006-08-08,1.612886724884679
2006-08-09,1.6091823123538982
2006-08-10,1.607897361649321
2006-08-11,1.6022797955024455
2006-08-14,1.6050491091799708
2006-08-15,1.6210781517136919
2006-08-16,1.6207554961159962
2006-08-17,1.6169646496449532
2006-08-18,1.62391667033283
2006-08-21,1.6247211405189264
2006-08-22,1.627832700890346
2006-08-23,1.6213082421402922
2006-08-24,1.6271903350861874
2006-08-25,1.6302586089718036
2006-08-28,1.6403456402232166
2006-08-29,1.6411943494266377
2006-08-30,1.6386005048351198
2006-08-31,1.641888973373255
2006-09-01,1.6498269274732387
2006-09-05,1.6498794026696997
2006-09-06,1.637602367409258
2006-09-07,1.6232666985440771
2006-09-08,1.6361571077310801
2006-09-11,1.640317602438308
2006-09-12,1.6466814097401068
2006-09-13,1.6481730567273947
2006-09-14,1.6523485175594008
2006-09-15,1.6518794004979667
2006-09-18,1.6481891529101633
2006-09-19,1.6467627807939056
2006-09-20,1.6571946473265073
2006-09-21,1.651529924773618
2006-09-22,1.6541865643677347
2006-09-25,1.6698596273098187
2006-09-26,1.6755351327967138
2006-09-27,1.6777504136312797
2006-09-28,1.6769482274465
2006-09-29,1.673176453963198
2006-10-02,1.6652313950991013
2006-10-03,1.6735596941855648
2006-10-04,1.6854154134438366
2006-10-05,1.6864368046349612
2006-10-06,1.6810981906756248
2006-10-09,1.6802780424759525
2006-10-10,1.6851832315056363
2006-10-11,1.687275169438037
2006-10-12,1.7041449967850046
2006-10-13,1.7075336572780229
2006-10-16,1.709992985576037
2006-10-17,1.7092681153444884
2006-10-18,1.7047812547704808
2006-10-19,1.6916003198503444
2006-10-20,1.6941651419405175
2006-10-23,1.7082044249289796
2006-10-24,1.7120316649029936
2006-10-25,1.7126782189047456
2006-10-26,1.7142068630590284
2006-10-27,1.6960262981232157
2006-10-30,1.6992965525805206
2006-10-31,1.7020903935777678
2006-11-01,1.6892456591607015
2006-11-02,1.6867975622181794
2006-11-03,1.6879071727442003
2006-11-06,1.7071177085234035
2006-11-07,1.7147451324425613
2006-11-08,1.7223146795079924
2006-11-09,1.7110974844668727
2006-11-10,1.7213867896116526
2006-11-13,1.729982526943105
2006-11-14,1.7413851523908073
2006-11-15,1.7378853501705853
2006-11-16,1.7372094915182528
2006-11-17,1.737389842436487
2006-11-20,1.7438863608328778
2006-11-21,1.7472953830094509
2006-11-22,1.7522524708245355
2006-11-24,1.7503422126356654
2006-11-27,1.7273860598703739
2006-11-28,1.7302732414610638
2006-11-29,1.751239332790027
2006-11-30,1.75240695532314
2006-12-01,1.7420366344567844
2006-12-04,1.7662744320700594
2006-12-05,1.7929032204477224
2006-12-06,1.7870656255786692
2006-12-07,1.7782784724902088
2006-12-08,1.789251595058756
2006-12-11,1.7963977701987095
2006-12-12,1.7816424578936176
2006-12-13,1.7858165676004911
2006-12-14,1.7962883213135612
2006-12-15,1.7970703298862905
2006-12-18,1.7859224079037836
2006-12-19,1.7934551565787784
2006-12-20,1.8006516678869162
2006-12-21,1.7910515025381144
2006-12-22,1.783831427328451
2006-12-26,1.7955718118370159
2006-12-27,1.804528734072156
2006-12-28,1.8025665058916407
2006-12-29,1.7934469822638635
2007-01-03,1.8051092489381824
2007-01-04,1.8086833411089303
2007-01-05,1.7913706293204965
2007-01-08,1.800834255246482
2007-01-09,1.8144053185345599
2007-01-10,1.8367528498076198
2007-01-11,1.8581745435236423
2007-01-12,1.8581489457175213
2007-01-16,1.8630952766668625
2007-01-17,1.8610197459733513
2007-01-18,1.8427467760357596
2007-01-19,1.8489349000875233
2007-01-22,1.8433406608976433
2007-01-23,1.855417575664402
2007-01-24,1.8931727424130225
2007-01-25,1.8688762845584372
2007-01-26,1.8761598035520706
2007-01-29,1.8704070532324437
2007-01-30,1.8764667995807853
2007-01-31,1.8874089946889736
2007-02-01,1.915328550011971
2007-02-02,1.92219102355103
2007-02-05,1.930410179434351
2007-02-06,1.9292809633135108
2007-02-07,1.9412471616918408
2007-02-08,1.9510387256740076
2007-02-09,1.9111964696614425
2007-02-12,1.8880671914246203
2007-02-13,1.9119562171121562
2007-02-14,1.9243226608034427
2007-02-15,1.9227948527623315
2007-02-16,1.9174985329776586
2007-02-20,1.932699335299389
2007-02-21,1.9462068095651806
2007-02-22,1.9453741531610866
2007-02-23,1.9333601637313724
2007-02-26,1.9263937718454793
2007-02-27,1.8411092496798314
2007-02-28,1.8606865312005885
2007-03-01,1.8611048607120029
2007-03-02,1.8254299202844935
2007-03-05,1.7933302784690797
2007-03-06,1.8333416381118048
2007-03-07,1.8185989219805128
2007-03-08,1.8463695990540514
2007-03-09,1.8528080899434825
2007-03-12,1.8646495803663365
2007-03-13,1.8231588330979815
2007-03-14,1.833168424820886
2007-03-15,1.840547892255182
2007-03-16,1.828308943425897
2007-03-19,1.8471113827639847
2007-03-20,1.8639962560840309
2007-03-21,1.888802821898061
2007-03-22,1.8841228273033133
2007-03-23,1.8708968889258177
2007-03-26,1.8658988500683589
2007-03-27,1.855648074893548
2007-03-28,1.8358197239323888
2007-03-29,1.8431048453761816
2007-03-30,1.838516947846472
2007-04-02,1.8547039022660956
2007-04-03,1.8731790522504788
2007-04-04,1.8682364844184682
2007-04-05,1.8783167033697854
2007-04-09,1.8869343878067608
2007-04-10,1.886117782654846
2007-04-11,1.879538700395878
2007-04-12,1.888687448541328
2007-04-13,1.894991096222343
2007-04-16,1.9164285286652534
2007-04-17,1.9132088515212138
2007-04-18,1.9083004659035472
2007-04-19,1.9025443009787741
2007-04-20,1.924267257885378
2007-04-23,1.9384143741326405
2007-04-24,1.9359184566934784
2007-04-25,1.9578821919304117
2007-04-26,1.961162128439472
2007-04-27,1.947350022969212
2007-04-30,1.9238366185597493
2007-05-01,1.9086740260691029
2007-05-02,1.9212887952265203
2007-05-03,1.9525654347007955
2007-05-04,1.9597223677470916
2007-05-07,1.9768918462647884
2007-05-08,1.9700933985070654
2007-05-09,1.969563633656147
2007-05-10,1.9365278717476273
2007-05-11,1.949225777671993
2007-05-14,1.9470860445690297
2007-05-15,1.9499350581136226
2007-05-16,1.9643091035825924
2007-05-17,1.9588345224443522
2007-05-18,1.9754772237927982
2007-05-21,1.9879136345952608
2007-05-22,1.9897128672222457
2007-05-23,1.978412941852896
2007-05-24,1.941448531553488
2007-05-25,1.9563804382596355
2007-05-29,1.9674918480799781
2007-05-30,1.9994446804614239
2007-05-31,2.001431436179277
2007-06-01,2.015199993668972
2007-06-04,2.0273170151206608
2007-06-05,2.0240997449909317
2007-06-06,1.9874467470137176
2007-06-07,1.9387420702040004
2007-06-08,1.9678032081176025
2007-06-11,1.9780160266698474
2007-06-12,1.9645953848879967
2007-06-13,1.9951943867711919
2007-06-14,2.0181375811173576
2007-06-15,2.0426456768277212
2007-06-18,2.04010687909529
2007-06-19,2.0411163845408526
2007-06-20,2.0198496125883287
2007-06-21,2.0333438770428214
2007-06-22,2.0014575440805236
2007-06-25,1.9884925262847306
2007-06-26,1.9731551070950946
2007-06-27,1.9894770781177116
2007-06-28,1.999604612724866
2007-06-29,1.995163669546254
2007-07-02,2.0217626028252558
2007-07-03,2.018952314119015
2007-07-05,2.0137961171476157
2007-07-06,2.0225461231247324
2007-07-09,2.064867451974527
2007-07-10,2.0288259052635533
2007-07-11,2.038566576489286
2007-07-12,2.0746045343066717
2007-07-13,2.109748018072002
2007-07-16,2.0975986780102973
2007-07-17,2.1008891609160156
2007-07-18,2.0890501491765554
2007-07-19,2.1044176089397397
2007-07-20,2.0689164280725567
2007-07-23,2.0688804784893637
2007-07-24,2.002529767007429
2007-07-25,1.992804146061898
2007-07-26,1.9403109632614113
2007-07-27,1.9273690303923785
2007-07-30,1.981798366586114
2007-07-31,1.964379477633722
2007-08-01,1.963960954801484
2007-08-02,1.980410434087894
2007-08-03,1.9072465058525554
2007-08-06,1.936111412088282
2007-08-07,1.9825623783588502
2007-08-08,2.0147670398150876
2007-08-09,1.9190307240432396
2007-08-10,1.919317965091861
2007-08-13,1.941839824747592
2007-08-14,1.8864579030441988
2007-08-15,1.8278599927257346
2007-08-16,1.8092936870598957
2007-08-17,1.8603984072186097
2007-08-20,1.8932754990008822
2007-08-21,1.914113930959619
2007-08-22,1.9620720968434533
2007-08-23,1.9404957805711343
2007-08-24,1.9865173226490886
2007-08-27,1.9627739875471664
2007-08-28,1.889289087590915
2007-08-29,1.945468334738648
2007-08-30,1.9468773139227074
2007-08-31,1.9911188249004972
2007-09-04,2.0324117245200126
2007-09-05,2.026097621433136
2007-09-06,2.043459059198711
2007-09-07,2.0206744627676607
2007-09-10,2.0063536624408
2007-09-11,2.037198635784581
2007-09-12,2.030573823654275
2007-09-13,2.056038971261812
2007-09-14,2.0622618260432093
2007-09-17,2.0644923581450727
2007-09-18,2.156736541251825
2007-09-19,2.1748882318648874
2007-09-20,2.164640868597693
2007-09-21,2.1826202951650924
2007-09-24,2.1815441788240766
2007-09-25,2.197863815128346
2007-09-26,2.1989347299385558
2007-09-27,2.2121377069426114
2007-09-28,2.1908345147765127
2007-10-01,2.2052777201902183
2007-10-02,2.204879393020306
2007-10-03,2.152729409099333
2007-10-04,2.1542876640902464
2007-10-05,2.1956540441452677
2007-10-08,2.2016302870405937
2007-10-09,2.2427698318250426
2007-10-10,2.2567572405744722
2007-10-11,2.2386607205818234
2007-10-12,2.2714372810990557
2007-10-15,2.2846077853276165
2007-10-16,2.276031516863833
2007-10-17,2.2761363322557715
2007-10-18,2.2887945122403823
2007-10-19,2.2091989289314102
2007-10-22,2.223459216299859
2007-10-23,2.274396240202453
2007-10-24,2.276590459368079
2007-10-25,2.27635065514631
2007-10-26,2.320527730492788
2007-10-29,2.3478515215900235
2007-10-30,2.3080919391504136
2007-10-31,2.286018345864676
2007-11-01,2.214894058739134
2007-11-02,2.2087229846325096
2007-11-05,2.1796816074354552
2007-11-06,2.21477768017511
2007-11-07,2.171397938171078
2007-11-08,2.1116849320332185
2007-11-09,2.073390875917348
2007-11-12,1.9743658144503107
2007-11-13,2.0685463224498006
2007-11-14,2.0488914239306313
2007-11-15,2.0089689481942137
2007-11-16,2.026161450988656
2007-11-19,1.9665133648813935
2007-11-20,2.0122851095824315
2007-11-21,1.9877798084388434
2007-11-23,2.0228999614982204
2007-11-26,1.9927826817914824
2007-11-27,2.020791194482105
2007-11-28,2.1142792223886557
2007-11-29,2.106579458216282
2007-11-30,2.1253036435859483
2007-12-03,2.1203152682314537
2007-12-04,2.1004482202159127
2007-12-05,2.151621251433737
2007-12-06,2.18767726950023
2007-12-07,2.208522794020986
2007-12-10,2.243869150958285
2007-12-11,2.17286054021911
2007-12-12,2.180454683872895
2007-12-13,2.196383945944185
2007-12-14,2.178001496228359
2007-12-17,2.1338664602560886
2007-12-18,2.1400753348220207
2007-12-19,2.147834328932523
2007-12-20,2.197505485195166
2007-12-21,2.2406825481492803
2007-12-24,2.276003781576534
2007-12-26,2.2957740420846267
2007-12-27,2.2697677557749074
2007-12-28,2.264073316890432
2007-12-31,2.245547513953138
2008-01-02,2.224345119895109
2008-01-03,2.239996509905582
2008-01-04,2.1501977407670503
2008-01-07,2.1380152341530922
2008-01-08,2.110357227803287
2008-01-09,2.12462764702435
2008-01-10,2.1471776661584245
2008-01-11,2.1302788884342516
2008-01-14,2.185283110304813
2008-01-15,2.1056995075443976
2008-01-16,2.0430289513933584
2008-01-17,1.9674727438887714
2008-01-18,1.9532762698710866
2008-01-22,1.9708177319808482
2008-01-23,1.9919611612809658
2008-01-24,2.028798640165205
2008-01-25,2.020105717985295
2008-01-28,2.051929295783372
2008-01-29,2.0572205230582408
2008-01-30,2.034461316371948
2008-01-31,2.0711307564427313
2008-02-01,2.124882088712405
2008-02-04,2.1209252673118213
2008-02-05,2.0904749040614967
2008-02-06,2.085047184004236
2008-02-07,2.0867055599971067
2008-02-08,2.092560938225842
2008-02-11,2.096636184823609
2008-02-12,2.101831544357559
2008-02-13,2.107104621414326
2008-02-14,2.1058625834291775
2008-02-15,2.1066689829875123
2008-02-19,2.113907925143397
2008-02-20,2.110616686021863
2008-02-21,2.104850426718998
2008-02-22,2.1016388225831153
2008-02-25,2.1164533473560936
2008-02-26,2.1171459937142765
2008-02-27,2.1113890651352087
2008-02-28,2.116791728280818
2008-02-29,2.100856666728304
2008-03-03,2.1018851641668266
2008-03-04,2.094791198324435
2008-03-05,2.105984568408149
2008-03-06,2.0985253032158484
2008-03-07,2.0844311670725846
2008-03-10,2.064399216077849
2008-03-11,2.0993358100299746
2008-03-12,2.095535182697387
2008-03-13,2.113065992341215
2008-03-14,2.1029303998858677
2008-03-17,2.0793245369488234
2008-03-18,2.105712677483893
2008-03-19,2.0620100718644427
2008-03-20,2.0553903108269225
2008-03-24,2.0677862318128564
2008-03-25,2.0846823733504394
2008-03-26,2.098779962982713
2008-03-27,2.0897460383642277
2008-03-28,2.0897333314925635
2008-03-31,2.0852191685687633
2008-04-01,2.093220512948711
2008-04-02,2.0938194092801843
2008-04-03,2.0971061240033055
2008-04-04,2.106148243981524
2008-04-07,2.110441516118228
2008-04-08,2.1177289487699364
2008-04-09,2.1159436764694703
2008-04-10,2.1203650846544355
2008-04-11,2.1119072848646994
2008-04-14,2.124479700904128
2008-04-15,2.131097620711353
2008-04-16,2.146326791532554
2008-04-17,2.1412483422659054
2008-04-18,2.1509024558758347
2008-04-21,2.15437980447656
2008-04-22,2.1517742368793553
2008-04-23,2.1476685819807004
2008-04-24,2.136026919251858
2008-04-25,2.150017018018094
2008-04-28,2.1441843187375595
2008-04-29,2.135707802594431
2008-04-30,2.134593372043912
2008-05-01,2.1257292875894342
2008-05-02,2.1370792689891815
2008-05-05,2.147187151365115
2008-05-06,2.1759972154077736
2008-05-07,2.13878629910635
2008-05-08,2.1574643460276963
2008-05-09,2.1444258349453955
2008-05-12,2.1578343168008685
2008-05-13,2.1707073909423116
2008-05-14,2.1671386485245234
2008-05-15,2.1912521765574624
2008-05-16,2.208598603838356
2008-05-19,2.199483614683164
2008-05-20,2.2012246551754417
2008-05-21,2.1629915496493455
2008-05-22,2.1591459448854424
2008-05-23,2.132001541478206
2008-05-27,2.1247993530783273
2008-05-28,2.151664449781276
2008-05-29,2.1450459182214225
2008-05-30,2.1630993981604654
2008-06-02,2.146040469765105
2008-06-03,2.133878719674659
2008-06-04,2.1267815664700316
2008-06-05,2.2035821088927188
2008-06-06,2.1356719890300986
2008-06-09,2.143836507556808
2008-06-10,2.138587462794687
2008-06-11,2.0804689125685623
2008-06-12,2.0933695892584363
2008-06-13,2.126934284496669
2008-06-16,2.14022657235398
2008-06-17,2.1177647577432404
2008-06-18,2.1103537337268947
2008-06-19,2.140551453666806
2008-06-20,2.106563317936846
2008-06-23,2.0943180930360783
2008-06-24,2.082543982730434
2008-06-25,2.110642406525397
2008-06-26,2.0504074484851365
2008-06-27,2.0424805698548707
2008-06-30,2.0526021283598084
2008-07-01,2.059423558895859
2008-07-02,2.0328780889216276
2008-07-03,2.02326635855925
2008-07-07,2.0214106005221186
2008-07-08,2.0268299377814807
2008-07-09,2.0225031905044855
2008-07-10,2.035287687841096
2008-07-11,2.0410220072556733
2008-07-14,2.0448680013551224
2008-07-15,2.0371272560316416
2008-07-16,2.053919895963409
2008-07-17,2.057541369229793
2008-07-18,2.05050157732244
2008-07-21,2.0577861641911044
2008-07-22,2.0617256587726636
2008-07-23,2.0357056412188204
2008-07-24,2.024316790700777
2008-07-25,2.03400413447223
2008-07-28,2.0251503056513944
2008-07-29,2.035254816972817
2008-07-30,2.0497473601608456
2008-07-31,2.03853423803223
2008-08-01,2.034348354876668
2008-08-04,2.0172686170171406
2008-08-05,2.0316919786032726
2008-08-06,2.0374621483875686
2008-08-07,2.0212940120681124
2008-08-08,2.0325274201360752
2008-08-11,2.03213453228541
2008-08-12,2.0278093413358405
2008-08-13,2.034668406074125
2008-08-14,2.042222468138745
2008-08-15,2.0368558617112567
2008-08-18,2.0318142328688054
2008-08-19,2.0288508250528086
2008-08-20,2.023315735167257
2008-08-21,2.0210180434426293
2008-08-22,2.028510339817193
2008-08-25,2.0165290857519276
2008-08-26,2.0167018429820405
2008-08-27,2.021838697772211
2008-08-28,2.030757876533658
2008-08-29,2.0237452671200464
2008-09-02,2.010307428842139
2008-09-03,2.0100660014248577
2008-09-04,1.9832405370562636
2008-09-05,1.9808904445824131
2008-09-08,1.9938531263128114
2008-09-09,1.9730058463948572
2008-09-10,1.97987634463365
2008-09-11,1.9842431577933948
2008-09-12,1.9809330056705352
2008-09-15,1.9653430566342553
2008-09-16,1.9767796462880187
2008-09-17,1.944023779880488
2008-09-18,1.948023127071843
2008-09-19,1.9666003286629818
2008-09-22,1.9490341611846789
2008-09-23,1.9446615679934938
2008-09-24,1.932798124870567
2008-09-25,1.9415397398749434
2008-09-26,1.9487203088311797
2008-09-29,1.9219516404084673
2008-09-30,1.9402650717590786
2008-10-01,1.9323651492854883
2008-10-02,1.9115374958151596
2008-10-03,1.8987051090496947
2008-10-06,1.8790554302207227
2008-10-07,1.8577159076079062
2008-10-08,1.852325134112404
2008-10-09,1.8071830864456777
2008-10-10,1.8106908101012624
2008-10-13,1.8560131122236458
2008-10-14,1.8558303635296762
2008-10-15,1.8249236765917538
2008-10-16,1.8505022584303545
2008-10-17,1.8405667142324433
2008-10-20,1.8573903962195955
2008-10-21,1.8509006176206795
2008-10-22,1.8345671719693482
2008-10-23,1.831863488394287
2008-10-24,1.818744934972006
2008-10-27,1.8101643704302188
2008-10-28,1.8389206458659677
2008-10-29,1.8359357375234664
2008-10-30,1.8433384319606665
2008-10-31,1.8559076300979052
2008-11-03,1.8584067274841443
2008-11-04,1.870883086417824
2008-11-05,1.840424572931556
2008-11-06,1.8246157094253905
2008-11-07,1.8282703254890877
2008-11-10,1.8115347647574942
2008-11-11,1.8092801738904092
2008-11-12,1.7821646998934648
2008-11-13,1.8093217044212055
2008-11-14,1.7950987594175043
2008-11-17,1.7866969175755083
2008-11-18,1.7880467036534151
2008-11-19,1.7635796350014936
2008-11-20,1.746154956184151
2008-11-21,1.7586204250302413
2008-11-24,1.765297054456563
2008-11-25,1.769038632008505
2008-11-26,1.772537567623903
2008-11-28,1.7753005709271066
2008-12-01,1.759376978441341
2008-12-02,1.7653147142942038
2008-12-03,1.7710356136490812
2008-12-04,1.7584737237952448
2008-12-05,1.7720980289715982
2008-12-08,1.7776369379872334
2008-12-09,1.7642540397712518
2008-12-10,1.7675434105494643
2008-12-11,1.758620834312009
2008-12-12,1.7678597394811846
2008-12-15,1.7685693698766958
2008-12-16,1.7850318239094127
2008-12-17,1.7818795712938655
2008-12-18,1.781463048802388
2008-12-19,1.7702447645258432
2008-12-22,1.7695462304284255
2008-12-23,1.7665174869911393
2008-12-24,1.7682293782408882
2008-12-26,1.7688663384172527
2008-12-29,1.7646152345833797
2008-12-30,1.7707186964382946
2008-12-31,1.77866081179926
2009-01-02,1.7841569621143145
2009-01-05,1.7743895512221521
2009-01-06,1.7672385727028594
2009-01-07,1.7618187953769464
2009-01-08,1.769201720301729
2009-01-09,1.7592023853347256
2009-01-12,1.7508124224357484
2009-01-13,1.7531091211899559
2009-01-14,1.7361554157009456
2009-01-15,1.7455616663785487
2009-01-16,1.7521245332724114
2009-01-20,1.7399886293138598
2009-01-21,1.7500991768349188
2009-01-22,1.7369824904407525
2009-01-23,1.7309881758255978
2009-01-26,1.7284025805807968
2009-01-27,1.7221288002826975
2009-01-28,1.730702057101149
2009-01-29,1.7224081266784936
2009-01-30,1.7157785880525889
2009-02-02,1.719980782428512
2009-02-03,1.7283421745370189
2009-02-04,1.7233704063166853
2009-02-05,1.7156241096299116
2009-02-06,1.726412175353936
2009-02-09,1.7205199857464224
2009-02-10,1.705365080624016
2009-02-11,1.70962877869902
2009-02-12,1.7168882258040419
2009-02-13,1.713507280726114
2009-02-17,1.7000147049880925
2009-02-18,1.6953687733156495
2009-02-19,1.70219595055308
2009-02-20,1.7021216917339748
2009-02-23,1.6863631438632645
2009-02-24,1.696768290907475
2009-02-25,1.6927352193208112
2009-02-26,1.6824164123555752
2009-02-27,1.678713962459305
2009-03-02,1.6605931026737835
2009-03-03,1.6666152530170684
2009-03-04,1.6702532084500836
2009-03-05,1.6655009961236396
2009-03-06,1.6589942671553797
2009-03-09,1.6564436756089227
2009-03-10,1.6628844975980832
2009-03-11,1.6600841333251743
2009-03-12,1.6680690241719744
2009-03-13,1.6730442100327667
2009-03-16,1.6706020090498563
2009-03-17,1.674425313302526
2009-03-18,1.6811380177574895
2009-03-19,1.6839925782946459
2009-03-20,1.6819311220893136
2009-03-23,1.6882023872826526
2009-03-24,1.6868549805320778
2009-03-25,1.6897749666354693
2009-03-26,1.6948157716235146
2009-03-27,1.6889501389534765
2009-03-30,1.6866926767225385
2009-03-31,1.6897646436718086
2009-04-01,1.6914756087328606
2009-04-02,1.7360362975901225
2009-04-03,1.736512802471658
2009-04-06,1.7271120491130658
2009-04-07,1.682968897046363
2009-04-08,1.707536360628006
2009-04-09,1.7677215525670034
2009-04-13,1.7600465766735385
2009-04-14,1.7285553261854096
2009-04-15,1.7434464786949646
2009-04-16,1.7918095470139015
2009-04-17,1.8154399259983338
2009-04-20,1.7662489084027957
2009-04-21,1.7967543798476622
2009-04-22,1.7849579216821228
2009-04-23,1.7894894133942107
2009-04-24,1.7868453217568099
2009-04-27,1.7871330095022886
2009-04-28,1.7785093640226528
2009-04-29,1.8118869858311033
2009-04-30,1.8224335930398134
2009-05-01,1.8286319438695264
2009-05-04,1.885941629084501
2009-05-05,1.8773027355126777
2009-05-06,1.865429723575846
2009-05-07,1.8081746626278392
2009-05-08,1.839476815189733
2009-05-11,1.7997402985133266
2009-05-12,1.7698439924607685
2009-05-13,1.70643328181369
2009-05-14,1.73744356755618
2009-05-15,1.7344046916377984
2009-05-18,1.7887868768072273
2009-05-19,1.7951840688210452
2009-05-20,1.789983145881433
2009-05-21,1.7559265016168917
2009-05-22,1.744409145118992
2009-05-26,1.7874085042329848
2009-05-27,1.7556752728968426
2009-05-28,1.7622506494887709
2009-05-29,1.7876117571923433
2009-06-01,1.8318863225963253
2009-06-02,1.8052840964057824
2009-06-03,1.7406641012268969
2009-06-04,1.791138096788714
2009-06-05,1.7780863109398781
2009-06-08,1.7736048072855823
2009-06-09,1.814714556926301
2009-06-10,1.826702436301588
2009-06-11,1.8142917013430346
2009-06-12,1.8245277797239992
2009-06-15,1.775897483427578
2009-06-16,1.7502704767974986
2009-06-17,1.7454891082237765
2009-06-18,1.7799712862071109
2009-06-19,1.8056081768605934
2009-06-22,1.7043280902211382
2009-06-23,1.7223171250339917
2009-06-24,1.7380992811818068
2009-06-25,1.7162491227270726
2009-06-26,1.7393891433064337
2009-06-29,1.7435235116399748
2009-06-30,1.7365041205091385
2009-07-01,1.7556409672836073
2009-07-02,1.6988521356321054
2009-07-06,1.6783074553351431
2009-07-07,1.6140521024763395
2009-07-08,1.6156162140746586
2009-07-09,1.6395792316698763
2009-07-10,1.647479071000981
2009-07-13,1.70592980941339
2009-07-14,1.7318835903496026
2009-07-15,1.8074249390468338
2009-07-16,1.8367556172756543
2009-07-17,1.8435043394039308
2009-07-20,1.8730421514849496
2009-07-21,1.8880821171420163
2009-07-22,1.9006596582901563
2009-07-23,1.944887767212876
2009-07-24,1.9574081298779795
2009-07-27,1.983177926308207
2009-07-28,1.974829986512934
2009-07-29,1.9384813390319364
2009-07-30,1.9808421654539217
2009-07-31,1.99972263348833
2009-08-03,2.061370403871504
2009-08-04,2.075597828797858
2009-08-05,2.0865922720129544
2009-08-06,2.053829204943843
2009-08-07,2.0887997476285785
2009-08-10,2.112231031696869
2009-08-11,2.0906743125771365
2009-08-12,2.116828736217186
2009-08-13,2.1414413873651976
2009-08-14,2.1180696972657005
2009-08-17,2.071473100017988
2009-08-18,2.094978654405206
2009-08-19,2.113227104201364
2009-08-20,2.15097829834808
2009-08-21,2.193415453213722
2009-08-24,2.17599407083741
2009-08-25,2.188582752522159
2009-08-26,2.1874334416348296
2009-08-27,2.2074389398362357
2009-08-28,2.222968595384868
2009-08-31,2.1943359944618757
2009-09-01,2.1279680932612433
2009-09-02,2.1113535851752125
2009-09-03,2.14964875489124
2009-09-04,2.1843278943348725
2009-09-08,2.2275938654149567
2009-09-09,2.2560918859646275
2009-09-10,2.2856522232486376
2009-09-11,2.2759854036416747
2009-09-14,2.3164572985417182
2009-09-15,2.335051196222328
2009-09-16,2.386907633743101
2009-09-17,2.3620906357403335
2009-09-18,2.360244320305886
2009-09-21,2.3576452727568666
2009-09-22,2.3820076545389415
2009-09-23,2.339318589446657
2009-09-24,2.280216570096505
2009-09-25,2.25030669437198
2009-09-28,2.3314310672529546
2009-09-29,2.32246295561079
2009-09-30,2.300924265342688
2009-10-01,2.2029607411974816
2009-10-02,2.222042486802495
2009-10-05,2.271225810938692
2009-10-06,2.307018158056299
2009-10-07,2.3064840889732148
2009-10-08,2.33322803635539
2009-10-09,2.339351639926545
2009-10-12,2.3344997856648284
2009-10-13,2.313414915921074
2009-10-14,2.372266763297863
2009-10-15,2.366056222592309
2009-10-16,2.3228682297618253
2009-10-19,2.327348029797878
2009-10-20,2.310760851803786
2009-10-21,2.251592382039641
2009-10-22,2.3368639291380457
2009-10-23,2.2798393494794977
2009-10-26,2.222446620017728
2009-10-27,2.1791370631079148
2009-10-28,2.114408570120262
2009-10-29,2.2144881345136844
2009-10-30,2.1465029707522585
2009-11-02,2.152803998952429
2009-11-03,2.173854035735971
2009-11-04,2.1751967000315378
2009-11-05,2.230681304280164
2009-11-06,2.23050679525578
2009-11-09,2.2913467244773313
2009-11-10,2.2914374807981877
2009-11-11,2.2999048740098416
2009-11-12,2.2717555162170857
2009-11-13,2.291348196377307
2009-11-16,2.3252617008759513
2009-11-17,2.3135970934562837
2009-11-18,2.308295688255323
2009-11-19,2.2596574033689296
2009-11-20,2.254912309572235
2009-11-23,2.2875447568580722
2009-11-24,2.2764413392830174
2009-11-25,2.2761379202969505
2009-11-27,2.2353380782731427
2009-11-30,2.247594056200959
2009-12-01,2.2762137506637847
2009-12-02,2.289650645166828
2009-12-03,2.259871154757345
2009-12-04,2.2764862019609757
2009-12-07,2.265811029111297
2009-12-08,2.2519401802088264
2009-12-09,2.254288318955366
2009-12-10,2.257588878034997
2009-12-11,2.2615387850849045
2009-12-14,2.2806942613031183
2009-12-15,2.2613004976423436
2009-12-16,2.2610377053456086
2009-12-17,2.2403998746353233
2009-12-18,2.252964034240555
2009-12-21,2.287369305638719
2009-12-22,2.310075940330884
2009-12-23,2.344259044219633
2009-12-24,2.359287927661443
2009-12-28,2.3598600611926113
2009-12-29,2.3552164587296853
2009-12-30,2.355502517734827
2009-12-31,2.337118347836078
2010-01-04,2.3676522352339453
2010-01-05,2.406615628988685
2010-01-06,2.3940769375030833
2010-01-07,2.380549821806389
2010-01-08,2.391182880970498
2010-01-11,2.364014322074297
2010-01-12,2.310129567730393
2010-01-13,2.354179539211499
2010-01-14,2.3354094986050598
2010-01-15,2.295140755187738
2010-01-19,2.32198127739862
2010-01-20,2.2964139364134333
2010-01-21,2.2698137422644185
2010-01-22,2.1967021244454417
2010-01-25,2.1881479036529896
2010-01-26,2.188765745927936
2010-01-27,2.2010287406434785
2010-01-28,2.1730309453263237
2010-01-29,2.1455121004726787
2010-02-01,2.1772752387244885
2010-02-02,2.227393153085885
2010-02-03,2.2133033350708584
2010-02-04,2.112182484609216
2010-02-05,2.1153494502014287
2010-02-08,2.1019955949882694
2010-02-09,2.170328974540734
2010-02-10,2.1637005413872337
2010-02-11,2.194847581779781
2010-02-12,2.2119023063183447
2010-02-16,2.2349952688233
2010-02-17,2.239608305135965
2010-02-18,2.2369659799857184
2010-02-19,2.2513357247453714
2010-02-22,2.258874116083786
2010-02-23,2.2426767833151153
2010-02-24,2.2677960705878664
2010-02-25,2.2691719217628123
2010-02-26,2.297699853268283
2010-03-01,2.348813117228931
2010-03-02,2.3580658280435514
2010-03-03,2.38054180369001
2010-03-04,2.36510266637312
2010-03-05,2.4029052422146284
2010-03-08,2.405020558850804
2010-03-09,2.427095348596758
2010-03-10,2.436285065063363
2010-03-11,2.452552766144183
2010-03-12,2.460362791967556
2010-03-15,2.451629701775238
2010-03-16,2.470758471484859
2010-03-17,2.483343021153296
2010-03-18,2.458864995695999
2010-03-19,2.4125644023442967
2010-03-22,2.4704329106734555
2010-03-23,2.498908500984562
2010-03-24,2.4933660863659064
2010-03-25,2.4830798955836486
2010-03-26,2.4818156078480587
2010-03-29,2.503738228964128
2010-03-30,2.5002647589028544
2010-03-31,2.4750145934080674
2010-04-01,2.490431840473722
2010-04-05,2.524377320182912
2010-04-06,2.5182743152398666
2010-04-07,2.502534855535989
2010-04-08,2.530997748663246
2010-04-09,2.5494147297533396
2010-04-12,2.546101495880109
2010-04-13,2.5691212966189325
2010-04-14,2.617925112392683
2010-04-15,2.62450686277809
2010-04-16,2.5793152340046235
2010-04-19,2.559237334117225
2010-04-20,2.5999942784122076
2010-04-21,2.584720222757344
2010-04-22,2.6094635480507047
2010-04-23,2.6559719273717333
2010-04-26,2.6694325376940453
2010-04-27,2.567947440933822
2010-04-28,2.5751900997111297
2010-04-29,2.611249903648801
2010-04-30,2.556091339726051
2010-05-03,2.6040985623886623
2010-05-04,2.4887799733850837
2010-05-05,2.4650970999993604
2010-05-06,2.3585474955679797
2010-05-07,2.2981917084137287
2010-05-10,2.4462777332012373
2010-05-11,2.446597914721717
2010-05-12,2.5087605147453447
2010-05-13,2.477719865741932
2010-05-14,2.4061803957654804
2010-05-17,2.427128160776071
2010-05-18,2.3829186633798964
2010-05-19,2.355097775251727
2010-05-20,2.2324431068804307
2010-05-21,2.2916087128513007
2010-05-24,2.256554043039968
2010-05-25,2.2647398357426503
2010-05-26,2.2578277280448695
2010-05-27,2.3595104068487682
2010-05-28,2.323224276157498
2010-06-01,2.271921328895776
2010-06-02,2.330007647425308
2010-06-03,2.34457977605801
2010-06-04,2.227861975547072
2010-06-07,2.1863202075279604
2010-06-08,2.210803127787266
2010-06-09,2.2320724802237564
2010-06-10,2.3157531764461523
2010-06-11,2.3424395956029396
2010-06-14,2.360050050886496
2010-06-15,2.4246056990258196
2010-06-16,2.4171297891807417
2010-06-17,2.4113248318738383
2010-06-18,2.407518710478513
2010-06-21,2.3871158452409413
2010-06-22,2.317807151877835
2010-06-23,2.3236340043246475
2010-06-24,2.2662293842802486
2010-06-25,2.3040281344714613
2010-06-28,2.2824204939946426
2010-06-29,2.1742313457573954
2010-06-30,2.150517629268669
2010-07-01,2.1303909578247926
2010-07-02,2.1257331512299347
2010-07-06,2.1276077694840745
2010-07-07,2.1432081712167177
2010-07-08,2.143257045701293
2010-07-09,2.1482715332587365
2010-07-12,2.1472392561743394
2010-07-13,2.1549256724146786
2010-07-14,2.156820811848911
2010-07-15,2.1556783172909233
2010-07-16,2.140790621198157
2010-07-19,2.1411672275640625
2010-07-20,2.147310238843626
2010-07-21,2.1374024523056203
2010-07-22,2.1516777318885527
2010-07-23,2.1644955044208913
2010-07-26,2.1742890815626357
2010-07-27,2.1627305020305116
2010-07-28,2.1566865672286464
2010-07-29,2.1439467797639566
2010-07-30,2.1476653113992135
2010-08-02,2.152004407037001
2010-08-03,2.1377430782168023
2010-08-04,2.154692325373582
2010-08-05,2.161768224861394
2010-08-06,2.1542648540250435
2010-08-09,2.1742825038578655
2010-08-10,2.1521474933174893
2010-08-11,2.1026313650395805
2010-08-12,2.086931878775097
2010-08-13,2.0858389086165663
2010-08-16,2.0911374608391866
2010-08-17,2.1222167907252625
2010-08-18,2.135598164368814
2010-08-19,2.117810861512068
2010-08-20,2.1556855363390293
2010-08-23,2.14201323120618
2010-08-24,2.1121854479859627
2010-08-25,2.1128806414904995
2010-08-26,2.109198460903839
2010-08-27,2.148908471154088
2010-08-30,2.1171139995715467
2010-08-31,2.1220757764664673
2010-09-01,2.1872584676498197
2010-09-02,2.195011620194473
2010-09-03,2.201374086262853
2010-09-07,2.2001852176478764
2010-09-08,2.2093193586199273
2010-09-09,2.206395334577992
2010-09-10,2.2054617162057726
2010-09-13,2.2153696520244357
2010-09-14,2.2148105743662323
2010-09-15,2.216452206565531
2010-09-16,2.217422806233992
2010-09-17,2.2182395718718064
2010-09-20,2.2294731970390056
2010-09-21,2.224259016271476
2010-09-22,2.223637975141196
2010-09-23,2.2182040285506526
2010-09-24,2.2299053207170245
2010-09-27,2.2334876759811904
2010-09-28,2.2365126539295512
2010-09-29,2.233709100528585
2010-09-30,2.229291404360023
2010-10-01,2.2259830025981997
2010-10-04,2.2064248237375645
2010-10-05,2.2546287104296194
2010-10-06,2.191152022419615
2010-10-07,2.1942806904726093
2010-10-08,2.209236153765283
2010-10-11,2.192444723996496
2010-10-12,2.2292786592362397
2010-10-13,2.244958918208683
2010-10-14,2.247025798482761
2010-10-15,2.2525025842638526
2010-10-18,2.238836262694736
2010-10-19,2.1942961254716833
2010-10-20,2.236993278939621
2010-10-21,2.247447934723216
2010-10-22,2.2845468308887202
2010-10-25,2.3175757936376975
2010-10-26,2.31336185778471
2010-10-27,2.3527458485093082
2010-10-28,2.3620937573682204
2010-10-29,2.3754383412202995
2010-11-01,2.3675086440660293
2010-11-02,2.394650178969161
2010-11-03,2.409994451341829
2010-11-04,2.4496271646811865
2010-11-05,2.4610747676737583
2010-11-08,2.4693210990748438
2010-11-09,2.461095395921716
2010-11-10,2.4631181023013387
2010-11-11,2.4693033281186283
2010-11-12,2.4181532826333214
2010-11-15,2.3838991767589808
2010-11-16,2.340852307861068
2010-11-17,2.3506849542637727
2010-11-18,2.402266377537878
2010-11-19,2.4146324887622055
2010-11-22,2.4424312633879324
2010-11-23,2.413792742333179
2010-11-24,2.4648462074497144
2010-11-26,2.454663711138316
2010-11-29,2.4489725653229155
2010-11-30,2.424895553549806
2010-12-01,2.4744871801977877
2010-12-02,2.4805915905535465
2010-12-03,2.492567958811306
2010-12-06,2.4901865695472534
2010-12-07,2.480493967786994
2010-12-08,2.4845469384889034
2010-12-09,2.5013915319396625
2010-12-10,2.516427176525219
2010-12-13,2.4829973348387195
2010-12-14,2.457733204260196
2010-12-15,2.435709168334175
2010-12-16,2.47839623054018
2010-12-17,2.487912204312849
2010-12-20,2.5058130360640565
2010-12-21,2.534541930857645
2010-12-22,2.5297016563537142
2010-12-23,2.5341672134673567
2010-12-27,2.5268723502237305
2010-12-28,2.514605248792953
2010-12-29,2.5223802082617923
2010-12-30,2.518325107015119
2010-12-31,2.5125314094100832
2011-01-03,2.5464418205919763
2011-01-04,2.5338861508112784
2011-01-05,2.5659524623183967
2011-01-06,2.546162823599456
2011-01-07,2.554954639034929
2011-01-10,2.568440001707257
2011-01-11,2.5711648608628352
2011-01-12,2.6163307022108646
2011-01-13,2.610277246182617
2011-01-14,2.6480395387005293
2011-01-18,2.6459111565712834
2011-01-19,2.5807709576416777
2011-01-20,2.54116480690268
2011-01-21,2.528919656090337
2011-01-24,2.53871234865148
2011-01-25,2.53898920233687
2011-01-26,2.5972371935850203
2011-01-27,2.6048935280741286
2011-01-28,2.540715805447014
2011-01-31,2.5479313332300997
2011-02-01,2.6081294106941733
2011-02-02,2.624072738575149
2011-02-03,2.630193024249977
2011-02-04,2.6942764868746596
2011-02-07,2.7139176199697674
2011-02-08,2.7187088020915513
2011-02-09,2.700576690579206
2011-02-10,2.7261481534936802
2011-02-11,2.7437609873696043
2011-02-14,2.78399872698205
2011-02-15,2.7537279991771055
2011-02-16,2.7851993225458465
2011-02-17,2.8093203250681635
2011-02-18,2.8000827471882728
2011-02-22,2.7094488589376544
2011-02-23,2.6843330049748535
2011-02-24,2.6802922977108388
2011-02-25,2.7546941300449213
2011-02-28,2.754446952499993
2011-03-01,2.68725744997311
2011-03-02,2.7107815689389843
2011-03-03,2.78019512914877
2011-03-04,2.7737484253817852
2011-03-07,2.7059355915886565
2011-03-08,2.71035410983321
2011-03-09,2.668386323888538
2011-03-10,2.6064301686212397
2011-03-11,2.6511075081355155
2011-03-14,2.650926855593623
2011-03-15,2.6311613865976686
2011-03-16,2.5869403536494016
2011-03-17,2.5995714530526457
2011-03-18,2.5804475365141286
2011-03-21,2.6461892402167484
2011-03-22,2.6123004801638903
2011-03-23,2.6585051424735022
2011-03-24,2.700043001944389
2011-03-25,2.7167946827267033
2011-03-28,2.728727687304372
2011-03-29,2.757374271514175
2011-03-30,2.7781338234195876
2011-03-31,2.765308089552371
2011-04-01,2.7504485287272513
2011-04-04,2.7534177722145228
2011-04-05,2.743335013038893
2011-04-06,2.7413472927676312
2011-04-07,2.731596574235244
2011-04-08,2.7106389260029484
2011-04-11,2.679385855089154
2011-04-12,2.6488520344273203
2011-04-13,2.661680811558438
2011-04-14,2.6656287773050673
2011-04-15,2.686188587083711
2011-04-18,2.6362841462727284
2011-04-19,2.656752843139734
2011-04-20,2.7003825071628724
2011-04-21,2.722614307651053
2011-04-25,2.711785912834318
2011-04-26,2.7399663678498727
2011-04-27,2.7840206947742248
2011-04-28,2.7929685731312883
2011-04-29,2.7964282325230445
2011-05-02,2.7690267408946174
2011-05-03,2.729631862609287
2011-05-04,2.712620856541037
2011-05-05,2.685687283974013
2011-05-06,2.7147544524188465
2011-05-09,2.750870693220723
2011-05-10,2.7747157468519337
2011-05-11,2.7396462385393763
2011-05-12,2.7518111148861775
2011-05-13,2.7197413762453584
2011-05-16,2.6949050412707867
2011-05-17,2.692970980587717
2011-05-18,2.7509786812496424
2011-05-19,2.7500669285579566
2011-05-20,2.7390102248539687
2011-05-23,2.7028971489732316
2011-05-24,2.7054756894763403
2011-05-25,2.72381159122567
2011-05-26,2.734661144900399
2011-05-27,2.7488871166265656
2011-05-31,2.779701020139604
2011-06-01,2.712146364488891
2011-06-02,2.7004595789850256
2011-06-03,2.679478095272287
2011-06-06,2.634224183040582
2011-06-07,2.6450338221883993
2011-06-08,2.647562814817455
2011-06-09,2.6760422925487233
2011-06-10,2.6693899470832867
2011-06-13,2.700431711381624
2011-06-14,2.7366425467390543
2011-06-15,2.697765870588917
2011-06-16,2.689555974992791
2011-06-17,2.6878896704986683
2011-06-20,2.7109873094508306
2011-06-21,2.751952507283118
2011-06-22,2.746831830076372
2011-06-23,2.7407302214907667
2011-06-24,2.7406970909033723
2011-06-27,2.758199837451531
2011-06-28,2.8144167616120077
2011-06-29,2.8159258153580446
2011-06-30,2.8357286154016927
2011-07-01,2.8773550383990223
2011-07-05,2.8832697491126367
2011-07-06,2.8832458079816066
2011-07-07,2.88800735973995
2011-07-08,2.882505616194436
2011-07-11,2.8130966168847262
2011-07-12,2.7997194292416236
2011-07-13,2.814890889964994
2011-07-14,2.802823616615972
2011-07-15,2.794889879159358
2011-07-18,2.7750684476916856
2011-07-19,2.8414302161953153
2011-07-20,2.8252567382245393
2011-07-21,2.8403553920235396
2011-07-22,2.829523167439746
2011-07-25,2.8108162520364237
2011-07-26,2.798592759617245
2011-07-27,2.7159127573647663
2011-07-28,2.7125243402789865
2011-07-29,2.7048539350974727
2011-08-01,2.6870504179318613
2011-08-02,2.512247498605023
2011-08-03,2.5308954211103845
2011-08-04,2.4038139447343565
2011-08-05,2.3954953506220766
2011-08-08,2.235258281014172
2011-08-09,2.353010748760844
2011-08-10,2.289146601348352
2011-08-11,2.387507139902335
2011-08-12,2.4249078499857606
2011-08-15,2.454121933646161
2011-08-16,2.421774781936352
2011-08-17,2.3971073254053654
2011-08-18,2.2983781534153827
2011-08-19,2.275937986765737
2011-08-22,2.272554036914923
2011-08-23,2.3600502982352793
2011-08-24,2.3921474137087477
2011-08-25,2.3526231265266078
2011-08-26,2.404391211663029
2011-08-29,2.472517571348151
2011-08-30,2.478255881756224
2011-08-31,2.470180296678362
2011-09-01,2.445898115721553
2011-09-02,2.434151201328661
2011-09-06,2.44499724979565
2011-09-07,2.454314735744279
2011-09-08,2.45486791252726
2011-09-09,2.433780598515562
2011-09-12,2.4361302272158043
2011-09-13,2.444890460207491
2011-09-14,2.454626076800011
2011-09-15,2.4590227133977995
2011-09-16,2.4708633966006315
2011-09-19,2.477879797941123
2011-09-20,2.4685401512087024
2011-09-21,2.455710775380805
2011-09-22,2.4313230587103027
2011-09-23,2.4327814575145186
2011-09-26,2.4525271673360454
2011-09-27,2.4524232218724262
2011-09-28,2.438059406593273
2011-09-29,2.4258832270580446
2011-09-30,2.402239699914273
2011-10-03,2.377379389406531
2011-10-04,2.384200842832414
2011-10-05,2.3880895815190866
2011-10-06,2.3970262792243577
2011-10-07,2.3969307919948344
2011-10-10,2.4129159414433143
2011-10-11,2.4150994380081126
2011-10-12,2.41366771443839
2011-10-13,2.413994474052068
2011-10-14,2.4234594117461734
2011-10-17,2.4197788304719356
2011-10-18,2.4267075274193073
2011-10-19,2.424194337373797
2011-10-20,2.4227240008434796
2011-10-21,2.4354393719174348
2011-10-24,2.437147897915928
2011-10-25,2.4275861911613585
2011-10-26,2.4259466406201384
2011-10-27,2.4352607637622685
2011-10-28,2.431030235802731
2011-10-31,2.4304625230522423
2011-11-01,2.4187823046663657
2011-11-02,2.44584813228513
2011-11-03,2.4825142686734085
2011-11-04,2.4850221171482505
2011-11-07,2.4977478942315074
2011-11-08,2.5214198218790553
2011-11-09,2.4437120504098355
2011-11-10,2.461401476243159
2011-11-11,2.512462609134723
2011-11-14,2.493929815114949
2011-11-15,2.508530886938706
2011-11-16,2.4580192054586973
2011-11-17,2.4296557466483297
2011-11-18,2.42868900559988
2011-11-21,2.3930240437315224
2011-11-22,2.389282454521669
2011-11-23,2.3416492447003696
2011-11-25,2.338865363316679
2011-11-28,2.391706744942063
2011-11-29,2.412440505777055
2011-11-30,2.497239888667086
2011-12-01,2.498348263425483
2011-12-02,2.4868780339729954
2011-12-05,2.5152322877530016
2011-12-06,2.515628542168097
2011-12-07,2.4979974433642194
2011-12-08,2.4583293917850457
2011-12-09,2.508578299216132
2011-12-12,2.475593103404228
2011-12-13,2.431219422428455
2011-12-14,2.3946280410966585
2011-12-15,2.3948093286746626
2011-12-16,2.4182107643236224
2011-12-19,2.390880684259543
2011-12-20,2.471069338650296
2011-12-21,2.480096024905508
2011-12-22,2.4750180146105056
2011-12-23,2.498058434960033
2011-12-27,2.499884867867242
2011-12-28,2.4699556091529873
2011-12-29,2.477706005348904
2011-12-30,2.457057907473547
2012-01-03,2.468009181241687
2012-01-04,2.480633031520026
2012-01-05,2.493209983923123
2012-01-06,2.4896353900474244
2012-01-09,2.493936106000535
2012-01-10,2.541012585804488
2012-01-11,2.5572709902560393
2012-01-12,2.5760269074145676
2012-01-13,2.5644388525112944
2012-01-17,2.561466700875639
2012-01-18,2.602225866524093
2012-01-19,2.625600095695842
2012-01-20,2.626520037016749
2012-01-23,2.6158762640995614
2012-01-24,2.6242501453542406
2012-01-25,2.641335013241859
2012-01-26,2.642663257883625
2012-01-27,2.644555867150024
2012-01-30,2.6428155943552087
2012-01-31,2.6290726451622355
2012-02-01,2.6957749492706187
2012-02-02,2.6988661907702265
2012-02-03,2.746571180479649
2012-02-06,2.7509635197474243
2012-02-07,2.7550134753326527
2012-02-08,2.767304186782699
2012-02-09,2.7670652463091705
2012-02-10,2.7566717933673206
2012-02-13,2.805115346782574
2012-02-14,2.779496300701892
2012-02-15,2.757218825936147
2012-02-16,2.773041734938969
2012-02-17,2.7859144864778145
2012-02-21,2.7789683042334192
2012-02-22,2.795746035584225
2012-02-23,2.8203446268669516
2012-02-24,2.8198195308600433
2012-02-27,2.8283902577393634
2012-02-28,2.8311037392254312
2012-02-29,2.8202817770476356
2012-03-01,2.841428177869258
2012-03-02,2.8193776250907927
2012-03-05,2.8065375465840887
2012-03-06,2.729712497963596
2012-03-07,2.7816467333031833
2012-03-08,2.819309488046169
2012-03-09,2.8337285065839515
2012-03-12,2.8304992693217628
2012-03-13,2.88243594169671
2012-03-14,2.861819578570559
2012-03-15,2.8868853842256668
2012-03-16,2.866845686244656
2012-03-19,2.8784022563682283
2012-03-20,2.8603082642411843
2012-03-21,2.878693899834818
2012-03-22,2.860923513588552
2012-03-23,2.8671176572270403
2012-03-26,2.8961310437883836
2012-03-27,2.886478368635961
2012-03-28,2.878683021433856
2012-03-29,2.8723712770444134
2012-03-30,2.869482018340522
2012-04-02,2.8984007421010736
2012-04-03,2.9006563183455762
2012-04-04,2.848659750466828
2012-04-05,2.790710255755291
2012-04-09,2.757081781912712
2012-04-10,2.6668977653256887
2012-04-11,2.717187436790787
2012-04-12,2.7744851442534544
2012-04-13,2.7408999654527815
2012-04-16,2.7407150577765855
2012-04-17,2.7903082544400157
2012-04-18,2.8050057033689884
2012-04-19,2.7640966869569024
2012-04-20,2.746204080840991
2012-04-23,2.719114558643536
2012-04-24,2.72931265102826
2012-04-25,2.792979936072806
2012-04-26,2.867535818793402
2012-04-27,2.907406902781413
2012-04-30,2.8779716043010732
2012-05-01,2.8816454543654495
2012-05-02,2.899823508711796
2012-05-03,2.8694809605787985
2012-05-04,2.823620162467692
2012-05-07,2.822172950718104
2012-05-08,2.8038169702391804
2012-05-09,2.7977894396638994
2012-05-10,2.805099191325436
2012-05-11,2.7953929144494265
2012-05-14,2.7567107436267437
2012-05-15,2.756983902097044
2012-05-16,2.7467626031063554
2012-05-17,2.6695204305492664
2012-05-18,2.631455187694541
2012-05-21,2.6741268381427585
2012-05-22,2.669530860011644
2012-05-23,2.6986771642513303
2012-05-24,2.717826284303993
2012-05-25,2.7146160171615157
2012-05-29,2.750349443667073
2012-05-30,2.713685848988389
2012-05-31,2.710487458177357
2012-06-01,2.6120465380966817
2012-06-04,2.630457730274506
2012-06-05,2.6533470750156667
2012-06-06,2.718569700406052
2012-06-07,2.7060660973877746
2012-06-08,2.7292007629573263
2012-06-11,2.696430157527894
2012-06-12,2.729167394219475
2012-06-13,2.680806778130926
2012-06-14,2.7159066595574965
2012-06-15,2.7511361050474883
2012-06-18,2.7736683799861854
2012-06-19,2.7723936539352794
2012-06-20,2.754488886025512
2012-06-21,2.717617031109032
2012-06-22,2.7354615039131347
2012-06-25,2.7104806355696973
2012-06-26,2.7362251801869752
2012-06-27,2.7247150804282465
2012-06-28,2.6949840244889463
2012-06-29,2.7522196906944756
2012-07-02,2.798787049863392
2012-07-03,2.8026728425657073
2012-07-05,2.7906041670693416
2012-07-06,2.7698637868837115
2012-07-09,2.7592814956894953
2012-07-10,2.737988033344142
2012-07-11,2.7265935364023517
2012-07-12,2.714724012741551
2012-07-13,2.755513951682287
2012-07-16,2.738058716734699
2012-07-17,2.7606075996463306
2012-07-18,2.7642054477280653
2012-07-19,2.7560402133438022
2012-07-20,2.73108731113107
2012-07-23,2.7066707315620246
2012-07-24,2.6826934321434175
2012-07-25,2.6957286477776137
2012-07-26,2.755052170096341
2012-07-27,2.8356439620182616
2012-07-30,2.8374122460369122
2012-07-31,2.8130180519721706
2012-08-01,2.7873181638583753
2012-08-02,2.7685739012361053
2012-08-03,2.7989050421217097
2012-08-06,2.791338895121273
2012-08-07,2.7662619041720307
2012-08-08,2.7595147902464707
2012-08-09,2.7464313226207953
2012-08-10,2.746400368136599
2012-08-13,2.739979170476337
2012-08-14,2.7393513714317463
2012-08-15,2.7514435733729297
2012-08-16,2.7483796252537314
2012-08-17,2.743002369803021
2012-08-20,2.7442320408717937
2012-08-21,2.740799111843103
2012-08-22,2.7334452947301906
2012-08-23,2.714913224203432
2012-08-24,2.739376241996351
2012-08-27,2.735477276579197
2012-08-28,2.7415565797894255
2012-08-29,2.7439529857068496
2012-08-30,2.730611306794774
2012-08-31,2.7334547040446853
2012-09-04,2.7392135595385914
2012-09-05,2.742232944652355
2012-09-06,2.7893849757882587
2012-09-07,2.8040113110146114
2012-09-10,2.780536217459768
2012-09-11,2.7933598611659693
2012-09-12,2.815270747418231
2012-09-13,2.8553865254572695
2012-09-14,2.877824767529603
2012-09-17,2.8474062809579053
2012-09-18,2.8259315744093634
2012-09-19,2.8404753458466887
2012-09-20,2.8480027600694475
2012-09-21,2.846977453318681
2012-09-24,2.829067131620971
2012-09-25,2.8036688883571554
2012-09-26,2.7774780218809183
2012-09-27,2.8135931659139053
2012-09-28,2.80954940277018
2012-10-01,2.8146283878287277
2012-10-02,2.866375884048211
2012-10-03,2.869679965343723
2012-10-04,2.8997042406975146
2012-10-05,2.9027546235299946
2012-10-08,2.879114160362808
2012-10-09,2.841727577548196
2012-10-10,2.811273206029354
2012-10-11,2.815749285109854
2012-10-12,2.7974328174688172
2012-10-15,2.8193956223681798
2012-10-16,2.8385071264433543
2012-10-17,2.87653316265262
2012-10-18,2.867673450852549
2012-10-19,2.82929645731885
2012-10-22,2.833439411710789
2012-10-23,2.782581005736018
2012-10-24,2.8029217337214445
2012-10-25,2.7693731720775556
2012-10-26,2.7487922651835066
2012-10-31,2.7317447004561273
2012-11-01,2.7659020443800593
2012-11-02,2.719656618548756
2012-11-05,2.7481599434324226
2012-11-06,2.7641200622714357
2012-11-07,2.7195971048201564
2012-11-08,2.6921641220651096
2012-11-09,2.6923994982028763
2012-11-12,2.7098825248700362
2012-11-13,2.6976812904937595
2012-11-14,2.6420483686122713
2012-11-15,2.61691477766175
2012-11-16,2.637381962546178
2012-11-19,2.7016125106263655
2012-11-20,2.717208913762803
2012-11-21,2.7296673249051193
2012-11-23,2.7597474091305396
2012-11-26,2.7651759172673334
2012-11-27,2.776433259982771
2012-11-28,2.8008299283506166
2012-11-29,2.798402511371214
2012-11-30,2.785799139081268
2012-12-03,2.7821372682567427
2012-12-04,2.784469930141838
2012-12-05,2.7618404991678176
2012-12-06,2.77463991859628
2012-12-07,2.7935990057200444
2012-12-10,2.788226894263469
2012-12-11,2.8035405362368104
2012-12-12,2.8001210215508667
2012-12-13,2.7765201121995595
2012-12-14,2.7722008760246237
2012-12-17,2.8069934758387607
2012-12-18,2.859953589369867
2012-12-19,2.84694553357396
2012-12-20,2.862807186961753
2012-12-21,2.844470241545784
2012-12-24,2.8370358564543356
2012-12-26,2.8230053764838616
2012-12-27,2.8224313875604445
2012-12-28,2.800758377847285
2012-12-31,2.8633922799379894
2013-01-02,2.928302282505561
2013-01-03,2.938513411941108
2013-01-04,2.954654759705608
2013-01-07,2.9306672316508977
2013-01-08,2.9214353459116005
2013-01-09,2.9530971585831303
2013-01-10,2.9654300494922636
2013-01-11,2.957626727802053
2013-01-14,2.954414998727398
2013-01-15,2.9705085466592487
2013-01-16,2.952409990300611
2013-01-17,2.9831219348023352
2013-01-18,2.9962791648194114
2013-01-22,3.0301612648082683
2013-01-23,3.021688569858737
2013-01-24,3.0208764114513182
2013-01-25,3.0393225418356407
2013-01-28,3.0184848916559015
2013-01-29,3.0190715530995695
2013-01-30,2.9876638947972025
2013-01-31,3.0089114379042705
2013-02-01,3.041101421226223
2013-02-04,3.0199311943426763
2013-02-05,3.049728520692966
2013-02-06,3.050119211206012
2013-02-07,3.054660878015121
2013-02-08,3.0895540708216434
2013-02-11,3.089341091509987
2013-02-12,3.097540024560438
2013-02-13,3.124428973743492
2013-02-14,3.1344072803417418
2013-02-15,3.1395347324102385
2013-02-19,3.1709774640014943
2013-02-20,3.0977495108620587
2013-02-21,3.0566224093636225
2013-02-22,3.0830455716248637
2013-02-25,3.0409742910009716
2013-02-26,3.0607095331729677
2013-02-27,3.1245983536672095
2013-02-28,3.135944042530185
2013-03-01,3.157069687232987
2013-03-04,3.201867137663691
2013-03-05,3.2446891012731034
2013-03-06,3.245574567449068
2013-03-07,3.2464381768409023
2013-03-08,3.258688677679833
2013-03-11,3.2508769095609735
2013-03-12,3.2573411419873115
2013-03-13,3.2553830248613758
2013-03-14,3.27156979655091
2013-03-15,3.277321421042814
2013-03-18,3.2686795808542684
2013-03-19,3.253668113257602
2013-03-20,3.2894364589152256
2013-03-21,3.2460898536169895
2013-03-22,3.261772353474661
2013-03-25,3.2405639440357112
2013-03-26,3.2728700996638658
2013-03-27,3.271674321318539
2013-03-28,3.2756460634325215
2013-04-01,3.258621899261002
2013-04-02,3.2191733905800453
2013-04-03,3.1734894123093262
2013-04-04,3.2264672901366174
2013-04-05,3.207411196406549
2013-04-08,3.2382064241825255
2013-04-09,3.248498676467829
2013-04-10,3.283030449661063
2013-04-11,3.266108517643753
2013-04-12,3.2596681201298736
2013-04-15,3.174058153830998
2013-04-16,3.2452274635578076
2013-04-17,3.1930916912848035
2013-04-18,3.168862502575364
2013-04-19,3.2012756374761944
2013-04-22,3.2134321823655636
2013-04-23,3.2687268207221627
2013-04-24,3.257529318832241
2013-04-25,3.2599084807868874
2013-04-26,3.260244647357961
2013-04-29,3.2854643652004394
2013-04-30,3.3018677549627458
2013-05-01,3.2490308036072233
2013-05-02,3.2910021156546594
2013-05-03,3.3246896072600185
2013-05-06,3.3260621007562223
2013-05-07,3.339201553976148
2013-05-08,3.334541621271716
2013-05-09,3.3012228874267624
2013-05-10,3.3087255713136785
2013-05-13,3.323577374914186
2013-05-14,3.3875010425285046
2013-05-15,3.4149892461254607
2013-05-16,3.4012448620163567
2013-05-17,3.4362635267950914
2013-05-20,3.4116338569700457
2013-05-21,3.4104306374213573
2013-05-22,3.3718668067697477
2013-05-23,3.372955796691638
2013-05-24,3.3898287388960098
2013-05-28,3.41549681487493
2013-05-29,3.385622131756691
2013-05-30,3.3991481479830377
2013-05-31,3.3576606808910188
2013-06-03,3.3421224712234237
2013-06-04,3.3175388742826
2013-06-05,3.2776679169408762
2013-06-06,3.3413274884683597
2013-06-07,3.3948584776325847
2013-06-10,3.434900301594728
2013-06-11,3.375171700778203
2013-06-12,3.300782134342298
2013-06-13,3.346345609171197
2013-06-14,3.319357550285578
2013-06-17,3.3475265558744436
2013-06-18,3.380573355447937
2013-06-19,3.3348352164316672
2013-06-20,3.2375553104676578
2013-06-21,3.230956992124932
2013-06-24,3.202098066543883
2013-06-25,3.2391972187398443
2013-06-26,3.299478754755644
2013-06-27,3.336523838212759
2013-06-28,3.334430590620758
2013-07-01,3.3426875280295105
2013-07-02,3.350860975201063
2013-07-03,3.3583553645921027
2013-07-05,3.4195548358509007
2013-07-08,3.4121787802225
2013-07-09,3.3938492196081214
2013-07-10,3.402115930283937
2013-07-11,3.4876974245734913
2013-07-12,3.5525412623396906
2013-07-15,3.55780046946666
2013-07-16,3.4915338678601517
2013-07-17,3.537661150813406
2013-07-18,3.5397781406430098
2013-07-19,3.56002123358399
2013-07-22,3.574957379645116
2013-07-23,3.5559093583844756
2013-07-24,3.5444171887933957
2013-07-25,3.5889395963913424
2013-07-26,3.582795602928757
2013-07-29,3.5629883198716317
2013-07-30,3.586007443786996
2013-07-31,3.6091125794297017
2013-08-01,3.6385524285475612
2013-08-02,3.662167696146731
2013-08-05,3.679106559011758
2013-08-06,3.639962559583789
2013-08-07,3.6464013023619657
2013-08-08,3.7172642873634065
2013-08-09,3.717290721873293
2013-08-12,3.699030206969045
2013-08-13,3.7217988966566464
2013-08-14,3.6789360162842044
2013-08-15,3.6164299125095614
2013-08-16,3.6228913077949096
2013-08-19,3.5959756153335727
2013-08-20,3.629584341969495
2013-08-21,3.6163350096932887
2013-08-22,3.678134564437209
2013-08-23,3.702162827852405
2013-08-26,3.7044093532787468
2013-08-27,3.621268091750414
2013-08-28,3.6292278735866192
2013-08-29,3.6526204783044034
2013-08-30,3.625429258511425
2013-09-03,3.661478727408448
2013-09-04,3.702489524888544
2013-09-05,3.7163106980709553
2013-09-06,3.7198504275817026
2013-09-09,3.744644526293297
2013-09-10,3.791399969999952
2013-09-11,3.8078413521898704
2013-09-12,3.7987328988453006
2013-09-13,3.804209457472062
2013-09-16,3.808066766322465
2013-09-17,3.838433106647969
2013-09-18,3.849503217529908
2013-09-19,3.8592166156492453
2013-09-20,3.8428635545720615
2013-09-23,3.861266152769807
2013-09-24,3.8727776886371026
2013-09-25,3.8770870238063684
2013-09-26,3.908884713345914
2013-09-27,3.9021035918443827
2013-09-30,3.87881730948404
2013-10-01,3.9221892308507385
2013-10-02,3.9185122515031217
2013-10-03,3.8325579012086535
2013-10-04,3.8373068513458306
2013-10-07,3.807725914123746
2013-10-08,3.6897301720859454
2013-10-09,3.622541660416547
2013-10-10,3.760193341662985
2013-10-11,3.7883759640876455
2013-10-14,3.8003075301475695
2013-10-15,3.8084383243352415
2013-10-16,3.907877391625503
2013-10-17,3.941595049195422
2013-10-18,3.9445754776290354
2013-10-21,3.9009854460795204
2013-10-22,3.903264921771849
2013-10-23,3.8851565199897147
2013-10-24,3.9198992131954484
2013-10-25,3.9383795428139607
2013-10-28,3.9002758581760437
2013-10-29,3.944994844843895
2013-10-30,3.9244213757684374
2013-10-31,3.9205891817004597
2013-11-01,3.9244556828591235
2013-11-04,3.9522342456724453
2013-11-05,3.9539983962532514
2013-11-06,3.90274052780133
2013-11-07,3.826645901500074
2013-11-08,3.9157110419389496
2013-11-11,3.9391317870485247
2013-11-12,3.951427947747385
2013-11-13,4.029273373291089
2013-11-14,4.045961971970944
2013-11-15,4.082429846571702
2013-11-18,4.037244397660829
2013-11-19,3.995780944482497
2013-11-20,4.005741404628425
2013-11-21,4.075699399732788
2013-11-22,4.086987205729339
2013-11-25,4.071618031454157
2013-11-26,4.095775574998709
2013-11-27,4.117114954749802
2013-11-29,4.117092496990015
2013-12-02,4.102615572658397
2013-12-03,4.087564775189698
2013-12-04,4.057940102145124
2013-12-05,4.054049792211717
2013-12-06,4.10793314495259
2013-12-09,4.1209905517133025
2013-12-10,4.107157090961417
2013-12-11,4.033952242097948
2013-12-12,4.051983678402144
2013-12-13,4.056336896418097
2013-12-16,4.091537341588665
2013-12-17,4.074501576588469
2013-12-18,4.118242374752783
2013-12-19,4.097337165011591
2013-12-20,4.147872741330197
2013-12-23,4.149395819983569
2013-12-24,4.1643581941606715
2013-12-26,4.188542288578113
2013-12-27,4.1603974224644436
2013-12-30,4.167744648264215
2013-12-31,4.183707343352832
2014-01-02,4.139914165575786
2014-01-03,4.152810339501012
2014-01-06,4.141760401570652
2014-01-07,4.18274706251216
2014-01-08,4.199287730991729
2014-01-09,4.2334718146537424
2014-01-10,4.262928144481769
2014-01-13,4.202913809092439
2014-01-14,4.258924957613595
2014-01-15,4.281111622066308
2014-01-16,4.286250763488792
2014-01-17,4.281206075801867
2014-01-21,4.291533317195208
2014-01-22,4.31987353724925
2014-01-23,4.2864381869258485
2014-01-24,4.198020872695494
2014-01-27,4.171374313826536
2014-01-28,4.225492223698629
2014-01-29,4.1916240563401725
2014-01-30,4.275570174936314
2014-01-31,4.261378767680905
2014-02-03,4.149195945495071
2014-02-04,4.151009727014579
2014-02-05,4.136054303109847
2014-02-06,4.172112395436994
2014-02-07,4.243210038047361
2014-02-10,4.244143749731515
2014-02-11,4.280670275545583
2014-02-12,4.2858575621240025
2014-02-13,4.30490347969989
2014-02-14,4.328934803360218
2014-02-18,4.384863680245075
2014-02-19,4.35174059179569
2014-02-20,4.403417107618141
2014-02-21,4.410703621241118
2014-02-24,4.443311284982898
2014-02-25,4.443213224550153
2014-02-26,4.4355558016845205
2014-02-27,4.455125559879157
2014-02-28,4.426848262633423
2014-03-03,4.4214465965021255
2014-03-04,4.544326594099814
2014-03-05,4.564003740452636
2014-03-06,4.6005089994884365
2014-03-07,4.575250595632526
2014-03-10,4.572929978325462
2014-03-11,4.5456174935993
2014-03-12,4.560529223486547
2014-03-13,4.479651670693228
2014-03-14,4.463927242473631
2014-03-17,4.493223794708082
2014-03-18,4.544820980709709
2014-03-19,4.505803748709229
2014-03-20,4.506355161664504
2014-03-21,4.4458639225155085
2014-03-24,4.378679020908541
2014-03-25,4.369038246906398
2014-03-26,4.264262772085418
2014-03-27,4.2442579405666905
2014-03-28,4.246710209198235
2014-03-31,4.3494617705661165
2014-04-01,4.425398870808246
2014-04-02,4.414085350023374
2014-04-03,4.409555932593344
2014-04-04,4.323332206639124
2014-04-07,4.22110851913707
2014-04-08,4.220687279903017
2014-04-09,4.28031685676323
2014-04-10,4.175766031675835
2014-04-11,4.124472940838812
2014-04-14,4.139162508510316
2014-04-15,4.140002154354142
2014-04-16,4.200340105318958
2014-04-17,4.228167691148189
2014-04-21,4.253754368029126
2014-04-22,4.295874687810962
2014-04-23,4.353075639055806
2014-04-24,4.367686579275807
2014-04-25,4.3026822184735005
2014-04-28,4.287323553099183
2014-04-29,4.313598537082023
2014-04-30,4.3363516598298535
2014-05-01,4.364739296351361
2014-05-02,4.399699590633572
2014-05-05,4.392021964396556
2014-05-06,4.372085465996818
2014-05-07,4.396397455492689
2014-05-08,4.383797296279173
2014-05-09,4.377128564140444
2014-05-12,4.438065162835763
2014-05-13,4.431114437764651
2014-05-14,4.394125973325453
2014-05-15,4.34699304605081
2014-05-16,4.363110097222253
2014-05-19,4.374687010994305
2014-05-20,4.349874867357267
2014-05-21,4.3801826311885135
2014-05-22,4.38918279422796
2014-05-23,4.4155246186045485
2014-05-27,4.455302818330483
2014-05-28,4.461799215709725
2014-05-29,4.529407052713404
2014-05-30,4.537605328157141
2014-06-02,4.540532727310115
2014-06-03,4.5721897609089766
2014-06-04,4.59977235160158
2014-06-05,4.633769558328277
2014-06-06,4.650734926353096
2014-06-09,4.643360388797045
2014-06-10,4.641177203015514
2014-06-11,4.612992112912807
2014-06-12,4.5731124300668125
2014-06-13,4.601839038080847
2014-06-16,4.618184017974939
2014-06-17,4.638297909147979
2014-06-18,4.678513666467421
2014-06-19,4.757721331863399
2014-06-20,4.745368824267629
2014-06-23,4.734323662966011
2014-06-24,4.689759877558744
2014-06-25,4.69470800222782
2014-06-26,4.700091017512566
2014-06-27,4.694321059223901
2014-06-30,4.715674411167969
2014-07-01,4.729637056394618
2014-07-02,4.710823396142148
2014-07-03,4.7233431155496275
2014-07-07,4.6879498091261675
2014-07-08,4.660782232162252
2014-07-09,4.673126438520645
2014-07-10,4.663570799886997
2014-07-11,4.663098728105448
2014-07-14,4.696027593258317
2014-07-15,4.676084624943083
2014-07-16,4.723042482594201
2014-07-17,4.657768999485395
2014-07-18,4.748186011357567
2014-07-21,4.7510205685898335
2014-07-22,4.769353918624144
2014-07-23,4.761007202328851
2014-07-24,4.778353275589773
2014-07-25,4.715262993005346
2014-07-28,4.687034116276762
2014-07-29,4.667801646071888
2014-07-30,4.646653339658233
2014-07-31,4.54141425583868
2014-08-01,4.542123533272148
2014-08-04,4.569486324837945
2014-08-05,4.521668604427179
2014-08-06,4.528131738991074
2014-08-07,4.486200219407052
2014-08-08,4.53232288701916
2014-08-11,4.571643745691586
2014-08-12,4.5707963169718555
2014-08-13,4.6231232137482925
2014-08-14,4.622861668997769
2014-08-15,4.644374151582051
2014-08-18,4.676465593189062
2014-08-19,4.707444489238952
2014-08-20,4.720013248933367
2014-08-21,4.726541598639398
2014-08-22,4.713181092111152
2014-08-25,4.737512508938587
2014-08-26,4.746339433396604
2014-08-27,4.748378198286861
2014-08-28,4.748075227431921
2014-08-29,4.7738148854545965
2014-09-02,4.773806104739955
2014-09-03,4.780413074383734
2014-09-04,4.772631277179254
2014-09-05,4.788265662457383
2014-09-08,4.786988665233767
2014-09-09,4.744506219314067
2014-09-10,4.7423885408535575
2014-09-11,4.746316350002809
2014-09-12,4.716468889366154
2014-09-15,4.704264699969416
2014-09-16,4.745328824815661
2014-09-17,4.760470490780273
2014-09-18,4.796809173717907
2014-09-19,4.81010699801135
2014-09-22,4.761642354679931
2014-09-23,4.726106307602621
2014-09-24,4.770206330817996
2014-09-25,4.689874278211699
2014-09-26,4.713503394410636
2014-09-29,4.708609565196937
2014-09-30,4.670564886770961
2014-10-01,4.56946179593971
2014-10-02,4.566704585948367
2014-10-03,4.638714755739879
2014-10-06,4.608023572996313
2014-10-07,4.529310491931242
2014-10-08,4.599367907222204
2014-10-09,4.521117121505947
2014-10-10,4.428311948273393
2014-10-13,4.302502250308936
2014-10-14,4.344262090155809
2014-10-15,4.281960309543451
2014-10-16,4.335659526980423
2014-10-17,4.411910348918197
2014-10-20,4.488898446283921
2014-10-21,4.609099753878909
2014-10-22,4.5709895096843445
2014-10-23,4.592400283621424
2014-10-24,4.668444621168703
2014-10-27,4.665554822630908
2014-10-28,4.709979297223077
2014-10-29,4.703467108305595
2014-10-30,4.708417855680258
2014-10-31,4.764260940224555
2014-11-03,4.770863514908812
2014-11-04,4.766605965775578
2014-11-05,4.751817826153064
2014-11-06,4.809375105348743
2014-11-07,4.856706582995862
2014-11-10,4.911377808765115
2014-11-11,4.908089730385399
2014-11-12,4.918361970400178
2014-11-13,4.916744693424392
2014-11-14,4.885346634832174
2014-11-17,4.882293265594832
2014-11-18,4.9159146034973835
2014-11-19,4.901576600340184
2014-11-20,4.918465298209614
2014-11-21,4.908938217512734
2014-11-24,4.9653117789140495
2014-11-25,5.003736403933667
2014-11-26,5.065911063828399
2014-11-28,5.104340729435941
2014-12-01,5.079825854208212
2014-12-02,5.108096197413447
2014-12-03,5.124301792574481
2014-12-04,5.11647654524205
2014-12-05,5.125141036534066
2014-12-08,5.155557410232773
2014-12-09,5.139990872027179
2014-12-10,5.051077630180856
2014-12-11,5.094615707024013
2014-12-12,5.040770062734041
2014-12-15,4.994094347430752
2014-12-16,4.92583443883964
2014-12-17,5.033673620562465
2014-12-18,5.137164964076672
2014-12-19,5.161862334346065
2014-12-22,5.180474013116186
2014-12-23,5.124967562721692
2014-12-24,5.148485730869048
2014-12-26,5.17870251085057
2014-12-29,5.171006683651146
2014-12-30,5.151209265891666
2014-12-31,5.122426907549515
2015-01-02,5.11502418149282
2015-01-05,5.0485397096264295
2015-01-06,4.992994882308448
2015-01-07,5.088854705170561
2015-01-08,5.167348313250723
2015-01-09,5.090888361707601
2015-01-12,5.0864976139147196
2015-01-13,5.085426685459043
2015-01-14,5.028678522428791
2015-01-15,4.965707187810467
2015-01-16,5.030885985369604
2015-01-20,5.078629060085893
2015-01-21,5.114063241633002
2015-01-22,5.239975161141701
2015-01-23,5.258043702076069
2015-01-26,5.295276843976414
2015-01-27,5.255522062862612
2015-01-28,5.188044340684934
2015-01-29,5.234123945207392
2015-01-30,5.126905611947809
2015-02-02,5.141914346264259
2015-02-03,5.153710588657186
2015-02-04,5.169041277092985
2015-02-05,5.2123280665701275
2015-02-06,5.178812776349764
2015-02-09,5.1359136387240545
2015-02-10,5.204481815114321
2015-02-11,5.201047077016521
2015-02-12,5.243900968395852
2015-02-13,5.232753316195928
2015-02-17,5.251996350592205
2015-02-18,5.282856095330962
2015-02-19,5.2807526671653156
2015-02-20,5.3296476629788545
2015-02-23,5.35010564859857
2015-02-24,5.359999703293706
2015-02-25,5.355409959885596
2015-02-26,5.29372155356281
2015-02-27,5.287248104707229
2015-03-02,5.310492888245433
2015-03-03,5.266312655280595
2015-03-04,5.254987683893008
2015-03-05,5.2973618050442335
2015-03-06,5.211538677931441
2015-03-09,5.238586986121028
2015-03-10,5.171247897230203
2015-03-11,5.173203507222225
2015-03-12,5.236814617411027
2015-03-13,5.221743953555173
2015-03-16,5.317373038662443
2015-03-17,5.284048702979659
2015-03-18,5.327965990855635
2015-03-19,5.344844764871333
2015-03-20,5.393902205939704
2015-03-23,5.3872144909129895
2015-03-24,5.37091781306221
2015-03-25,5.237254592010809
2015-03-26,5.23301506907099
2015-03-27,5.307040781426979
2015-03-30,5.378609026909398
2015-03-31,5.322220502206547
2015-04-01,5.280297137643562
2015-04-02,5.286164750367799
2015-04-06,5.298533982714708
2015-04-07,5.293511392859904
2015-04-08,5.327403396339261
2015-04-09,5.3432743329347225
2015-04-10,5.377513813637663
2015-04-13,5.366693813149841
2015-04-14,5.346305819322451
2015-04-15,5.3443020887125465
2015-04-16,5.3622418658821385
2015-04-17,5.3063237116740325
2015-04-20,5.350984264083
2015-04-21,5.384723841789112
2015-04-22,5.390200812391732
2015-04-23,5.415446333910932
2015-04-24,5.424498922608552
2015-04-27,5.369131340588341
2015-04-28,5.344908817996301
2015-04-29,5.283120400646428
2015-04-30,5.244595565889431
2015-05-01,5.326484145497254
2015-05-04,5.356833722400193
2015-05-05,5.292732423345404
2015-05-06,5.302849650837021
2015-05-07,5.336934920873427
2015-05-08,5.394633420719748
2015-05-11,5.376952821574207
2015-05-12,5.359913662067903
2015-05-13,5.36189617598602
2015-05-14,5.424134644674752
2015-05-15,5.413096047184252
2015-05-18,5.448841326149922
2015-05-19,5.47346783282173
2015-05-20,5.462698553780421
2015-05-21,5.458170787411366
2015-05-22,5.43390369577474
2015-05-26,5.403252892374572
2015-05-27,5.447321700597693
2015-05-28,5.454440401565952
2015-05-29,5.44468389657566
2015-06-01,5.436355880489038
2015-06-02,5.417427835333749
2015-06-03,5.439712451411867
2015-06-04,5.393399230814433
2015-06-05,5.4309443719524815
2015-06-08,5.391660184001834
2015-06-09,5.400393860590466
2015-06-10,5.499763537356324
2015-06-11,5.517388080434909
2015-06-12,5.482813695482046
2015-06-15,5.496133747776331
2015-06-16,5.521536594867156
2015-06-17,5.522387558724768
2015-06-18,5.598428257804515
2015-06-19,5.579550720128049
2015-06-22,5.606660012741267
2015-06-23,5.617816061781618
2015-06-24,5.529162040767736
2015-06-25,5.529684279954428
2015-06-26,5.496084135677794
2015-06-29,5.359248164518722
2015-06-30,5.420648510166714
2015-07-01,5.441932077685953
2015-07-02,5.437621174901209
2015-07-06,5.409917595902521
2015-07-07,5.386915162644919
2015-07-08,5.283801141239236
2015-07-09,5.346434353983748
2015-07-10,5.42568135981711
2015-07-13,5.465358377940597
2015-07-14,5.5057280210515716
2015-07-15,5.4747525824659915
2015-07-16,5.586059441399688
2015-07-17,5.585419602413916
2015-07-20,5.57511962623106
2015-07-21,5.533473008508956
2015-07-22,5.5258510050616785
2015-07-23,5.514001296372793
2015-07-24,5.424033076118096
2015-07-27,5.3227052267343495
2015-07-28,5.384986734618318
2015-07-29,5.390086538951158
2015-07-30,5.423507072807062
2015-07-31,5.453857945536541
2015-08-03,5.448952796720771
2015-08-04,5.539618421030882
2015-08-05,5.595381755943561
2015-08-06,5.536433629935247
2015-08-07,5.5242172234331814
2015-08-10,5.554425099057978
2015-08-11,5.484442571342975
2015-08-12,5.487614475761862
2015-08-13,5.520425655779222
2015-08-14,5.538558162135488
2015-08-17,5.595587511689541
2015-08-18,5.558990639204148
2015-08-19,5.5365272511601225
2015-08-20,5.313784552367449
2015-08-21,5.193750098347321
2015-08-24,4.950763457743876
2015-08-25,4.971969082697784
2015-08-26,5.167648673379135
2015-08-27,5.286235259770762
2015-08-28,5.289643400956188
2015-08-31,5.232070458911928
2015-09-01,5.022174438121581
2015-09-02,5.056157115261305
2015-09-03,5.052537261981296
2015-09-04,5.040104783749484
2015-09-08,5.072749530265208
2015-09-09,5.076367204325021
2015-09-10,5.0983781393962335
2015-09-11,5.110892937719322
2015-09-14,5.105789238946072
2015-09-15,5.113204165681459
2015-09-16,5.1252873840525
2015-09-17,5.133912858532108
2015-09-18,5.106752394883338
2015-09-21,5.1082898050205685
2015-09-22,5.0822725953856756
2015-09-23,5.088539999918345
2015-09-24,5.082204732047256
2015-09-25,5.0606741732352845
2015-09-28,5.003792995130758
2015-09-29,4.990218117301429
2015-09-30,5.024721753260588
2015-10-01,5.0553486941414745
2015-10-02,5.064126594934522
2015-10-05,5.072347402005046
2015-10-06,5.056828083826571
2015-10-07,5.07346339470958
2015-10-08,5.090151634657872
2015-10-09,5.08944213240163
2015-10-12,5.099393248280069
2015-10-13,5.089988408600242
2015-10-14,5.07977876399391
2015-10-15,5.099925435527463
2015-10-16,5.103488276019712
2015-10-19,5.117783322265108
2015-10-20,5.119912894059969
2015-10-21,5.115423154531309
2015-10-22,5.137231962810226
2015-10-23,5.137528085003851
2015-10-26,5.135486506817939
2015-10-27,5.130500863178779
2015-10-28,5.145390044779213
2015-10-29,5.137787972828605
2015-10-30,5.129584882263317
2015-11-02,5.134365265388924
2015-11-03,5.145042016310403
2015-11-04,5.11872349372562
2015-11-05,5.139463696382707
2015-11-06,5.1475500774602985
2015-11-09,5.107313864760276
2015-11-10,5.138392050291106
2015-11-11,5.162587210423598
2015-11-12,5.08604466049964
2015-11-13,5.03566070829262
2015-11-16,5.110949464329396
2015-11-17,5.118213995305375
2015-11-18,5.187436134201224
2015-11-19,5.1941133741708025
2015-11-20,5.227776199641824
2015-11-23,5.244891485371364
2015-11-24,5.272901278438495
2015-11-25,5.284283485732814
2015-11-27,5.304011568455825
2015-11-30,5.280164962527685
2015-12-01,5.319370113490899
2015-12-02,5.282927869012721
2015-12-03,5.225296102233279
2015-12-04,5.32570234106223
2015-12-07,5.29304231238746
2015-12-08,5.298799155458412
2015-12-09,5.229257119814823
2015-12-10,5.246444916942967
2015-12-11,5.177257569952895
2015-12-14,5.206152499495871
2015-12-15,5.262933194448371
2015-12-16,5.287451680834206
2015-12-17,5.2260321548635815
2015-12-18,5.164450167075375
2015-12-21,5.1983241542600735
2015-12-22,5.232826412885188
2015-12-23,5.268828502899925
2015-12-24,5.2688883115163
2015-12-28,5.27756596202134
2015-12-29,5.333568397649634
2015-12-30,5.291976580781129
2015-12-31,5.229368690640606
2016-01-04,5.098078510992504
2016-01-05,5.150584480066475
2016-01-06,5.095552540141623
2016-01-07,4.969325108962924
2016-01-08,4.897576503361901
2016-01-11,4.905028922803521
2016-01-12,4.9487152294514365
2016-01-13,4.796883535148651
2016-01-14,4.880231826920209
2016-01-15,4.762433005985612
2016-01-19,4.772328135969462
2016-01-20,4.726083777748691
2016-01-21,4.729315871113392
2016-01-22,4.831959337899372
2016-01-25,4.770441333811897
2016-01-26,4.803771612862259
2016-01-27,4.726886830102039
2016-01-28,4.781275634701419
2016-01-29,4.853955859966039
2016-02-01,4.857711453959925
2016-02-02,4.852182939705299
2016-02-03,4.8429300442895435
2016-02-04,4.826512347988415
2016-02-05,4.811392212493087
2016-02-08,4.806033253678121
2016-02-09,4.823503891894547
2016-02-10,4.828818642746186
2016-02-11,4.814269839433961
2016-02-12,4.8177946193313455
2016-02-16,4.851438738304666
2016-02-17,4.843057427977469
2016-02-18,4.843213805772547
2016-02-19,4.850384527720266
2016-02-22,4.860680032434928
2016-02-23,4.859740830968071
2016-02-24,4.873101623846547
2016-02-25,4.898991036252638
2016-02-26,4.865670582338559
2016-02-29,4.8592970425080475
2016-03-01,4.867805082956718
2016-03-02,4.897658456912832
2016-03-03,4.908216819375158
2016-03-04,4.9085277924238
2016-03-07,4.914942988334332
2016-03-08,4.900227968271962
2016-03-09,4.924984947803009
2016-03-10,4.934863071574561
2016-03-11,4.959392688942064
2016-03-14,4.953298420285164
2016-03-15,4.954467344568613
2016-03-16,4.984739539412898
2016-03-17,5.010813206468744
2016-03-18,5.0008578714301555
2016-03-21,4.997045051448411
2016-03-22,4.987005626460857
2016-03-23,4.962973667290203
2016-03-24,4.965248233529019
2016-03-28,4.972087074628919
2016-03-29,5.013443210407602
2016-03-30,5.016679861735083
2016-03-31,5.007920310736918
2016-04-01,5.021265610868595
2016-04-04,5.005317735594356
2016-04-05,4.98014674890484
2016-04-06,5.0111802248202295
2016-04-07,5.023671056196337
2016-04-08,5.0371493877543205
2016-04-11,5.047637386326702
2016-04-12,5.070128185503021
2016-04-13,5.029484833472835
2016-04-14,4.99533229977147
2016-04-15,5.017937886609837
2016-04-18,5.044043228560822
2016-04-19,5.089148355644419
2016-04-20,5.038878599550011
2016-04-21,4.964556649505815
2016-04-22,4.976407091346961
2016-04-25,4.976442231256391
2016-04-26,4.994877428210779
2016-04-27,5.032150933024321
2016-04-28,5.020365908820932
2016-04-29,5.02549726782921
2016-05-02,5.082884357448934
2016-05-03,5.001619150576014
2016-05-04,4.987891577345337
2016-05-05,4.98100405957904
2016-05-06,5.026794872311013
2016-05-09,4.960803856440283
2016-05-10,5.020963406968075
2016-05-11,5.0344854881164425
2016-05-12,5.025515275913076
2016-05-13,4.982187563501076
2016-05-16,5.047306441818832
2016-05-17,5.008829056861763
2016-05-18,4.932668661430209
2016-05-19,4.957880150607928
2016-05-20,4.975140528074064
2016-05-23,4.975748613142834
2016-05-24,5.002674049430998
2016-05-25,5.038869852068104
2016-05-26,5.071009621197111
2016-05-27,5.0749044434278
2016-05-31,5.097284607979437
2016-06-01,5.089804502323722
2016-06-02,5.111191697381282
2016-06-03,5.160014467009612
2016-06-06,5.229258682565098
2016-06-07,5.237329237162332
2016-06-08,5.254992232752306
2016-06-09,5.218916542198266
2016-06-10,5.104197509997295
2016-06-13,5.088157245133254
2016-06-14,5.058222761851483
2016-06-15,5.093314380923171
2016-06-16,5.083773022092287
2016-06-17,5.121737018847165
2016-06-20,5.167288320791896
2016-06-21,5.182557055718939
2016-06-22,5.163099845360589
2016-06-23,5.234999552660303
2016-06-24,5.065216826838979
2016-06-27,4.953303871589202
2016-06-28,5.076405068267334
2016-06-29,5.165629401429159
2016-06-30,5.241030117980953
2016-07-01,5.278160138379334
2016-07-05,5.255897591547626
2016-07-06,5.294596526817286
2016-07-07,5.271966612606378
2016-07-08,5.349516179998795
2016-07-11,5.354808233871832
2016-07-12,5.395643779939936
2016-07-13,5.3782918388053345
2016-07-14,5.386554037725751
2016-07-15,5.3775568675756675
2016-07-18,5.407706978183546
2016-07-19,5.379101870957023
2016-07-20,5.373614204715295
2016-07-21,5.328712913831292
2016-07-22,5.412589867003553
2016-07-25,5.430798084079305
2016-07-26,5.456079963266898
2016-07-27,5.422139669351169
2016-07-28,5.4413165511456745
2016-07-29,5.462051006562551
2016-08-01,5.432106645959525
2016-08-02,5.38804415114549
2016-08-03,5.389423527211151
2016-08-04,5.371450392408695
2016-08-05,5.396538081596466
2016-08-08,5.384960102761695
2016-08-09,5.388097060262227
2016-08-10,5.377002011995448
2016-08-11,5.400093167600339
2016-08-12,5.412493684680789
2016-08-15,5.446357935508722
2016-08-16,5.385917412216583
2016-08-17,5.375569005285612
2016-08-18,5.432918247666605
2016-08-19,5.4559047933174
2016-08-22,5.463405491898338
2016-08-23,5.472517847105644
2016-08-24,5.397004006852906
2016-08-25,5.399884803223843
2016-08-26,5.379970866579619
2016-08-29,5.4156696433637554
2016-08-30,5.373242426893481
2016-08-31,5.342572888471446
2016-09-01,5.348402655192747
2016-09-02,5.415417900075494
2016-09-06,5.429336852052525
2016-09-07,5.415420995559701
2016-09-08,5.376275481309477
2016-09-09,5.206307072682944
2016-09-12,5.277796097895977
2016-09-13,5.176560244052449
2016-09-14,5.179904419762342
2016-09-15,5.223860743318165
2016-09-16,5.231581336166315
2016-09-19,5.254505132581392
2016-09-20,5.248640703036605
2016-09-21,5.332280123047384
2016-09-22,5.3769726162358396
2016-09-23,5.370618292604742
2016-09-26,5.327440519940053
2016-09-27,5.358850390250244
2016-09-28,5.3719426749899295
2016-09-29,5.318815503937514
2016-09-30,5.366788179929515
2016-10-03,5.327037088799451
2016-10-04,5.290347890957609
2016-10-05,5.309935147877707
2016-10-06,5.316316121262124
2016-10-07,5.2893246846874815
2016-10-10,5.3107567076680695
2016-10-11,5.178909923194571
2016-10-12,5.179808375299485
2016-10-13,5.117993565215531
2016-10-14,5.137622232137849
2016-10-17,5.115792360339893
2016-10-18,5.151174916264521
2016-10-19,5.195751439896593
2016-10-20,5.175996115208971
2016-10-21,5.141985513636586
2016-10-24,5.192943018737066
2016-10-25,5.184628558190777
2016-10-26,5.177200170470548
2016-10-27,5.13647298946077
2016-10-28,5.111672113033164
2016-10-31,5.088447281829597
2016-11-01,5.06601578610851
2016-11-02,4.992631742505186
2016-11-03,4.967207634588839
2016-11-04,4.932249711576003
2016-11-07,5.071148499667895
2016-11-08,5.0994143703406785
2016-11-09,5.137755309271029
2016-11-10,5.094435580627669
2016-11-11,5.143398982447371
2016-11-14,5.143970115617055
2016-11-15,5.2024937330583345
2016-11-16,5.227530289545689
2016-11-17,5.302585188364511
2016-11-18,5.356285779799943
2016-11-21,5.446300980211378
2016-11-22,5.473133487715996
2016-11-23,5.49575488677973
2016-11-25,5.510443311861267
2016-11-28,5.486894376442676
2016-11-29,5.477851889649694
2016-11-30,5.500970100874469
2016-12-01,5.37721222172251
2016-12-02,5.37454533004625
2016-12-05,5.405486050872102
2016-12-06,5.450444957236008
2016-12-07,5.523392040339703
2016-12-08,5.504003845073907
2016-12-09,5.520826898653585
2016-12-12,5.496719688896174
2016-12-13,5.512951635671672
2016-12-14,5.467600067921279
2016-12-15,5.493660149811165
2016-12-16,5.470991800281295
2016-12-19,5.466306451702188
2016-12-20,5.50328319291701
2016-12-21,5.48675550332964
2016-12-22,5.457370187727013
2016-12-23,5.465110091635871
2016-12-27,5.480663468344172
2016-12-28,5.418937211800853
2016-12-29,5.419394271352024
2016-12-30,5.392061486027985
2017-01-03,5.410552870549184
2017-01-04,5.474762238590466
2017-01-05,5.418207003207714
2017-01-06,5.434296360420282
2017-01-09,5.390951617559433
2017-01-10,5.44489153467562
2017-01-11,5.480315978544194
2017-01-12,5.426881925209284
2017-01-13,5.460053534694742
2017-01-17,5.304776819729627
2017-01-18,5.377143946596998
2017-01-19,5.328258807368529
2017-01-20,5.370178304308395
2017-01-23,5.336876231258706
2017-01-24,5.4020193484288015
2017-01-25,5.456955666402153
2017-01-26,5.499800885252297
2017-01-27,5.472229443823687
2017-01-30,5.397703727053503
2017-01-31,5.3506921272122705
2017-02-01,5.362470786255057
2017-02-02,5.321317629563737
2017-02-03,5.403915548462772
2017-02-06,5.423452516208925
2017-02-07,5.4070871504546245
2017-02-08,5.375726151744386
2017-02-09,5.439538314838578
2017-02-10,5.452491998319897
2017-02-13,5.4940457029216425
2017-02-14,5.53681201391415
2017-02-15,5.578565948514917
2017-02-16,5.548255136427012
2017-02-17,5.544451911336572
2017-02-21,5.612270702332082
2017-02-22,5.607209789624562
2017-02-23,5.580015756639048
2017-02-24,5.549018752959361
2017-02-27,5.627277737489565
2017-02-28,5.581775451375006
2017-03-01,5.762879968698349
2017-03-02,5.6617348919062
2017-03-03,5.6660340212491285
2017-03-06,5.653979621914868
2017-03-07,5.622699155125434
2017-03-08,5.60063184647082
2017-03-09,5.599029286224358
2017-03-10,5.621052522788022
2017-03-13,5.625033099366122
2017-03-14,5.595761123697137
2017-03-15,5.623963846932851
2017-03-16,5.625002146243157
2017-03-17,5.593077404939204
2017-03-20,5.599475520676959
2017-03-21,5.435744516326881
2017-03-22,5.45451576390242
2017-03-23,5.4599229080251535
2017-03-24,5.457944498193152
2017-03-27,5.4407010034554615
2017-03-28,5.513842634405119
2017-03-29,5.522014018649754
2017-03-30,5.5695452712083116
2017-03-31,5.557904307656127
2017-04-03,5.547040824560393
2017-04-04,5.568442850171105
2017-04-05,5.545916276274529
2017-04-06,5.536562082995662
2017-04-07,5.5483692289081255
2017-04-10,5.5353798483672225
2017-04-11,5.529817481493756
2017-04-12,5.495291446203944
2017-04-13,5.460541207351435
2017-04-17,5.476551075578604
2017-04-18,5.467480992542285
2017-04-19,5.471979537235623
2017-04-20,5.525087293595756
2017-04-21,5.5168016260687525
2017-04-24,5.586125074609827
2017-04-25,5.629351017916897
2017-04-26,5.605110730525748
2017-04-27,5.64268788110684
2017-04-28,5.61308440212231
2017-05-01,5.64026837346437
2017-05-02,5.66640608842837
2017-05-03,5.627465323053729
2017-05-04,5.6876726966729025
2017-05-05,5.726642152153143
2017-05-08,5.682547709379167
2017-05-09,5.7447472035289415
2017-05-10,5.773163673253997
2017-05-11,5.757033375778113
2017-05-12,5.758479681359644
2017-05-15,5.865757696392867
2017-05-16,5.915836259348618
2017-05-17,5.752757114980957
2017-05-18,5.7879112907316195
2017-05-19,5.809039695191307
2017-05-22,5.871676905533978
2017-05-23,5.9103503040468786
2017-05-24,5.896947367081782
2017-05-25,5.936975953652467
2017-05-26,5.920603687543714
2017-05-30,5.907681134602098
2017-05-31,5.931698451919764
2017-06-01,6.001225026434807
2017-06-02,6.065324862182645
2017-06-05,6.0733166274907635
2017-06-06,6.083958877593257
2017-06-07,6.090457575440423
2017-06-08,6.138550705561403
2017-06-09,5.969552386618384
2017-06-12,5.920971279762857
2017-06-13,5.943445610176396
2017-06-14,5.925390303096337
2017-06-15,5.90355030115759
2017-06-16,5.918258155490441
2017-06-19,6.022523704197183
2017-06-20,5.985200098228437
2017-06-21,6.060710941420783
2017-06-22,6.06533595176098
2017-06-23,6.104247263897299
2017-06-26,6.049273050444968
2017-06-27,5.919201365526719
2017-06-28,6.018625423324167
2017-06-29,5.890404917258407
2017-06-30,5.905202708966746
2017-07-03,5.845867640855598
2017-07-05,5.873021051161609
2017-07-06,5.793859863330504
2017-07-07,5.858422163457119
2017-07-10,5.8509656927365725
2017-07-11,5.897384263237487
2017-07-12,5.964934519160821
2017-07-13,5.948329142281501
2017-07-14,5.9910320303487445
2017-07-17,5.9759435232467535
2017-07-18,6.012991448684873
2017-07-19,6.065578931431185
2017-07-20,6.095636137195846
2017-07-21,6.078062579869493
2017-07-24,6.116716905687889
2017-07-25,6.1041969737512
2017-07-26,6.112701041252641
2017-07-27,6.03571093980644
2017-07-28,6.12835513560954
2017-07-31,6.101615939424311
2017-08-01,6.107122546245713
2017-08-02,6.085435898926736
2017-08-03,6.047259772560153
2017-08-04,6.0369585741461504
2017-08-07,6.077711240093674
2017-08-08,6.0633814266871395
2017-08-09,6.040614708330024
2017-08-10,5.901061904796567
2017-08-11,5.925938499052476
2017-08-14,6.01160755305701
2017-08-15,6.015855993473986
2017-08-16,6.037758135980261
2017-08-17,5.937645651880482
2017-08-18,5.955053382624021
2017-08-21,5.948395985550835
2017-08-22,6.054565876416495
2017-08-23,6.044123285434956
2017-08-24,6.0660759056383595
2017-08-25,6.037446859849939
2017-08-28,6.044006190543538
2017-08-29,6.049425950630449
2017-08-30,6.076923670476825
2017-08-31,6.111255940805013
2017-09-01,6.106569971973407
2017-09-05,6.072817404980869
2017-09-06,6.065876691163395
2017-09-07,6.099468802030548
2017-09-08,6.095033910400133
2017-09-11,6.144090397118104
2017-09-12,6.141397401759389
2017-09-13,6.132691366690724
2017-09-14,6.153574819049887
2017-09-15,6.175631808875211
2017-09-18,6.213594136977978
2017-09-19,6.243881191111619
2017-09-20,6.261918193350382
2017-09-21,6.2531868041288465
2017-09-22,6.287263406971765
2017-09-25,6.205103868935824
2017-09-26,6.191433330745096
2017-09-27,6.2413733861584815
2017-09-28,6.241046746073917
2017-09-29,6.2624528082218935
2017-10-02,6.298798954188193
2017-10-03,6.289273833952686
2017-10-04,6.256382564411869
2017-10-05,6.27574197782862
2017-10-06,6.271296500288008
2017-10-09,6.265228810003184
2017-10-10,6.254803458722041
2017-10-11,6.299649401729592
2017-10-12,6.314335571243999
2017-10-13,6.322930515671658
2017-10-16,6.329030586284239
2017-10-17,6.278474756226803
2017-10-18,6.316355151513173
2017-10-19,6.303721257517571
2017-10-20,6.377327059319391
2017-10-23,6.357392671431126
2017-10-24,6.388231056325312
2017-10-25,6.337561100751961
2017-10-26,6.3456938998770775
2017-10-27,6.493553029894143
2017-10-30,6.506002327142709
2017-10-31,6.503573574032731
2017-11-01,6.4609847383531855
2017-11-02,6.533213908707308
2017-11-03,6.564954491972694
2017-11-06,6.549151021979349
2017-11-07,6.539168354952806
2017-11-08,6.614237088139824
2017-11-09,6.601975474426176
2017-11-10,6.674356685103336
2017-11-13,6.6889973611866
2017-11-14,6.66630438104092
2017-11-15,6.64194825004464
2017-11-16,6.705416132552751
2017-11-17,6.716744339297707
2017-11-20,6.75949374958982
2017-11-21,6.838506010541625
2017-11-22,6.82809685414038
2017-11-24,6.8563743289598085
2017-11-27,6.756533446268045
2017-11-28,6.792848682553281
2017-11-29,6.658965572365873
2017-11-30,6.743311513013626
2017-12-01,6.723234353393953
2017-12-04,6.597592542607418
2017-12-05,6.576034589385461
2017-12-06,6.559806392635604
2017-12-07,6.6458282223098255
2017-12-08,6.698798255804776
2017-12-11,6.673965087487268
2017-12-12,6.68887328259648
2017-12-13,6.662811892371034
2017-12-14,6.643992395365243
2017-12-15,6.6802416427594435
2017-12-18,6.700231810625145
2017-12-19,6.6555510159118905
2017-12-20,6.637811494805837
2017-12-21,6.654729395133439
2017-12-22,6.669892569089631
2017-12-26,6.673646749832523
2017-12-27,6.7049477662394095
2017-12-28,6.711921463965576
2017-12-29,6.6541296457780685
2018-01-02,6.714893074959082
2018-01-03,6.764858041938675
2018-01-04,6.768824824568338
2018-01-05,6.841728755955187
2018-01-08,6.891737574523753
2018-01-09,6.934600962507717
2018-01-10,6.885439784803511
2018-01-11,7.001323446802327
2018-01-12,7.028137154225224
2018-01-16,6.9603223523401585
2018-01-17,7.046030323110862
2018-01-18,7.010070478297225
2018-01-19,7.0741316452262115
2018-01-22,7.107853942824122
2018-01-23,7.112661856215836
2018-01-24,7.087643255052139
2018-01-25,7.050864646681387
2018-01-26,7.095157718424744
2018-01-29,6.988855745836637
2018-01-30,6.913643264196291
2018-01-31,6.904497972669517
2018-02-01,6.904663720856812
2018-02-02,6.725694592308385
2018-02-05,6.459804075019677
2018-02-06,6.498116253182139
2018-02-07,6.479317118754302
2018-02-08,6.261290737181633
2018-02-09,6.340204941826893
2018-02-12,6.459433201031366
2018-02-13,6.504624721476837
2018-02-14,6.627206745558849
2018-02-15,6.722712145418567
2018-02-16,6.677395411732215
2018-02-20,6.643645527412306
2018-02-21,6.599783149209193
2018-02-22,6.621187842774352
2018-02-23,6.733222973635907
2018-02-26,6.8129760182293655
2018-02-27,6.729666290152497
2018-02-28,6.703897971286434
2018-03-01,6.625832168108943
2018-03-02,6.675246149476361
2018-03-05,6.772404450726127
2018-03-06,6.823618737586078
2018-03-07,6.814100520920119
2018-03-08,6.830448107673298
2018-03-09,6.974689769005753
2018-03-12,6.9259609308480075
2018-03-13,6.880160032017155
2018-03-14,6.857797810952072
2018-03-15,6.804854700399111
2018-03-16,6.809494810629662
2018-03-19,6.733459314749393
2018-03-20,6.777237910404714
2018-03-21,6.755483966893092
2018-03-22,6.526547759249737
2018-03-23,6.396790538128604
2018-03-26,6.58145760033832
2018-03-27,6.435482855826623
2018-03-28,6.392860570576572
2018-03-29,6.500425003233512
2018-04-02,6.320967706825002
2018-04-03,6.425293119778674
2018-04-04,6.49469887299469
2018-04-05,6.5491552198432235
2018-04-06,6.418391329770723
2018-04-09,6.423443535860428
2018-04-10,6.581759266936454
2018-04-11,6.5730600082178245
2018-04-12,6.663345844643209
2018-04-13,6.6230537631102235
2018-04-16,6.683591001702751
2018-04-17,6.818830244470088
2018-04-18,6.818096144175403
2018-04-19,6.785148445834665
2018-04-20,6.755965384092615
2018-04-23,6.7135210841913
2018-04-24,6.609747798673582
2018-04-25,6.574753204456304
2018-04-26,6.673852796389494
2018-04-27,6.663228962395172
2018-04-30,6.6297780624128455
2018-05-01,6.594146959077393
2018-05-02,6.583435172749212
2018-05-03,6.641901271881293
2018-05-04,6.667457663323642
2018-05-07,6.725996502614949
2018-05-08,6.747460406684886
2018-05-09,6.934946129505254
2018-05-10,7.015584631534801
2018-05-11,7.07860798941137
2018-05-14,7.061653072598257
2018-05-15,7.0220620894255426
2018-05-16,7.039934528952252
2018-05-17,7.140727880808739
2018-05-18,7.148395432630551
2018-05-21,7.2680718844739225
2018-05-22,7.247899183767554
2018-05-23,7.253185568352113
2018-05-24,7.297689904844936
2018-05-25,7.29241234232297
2018-05-29,7.311765254776349
2018-05-30,7.405069876023185
2018-05-31,7.358449149371558
2018-06-01,7.526301391612259
2018-06-04,7.6104187107296335
2018-06-05,7.649378826187305
2018-06-06,7.698005964503553
2018-06-07,7.670502880508078
2018-06-08,7.731906235398877
2018-06-11,7.784134392765796
2018-06-12,7.844921373203479
2018-06-13,7.793516211706329
2018-06-14,7.841576730569496
2018-06-15,7.86829670950455
2018-06-18,7.940649506787387
2018-06-19,7.94928643636638
2018-06-20,7.931435726878507
2018-06-21,7.837701009102461
2018-06-22,7.8939461126464385
2018-06-25,7.728183066433648
2018-06-26,7.796328868652878
2018-06-27,7.765805670272755
2018-06-28,7.808616320451636
2018-06-29,7.8023606691502385
2018-07-02,7.871490478707505
2018-07-03,7.815983067140588
2018-07-05,7.953549176079176
2018-07-06,8.083159138167792
2018-07-09,8.121193377195612
2018-07-10,8.125206481484698
2018-07-11,8.094887898140389
2018-07-12,8.210116389146982
2018-07-13,8.155773911571464
2018-07-16,8.209130476687866
2018-07-17,8.260451349205306
2018-07-18,8.281863543508246
2018-07-19,8.248944863080128
2018-07-20,8.251358990993669
2018-07-23,8.249205033971021
2018-07-24,8.158784296494725
2018-07-25,8.275462540657513
2018-07-26,8.334411093827997
2018-07-27,8.16875986354069
2018-07-30,8.010628402237067
2018-07-31,8.055233890729149
2018-08-01,8.100207645789885
2018-08-02,8.234785626231908
2018-08-03,8.21560153960443
2018-08-06,8.305951634525055
2018-08-07,8.318619957259385
2018-08-08,8.235844430195408
2018-08-09,8.266280452891708
2018-08-10,8.307455493594901
2018-08-13,8.29324089548686
2018-08-14,8.37840452953433
2018-08-15,8.266721964824276
2018-08-16,8.33398877925161
2018-08-17,8.396304252889115
2018-08-20,8.466084461096031
2018-08-21,8.497867601845508
2018-08-22,8.528287447142121
2018-08-23,8.583189548182167
2018-08-24,8.733828348733903
2018-08-27,8.854611990205019
2018-08-28,8.876873440205312
2018-08-29,8.941089219851412
2018-08-30,8.931481085730535
2018-08-31,9.000134816860854
2018-09-04,9.146577210993593
2018-09-05,9.011471766789692
2018-09-06,8.974483035184475
2018-09-07,9.022942437100278
2018-09-10,9.161850160406827
2018-09-11,9.241656881733844
2018-09-12,9.241937468048295
2018-09-13,9.208274656170017
2018-09-14,9.245925601071848
2018-09-17,9.106984741160158
2018-09-18,9.152304007407876
2018-09-19,9.079323282483127
2018-09-20,9.131936921131908
2018-09-21,9.122586517893726
2018-09-24,9.159064802862515
2018-09-25,9.33310561603058
2018-09-26,9.346074342702872
2018-09-27,9.396864951415282
2018-09-28,9.357362973338214
2018-10-01,9.262748878222279
2018-10-02,9.08260530346377
2018-10-03,9.095596272441298
2018-10-04,8.983384710124335
2018-10-05,8.95042858215306
2018-10-08,8.812675483034626
2018-10-09,8.751911051553535
2018-10-10,8.330597752047801
2018-10-11,8.138584670383631
2018-10-12,8.380081228030445
2018-10-15,8.311642256289293
2018-10-16,8.587726442056182
2018-10-17,8.548643308041214
2018-10-18,8.422829249034171
2018-10-19,8.239736812601326
2018-10-22,8.314573481898057
2018-10-23,8.247032244585611
2018-10-24,7.896478979500499
2018-10-25,7.914251714757965
2018-10-26,7.744493674145961
2018-10-29,7.689449889764991
2018-10-30,7.851391284795581
2018-10-31,7.994964302358689
2018-11-01,8.052417350454258
2018-11-02,8.040918293783198
2018-11-05,8.07931473337931
2018-11-06,8.082858664373681
2018-11-07,8.121300671797426
2018-11-08,8.131807679008888
2018-11-09,8.126197601748997
2018-11-12,8.107939316775548
2018-11-13,8.092582707493522
2018-11-14,8.068114537376324
2018-11-15,8.0845478718418
2018-11-16,8.09080016956734
2018-11-19,8.06244285971094
2018-11-20,7.985123797543051
2018-11-21,7.989932725237843
2018-11-23,7.997114512983347
2018-11-26,7.9981553501577425
2018-11-27,8.002872947370236
2018-11-28,8.053030984234086
2018-11-29,8.059524402722664
2018-11-30,8.06908717191655
2018-12-03,8.043605501569763
2018-12-04,7.910066639676311
2018-12-06,7.879987556735782
2018-12-07,7.75075060134433
2018-12-10,7.746962483716178
2018-12-11,7.812581815692834
2018-12-12,7.854949579475677
2018-12-13,7.913928869667451
2018-12-14,7.796429910011152
2018-12-17,7.598870342762258
2018-12-18,7.554064170132454
2018-12-19,7.476148523158601
2018-12-20,7.368137838990695
2018-12-21,7.308343662415123
2018-12-24,7.107237310141479
2018-12-26,7.37760408443984
2018-12-27,7.460499523627908
2018-12-28,7.439541675167713
2018-12-31,7.502702223938292
2019-01-02,7.410943120754831
2019-01-03,7.390776927518233
2019-01-04,7.4208889445612565
2019-01-07,7.417949715041469
2019-01-08,7.4278029290555
2019-01-09,7.416680591797257
2019-01-10,7.430422613291597
2019-01-11,7.432293790826163
2019-01-14,7.414352532943463
2019-01-15,7.445163711272608
2019-01-16,7.444132191536875
2019-01-17,7.45656424548116
2019-01-18,7.462715056956811
2019-01-22,7.4577078832794665
2019-01-23,7.477481916996639
2019-01-24,7.446676401697002
2019-01-25,7.452494299247297
2019-01-28,7.45549135039216
2019-01-29,7.461111965402074
2019-01-30,7.4763837241388895
2019-01-31,7.509905791663874
2019-02-01,7.507849349128756
2019-02-04,7.546332216830393
2019-02-05,7.591131925262725
2019-02-06,7.60941950512759
2019-02-07,7.553497122486638
2019-02-08,7.600273114663143
2019-02-11,7.628092282407002
2019-02-12,7.685596766614809
2019-02-13,7.717566431337539
2019-02-14,7.724667190156031
2019-02-15,7.783320261250339
2019-02-19,7.805396771301742
2019-02-20,7.7889030090074005
2019-02-21,7.786108907701319
2019-02-22,7.854708525628173
2019-02-25,7.855674248974854
2019-02-26,7.85688521112697
2019-02-27,7.829453943334967
2019-02-28,7.8352370455518425
2019-03-01,7.843654485075668
2019-03-04,7.7731924255701035
2019-03-05,7.76113537233633
2019-03-06,7.714117983502676
2019-03-07,7.644859176602957
2019-03-08,7.636343880237944
2019-03-11,7.716020761706883
2019-03-12,7.695709946289291
2019-03-13,7.730214831038445
2019-03-14,7.7190612227805655
2019-03-15,7.739974252953469
2019-03-18,7.755121749270225
2019-03-19,7.756963459094636
2019-03-20,7.7197204026632225
2019-03-21,7.814094187662948
2019-03-22,7.6747189538910945
2019-03-25,7.681216258037164
2019-03-26,7.731988557580844
2019-03-27,7.70479171181981
2019-03-28,7.744426148384986
2019-03-29,7.814999385726796
2019-04-01,7.878700712803519
2019-04-02,7.872702311650219
2019-04-03,7.889717036167593
2019-04-04,7.8476801886947865
2019-04-05,7.889647626043576
2019-04-08,7.912343371331776
2019-04-09,7.8856207393250095
2019-04-10,7.94038188702085
2019-04-11,7.9437101931161616
2019-04-12,7.975118258346214
2019-04-15,7.976904504082856
2019-04-16,7.967486491783963
2019-04-17,7.868801723310401
2019-04-18,7.9010109068169445
2019-04-22,7.94003180692958
2019-04-23,8.037348112036158
2019-04-24,8.008376369836412
2019-04-25,7.944446679076056
2019-04-26,7.96607456270014
2019-04-29,8.002239894973755
2019-04-30,8.020685791006425
2019-05-01,7.929490309853535
2019-05-02,7.973851588637317
2019-05-03,8.161190616071186
2019-05-06,8.147976621369601
2019-05-07,7.9501828313653755
2019-05-08,7.988673745602598
2019-05-09,7.9291592843424334
2019-05-10,7.922314750414708
2019-05-13,7.6329950847927135
2019-05-14,7.8105236761050385
2019-05-15,7.934603215610198
2019-05-16,8.106842651856057
2019-05-17,8.034313156167777
2019-05-20,7.94220963152926
2019-05-21,7.996249913517182
2019-05-22,7.9702389133213645
2019-05-23,7.840850011095667
2019-05-24,7.825522248435209
2019-05-28,7.8595295324714955
2019-05-29,7.741709178192621
2019-05-30,7.80758613817394
2019-05-31,7.693115557646192
2019-06-03,7.63358944819923
2019-06-04,7.799425119349674
2019-06-05,7.934505678938988
2019-06-06,8.025307998341994
2019-06-07,8.105002200919548
2019-06-10,8.142852025336243
2019-06-11,8.106366654471454
2019-06-12,8.138670021623067
2019-06-13,8.137673511523971
2019-06-14,8.121093801767284
2019-06-17,8.081625800883456
2019-06-18,8.127193220601937
2019-06-19,8.21245984733404
2019-06-20,8.265705400901078
2019-06-21,8.201857791653765
2019-06-24,8.15297227240101
2019-06-25,8.027105867431779
2019-06-26,7.999912822709257
2019-06-27,8.08816533158674
2019-06-28,8.187194722558043
2019-07-01,8.237359048019567
2019-07-02,8.298279631431885
2019-07-03,8.378605318273657
2019-07-05,8.374994068008887
2019-07-08,8.333092736735324
2019-07-09,8.360279344732875
2019-07-10,8.369680087343776
2019-07-11,8.390716868225539
2019-07-12,8.42282097976172
2019-07-15,8.425134282310895
2019-07-16,8.387750973449387
2019-07-17,8.360542844920875
2019-07-18,8.433899546428487
2019-07-19,8.373738181769285
2019-07-22,8.387868029528414
2019-07-23,8.402093246185652
2019-07-24,8.448426754442611
2019-07-25,8.440931802818286
2019-07-26,8.442426632835451
2019-07-29,8.339211994440104
2019-07-30,8.324734480253822
2019-07-31,8.267278488606946
2019-08-01,8.274919120678355
2019-08-02,8.197723605532454
2019-08-05,7.96351974092093
2019-08-06,8.211213601137509
2019-08-07,8.276164303176602
2019-08-08,8.507181246334262
2019-08-09,8.543305442158292
2019-08-12,8.416483700276126
2019-08-13,8.490957046377655
2019-08-14,8.248476414381104
2019-08-15,8.3256753756131
2019-08-16,8.451502469532105
2019-08-19,8.493478403203378
2019-08-20,8.481853170551595
2019-08-21,8.59163696150317
2019-08-22,8.593200910371477
2019-08-23,8.404551443753988
2019-08-26,8.493418860851579
2019-08-27,8.506071167596206
2019-08-28,8.51856024317544
2019-08-29,8.580334327288107
2019-08-30,8.59576900360623
2019-09-03,8.568223371589362
2019-09-04,8.666529768527097
2019-09-05,8.747207431401828
2019-09-06,8.727454160872268
2019-09-09,8.661371831084184
2019-09-10,8.48349804696293
2019-09-11,8.583142497491162
2019-09-12,8.659651857745638
2019-09-13,8.601577815583406
2019-09-16,8.573116186914946
2019-09-17,8.658556432146492
2019-09-18,8.66293181609053
2019-09-19,8.631630304742682
2019-09-20,8.58971508576461
2019-09-23,8.607671271184868
2019-09-24,8.514372026568886
2019-09-25,8.570772657425952
2019-09-26,8.582692259699517
2019-09-27,8.454803649610339
2019-09-30,8.483136092745912
2019-10-01,8.355423959523566
2019-10-02,8.226069102086491
2019-10-03,8.277805647684694
2019-10-04,8.379168496238734
2019-10-07,8.324360735006637
2019-10-08,8.219608650471157
2019-10-09,8.294833503372757
2019-10-10,8.328453646973767
2019-10-11,8.35555695136756
2019-10-14,8.353473216287476
2019-10-15,8.39729314539182
2019-10-16,8.38090238522392
2019-10-17,8.408538362508557
2019-10-18,8.373149358770277
2019-10-21,8.439623234089554
2019-10-22,8.404629207579294
2019-10-23,8.41929162292291
2019-10-24,8.545556822273161
2019-10-25,8.510354593535741
2019-10-28,8.549433188260723
2019-10-29,8.516333073771616
2019-10-30,8.58774571450691
2019-10-31,8.54072037433329
2019-11-01,8.569358514235036
2019-11-04,8.55142915781486
2019-11-05,8.540556144884686
2019-11-06,8.567091734851273
2019-11-07,8.537305496301155
2019-11-08,8.556299302934326
2019-11-11,8.538132265796408
2019-11-12,8.519136801901977
2019-11-13,8.574869509155882
2019-11-14,8.59694963912597
2019-11-15,8.655337925782606
2019-11-18,8.65471756814668
2019-11-19,8.594990239046512
2019-11-20,8.453892157823415
2019-11-21,8.39188032618433
2019-11-22,8.420243873024711
2019-11-25,8.518063531772107
2019-11-26,8.570777156135003
2019-11-27,8.576257635041632
2019-11-29,8.54054589868895
2019-12-02,8.45868542154954
2019-12-03,8.402076044429707
2019-12-04,8.461804427012037
2019-12-05,8.504656487258881
2019-12-06,8.596343152878402
2019-12-09,8.556650452624584
2019-12-10,8.602934741542038
2019-12-11,8.644048479502889
2019-12-12,8.754465239919984
2019-12-13,8.710197675565077
2019-12-16,8.826841983891683
2019-12-17,8.874150421906702
2019-12-18,8.846923241719963
2019-12-19,8.90553773249592
2019-12-20,8.93051830885647
2019-12-23,8.958719135174524
2019-12-24,8.986152403629763
2019-12-26,9.0136920084599
2019-12-27,8.993687773223883
2019-12-30,8.92613178952204
2019-12-31,8.951133648119106
2020-01-02,9.048408244616617
2020-01-03,9.012778399141313
2020-01-06,9.054090750423011
2020-01-07,9.097114506227536
2020-01-08,9.186249373496802
2020-01-09,9.234521591544754
2020-01-10,9.194653103574762
2020-01-13,9.296886921305743
2020-01-14,9.300762830403562
2020-01-15,9.245068186708888
2020-01-16,9.335886784651693
2020-01-17,9.349055880889809
2020-01-21,9.377214853858968
2020-01-22,9.424640951481136
2020-01-23,9.470022872905043
2020-01-24,9.354075282247893
2020-01-27,9.148674694834869
2020-01-28,9.26551156215796
2020-01-29,9.250983135113108
2020-01-30,9.321729112386437
2020-01-31,9.150810884326617
2020-02-03,9.309270871893311
2020-02-04,9.531159353506766
2020-02-05,9.50641188615537
2020-02-06,9.546013439743774
2020-02-07,9.502824235009939
2020-02-10,9.654755139195178
2020-02-11,9.730339041540885
2020-02-12,9.689191814850245
2020-02-13,9.719757332676881
2020-02-14,9.790664174473195
2020-02-18,9.843426252083784
2020-02-19,9.985705759182723
2020-02-20,9.975535641331383
2020-02-21,9.840436496172984
2020-02-24,9.502843710474234
2020-02-25,9.235381541326053
2020-02-26,9.145556593069502
2020-02-27,8.754782007584458
2020-02-28,8.66374200773039
2020-03-02,9.030384515916195
2020-03-03,8.850082165545546
2020-03-04,9.174389081884165
2020-03-05,8.92840616138423
2020-03-06,8.691692172536307
2020-03-09,7.947626985600516
2020-03-10,8.315282084946217
2020-03-11,7.91227019298236
2020-03-12,6.991690663278144
2020-03-13,7.354450587344822
2020-03-16,6.651846479508178
2020-03-17,6.865439514302904
2020-03-18,6.676470350141881
2020-03-19,6.690949562128472
2020-03-20,6.560087102915633
2020-03-23,6.476854513743681
2020-03-24,6.751499689496893
2020-03-25,6.7620866117109735
2020-03-26,6.9890692581068885
2020-03-27,6.90986389529306
2020-03-30,7.031491595079616
2020-03-31,6.992639321630187
2020-04-01,6.885642046085607
2020-04-02,6.971000636441565
2020-04-03,6.943238217071465
2020-04-06,7.037282870070769
2020-04-07,6.964689345106975
2020-04-08,7.007545257085196
2020-04-09,7.015328089189608
2020-04-13,7.053225693924415
2020-04-14,7.115829724523839
2020-04-15,7.127184788942155
2020-04-16,7.210322617038435
2020-04-17,7.287023722902059
2020-04-20,7.314554625546828
2020-04-21,7.23676171400039
2020-04-22,7.303104608374962
2020-04-23,7.274378941047076
2020-04-24,7.317822366920685
2020-04-27,7.309828964893124
2020-04-28,7.246155118023323
2020-04-29,7.290770497957416
2020-04-30,7.28350742923045
2020-05-01,7.260891344915415
2020-05-04,7.45756938647946
2020-05-05,7.544646260979296
2020-05-06,7.5188730914364355
2020-05-07,7.64406939513116
2020-05-08,7.798594670271418
2020-05-11,7.8922094799089875
2020-05-12,7.702838378030679
2020-05-13,7.696302918053785
2020-05-14,7.769652165126876
2020-05-15,7.836583916168349
2020-05-18,7.994482067675859
2020-05-19,7.905523922452472
2020-05-20,8.026642596606292
2020-05-21,7.896130552280407
2020-05-22,7.948549692908857
2020-05-26,7.789326785249782
2020-05-27,7.722589421319978
2020-05-28,7.722820885526434
2020-05-29,7.872019327512925
2020-06-01,7.8895143498003435
2020-06-02,7.897438791379665
2020-06-03,7.905547963117091
2020-06-04,7.84134377924094
2020-06-05,7.946984904687637
2020-06-08,8.158477911628522
2020-06-09,8.12738154833969
2020-06-10,8.190077626880713
2020-06-11,7.83928925864617
2020-06-12,7.886859847512403
2020-06-15,8.124899416833257
2020-06-16,8.117130858909361
2020-06-17,8.17109092362161
2020-06-18,8.231723734526502
2020-06-19,8.310362044991644
2020-06-22,8.23395657670228
2020-06-23,8.244894638965611
2020-06-24,8.07312285170648
2020-06-25,8.117533641859476
2020-06-26,7.966901025655398
2020-06-29,8.099360671209295
2020-06-30,8.270641345916742
2020-07-01,8.272544678557049
2020-07-02,8.414806530000657
2020-07-06,8.526128007517944
2020-07-07,8.577808172230142
2020-07-08,8.717428677668218
2020-07-09,8.789297351629646
2020-07-10,8.84276019857992
2020-07-13,8.688325644267007
2020-07-14,8.780006635529487
2020-07-15,8.833926447705725
2020-07-16,8.746533402297457
2020-07-17,8.891294449988674
2020-07-20,9.06405633607237
2020-07-21,8.954251769467257
2020-07-22,8.972136189742335
2020-07-23,8.765918087679792
2020-07-24,8.676515391151638
2020-07-27,8.992734912138202
2020-07-28,8.943296352220228
2020-07-29,9.128261468578193
2020-07-30,9.15172172095886
2020-07-31,9.170689613758771
2020-08-03,9.386940725341635
2020-08-04,9.421983596246651
2020-08-05,9.575807493598234
2020-08-06,9.679201778031837
2020-08-07,9.432611491430388
2020-08-10,9.255324073526346
2020-08-11,9.143658324840573
2020-08-12,9.338163774736708
2020-08-13,9.416260379811254
2020-08-14,9.423434670756059
2020-08-17,9.652780640157832
2020-08-18,9.71696260001121
2020-08-19,9.738928365135113
2020-08-20,9.904803152808384
2020-08-21,9.78497240340185
2020-08-24,9.778907182127206
2020-08-25,9.880660080707912
2020-08-26,10.068649159171775
2020-08-27,10.03273569694211
2020-08-28,10.057167760630444
2020-08-31,10.168970572008481
2020-09-01,10.44243591914088
2020-09-02,10.42051148591571
2020-09-03,9.81999187134021
2020-09-04,9.706879627231581
2020-09-08,9.289755309277181
2020-09-09,9.486177115880997
2020-09-10,9.345961994284968
2020-09-11,9.273278538038088
2020-09-14,9.39434558395737
2020-09-15,9.47156809319738
2020-09-16,9.41302235461276
2020-09-17,9.270411611877057
2020-09-18,9.198172998280643
2020-09-21,9.27486178341633
2020-09-22,9.558348351282902
2020-09-23,9.310188277149754
2020-09-24,9.286106967252321
2020-09-25,9.430305229824272
2020-09-28,9.613681027039728
2020-09-29,9.63631818922537
2020-09-30,9.654808923098797
2020-10-01,9.785914963734655
2020-10-02,9.667896819540019
2020-10-05,9.914868100176843
2020-10-06,9.79581290235385
2020-10-07,9.992095667390615
2020-10-08,10.036951854476898
2020-10-09,10.055946098766515
2020-10-12,10.12001950778828
2020-10-13,10.14170295146832
2020-10-14,10.116212101802166
2020-10-15,10.189048624048201
2020-10-16,10.14772853173766
2020-10-19,10.008481469553239
2020-10-20,10.021991363718692
2020-10-21,9.846219175425725
2020-10-22,9.890315721647385
2020-10-23,9.966996452479515
2020-10-26,9.776447147090252
2020-10-27,9.733154867057065
2020-10-28,9.423728626091116
2020-10-29,9.494378961723124
2020-10-30,9.269550387536793
2020-11-02,9.430292195214362
2020-11-03,9.61319512639177
2020-11-04,9.51285074803124
2020-11-05,9.848235969664405
2020-11-06,10.033817998565741
2020-11-09,10.040525144795202
2020-11-10,10.033928382462038
2020-11-11,10.124905611269753
2020-11-12,9.986964561778445
2020-11-13,10.148759241621367
2020-11-16,10.31502103217655
2020-11-17,10.361029732005202
2020-11-18,10.292953221231846
2020-11-19,10.386952053660117
2020-11-20,10.408150342092558
2020-11-23,10.624333836746157
2020-11-24,10.807536987239327
2020-11-25,10.811442894145262
2020-11-27,10.849646864477226
2020-11-30,10.737539018083629
2020-12-01,10.810312219784956
2020-12-02,10.856839271904366
2020-12-03,11.060857884419324
2020-12-04,11.15430867243526
2020-12-07,11.206572410683588
2020-12-08,11.172094291822106
2020-12-09,11.057983178282083
2020-12-10,11.069863756012237
2020-12-11,11.05203246649951
2020-12-14,10.856066170563656
2020-12-15,11.00015565275085
2020-12-16,10.977494882396893
2020-12-17,11.082394209916023
2020-12-18,11.009308049704673
2020-12-21,11.013415935138777
2020-12-22,10.994287608284225
2020-12-23,11.069927062636046
2020-12-24,11.022093426737872
2020-12-28,10.925069120848818
2020-12-29,10.856145342474424
2020-12-30,11.033475761055284
2020-12-31,11.049366741493303
2021-01-04,11.021915628166246
2021-01-05,11.34529587880491
2021-01-06,11.7882094886867
2021-01-07,12.11396469946934
2021-01-08,12.084392770667908
2021-01-11,11.96423420188825
2021-01-12,12.13639863575089
2021-01-13,12.023691726278782
2021-01-14,12.343551962638127
2021-01-15,12.088013018620568
2021-01-19,12.282888389214875
2021-01-20,12.23709289472506
2021-01-21,12.095581254517201
2021-01-22,12.16498307858353
2021-01-25,12.097279145127215
2021-01-26,11.935370724108932
2021-01-27,11.527281972523163
2021-01-28,11.799610258381415
2021-01-29,11.593113712551334
2021-02-01,11.848976366785624
2021-02-02,12.062557377753237
2021-02-03,12.333687382602669
2021-02-04,12.476002043637388
2021-02-05,12.683820300826447
2021-02-08,13.133130059623317
2021-02-09,13.309060356378085
2021-02-10,13.153126368774084
2021-02-11,13.209262830484507
2021-02-12,13.34805085621209
2021-02-16,13.364708136791183
2021-02-17,13.415350376621447
2021-02-18,13.113446681571483
2021-02-19,13.477155005944828
2021-02-22,13.380320463326711
2021-02-23,13.260621682492719
2021-02-24,13.405889344445953
2021-02-25,13.064824141788414
2021-02-26,13.058808254670332
2021-03-01,13.505363768694414
2021-03-02,13.357608869607589
2021-03-03,13.236726960965115
2021-03-04,12.93495365696249
2021-03-05,13.21283124801955
2021-03-08,13.377998418324633
2021-03-09,13.547496531623779
2021-03-10,13.763991654788715
2021-03-11,14.243858708577093
2021-03-12,14.41837673108185
2021-03-15,14.656656864653314
2021-03-16,14.545356878338604
2021-03-17,14.706546914319402
2021-03-18,14.427972021548708
2021-03-19,14.629398907543855
2021-03-22,14.493515064974218
2021-03-23,13.774864134237246
2021-03-24,13.235802227229929
2021-03-25,13.339516793384096
2021-03-26,13.33018399710769
2021-03-29,13.069925379790192
2021-03-30,13.206568876197805
2021-03-31,13.414947386907794
2021-04-01,13.5721733714978
2021-04-05,13.53871274539154
2021-04-06,13.548158053750907
2021-04-07,13.524081130823443
2021-04-08,13.51555169149207
2021-04-09,13.561134633184299
2021-04-12,13.524871080814009
2021-04-13,13.416868496003124
2021-04-14,13.627517718617408
2021-04-15,13.645276575648616
2021-04-16,13.623341817414698
2021-04-19,13.535241161512804
2021-04-20,13.161253478460084
2021-04-21,13.401841857319988
2021-04-22,13.300754501505104
2021-04-23,13.505096516919638
2021-04-26,13.627279191573884
2021-04-27,13.729766902595172
2021-04-28,13.921256072755185
2021-04-29,13.85280588346775
2021-04-30,13.677883094917632
2021-05-03,13.83773585225313
2021-05-04,13.818252909049356
2021-05-05,14.099128408010133
2021-05-06,14.143899444225651
2021-05-07,14.506529989226951
2021-05-10,14.400911949878779
2021-05-11,14.224541817093105
2021-05-12,13.79310616440259
2021-05-13,13.950718831981304
2021-05-14,14.246955717348206
2021-05-17,14.357674180475346
2021-05-18,14.084675698195232
2021-05-19,13.870050880289895
2021-05-20,13.948582630998533
2021-05-21,13.899705374667631
2021-05-24,14.049429954969577
2021-05-25,13.9148948821169
2021-05-26,14.029833519459915
2021-05-27,14.128594489318617
2021-05-28,14.058328104134345
2021-06-01,14.423486905566566
2021-06-02,14.334854895417607
2021-06-03,14.375044223170287
2021-06-04,14.520677022790403
2021-06-07,14.466535694776184
2021-06-08,14.557746235117067
2021-06-09,14.412814355784187
2021-06-10,14.357184259974618
2021-06-11,14.428186450325828
2021-06-14,14.303811177700876
2021-06-15,14.332166668337582
2021-06-16,14.247211281718343
2021-06-17,13.936453221410037
2021-06-18,13.640015383193358
2021-06-21,13.955598965013154
2021-06-22,13.988368734206169
2021-06-23,13.969347595391127
2021-06-24,14.117551142961482
2021-06-25,14.167535499508173
2021-06-28,14.073650760653608
2021-06-29,14.052058214024628
2021-06-30,14.087851640631873
2021-07-01,14.157616800904858
2021-07-02,14.202474631346472
2021-07-06,14.17023238998437
2021-07-07,14.117897610569168
2021-07-08,14.071121199640315
2021-07-09,14.289901592418582
2021-07-12,14.365006013088667
2021-07-13,14.270153112543255
2021-07-14,14.156050228077842
2021-07-15,14.155743722640398
2021-07-16,14.141807668641476
2021-07-19,14.06297627255379
2021-07-20,14.27728852994484
2021-07-21,14.482385304209192
2021-07-22,14.537413405451895
2021-07-23,14.710437974572429
2021-07-26,14.732828717682647
2021-07-27,14.64822708471028
2021-07-28,14.768647465968087
2021-07-29,14.880829319260839
2021-07-30,14.819490794463887
2021-08-02,14.800928457534427
2021-08-03,15.22154713439696
2021-08-04,15.249738337344583
2021-08-05,15.236773608069502
2021-08-06,15.323839173496232
2021-08-09,15.509623796500064
2021-08-10,15.539836348457001
2021-08-11,15.430426628781316
2021-08-12,15.574876501564487
2021-08-13,15.639808220619306
2021-08-16,15.594263828202473
2021-08-17,15.50508220158972
2021-08-18,15.35779194865319
2021-08-19,15.286565733041073
2021-08-20,15.397453640434888
2021-08-23,15.639039384470658
2021-08-24,15.609351235386624
2021-08-25,15.725258785396392
2021-08-26,15.756302970016803
2021-08-27,15.871665351205422
2021-08-30,15.917679938798438
2021-08-31,15.929442709943336
2021-09-01,15.960240858194354
2021-09-02,16.12351417647526
2021-09-03,16.24570004335998
2021-09-07,16.185260268688133
2021-09-08,16.176569709312886
2021-09-09,16.156465818335437
2021-09-10,16.088245771567774
2021-09-13,15.817310338786758
2021-09-14,15.89933972571662
2021-09-15,16.018481637623292
2021-09-16,15.970779611363467
2021-09-17,15.842894352468099
2021-09-20,15.597333877200175
2021-09-21,15.695719885377251
2021-09-22,15.780282343259676
2021-09-23,15.963996988791136
2021-09-24,15.8402687201945
2021-09-27,15.48663391339907
2021-09-28,15.068862218042486
2021-09-29,15.141972932300588
2021-09-30,14.960655254133435
2021-10-01,14.888684930341014
2021-10-04,14.591602565626372
2021-10-05,14.834504630005297
2021-10-06,14.881985085455218
2021-10-07,14.987798061566643
2021-10-08,14.92072349618931
2021-10-11,14.890302351221223
2021-10-12,15.003488646354382
2021-10-13,15.182035419788418
2021-10-14,15.38797189383582
2021-10-15,15.42763920445742
2021-10-18,15.538625315036114
2021-10-19,15.641852943778076
2021-10-20,15.683024725844103
2021-10-21,15.823412225118098
2021-10-22,15.883263891105937
2021-10-25,15.915765690270556
2021-10-26,15.928066976923665
2021-10-27,15.78684680728257
2021-10-28,16.056727747838217
2021-10-29,16.215377617669976
2021-11-01,16.153126396004435
2021-11-02,16.193467029639717
2021-11-03,16.2361270988277
2021-11-04,16.301729855691377
2021-11-05,16.484724150824018
2021-11-08,16.585124501024826
2021-11-09,16.504880342536694
2021-11-10,16.23996451786609
2021-11-11,16.286268927791852
2021-11-12,16.3767629108561
2021-11-15,16.374190707013625
2021-11-16,16.50428593651653
2021-11-17,16.484336171462502
2021-11-18,16.517463905204483
2021-11-19,16.495579948766203
2021-11-22,16.312131437962186
2021-11-23,16.388584344384487
2021-11-24,16.52517364690482
2021-11-26,16.14786694708801
2021-11-29,16.385359510374307
2021-11-30,15.917960754179488
2021-12-01,15.527864249897478
2021-12-02,15.778158732669635
2021-12-03,15.484090447669479
2021-12-06,15.313742492181321
2021-12-07,15.912366255383533
2021-12-08,15.953415648043794
2021-12-09,15.591197988118818
2021-12-10,15.86527610600129
2021-12-13,15.566221651342456
2021-12-14,15.327145427512209
2021-12-15,15.77908140418407
2021-12-16,15.526172757803671
2021-12-17,15.416194398533884
2021-12-20,15.219712851655482
2021-12-21,15.676258936641887
2021-12-22,15.90212885611675
2021-12-23,16.048050860341203
2021-12-27,16.449226256331215
2021-12-28,16.371874921000995
2021-12-29,16.34381809715565
2021-12-30,16.229094471262286
2021-12-31,16.230070891557403
2022-01-03,16.32980298834849
2022-01-04,16.37208001183895
2022-01-05,15.954716922922824
2022-01-06,15.993230905194793
2022-01-07,15.763046103721596
2022-01-10,15.745039576371482
2022-01-11,15.921320351817858
2022-01-12,15.969746567245968
2022-01-13,15.760810118898698
2022-01-14,15.738603082601317
2022-01-18,15.407511163022086
2022-01-19,15.075789029523532
2022-01-20,14.7516199761243
2022-01-21,14.474404851832656
2022-01-24,14.510796737177817
2022-01-25,14.276369672623606
2022-01-26,14.275779218903942
2022-01-27,14.064790278169149
2022-01-28,14.309476955368494
2022-01-31,14.641311279865558
2022-02-01,14.708313356440936
2022-02-02,14.847811367343622
2022-02-03,14.623481314849167
2022-02-04,14.66349566645292
2022-02-07,14.701152875299606
2022-02-08,14.71405478781663
2022-02-09,14.805877551404441
2022-02-10,14.642901803344026
2022-02-11,14.686193488880729
2022-02-14,14.422276764945895
2022-02-15,14.492048281766737
2022-02-16,14.634551029983834
2022-02-17,14.581755582615534
2022-02-18,14.461997828670292
2022-02-22,14.295247796962986
2022-02-23,14.235845422193206
2022-02-24,14.265911285757213
2022-02-25,14.635062877782351
2022-02-28,14.80487911018874
2022-03-01,14.747996743620105
2022-03-02,15.046741693796285
2022-03-03,15.10011490781093
2022-03-04,15.291841473987905
2022-03-07,15.131937219840259
2022-03-08,15.016489974841246
2022-03-09,15.09152031349041
2022-03-10,15.245536734082984
2022-03-11,15.11353583010242
2022-03-14,14.981382872594503
2022-03-15,15.008851574198376
2022-03-16,15.086049196376939
2022-03-17,15.459105956234056
2022-03-18,15.466842882387173
2022-03-21,15.739969738490798
2022-03-22,15.748084948273625
2022-03-23,15.723189922666037
2022-03-24,15.806522927346405
2022-03-25,16.033130086554074
2022-03-28,15.847270948531078
2022-03-29,15.903667032593544
2022-03-30,15.924070154526268
2022-03-31,15.724758373171857
2022-04-01,15.805005992814358
2022-04-04,15.804563625430632
2022-04-05,15.656964173692451
2022-04-06,15.749717708458562
2022-04-07,15.945841200763622
2022-04-08,16.29024389056871
2022-04-11,15.959776492059857
2022-04-12,16.07119752212214
2022-04-13,16.167154394623342
2022-04-14,16.20729587868903
2022-04-18,16.31343889735655
2022-04-19,16.318129622185886
2022-04-20,16.396936782703996
2022-04-21,16.011600880516674
2022-04-22,15.53568671547818
2022-04-25,15.26121127873636
2022-04-26,15.119238363356926
2022-04-27,15.289336687299471
2022-04-28,15.547646500743456
2022-04-29,15.04626369971631
2022-05-02,15.113173549642356
2022-05-03,15.21250473946701
2022-05-04,15.326068459064755
2022-05-05,15.17395521946756
2022-05-06,15.190894448064435
2022-05-09,14.919123585793606
2022-05-10,14.928416458354594
2022-05-11,14.947477276555885
2022-05-12,14.940378857922635
2022-05-13,15.045577813821692
2022-05-16,15.120792216056879
2022-05-17,15.212972365446085
2022-05-18,14.99151929768765
2022-05-19,15.000259765052848
2022-05-20,14.9567435118387
2022-05-23,15.109507619972131
2022-05-24,15.11723577780476
2022-05-25,15.206216449910148
2022-05-26,15.357267288608268
2022-05-27,15.430893306371699
2022-05-31,15.36217840711898
2022-06-01,15.352817438630717
2022-06-02,15.432809694518781
2022-06-03,15.365957427477902
2022-06-06,15.416889091035527
2022-06-07,15.63668489982164
2022-06-08,15.44018021604124
2022-06-09,15.131928935561207
2022-06-10,14.833416750994843
2022-06-13,14.305932022878523
2022-06-14,14.223913007288779
2022-06-15,14.209286398591479
2022-06-16,13.770931761994353
2022-06-17,13.593328246908662
2022-06-21,13.97410269130631
2022-06-22,13.83872417351046
2022-06-23,13.736267418472071
2022-06-24,14.056953449252795
2022-06-27,14.162803969417327
2022-06-28,14.098619036477574
2022-06-29,13.979501670470711
2022-06-30,13.911906866294405
2022-07-01,14.031693024792492
2022-07-05,14.018847471925424
2022-07-06,14.010178049310046
2022-07-07,14.01940863750335
2022-07-08,14.01515143433943
2022-07-11,13.971366963764238
2022-07-12,13.9567291590058
2022-07-13,13.94507199219194
2022-07-14,13.904499620351846
2022-07-15,13.95214627494395
2022-07-18,13.892812498817994
2022-07-19,13.931407644534666
2022-07-20,13.89017612505001
2022-07-21,13.882776472050338
2022-07-22,13.855106237577397
2022-07-25,13.938008166442568
2022-07-26,13.929667985762997
2022-07-27,13.923622969321103
2022-07-28,13.885312002320516
2022-07-29,13.871914444369397
2022-08-01,13.836331881462455
2022-08-02,13.820151385241745
2022-08-03,13.76807481816574
2022-08-04,13.69044616797085
2022-08-05,13.744974730235702
2022-08-08,13.793185024265004
2022-08-09,13.832361843304218
2022-08-10,13.895102762875462
2022-08-11,13.92565711311648
2022-08-12,13.959810646598282
2022-08-15,13.959533718194836
2022-08-16,13.969806309887012
2022-08-17,13.974564563903499
2022-08-18,14.019004724694064
2022-08-19,14.027232678965937
2022-08-22,14.006824669722548
2022-08-23,13.999143864668017
2022-08-24,14.062601617186147
2022-08-25,14.092374742133668
2022-08-26,14.041963920524484
2022-08-29,14.044435019018168
2022-08-30,13.948216585746366
2022-08-31,14.00760238668902
2022-09-01,13.972622763304956
2022-09-02,13.987115799128865
2022-09-06,13.956140312393176
2022-09-07,14.048506612866678
2022-09-08,14.122205769805381
2022-09-09,14.12107985597926
2022-09-12,14.095467802708004
2022-09-13,13.973137749698973
2022-09-14,14.00059612212907
2022-09-15,13.94392992408404
2022-09-16,13.936701225406512
2022-09-19,13.971046308675607
2022-09-20,13.90108873523768
2022-09-21,13.863714689963421
2022-09-22,13.809455847019533
2022-09-23,13.71416120002751
2022-09-26,13.658298352142747
2022-09-27,13.707762776086238
2022-09-28,13.847316997129523
2022-09-29,13.782918797765875
2022-09-30,13.769099079534872
2022-10-03,13.860318034600937
2022-10-04,14.02879643955552
2022-10-05,14.02708398431834
2022-10-06,14.000533194854361
2022-10-07,13.966824854735181
2022-10-10,13.973959336951438
2022-10-11,13.990251950519914
2022-10-12,13.950573036046022
2022-10-13,14.035799652679527
2022-10-14,13.92236873738208
2022-10-17,13.941426606641583
2022-10-18,14.003869146569611
2022-10-19,14.004476105322723
2022-10-20,13.968005242690905
2022-10-21,14.071019554132844
2022-10-24,14.117326498321203
2022-10-25,14.133575329927451
2022-10-26,14.19574389378872
2022-10-27,14.234293333788957
2022-10-28,14.290113593295764
2022-10-31,14.324600463725787
2022-11-01,14.357607312622813
2022-11-02,14.260569280786703
2022-11-03,14.3148420598686
2022-11-04,14.431439284685114
2022-11-07,14.499098166323197
2022-11-08,14.530520237696065
2022-11-09,14.403553099696351
2022-11-10,14.68893013877002
2022-11-11,14.596590868827274
2022-11-14,14.59361625048985
2022-11-15,14.659437247512443
2022-11-16,14.605700655991676
2022-11-17,14.625531575199812
2022-11-18,14.721923550745062
2022-11-21,14.674863345076847
2022-11-22,14.816221367034009
2022-11-23,14.82785564907373
2022-11-25,14.870276497159606
2022-11-28,14.708388344803408
2022-11-29,14.719202382207273
2022-11-30,14.967988147518996
2022-12-01,14.92138311684169
2022-12-02,14.957827848729677
2022-12-05,14.672799985801761
2022-12-06,14.451445441489762
2022-12-07,14.424846456774592
2022-12-08,14.519077124076597
2022-12-09,14.352469384424769
2022-12-12,14.502237025557571
2022-12-13,14.623244015428403
2022-12-14,14.629686103013348
2022-12-15,14.35463165118094
2022-12-16,14.233289511478516
2022-12-19,14.174150245614346
2022-12-20,14.235359762005887
2022-12-21,14.47849117203682
2022-12-22,14.267116290874236
2022-12-23,14.30755495282955
2022-12-27,14.22704544342388
2022-12-28,13.9617771949244
2022-12-29,14.115176924821636
2022-12-30,14.13180161810138
2023-01-03,13.989345121943172
2023-01-04,14.092885608407553
2023-01-05,13.973517226120148
2023-01-06,14.341469237928477
2023-01-09,14.258122454435695
2023-01-10,14.302351756209031
2023-01-11,14.32685758699219
2023-01-12,14.472577299743282
2023-01-13,14.554691369019071
2023-01-17,14.517679439345926
2023-01-18,14.224517919875778
2023-01-19,13.96559922427858
2023-01-20,14.12390601457535
2023-01-23,14.197170507924751
2023-01-24,14.287293213386231
2023-01-25,14.323040072013415
2023-01-26,14.407138350218377
2023-01-27,14.395073246626495
2023-01-30,14.25716333090951
2023-01-31,14.386189315273178
2023-02-01,14.490473436902422
2023-02-02,14.250293964551258
2023-02-03,14.127097597022006
2023-02-06,14.055326570738243
2023-02-07,14.132173657766687
2023-02-08,14.020129520437058
2023-02-09,14.031096266980754
2023-02-10,14.059046609164355
2023-02-13,14.250803000032406
2023-02-14,14.23930270729181
2023-02-15,14.303931415632714
2023-02-16,14.165794259604919
2023-02-17,14.090161304944074
2023-02-21,13.80103397675308
2023-02-22,13.843137235155982
2023-02-23,13.884233487327942
2023-02-24,13.762930474641673
2023-02-27,13.836309641530173
2023-02-28,13.934590135732211
2023-03-01,14.235782853227931
2023-03-02,14.383784617445915
2023-03-03,14.638618438295598
2023-03-06,14.61239262548337
2023-03-07,14.440161829106135
2023-03-08,14.457687705619476
2023-03-09,14.11376673648592
2023-03-10,13.852210166685397
2023-03-13,13.673726624573272
2023-03-14,13.940060199048375
2023-03-15,13.626461821465302
2023-03-16,13.920448804932871
2023-03-17,13.67384840281524
2023-03-20,13.82300458144675
2023-03-21,14.095658944979576
2023-03-22,13.834324675296404
2023-03-23,13.841040927255868
2023-03-24,13.823833215873094
2023-03-27,13.899231277216396
2023-03-28,13.943110159061609
2023-03-29,14.125223953903513
2023-03-30,14.230819676447043
2023-03-31,14.531207952585618
2023-04-03,14.597332969308242
2023-04-04,14.424342363915418
2023-04-05,14.193395673620655
2023-04-06,14.202804223890663
2023-04-10,14.434164887192894
2023-04-11,14.543101143042408
2023-04-12,14.43459430586308
2023-04-13,14.648539797250505
2023-04-14,14.678894015813187
2023-04-17,14.661813321602779
2023-04-18,14.79940547554904
2023-04-19,14.635615847322345
2023-04-20,14.45223733474294
2023-04-21,14.407774143530862
2023-04-24,14.340502965883893
2023-04-25,14.1619216547304
2023-04-26,14.022582857016983
2023-04-27,14.217874158872892
2023-04-28,14.346157667814705
2023-05-01,14.331888746655325
2023-05-02,14.052929990541044
2023-05-03,14.236787469908698
2023-05-04,14.186846809287747
2023-05-05,14.354730211473825
2023-05-08,14.40250523578669
2023-05-09,14.31302200882765
2023-05-10,14.33090367880663
2023-05-11,14.27161416350519
2023-05-12,14.20409955900826
2023-05-15,14.314769459269021
2023-05-16,14.294581301581974
2023-05-17,14.528975852111833
2023-05-18,14.773462812016858
2023-05-19,14.752141133432369
2023-05-22,14.715406462202807
2023-05-23,14.456062821635822
2023-05-24,14.420194621387171
2023-05-25,15.009845666937064
2023-05-26,15.276515816106434
2023-05-30,15.363531316383483
2023-05-31,15.126362258456497
2023-06-01,15.322182359339106
2023-06-02,15.447191226598067
2023-06-05,15.50897637920481
2023-06-06,15.544161701407349
2023-06-07,15.382817560696102
2023-06-08,15.583532729640854
2023-06-09,15.638761383709099
2023-06-12,15.82786614806739
2023-06-13,15.915145555086617
2023-06-14,15.93838793128235
2023-06-15,16.117617350264187
2023-06-16,16.02665629445971
2023-06-20,15.990461629866095
2023-06-21,15.888387829134215
2023-06-22,15.85730714345566
2023-06-23,15.713623588047472
2023-06-26,15.688294039982058
2023-06-27,16.11892890814746
2023-06-28,16.213418052791315
2023-06-29,16.248621899883762
2023-06-30,16.481958174467856
2023-07-03,16.499910715943805
2023-07-05,16.551590015570383
2023-07-06,16.203859062995388
2023-07-07,16.575265655182825
2023-07-10,17.07046301396839
2023-07-11,17.24321317104151
2023-07-12,17.562037807038802
2023-07-13,17.779346243665508
2023-07-14,17.68363904285251
2023-07-17,17.815195627938373
2023-07-18,18.16792306934712
2023-07-19,18.644632183606465
2023-07-20,18.158664072042182
2023-07-21,18.02557902113949
2023-07-24,18.099279694306116
2023-07-25,18.275140857587175
2023-07-26,18.290494482394184
2023-07-27,18.341246487720337
2023-07-28,18.827049418995998
2023-07-31,19.02052525185
2023-08-01,19.17344148717123
2023-08-02,19.343360579715792
2023-08-03,19.25658290456253
2023-08-04,19.19105523881575
2023-08-07,19.41795417084045
2023-08-08,19.19355838713637
2023-08-09,18.384016303700577
2023-08-10,18.68843091049592
2023-08-11,18.570183560408214
2023-08-14,18.8946040977544
2023-08-15,18.672957534813733
2023-08-16,18.357548181809257
2023-08-17,17.859690963400165
2023-08-18,18.027204383199837
2023-08-21,18.240806187564985
2023-08-22,18.134122537371898
2023-08-23,18.526502273270665
2023-08-24,18.116040338762623
2023-08-25,18.356431265599372
2023-08-28,18.718194478618315
2023-08-29,19.146616563841118
2023-08-30,19.3515538208934
2023-08-31,19.29167873829063
2023-09-01,19.35105495443771
2023-09-05,18.99905165395928
2023-09-06,18.985548433715064
2023-09-07,18.99260614876919
2023-09-08,18.98203636634919
2023-09-11,19.20202196548953
2023-09-12,18.94234882298028
2023-09-13,18.782765243303114
2023-09-14,19.18863334733574
2023-09-15,18.757757299210454
2023-09-18,18.803783818412967
2023-09-19,18.56161368542447
2023-09-20,18.276620059923943
2023-09-21,17.811508080290793
2023-09-22,17.803227512843883
2023-09-25,17.831797481639605
2023-09-26,17.599502781148757
2023-09-27,17.80070190078265
2023-09-28,17.949512124913298
2023-09-29,17.94617136574208
2023-10-02,17.880297906984197
2023-10-03,17.6478708015638
2023-10-04,17.818238124632508
2023-10-05,17.849617249748263
2023-10-06,18.133273144820386
2023-10-09,18.325358137343652
2023-10-10,18.489017722495284
2023-10-11,18.671511604249424
2023-10-12,18.53362465548006
2023-10-13,18.324377463158093
2023-10-16,18.593119753947956
2023-10-17,18.67348705322028
2023-10-18,18.434051332813638
2023-10-19,18.20452986821218
2023-10-20,17.915662622134253
2023-10-23,17.844496558511644
2023-10-24,18.046951717832275
2023-10-25,17.834323417701565
2023-10-26,17.766777935386603
2023-10-27,17.58026728768167
2023-10-30,17.788900135712524
2023-10-31,17.8270238202191
2023-11-01,18.003594877937413
2023-11-02,18.14811016154174
2023-11-03,18.363840075384697
2023-11-06,18.49351610131812
2023-11-07,18.427796672058328
2023-11-08,18.440494318973045
2023-11-09,18.339279300473788
2023-11-10,18.579516814081607
2023-11-13,18.68606148716105
2023-11-14,19.021919523019605
2023-11-15,18.981478486554995
2023-11-16,18.868943877141128
2023-11-17,18.981256621749985
2023-11-20,19.12031107314505
2023-11-21,19.039681337259857
2023-11-22,19.17026942892269
2023-11-24,19.209669593542593
2023-11-27,19.229573444112066
2023-11-28,19.43287981667718
2023-11-29,19.390003822894236
2023-11-30,19.637172000807134
2023-12-01,19.654929517112155
2023-12-04,19.824232162419023
2023-12-05,19.809605747643666
2023-12-06,19.543372357222523
2023-12-07,19.655578297205356
2023-12-08,19.927141471010383
2023-12-11,19.883415625895907
2023-12-12,20.029083576182156
2023-12-13,20.365717538114016
2023-12-14,20.47025565732094
2023-12-15,20.44533381029881
2023-12-18,20.532744219531672
2023-12-19,20.776004440480506
2023-12-20,20.486183925098118
2023-12-21,20.810179076586675
2023-12-22,20.967061999504885
2023-12-26,20.99799386280774
2023-12-27,21.315847181936356
2023-12-28,21.374273823513896
2023-12-29,21.129451414570504
2024-01-02,20.935372637993147
2024-01-03,20.627275552256748
2024-01-04,20.651777509357878
2024-01-05,20.595775086048214
2024-01-08,20.900944558018157
2024-01-09,20.844010717856847
2024-01-10,20.851100472779216
2024-01-11,20.686183475807233
2024-01-12,20.400926839487912
2024-01-16,20.311834042362662
2024-01-17,20.242642938413184
2024-01-18,20.228361128857212
2024-01-19,20.51438449094358
2024-01-22,20.621692431125805
2024-01-23,20.564264635800306
2024-01-24,20.453146808409315
2024-01-25,20.564517069872622
2024-01-26,20.396611699119685
2024-01-29,20.581656091981895
2024-01-30,20.45182949594097
2024-01-31,20.207117387947555
2024-02-01,20.46775051344601
2024-02-02,20.818085842420142
2024-02-05,20.669920015874926
2024-02-06,20.707692611153245
2024-02-07,21.016184620213604
2024-02-08,21.152798548373784
2024-02-09,21.31458340736468
2024-02-12,21.136902061841884
2024-02-13,20.88094322936101
2024-02-14,21.395302749761143
2024-02-15,21.55151988654566
2024-02-16,21.35116349140062
2024-02-20,21.07703373144826
2024-02-21,20.817851504148564
2024-02-22,21.415961675344985
2024-02-23,21.457054947703444
2024-02-26,21.62198053549731
2024-02-27,21.727585529538423
2024-02-28,21.74137666507846
2024-02-29,22.102994478228485
2024-03-01,22.336735766662628
2024-03-04,22.81661734585066
2024-03-05,22.652187492828656
2024-03-06,23.15164407601355
2024-03-07,23.413874556387324
2024-03-08,23.140960836894216
2024-03-11,22.677368556972116
2024-03-12,23.24863373890029
2024-03-13,23.32892271971031
2024-03-14,23.03732977089687
2024-03-15,22.954661970480693
2024-03-18,23.0114712649217
2024-03-19,22.842513676646398
2024-03-20,23.206784434198752
2024-03-21,23.63449365376706
2024-03-22,23.642538166108356
2024-03-25,23.857329161817766
2024-03-26,23.805171631595996
2024-03-27,23.79902146529278
2024-03-28,23.837061453552135
2024-04-01,23.809726384833144
2024-04-02,23.59370206036211
2024-04-03,23.87335408201901
2024-04-04,23.387649661541772
2024-04-05,23.571968917451965
2024-04-08,23.663200877479458
2024-04-09,23.080647650994724
2024-04-10,23.3155308451364
2024-04-11,23.574037588576996
2024-04-12,23.044899448020487
2024-04-15,22.474949495262358
2024-04-16,22.525191563146834
2024-04-17,22.221591500931677
2024-04-18,22.13788393932026
2024-04-19,21.42178012731514
2024-04-22,21.94163680793687
2024-04-23,22.357216609141467
2024-04-24,22.302719390117097
2024-04-25,22.611113908189463
2024-04-26,22.858309221888213
2024-04-29,23.046833703284797
2024-04-30,22.40176096596272
2024-05-01,22.254444983625756
2024-05-02,23.195074881905924
2024-05-03,23.659609380021337
2024-05-06,24.172263051637504
2024-05-07,23.940543780288174
2024-05-08,24.154750836282734
2024-05-09,24.81140767845368
2024-05-10,24.759629117851716
2024-05-13,24.528508242761557
2024-05-14,24.69259604985627
2024-05-15,25.21989057788487
2024-05-16,24.715099809661375
2024-05-17,24.625925571680483
2024-05-20,24.74905290011365
2024-05-21,24.86096432779062
2024-05-22,24.54763321218445
2024-05-23,24.65189472947611
2024-05-24,25.21482586532843
2024-05-28,25.198268861473505
2024-05-29,25.00317104591158
2024-05-30,24.973010206026213
2024-05-31,24.730764327257873
2024-06-03,24.43436181884948
2024-06-04,24.163356873528855
2024-06-05,24.651672420421537
2024-06-06,24.15988486172773
2024-06-07,24.08498294044762
2024-06-10,24.498755961561436
2024-06-11,24.4138730402251
2024-06-12,24.556618690215384
2024-06-13,24.598271064688657
2024-06-14,24.29884428041684
2024-06-17,24.276450569384593
2024-06-18,24.57030303527129
2024-06-20,24.479352895637664
2024-06-21,24.355072730532772
2024-06-24,24.301947991669874
2024-06-25,24.41189603066294
2024-06-26,24.08511148663347
2024-06-27,24.090907069312287
2024-06-28,23.771204416199
2024-07-01,23.742278357056726
2024-07-02,23.745954694209413
2024-07-03,23.830079100960706
2024-07-05,23.92575453473826
2024-07-08,23.933653466435903
2024-07-09,24.055552515401352
2024-07-10,24.39263669793789
2024-07-11,24.280332376168733
2024-07-12,24.532449040370714
2024-07-15,24.699726648716016
2024-07-16,24.81499933074387
2024-07-17,24.080520685391537
2024-07-18,23.994669327293693
2024-07-19,23.97145503942195
2024-07-22,24.287284483625474
2024-07-23,24.225021294067187
2024-07-24,23.428957491531282
2024-07-25,23.270871465403154
2024-07-26,23.595315523351776
2024-07-29,23.52031292549038
2024-07-30,23.16270588692504
2024-07-31,23.66829067951634
2024-08-01,23.547514062162904
2024-08-02,22.865154152522372
2024-08-05,22.21301697138182
2024-08-06,22.59555341033728
2024-08-07,22.237427687283553
2024-08-08,22.92653842880008
2024-08-09,23.070903218047533
2024-08-12,23.03304909239433
2024-08-13,23.3408594984261
2024-08-14,23.280558533129863
2024-08-15,23.60804745125746
2024-08-16,23.744690449061597
2024-08-19,24.008087081637317
2024-08-20,23.84013208335766
2024-08-21,24.12186522157201
2024-08-22,24.016990774203833
2024-08-23,24.458309526222134
2024-08-26,24.31894097294614
2024-08-27,24.37719956889711
2024-08-28,24.16960108145205
2024-08-29,24.049884942451957
2024-08-30,24.026401322384487
2024-09-03,23.425739227127824
2024-09-04,23.43089444567119
2024-09-05,23.193403260521034
2024-09-06,22.8613375592163
2024-09-09,23.050578230164987
2024-09-10,23.08233516466196
2024-09-11,23.11764541234621
2024-09-12,23.398966757569944
2024-09-13,23.6231771666473
2024-09-16,23.939965825032797
2024-09-17,23.988473144568196
2024-09-18,24.005736431833967
2024-09-19,24.265245451831955
2024-09-20,24.384407914173853
2024-09-23,24.507584171617335
2024-09-24,24.56433683013958
2024-09-25,24.43217147320236
2024-09-26,24.31917264541831
2024-09-27,24.290632517376835
2024-09-30,24.407511660739626
2024-10-01,24.551824303764228
2024-10-02,24.532817083144476
2024-10-03,24.378296042517206
2024-10-04,24.44806647025615
2024-10-07,24.216987372612866
2024-10-08,24.320971847636113
2024-10-09,24.41022303033406
2024-10-10,24.22303270728571
2024-10-11,24.5087535416583
2024-10-14,24.67415973494998
2024-10-15,24.665262795792525
2024-10-16,24.80472057251943
2024-10-17,24.71437429028107
2024-10-18,24.78379119090028
2024-10-21,24.51617417206818
2024-10-22,24.493168289323634
2024-10-23,24.45840692190135
2024-10-24,24.561505969201974
2024-10-25,24.318557839733312
2024-10-28,24.455027184211115
2024-10-29,24.499294641542967
2024-10-30,24.53017710670939
2024-10-31,24.30913411035669
2024-11-01,23.98959851006083
2024-11-04,23.82378509379138
2024-11-05,24.730917613611265
2024-11-06,25.45747187492411
2024-11-07,26.709201595033047
2024-11-08,27.58571347103504
2024-11-11,27.696434180829094
2024-11-12,27.489083379705306
2024-11-13,27.40816874843512
2024-11-14,27.145932979294336
2024-11-15,27.294664693970994
2024-11-18,27.41065358311187
2024-11-19,28.050775106961442
2024-11-20,28.073156575630325
2024-11-21,28.47965989915489
2024-11-22,29.079660031763645
2024-11-25,28.782156197568565
2024-11-26,29.014175504548362
2024-11-27,28.919625397555908
2024-11-29,29.14407614737996
2024-12-02,28.7775703582618
2024-12-03,29.169036600543873
2024-12-04,29.252870164828742
2024-12-05,29.114512318551178
2024-12-06,29.270984997221277
2024-12-09,28.136171026841442
2024-12-10,27.809117524018777
2024-12-11,28.203982756797288
2024-12-12,27.911550905563864
2024-12-13,28.0220563481263
2024-12-16,28.15547295241288
2024-12-17,27.80784203008447
2024-12-18,26.528673951680013
2024-12-19,26.469082065161835
2024-12-20,27.292425401055493
2024-12-23,27.183588158191547
2024-12-24,27.558022034286395
2024-12-26,27.40841256619967
2024-12-27,26.97707669332313
2024-12-30,26.581767439635826
2024-12-31,26.285651817572507
2025-01-02,26.403384326900568
2025-01-03,26.82958791503381
2025-01-06,26.844892981024696
2025-01-07,26.31766598355675
2025-01-08,26.47343193432603
2025-01-10,26.143309971198114
2025-01-13,26.058455852787745
2025-01-14,26.472749083726224
2025-01-15,26.903195890081964
2025-01-16,27.082252464483787
2025-01-17,27.515307021419567
2025-01-21,27.97476303122593
2025-01-22,28.014126613219492
2025-01-23,28.073068429947412
2025-01-24,28.143246736186825
2025-01-27,27.74560058976412
2025-01-28,28.498280637173224
2025-01-29,28.646022306691744
2025-01-30,29.06115153853129
2025-01-31,28.736097751817198
2025-02-03,28.67177600941565
2025-02-04,29.491190470585746
2025-02-05,29.652653664330256
2025-02-06,30.02897113295895
2025-02-07,29.925533462949346
2025-02-10,29.935930910947295
2025-02-11,29.60343737715729
2025-02-12,30.03679379362527
2025-02-13,31.2239688527861
2025-02-14,31.709044069817452
2025-02-18,31.741165605689833
2025-02-19,31.210676203931264
2025-02-20,30.120334340860307
2025-02-21,28.958890232381474
2025-02-24,28.522714581999598
2025-02-25,27.68620186416907
2025-02-26,27.74033272933335
2025-02-27,27.297681505209468
2025-02-28,27.651837495195455
2025-03-03,27.170631156429916
2025-03-04,26.593476378547365
2025-03-05,26.81836645252212
2025-03-06,26.306097075360213
2025-03-07,26.27393323100055
2025-03-10,25.322261136575406
2025-03-11,25.131610137466396
2025-03-12,25.18776990768897
2025-03-13,24.731122807284248
2025-03-14,25.26958752232209
2025-03-17,25.622019938811057
2025-03-18,25.439457128416176
2025-03-19,25.806510736629555
2025-03-20,25.808395132053608
2025-03-21,25.850528215201336
2025-03-24,26.347205440470997
2025-03-25,26.417287350995235
2025-03-26,26.29563133891279
2025-03-27,26.240758328537186
2025-03-28,25.82016932732925
2025-03-31,26.152346788888984
2025-04-01,26.230049845065672
2025-04-02,26.29233958064645
2025-04-03,25.483726282523058
2025-04-04,24.032114400429247
2025-04-07,23.75532947503025
2025-04-08,23.39856446949775
2025-04-09,24.75607472512822
2025-04-10,24.138639527868985
2025-04-11,24.43502791987835
2025-04-14,24.742186660052788
2025-04-15,24.695148877909137
2025-04-16,24.379181537934965
2025-04-17,24.507571976064664
2025-04-21,24.070182221586457
2025-04-22,24.53627793691186
2025-04-23,24.63767277483801
2025-04-24,24.874686349403127
2025-04-25,24.78372094049894
2025-04-28,24.923838219970797
2025-04-29,25.042666384833687
2025-04-30,25.130054444849755
2025-05-01,25.00902961919148
2025-05-02,25.06251878964116
2025-05-05,25.089543506956204
2025-05-06,25.047136914077107
2025-05-07,25.082010211531472
2025-05-08,25.02788362463759
2025-05-09,25.006988563071275
2025-05-12,24.883342129030478
2025-05-13,24.88847389262865
2025-05-14,24.893357076407927
2025-05-15,25.059146445654033
2025-05-16,25.115102808717225
2025-05-19,25.16642433662153
2025-05-20,25.15543768624143
2025-05-21,25.087285198977124
2025-05-22,25.070194500063966
2025-05-23,25.12026469994748
2025-05-27,25.127291134080227
2025-05-28,25.109390460801887
2025-05-29,25.089493272773467
2025-05-30,25.218109627060745
2025-06-02,25.23740501722053
2025-06-03,25.569544371622257
2025-06-04,25.40171918418092
2025-06-05,25.316737562272753
2025-06-06,25.4681065367708
2025-06-09,25.37960761042437
2025-06-10,25.205066184825544
2025-06-11,25.394087159689565
2025-06-12,25.54718932542547
2025-06-13,25.567695526298067
2025-06-16,25.76497676008569
2025-06-17,25.710348098768943
2025-06-18,25.737487939987467
2025-06-20,25.683138805863845
2025-06-23,25.924798816351707
2025-06-24,26.02569338994679
2025-06-25,25.918202754663465
2025-06-26,26.160532002101416
2025-06-27,26.16882622755479
2025-06-30,26.37020067941326
2025-07-01,26.15158578731574
2025-07-02,26.324533078577673
2025-07-03,26.49797533334604
2025-07-07,26.53364974480142
2025-07-08,26.228344198724727
2025-07-09,26.348250029486074
2025-07-10,26.298008517747334
2025-07-11,26.218809774739036
2025-07-14,26.404166000662666
2025-07-15,26.224736809152663
2025-07-16,26.29017488663776
2025-07-17,26.377752631117126
2025-07-18,26.638673598090413
2025-07-21,26.474437308121733
2025-07-22,26.231824806563523
2025-07-23,26.818756686083713
2025-07-24,26.709461526320013
2025-07-25,26.942948349799344
2025-07-28,26.90253379890897
2025-07-29,26.781615932672278
2025-07-30,26.77281087860392
2025-07-31,26.64871197799675
2025-08-01,26.40241358337941
2025-08-04,27.005049490865233
2025-08-05,26.759952501447533
2025-08-06,26.173946090364502
2025-08-07,26.24662984533561
2025-08-08,26.45542107631216
2025-08-11,26.434412004082017
2025-08-12,26.911840215127913
2025-08-13,26.62260218123784
2025-08-14,26.4848169320514
2025-08-15,26.411876566987853
2025-08-18,26.649793116249363
2025-08-19,26.11749968204709
2025-08-20,26.002372996539656
2025-08-21,25.906748733632316
2025-08-22,26.355477371393302
2025-08-25,26.425791425494197
2025-08-26,26.594730101592173
2025-08-27,26.62639642662833
2025-08-28,26.96830466788196
2025-08-29,26.430664756534146
2025-09-02,26.22003312671419
2025-09-03,26.23852092074268
2025-09-04,26.769964477233962
2025-09-05,26.687560653753327
2025-09-08,27.482546685824985
2025-09-09,27.819046261790806
2025-09-10,28.195801218938783
2025-09-11,28.243402348433193
2025-09-12,28.061653339167275
2025-09-15,28.19639945790975
2025-09-16,28.17151861301554
2025-09-17,28.041403124594126
2025-09-18,28.352522718334168
2025-09-19,28.545699056053945
2025-09-22,28.85479134080188
2025-09-23,28.80072680633552
2025-09-24,28.51206623718523
2025-09-25,28.2486940802217
2025-09-26,28.399320886286688
2025-09-29,28.92641215932267
2025-09-30,29.353833585379345
2025-10-01,29.793782737933565
2025-10-02,29.764447413896796
2025-10-03,29.659589574308427
2025-10-06,29.188484240757276
2025-10-07,28.979335359722224
2025-10-08,29.429707082786972
2025-10-09,29.25664791332732
2025-10-10,28.152410418598162
2025-10-13,28.88274617668067
2025-10-14,28.58355164420535
2025-10-15,28.99125734533199
2025-10-16,29.104962841211325
2025-10-17,29.018580418255052
2025-10-20,29.00234722280747
2025-10-21,28.82653748563012
2025-10-22,28.527246809136447
2025-10-23,29.42803815614296
2025-10-24,30.442691797522926
2025-10-27,30.867831225505817
2025-10-28,30.687856473703807
2025-10-29,31.71867824973658
2025-10-30,31.239574431184558
2025-10-31,31.605420333042673
2025-11-03,31.755342139951583
2025-11-04,30.634824737467238
2025-11-05,32.15504746377845
2025-11-06,31.94872681187159
2025-11-07,32.141212377909156
2025-11-10,33.24282691034928
2025-11-11,32.53869067033617
2025-11-12,32.52109217715722
2025-11-13,31.112103969942844
2025-11-14,31.02159534733541
2025-11-17,30.796395227523252
2025-11-18,30.396239723810144
2025-11-19,30.820349574292976
2025-11-20,29.179782382731883
2025-11-21,29.70432597142704
2025-11-24,31.328140400558567
2025-11-25,31.58791629023914
2025-11-26,32.46412151732441
2025-11-28,33.256279845421645
2025-12-01,33.01073917838854
2025-12-02,33.089703372569055
2025-12-03,32.97255280329889
2025-12-04,33.00936849371056
2025-12-05,33.6762231858223
2025-12-08,33.95514078344706
2025-12-09,34.23969356512367
2025-12-10,35.05253137866661
2025-12-11,35.4334282161964
2025-12-12,34.16471141363173
2025-12-15,34.137067280839396
2025-12-16,33.788959531587494
2025-12-17,33.09959459494697
2025-12-18,33.56680471709252
2025-12-19,34.64804181874151
2025-12-22,34.97674061310639
2025-12-23,35.10131940212665
2025-12-24,35.37709687350186
2025-12-26,35.35106212513932
2025-12-29,35.18502507604033
2025-12-30,35.08061977030127
