date,v7_full_hybrid
2006-01-03,1.0
2006-01-04,1.0
2006-01-05,1.0
2006-01-06,1.0
2006-01-09,1.0
2006-01-10,1.0
2006-01-11,1.0
2006-01-12,1.0
2006-01-13,1.0
2006-01-17,1.0
2006-01-18,1.0
2006-01-19,1.0
2006-01-20,1.0
2006-01-23,1.0
2006-01-24,1.0
2006-01-25,1.0
2006-01-26,1.0
2006-01-27,1.0
2006-01-30,1.0
2006-01-31,1.0
2006-02-01,0.999
2006-02-02,0.984288556628526
2006-02-03,0.9652041758322805
2006-02-06,0.9588874338151733
2006-02-07,0.9448274623679271
2006-02-08,0.9556002002337519
2006-02-09,0.9641885326348314
2006-02-10,0.9558899167561856
2006-02-13,0.9423491375329084
2006-02-14,0.9593253467978456
2006-02-15,0.966814304873757
2006-02-16,0.9772482394348563
2006-02-17,0.9681035845192542
2006-02-21,0.9527618013498105
2006-02-22,0.9636374513489522
2006-02-23,0.962487757917975
2006-02-24,0.9802527100263381
2006-02-27,0.9885194579952332
2006-02-28,0.9752733996534031
2006-03-01,0.9965927417814788
2006-03-02,1.002585338369134
2006-03-03,0.9864047194509655
2006-03-06,0.9843602671825517
2006-03-07,0.9529662799196272
2006-03-08,0.9481378854996839
2006-03-09,0.9303027101711595
2006-03-10,0.9206076022925755
2006-03-13,0.9158724004568497
2006-03-14,0.9238004300205246
2006-03-15,0.9330607764931105
2006-03-16,0.9322922440400886
2006-03-17,0.9356113132486222
2006-03-20,0.9352218611997574
2006-03-21,0.9200659867489013
2006-03-22,0.91930501001719
2006-03-23,0.917561380672493
2006-03-24,0.9278835912027115
2006-03-27,0.9186211430927971
2006-03-28,0.9146551346324684
2006-03-29,0.9332491946336079
2006-03-30,0.9404669787569635
2006-03-31,0.9458295082749005
2006-04-03,0.9411042715444499
2006-04-04,0.943252459790225
2006-04-05,0.9498478938454374
2006-04-06,0.9521422581835782
2006-04-07,0.9408588937404466
2006-04-10,0.9244921211396441
2006-04-11,0.9132637374862721
2006-04-12,0.9243809329395556
2006-04-13,0.9231684404074404
2006-04-17,0.9225925681334634
2006-04-18,0.9481456291836241
2006-04-19,0.9513900232112296
2006-04-20,0.9427932323568967
2006-04-21,0.946024291433549
2006-04-24,0.9425585175088198
2006-04-25,0.9389378959600275
2006-04-26,0.9375818071488308
2006-04-27,0.9340896836986678
2006-04-28,0.9370307136615642
2006-05-01,0.9314966521693093
2006-05-02,0.9349874179334593
2006-05-03,0.9388558100428899
2006-05-04,0.9431101608404802
2006-05-05,0.9552798666363871
2006-05-08,0.9554799541710677
2006-05-09,0.9530655403835407
2006-05-10,0.9518654810108739
2006-05-11,0.9298445128918383
2006-05-12,0.9069895143290557
2006-05-15,0.8940259849155671
2006-05-16,0.898970432238829
2006-05-17,0.8703170396138117
2006-05-18,0.8566294197360416
2006-05-19,0.8650301394609334
2006-05-22,0.8390881454783871
2006-05-23,0.8401318593582173
2006-05-24,0.823455652797231
2006-05-25,0.8522999447654489
2006-05-26,0.8651103480921829
2006-05-30,0.8447174817514533
2006-05-31,0.8588171573058524
2006-06-01,0.8742991386196525
2006-06-02,0.8763091450887279
2006-06-05,0.8654487537478323
2006-06-06,0.8620504997376999
2006-06-07,0.8589221724376926
2006-06-08,0.8539198536169663
2006-06-09,0.8530816183228004
2006-06-12,0.8417999191970362
2006-06-13,0.8301110166683453
2006-06-14,0.83613625332623
2006-06-15,0.8515136549494253
2006-06-16,0.8489926119305531
2006-06-19,0.8420311179489317
2006-06-20,0.8420998412742412
2006-06-21,0.8477638937410055
2006-06-22,0.8457369128223906
2006-06-23,0.8454188403088986
2006-06-26,0.848359337443733
2006-06-27,0.843808368013368
2006-06-28,0.8506952543189384
2006-06-29,0.8665629889712946
2006-06-30,0.8697798366815752
2006-07-03,0.8747568985864141
2006-07-05,0.866807110978166
2006-07-06,0.8685731419548092
2006-07-07,0.862914573867462
2006-07-10,0.8634972727871901
2006-07-11,0.8680744598048088
2006-07-12,0.862395983938341
2006-07-13,0.8520193559494649
2006-07-14,0.8474922377486173
2006-07-17,0.8465378628705253
2006-07-18,0.8490103666220156
2006-07-19,0.8589254913402122
2006-07-20,0.8476235420002772
2006-07-21,0.8396729907457242
2006-07-24,0.8523817134870748
2006-07-25,0.8557832406389766
2006-07-26,0.8510082003096998
2006-07-27,0.8471627550230072
2006-07-28,0.8559310020495845
2006-07-31,0.8577263826266056
2006-08-01,0.8507168485056489
2006-08-02,0.8528413789131019
2006-08-03,0.8539741935346566
2006-08-04,0.8501663566857223
2006-08-07,0.851330581826456
2006-08-08,0.8524610530408806
2006-08-09,0.8511869082647942
2006-08-10,0.8507853813447879
2006-08-11,0.8488901037520487
2006-08-14,0.8498060768848493
2006-08-15,0.855218131674727
2006-08-16,0.855172715151079
2006-08-17,0.8539332987043001
2006-08-18,0.8562706908156122
2006-08-21,0.8565249983078596
2006-08-22,0.8575625763356787
2006-08-23,0.8553728977144788
2006-08-24,0.8573342088721887
2006-08-25,0.8583525359465944
2006-08-28,0.8617151766252534
2006-08-29,0.8619988280464628
2006-08-30,0.8611358010723338
2006-08-31,0.8622020146025375
2006-09-01,0.864871957851528
2006-09-05,0.8649015626631467
2006-09-06,0.8608076230490962
2006-09-07,0.8560402688201079
2006-09-08,0.8603138320980203
2006-09-11,0.861659684618978
2006-09-12,0.8638306623818077
2006-09-13,0.8643751716139894
2006-09-14,0.8657364043238542
2006-09-15,0.8655849082872259
2006-09-18,0.8643980996509193
2006-09-19,0.8639046870827698
2006-09-20,0.8673650982840424
2006-09-21,0.8654738003335085
2006-09-22,0.8663441134555988
2006-09-25,0.8715379586986398
2006-09-26,0.8734746782443147
2006-09-27,0.8742138028618216
2006-09-28,0.8739547228822704
2006-09-29,0.8727116462975933
2006-10-02,0.8699152745009228
2006-10-03,0.8727385686225342
2006-10-04,0.8776302624297017
2006-10-05,0.8778032094849044
2006-10-06,0.8759605259904847
2006-10-09,0.8766466891134386
2006-10-10,0.8790882644542902
2006-10-11,0.8796263202799094
2006-10-12,0.8874850834022255
2006-10-13,0.8881583907778956
2006-10-16,0.8897770831703927
2006-10-17,0.8914606424347581
2006-10-18,0.8925410708657644
2006-10-19,0.8871639321367067
2006-10-20,0.8883484199921814
2006-10-23,0.8938051863726464
2006-10-24,0.8934064088010052
2006-10-25,0.894574794062745
2006-10-26,0.8941454526887064
2006-10-27,0.8890794424975249
2006-10-30,0.8913276070509281
2006-10-31,0.8915150768414426
2006-11-01,0.8861580826327854
2006-11-02,0.8856965633771843
2006-11-03,0.8850598712056487
2006-11-06,0.9069938115192154
2006-11-07,0.9177916124761064
2006-11-08,0.918477658473286
2006-11-09,0.906042285734689
2006-11-10,0.9197502393271278
2006-11-13,0.9265831711377056
2006-11-14,0.9282721166799693
2006-11-15,0.9264457738712499
2006-11-16,0.9277031583342066
2006-11-17,0.9279848962130353
2006-11-20,0.9325210566177505
2006-11-21,0.9326164586583897
2006-11-22,0.9347418022125101
2006-11-24,0.9348719825869266
2006-11-27,0.9160073753190564
2006-11-28,0.9187863371687767
2006-11-29,0.9309197627550351
2006-11-30,0.9308132349190781
2006-12-01,0.9225042307666728
2006-12-04,0.9404442193463396
2006-12-05,0.9599817061660045
2006-12-06,0.9572275527524213
2006-12-07,0.9540156872465442
2006-12-08,0.9641717354453345
2006-12-11,0.9699615170830651
2006-12-12,0.9534683936136709
2006-12-13,0.9594834728153877
2006-12-14,0.9606808785147087
2006-12-15,0.961181551283268
2006-12-18,0.9554120398674059
2006-12-19,0.9591691825186683
2006-12-20,0.9620488666789038
2006-12-21,0.9562294580193048
2006-12-22,0.9507652183836913
2006-12-26,0.958673843331555
2006-12-27,0.963797533023909
2006-12-28,0.9620557206578079
2006-12-29,0.9582941270391436
2007-01-03,0.9693362764429196
2007-01-04,0.9764541710301277
2007-01-05,0.9629794440325194
2007-01-08,0.967766840220525
2007-01-09,0.9787322204086412
2007-01-10,0.9957339396203408
2007-01-11,1.009458357987187
2007-01-12,1.010195876224083
2007-01-16,1.0092375731190808
2007-01-17,1.006493051630316
2007-01-18,0.9954367161929316
2007-01-19,0.9951294168603073
2007-01-22,0.9863365158030704
2007-01-23,0.9847605101464543
2007-01-24,1.0072029926560917
2007-01-25,0.9944015368953015
2007-01-26,0.9922884656387853
2007-01-29,0.9899296009788441
2007-01-30,0.9987357079489008
2007-01-31,1.0016184735787352
2007-02-01,1.0183002007849293
2007-02-02,1.023181893321774
2007-02-05,1.0242046135087004
2007-02-06,1.0219933194459674
2007-02-07,1.0274458735194933
2007-02-08,1.0330884886121643
2007-02-09,1.0102029568123927
2007-02-12,0.9959317601705723
2007-02-13,1.0121213629223071
2007-02-14,1.0174280239011693
2007-02-15,1.016812578141352
2007-02-16,1.0160084099265232
2007-02-20,1.024646108540619
2007-02-21,1.0318525370697074
2007-02-22,1.0292169628865764
2007-02-23,1.0237482411508148
2007-02-26,1.0202353862598845
2007-02-27,0.967365042488559
2007-02-28,0.978911751496259
2007-03-01,0.9791143538033745
2007-03-02,0.9592935536507702
2007-03-05,0.9389812536538161
2007-03-06,0.9626128869806735
2007-03-07,0.9497336188251356
2007-03-08,0.9667762598919365
2007-03-09,0.9737855129637035
2007-03-12,0.9814370207745079
2007-03-13,0.9572313303885955
2007-03-14,0.966129347544433
2007-03-15,0.9666329475261175
2007-03-16,0.958693104007414
2007-03-19,0.971137848343329
2007-03-20,0.975272602280306
2007-03-21,0.9901869849333567
2007-03-22,0.9880162415198
2007-03-23,0.9818016734302984
2007-03-26,0.9797414503155362
2007-03-27,0.9741180863545907
2007-03-28,0.9623648452612381
2007-03-29,0.9661058030659259
2007-03-30,0.9636726595905671
2007-04-02,0.9717293299605397
2007-04-03,0.9810967962025332
2007-04-04,0.9802665756747616
2007-04-05,0.9858494643236231
2007-04-09,0.9937523408892373
2007-04-10,0.995162910320721
2007-04-11,0.9907519440711803
2007-04-12,0.9951092967050563
2007-04-13,1.0000927849173769
2007-04-16,1.0098024601501039
2007-04-17,1.0074480181420968
2007-04-18,1.0014075455893205
2007-04-19,0.9989090978643226
2007-04-20,1.0110761165760442
2007-04-23,1.019280688422652
2007-04-24,1.013097892376115
2007-04-25,1.0231728841532952
2007-04-26,1.020438495606851
2007-04-27,1.0116142639236037
2007-04-30,0.997786150792817
2007-05-01,0.9930735297047423
2007-05-02,0.9986032362192135
2007-05-03,1.0143756434627968
2007-05-04,1.0145562053100114
2007-05-07,1.0197616734928756
2007-05-08,1.0166550023960386
2007-05-09,1.0161188495495819
2007-05-10,0.9966259813948621
2007-05-11,1.0070645235433395
2007-05-14,1.0018741376506681
2007-05-15,0.9990603666213425
2007-05-16,1.0068930609189446
2007-05-17,0.9984598280083822
2007-05-18,1.0073384325807044
2007-05-21,1.0154779471701287
2007-05-22,1.0169660533434832
2007-05-23,1.0108466219886596
2007-05-24,0.9896975342536963
2007-05-25,0.9951890457096559
2007-05-29,1.0000800386375484
2007-05-30,1.0136996709405337
2007-05-31,1.0119458196573883
2007-06-01,1.0173548492470108
2007-06-04,1.0207334935289833
2007-06-05,1.016092832178406
2007-06-06,0.9991097343592343
2007-06-07,0.9752899912956529
2007-06-08,0.9935248830841932
2007-06-11,0.9972374233764711
2007-06-12,0.9881441367037985
2007-06-13,1.003816753561332
2007-06-14,1.0152795291721324
2007-06-15,1.0236686927373326
2007-06-18,1.0237065220135058
2007-06-19,1.0255616458328796
2007-06-20,1.0140920394340687
2007-06-21,1.0249177370947313
2007-06-22,1.0088918726606388
2007-06-25,1.0001436159733617
2007-06-26,0.9941000750048758
2007-06-27,1.0066466154227947
2007-06-28,1.0131223954970177
2007-06-29,1.0084109885198365
2007-07-02,1.0207851707816384
2007-07-03,1.0209789684935948
2007-07-05,1.0195057050880114
2007-07-06,1.0251218852723551
2007-07-09,1.042538303477194
2007-07-10,1.0265395967583737
2007-07-11,1.037487188529741
2007-07-12,1.0537868951373808
2007-07-13,1.0738455645756255
2007-07-16,1.0679473212231791
2007-07-17,1.0688129766488774
2007-07-18,1.060578771768356
2007-07-19,1.0668072417760626
2007-07-20,1.0492069763946084
2007-07-23,1.0483370651590307
2007-07-24,1.0128360603662359
2007-07-25,1.0078161116878097
2007-07-26,0.9823369801909039
2007-07-27,0.9749087314279217
2007-07-30,1.0042643182582882
2007-07-31,0.9974425522888591
2007-08-01,1.0011041722140779
2007-08-02,1.0149238524612303
2007-08-03,0.9768434935705418
2007-08-06,0.987960657748634
2007-08-07,1.0123916718303927
2007-08-08,1.0284028552574727
2007-08-09,0.9783673923508114
2007-08-10,0.9834793074676724
2007-08-13,0.9971495905737945
2007-08-14,0.9703555750212669
2007-08-15,0.9347477151894389
2007-08-16,0.9228052769804119
2007-08-17,0.9486400816537007
2007-08-20,0.9664035650448958
2007-08-21,0.9761200338945059
2007-08-22,1.0037156851035218
2007-08-23,0.9921583579967345
2007-08-24,1.019359685264486
2007-08-27,1.0080047066078237
2007-08-28,0.9664593508752441
2007-08-29,0.9965209075849167
2007-08-30,0.9980264630326137
2007-08-31,1.0244777189895986
2007-09-04,1.0464647816628332
2007-09-05,1.0468437361509213
2007-09-06,1.0548254785710538
2007-09-07,1.0420091727994103
2007-09-10,1.0352738973096602
2007-09-11,1.0537818297321822
2007-09-12,1.0489080083856592
2007-09-13,1.0600516492438057
2007-09-14,1.0606580907498473
2007-09-17,1.0664243685965735
2007-09-18,1.1206976515713767
2007-09-19,1.1313050558029916
2007-09-20,1.1347114916786418
2007-09-21,1.1461052323021816
2007-09-24,1.1424672501550537
2007-09-25,1.1549834058945316
2007-09-26,1.1557755066609325
2007-09-27,1.1642258807506882
2007-09-28,1.151535997549291
2007-10-01,1.1588337514696763
2007-10-02,1.1568518256110079
2007-10-03,1.1291477399238161
2007-10-04,1.1365077073773284
2007-10-05,1.1613289084100977
2007-10-08,1.1691344957661598
2007-10-09,1.1922064979545999
2007-10-10,1.1962638627457847
2007-10-11,1.1785327659598006
2007-10-12,1.2031564939273125
2007-10-15,1.2064165359174257
2007-10-16,1.2030370793619118
2007-10-17,1.2024357626322175
2007-10-18,1.2147705799809012
2007-10-19,1.1757411213794062
2007-10-22,1.188227448677482
2007-10-23,1.2271027762706883
2007-10-24,1.2314618914171855
2007-10-25,1.2335002935631336
2007-10-26,1.2536395117874986
2007-10-29,1.2707735709312642
2007-10-30,1.2484167801617827
2007-10-31,1.236578691566189
2007-11-01,1.1946743872116545
2007-11-02,1.1912114526492292
2007-11-05,1.1768217902512692
2007-11-06,1.2160028780149996
2007-11-07,1.1994215851128383
2007-11-08,1.2183678597516974
2007-11-09,1.1893451100725285
2007-11-12,1.111271429222024
2007-11-13,1.1701756660458953
2007-11-14,1.1623297891259021
2007-11-15,1.141621479487022
2007-11-16,1.1665995585694202
2007-11-19,1.131115903283302
2007-11-20,1.1508955586735776
2007-11-21,1.1385121653678723
2007-11-23,1.1581712181450852
2007-11-26,1.148287499484584
2007-11-27,1.162170745653946
2007-11-28,1.2167553738560062
2007-11-29,1.2254010602025909
2007-11-30,1.2321681060822207
2007-12-03,1.230375573640369
2007-12-04,1.2187898269190267
2007-12-05,1.2503126806037335
2007-12-06,1.2750442299728506
2007-12-07,1.2866969150016032
2007-12-10,1.3066942996894815
2007-12-11,1.264252204152564
2007-12-12,1.2692199416752803
2007-12-13,1.281579917116383
2007-12-14,1.2703355116535908
2007-12-17,1.2476652954844134
2007-12-18,1.2482545063808366
2007-12-19,1.2535181824730772
2007-12-20,1.2929190963400563
2007-12-21,1.3181658609842675
2007-12-24,1.3423711006342716
2007-12-26,1.3542075833246188
2007-12-27,1.3402742894564492
2007-12-28,1.3352993182850872
2007-12-31,1.3216654404216628
2008-01-02,1.3113662476974348
2008-01-03,1.3186235741736543
2008-01-04,1.2762802762548309
2008-01-07,1.2649306006200252
2008-01-08,1.246772788418053
2008-01-09,1.2557810850337525
2008-01-10,1.2657316690400047
2008-01-11,1.25648944608998
2008-01-14,1.2875119798653647
2008-01-15,1.2464313293428941
2008-01-16,1.2114351603950941
2008-01-17,1.1711534190368316
2008-01-18,1.1686501790041164
2008-01-22,1.1770210008585171
2008-01-23,1.1846459418941229
2008-01-24,1.2081111358567178
2008-01-25,1.2035119413055584
2008-01-28,1.216152395192741
2008-01-29,1.2124170622383708
2008-01-30,1.198656665465764
2008-01-31,1.2192697124057097
2008-02-01,1.2487369365525385
2008-02-04,1.2475742769723912
2008-02-05,1.2386184946774967
2008-02-06,1.2370105168840793
2008-02-07,1.2375024550425695
2008-02-08,1.2392386954284131
2008-02-11,1.240445399420902
2008-02-12,1.2419822802299982
2008-02-13,1.2435402234163522
2008-02-14,1.243173719499592
2008-02-15,1.2434117442278498
2008-02-19,1.2455480517742896
2008-02-20,1.2445784266484763
2008-02-21,1.242878316444114
2008-02-22,1.2419301176811945
2008-02-25,1.2463073218651377
2008-02-26,1.2465112597947747
2008-02-27,1.2448165074449253
2008-02-28,1.2464091377135178
2008-02-29,1.2417176968731825
2008-03-03,1.2420217637751998
2008-03-04,1.2399258214949227
2008-03-05,1.2432385498965524
2008-03-06,1.2410368134308432
2008-03-07,1.236869281645429
2008-03-10,1.230925956380433
2008-03-11,1.2413416647347744
2008-03-12,1.2402180052807865
2008-03-13,1.2454057076746539
2008-03-14,1.2424188334501134
2008-03-17,1.2354456191453467
2008-03-18,1.2432849708295435
2008-03-19,1.2303832123575191
2008-03-20,1.2284082358621282
2008-03-24,1.2321124596657547
2008-03-25,1.237146332652345
2008-03-26,1.2413294114598794
2008-03-27,1.2386578411839033
2008-03-28,1.2386540753037594
2008-03-31,1.237316228455579
2008-04-01,1.239690428739275
2008-04-02,1.2398677741372732
2008-04-03,1.240840898096751
2008-04-04,1.2435159730836696
2008-04-07,1.2447833939535067
2008-04-08,1.2469325355146732
2008-04-09,1.2464069455619322
2008-04-10,1.2477091715928492
2008-04-11,1.2452207146649543
2008-04-14,1.2489271825098924
2008-04-15,1.2508724352546932
2008-04-16,1.2553419043693148
2008-04-17,1.2538567646881655
2008-04-18,1.2566833578062875
2008-04-21,1.2576991932998693
2008-04-22,1.2569386448909297
2008-04-23,1.2557395050796385
2008-04-24,1.2523360712546816
2008-04-25,1.2564372146362242
2008-04-28,1.254732944303378
2008-04-29,1.2522528020962087
2008-04-30,1.2519260839988329
2008-05-01,1.2494194766901439
2008-05-02,1.252232385619584
2008-05-05,1.2546436355600157
2008-05-06,1.2617413861995017
2008-05-07,1.2525437858177373
2008-05-08,1.2571049337554758
2008-05-09,1.2538802562656832
2008-05-12,1.257259257625989
2008-05-13,1.2603686867266974
2008-05-14,1.2595635645314094
2008-05-15,1.2654970301947188
2008-05-16,1.2696820456110811
2008-05-19,1.2675340276721034
2008-05-20,1.2678486922548133
2008-05-21,1.2585108725515193
2008-05-22,1.2575822327224744
2008-05-23,1.250837270651231
2008-05-27,1.2491234177484611
2008-05-28,1.255725760359645
2008-05-29,1.254182520380697
2008-05-30,1.2585586587146038
2008-06-02,1.2540601005848055
2008-06-03,1.2495110054433174
2008-06-04,1.2468647071350296
2008-06-05,1.275316536367213
2008-06-06,1.250236547819453
2008-06-09,1.253218113685368
2008-06-10,1.251251135510963
2008-06-11,1.229770722127354
2008-06-12,1.2345652784173393
2008-06-13,1.2471183594325266
2008-06-16,1.2520020417940299
2008-06-17,1.2436811874849911
2008-06-18,1.2407998194924634
2008-06-19,1.2519013740636096
2008-06-20,1.2392022279967096
2008-06-23,1.2346667937009155
2008-06-24,1.2303249989657428
2008-06-25,1.240790382198012
2008-06-26,1.2182189817853462
2008-06-27,1.2151856990442724
2008-06-30,1.2189795050127397
2008-07-01,1.2215836827456523
2008-07-02,1.2137107241133054
2008-07-03,1.2108414275525137
2008-07-07,1.210286130247894
2008-07-08,1.2119084994781846
2008-07-09,1.2106149469944907
2008-07-10,1.2144411717535357
2008-07-11,1.2161519848318667
2008-07-14,1.2172978111240549
2008-07-15,1.2149938011995762
2008-07-16,1.220001577066907
2008-07-17,1.2210771309638673
2008-07-18,1.2189881987476392
2008-07-21,1.221153480043655
2008-07-22,1.2223223885535865
2008-07-23,1.2146092260697008
2008-07-24,1.2112116319791175
2008-07-25,1.2141097513626213
2008-07-28,1.2114672985460095
2008-07-29,1.2144896137291172
2008-07-30,1.2188136529186082
2008-07-31,1.215479899060004
2008-08-01,1.214231793370776
2008-08-04,1.2091346425603549
2008-08-05,1.2134572662329906
2008-08-06,1.2151804246954672
2008-08-07,1.2103589356742455
2008-08-08,1.213722240505694
2008-08-11,1.2136049341614714
2008-08-12,1.2123134170413707
2008-08-13,1.2143637420006934
2008-08-14,1.216618010816367
2008-08-15,1.2150194802599492
2008-08-18,1.2135157711927127
2008-08-19,1.21263081279863
2008-08-20,1.2109766693633544
2008-08-21,1.2102890725084612
2008-08-22,1.2125324578309105
2008-08-25,1.2089515888665052
2008-08-26,1.209003374662532
2008-08-27,1.210543134939461
2008-08-28,1.2132132417661987
2008-08-29,1.2111185088838992
2008-09-02,1.207096859874472
2008-09-03,1.2070243768618971
2008-09-04,1.1989701663557293
2008-09-05,1.198259790909162
2008-09-08,1.2021804166919683
2008-09-09,1.195895552644583
2008-09-10,1.197977755873539
2008-09-11,1.1992988851055764
2008-09-12,1.1982985385162779
2008-09-15,1.1935832318672794
2008-09-16,1.1970560407477442
2008-09-17,1.1871380929029811
2008-09-18,1.1883592141276131
2008-09-19,1.1940255710555003
2008-09-22,1.1886929030881364
2008-09-23,1.187359506630043
2008-09-24,1.1837376984797081
2008-09-25,1.186414589328557
2008-09-26,1.1886085005821856
2008-09-29,1.1804448183204697
2008-09-30,1.1860687879066405
2008-10-01,1.183653811310735
2008-10-02,1.1772749104544633
2008-10-03,1.1733233146805633
2008-10-06,1.1672519594748154
2008-10-07,1.1606240018362424
2008-10-08,1.1589400357675557
2008-10-09,1.1448180748401708
2008-10-10,1.1459291148539297
2008-10-13,1.1602706427571228
2008-10-14,1.160213520869562
2008-10-15,1.1505523757299314
2008-10-16,1.1586155891343317
2008-10-17,1.1555052237344003
2008-10-20,1.1607861658128045
2008-10-21,1.1587582547091015
2008-10-22,1.1536453929656845
2008-10-23,1.1527953035963598
2008-10-24,1.148667537834611
2008-10-27,1.1459578772704884
2008-10-28,1.1550602220339987
2008-10-29,1.1541227838414938
2008-10-30,1.1564495587217831
2008-10-31,1.1603923082970296
2008-11-03,1.1611946098362529
2008-11-04,1.1627537390117897
2008-11-05,1.1589677461084373
2008-11-06,1.1569766878302823
2008-11-07,1.1574401613789123
2008-11-10,1.1553211738480327
2008-11-11,1.1550335970796721
2008-11-12,1.1515714430031665
2008-11-13,1.155081021090256
2008-11-14,1.1532650196796013
2008-11-17,1.1521854376998357
2008-11-18,1.152359524736946
2008-11-19,1.1492057441607262
2008-11-20,1.1469347925423548
2008-11-21,1.148572342505982
2008-11-24,1.1494444570101794
2008-11-25,1.1499317104802622
2008-11-26,1.1503865944996696
2008-11-28,1.1507452353565542
2008-12-01,1.1486667384032518
2008-12-02,1.1496358996119045
2008-12-03,1.1505673130339955
2008-12-04,1.1485270802255234
2008-12-05,1.150751720155105
2008-12-08,1.1516509239481962
2008-12-09,1.1494833796698647
2008-12-10,1.1500191694362323
2008-12-11,1.1485678424627916
2008-12-12,1.1500763412207162
2008-12-15,1.150191753251244
2008-12-16,1.1528683486946034
2008-12-17,1.152359375658538
2008-12-18,1.1522920333411952
2008-12-19,1.1504779710725015
2008-12-22,1.1503644771496233
2008-12-23,1.14987223812236
2008-12-24,1.1501508167717742
2008-12-26,1.1502543950003843
2008-12-29,1.149563295457938
2008-12-30,1.1505573245791496
2008-12-31,1.1518474587799676
2009-01-02,1.1527409534386546
2009-01-05,1.1514788117343602
2009-01-06,1.1505506953303313
2009-01-07,1.1498449922444907
2009-01-08,1.1508086803689623
2009-01-09,1.1495078313650418
2009-01-12,1.1484113880976117
2009-01-13,1.14871268308165
2009-01-14,1.1464909233195153
2009-01-15,1.1477332292705626
2009-01-16,1.1485962661438454
2009-01-20,1.1470051402040653
2009-01-21,1.148338120176642
2009-01-22,1.146616801614106
2009-01-23,1.145825408276554
2009-01-26,1.1454831019837222
2009-01-27,1.1446515040153282
2009-01-28,1.1457911854735259
2009-01-29,1.1446930054220008
2009-01-30,1.143811822109323
2009-02-02,1.1443723336856035
2009-02-03,1.1454849677217305
2009-02-04,1.1448259447755462
2009-02-05,1.143796779902987
2009-02-06,1.1452352482443047
2009-02-09,1.1444535179803275
2009-02-10,1.1424373734861417
2009-02-11,1.143008630407664
2009-02-12,1.1439793219164187
2009-02-13,1.1435287705992678
2009-02-17,1.1417278855117672
2009-02-18,1.1411038450574056
2009-02-19,1.1420228802925876
2009-02-20,1.1420129160730799
2009-02-23,1.1398983239972837
2009-02-24,1.141304997253848
2009-02-25,1.1407624405852907
2009-02-26,1.1393716042143431
2009-02-27,1.13887012714281
2009-03-02,1.1363836296080172
2009-03-03,1.1377573301760306
2009-03-04,1.138585177805785
2009-03-05,1.1375053418285608
2009-03-06,1.1360240179953813
2009-03-09,1.1354418312825767
2009-03-10,1.1369134939017216
2009-03-11,1.136275291241563
2009-03-12,1.138097093319812
2009-03-13,1.1392285901753263
2009-03-16,1.1386742662736224
2009-03-17,1.1395429148488199
2009-03-18,1.1410657089164036
2009-03-19,1.1417115494340708
2009-03-20,1.1412456747842226
2009-03-23,1.1426640947942788
2009-03-24,1.142360096228198
2009-03-25,1.1430192470630458
2009-03-26,1.1441558357086332
2009-03-27,1.1428358893243096
2009-03-30,1.142326715252834
2009-03-31,1.143020220351689
2009-04-01,1.1435933377229874
2009-04-02,1.1487282365394498
2009-04-03,1.148835165105701
2009-04-06,1.147763675426617
2009-04-07,1.1427745515181373
2009-04-08,1.1455864036667356
2009-04-09,1.1525194477958922
2009-04-13,1.1517044510791314
2009-04-14,1.1481643093286997
2009-04-15,1.149891743554985
2009-04-16,1.155257721372619
2009-04-17,1.1578296173774325
2009-04-20,1.1523916122068492
2009-04-21,1.1558141994085211
2009-04-22,1.1545099235082548
2009-04-23,1.1550376189702267
2009-04-24,1.154819620859261
2009-04-27,1.154802493813624
2009-04-28,1.1538627251011255
2009-04-29,1.157567404210362
2009-04-30,1.1586798131364922
2009-05-01,1.1587276146501997
2009-05-04,1.186337445521986
2009-05-05,1.1813185108806479
2009-05-06,1.169490197662825
2009-05-07,1.1417103275605154
2009-05-08,1.1527399346901461
2009-05-11,1.1328047965344266
2009-05-12,1.1145862167002358
2009-05-13,1.0840935979479804
2009-05-14,1.0998596208913665
2009-05-15,1.1006369345601763
2009-05-18,1.1301024430332631
2009-05-19,1.1336265591511374
2009-05-20,1.1326519850454118
2009-05-21,1.116422463207042
2009-05-22,1.1098431259730785
2009-05-26,1.1320456243848374
2009-05-27,1.1204553786394809
2009-05-28,1.1227992244839164
2009-05-29,1.1323915437214804
2009-06-01,1.153752605950881
2009-06-02,1.137791229698996
2009-06-03,1.0931251150177586
2009-06-04,1.1281389269230648
2009-06-05,1.1168830057375823
2009-06-08,1.112054462596907
2009-06-09,1.1377768707273044
2009-06-10,1.1491445822844146
2009-06-11,1.143282027792445
2009-06-12,1.149624078287098
2009-06-15,1.1151917812115266
2009-06-16,1.098356295112314
2009-06-17,1.094044366151993
2009-06-18,1.1171600866675266
2009-06-19,1.1364655958408723
2009-06-22,1.0648511710637625
2009-06-23,1.079894760423119
2009-06-24,1.092441946775271
2009-06-25,1.0916994066651415
2009-06-26,1.106503628890242
2009-06-29,1.1098591876039496
2009-06-30,1.1056760212620733
2009-07-01,1.1176477744517241
2009-07-02,1.0793626868644046
2009-07-06,1.0656124682162547
2009-07-07,1.0213697097966072
2009-07-08,1.0229099688828587
2009-07-09,1.038909005606417
2009-07-10,1.0470754019568547
2009-07-13,1.0877891820398895
2009-07-14,1.1063932673472747
2009-07-15,1.1561856879149452
2009-07-16,1.1735239474998342
2009-07-17,1.1774497267308217
2009-07-20,1.1970843150650319
2009-07-21,1.2061608514720927
2009-07-22,1.2161759740987854
2009-07-23,1.2436945960269332
2009-07-24,1.2505434534516289
2009-07-27,1.2705997051469449
2009-07-28,1.2679317664798266
2009-07-29,1.2410713135266298
2009-07-30,1.273328461368974
2009-07-31,1.2877790606881885
2009-08-03,1.3289984524307235
2009-08-04,1.3403363573961404
2009-08-05,1.3495089205484738
2009-08-06,1.3234462751345812
2009-08-07,1.3474987368718914
2009-08-10,1.3558567483408308
2009-08-11,1.3397328254431984
2009-08-12,1.3601729106671978
2009-08-13,1.3828762641837964
2009-08-14,1.3661500002815936
2009-08-17,1.3284971987369114
2009-08-18,1.3506338099067514
2009-08-19,1.3585988637843789
2009-08-20,1.3892116391625386
2009-08-21,1.4200109834578112
2009-08-24,1.4035883286094526
2009-08-25,1.4152026866349983
2009-08-26,1.4116177844865312
2009-08-27,1.4300326144769202
2009-08-28,1.4438820285604408
2009-08-31,1.4243858184033877
2009-09-01,1.3718316060493814
2009-09-02,1.359825489278662
2009-09-03,1.3871281900714534
2009-09-04,1.4116605935501578
2009-09-08,1.439028678419166
2009-09-09,1.4568280750574538
2009-09-10,1.4723564847026263
2009-09-11,1.4630964197641476
2009-09-14,1.4879937318409522
2009-09-15,1.505369996080889
2009-09-16,1.5383193516751612
2009-09-17,1.5179367200776088
2009-09-18,1.5157171010593582
2009-09-21,1.5094243564888337
2009-09-22,1.5270797247242105
2009-09-23,1.4994759775836013
2009-09-24,1.457388299295249
2009-09-25,1.4396786960269912
2009-09-28,1.492293077389971
2009-09-29,1.4871311738900084
2009-09-30,1.475341682792176
2009-10-01,1.4074106068989827
2009-10-02,1.4224559427096002
2009-10-05,1.4592264594520548
2009-10-06,1.488685945772633
2009-10-07,1.4896919936952235
2009-10-08,1.5108629610147053
2009-10-09,1.5131985837688617
2009-10-12,1.5057594287153497
2009-10-13,1.4875497309588344
2009-10-14,1.5262015679728052
2009-10-15,1.5194964020165707
2009-10-16,1.4894594874427718
2009-10-19,1.4920789925059552
2009-10-20,1.4848711740617024
2009-10-21,1.4481593010594147
2009-10-22,1.5137667921486675
2009-10-23,1.4755392093883555
2009-10-26,1.4328146601736174
2009-10-27,1.390926123227048
2009-10-28,1.343959028645515
2009-10-29,1.4172424247495934
2009-10-30,1.3772337465598512
2009-11-02,1.3771284520527565
2009-11-03,1.3898955876023917
2009-11-04,1.3930523716854848
2009-11-05,1.4304504793951835
2009-11-06,1.428394493065025
2009-11-09,1.4618729192661106
2009-11-10,1.4605390184528326
2009-11-11,1.4626816199471433
2009-11-12,1.4436559818923926
2009-11-13,1.457042530094416
2009-11-16,1.4817519920160043
2009-11-17,1.473678693332456
2009-11-18,1.466087577158838
2009-11-19,1.4356702227908573
2009-11-20,1.433374907178587
2009-11-23,1.4550175465034718
2009-11-24,1.446990081948405
2009-11-25,1.4465995207854616
2009-11-27,1.4223951635583922
2009-11-30,1.4295503736334139
2009-12-01,1.4489777808938178
2009-12-02,1.4608127140344527
2009-12-03,1.4464330229941518
2009-12-04,1.454988057058509
2009-12-07,1.4486554150300988
2009-12-08,1.4447739386552194
2009-12-09,1.446195841099338
2009-12-10,1.4439924088882308
2009-12-11,1.446416191964323
2009-12-14,1.4581127843204147
2009-12-15,1.4476843850064145
2009-12-16,1.4490933263409447
2009-12-17,1.4380914645871967
2009-12-18,1.4485932041236615
2009-12-21,1.4799965788559657
2009-12-22,1.4998103231868232
2009-12-23,1.525655276725174
2009-12-24,1.5354442299535385
2009-12-28,1.5359937925807452
2009-12-29,1.5317042786676742
2009-12-30,1.5280532396284108
2009-12-31,1.5157598807446624
2010-01-04,1.533406367108445
2010-01-05,1.5635099667803627
2010-01-06,1.5620789176719045
2010-01-07,1.5506644917834047
2010-01-08,1.5568353419689094
2010-01-11,1.5328272203303444
2010-01-12,1.49466029461458
2010-01-13,1.523366998332896
2010-01-14,1.5067072048479417
2010-01-15,1.4798279360787165
2010-01-19,1.4989063124295152
2010-01-20,1.4809106932235794
2010-01-21,1.465273947692347
2010-01-22,1.4163943955805274
2010-01-25,1.4115654321785607
2010-01-26,1.4141208715345146
2010-01-27,1.421233741627568
2010-01-28,1.4028991992144664
2010-01-29,1.3868838069004172
2010-02-01,1.4095929765020614
2010-02-02,1.4475428034799813
2010-02-03,1.4351660295863582
2010-02-04,1.3609576624626822
2010-02-05,1.3641907768561228
2010-02-08,1.3578277878177054
2010-02-09,1.4151590941186567
2010-02-10,1.4058216321448211
2010-02-11,1.429420959412052
2010-02-12,1.4434178183438062
2010-02-16,1.4572553451591492
2010-02-17,1.4603547088133102
2010-02-18,1.4521845032249647
2010-02-19,1.463428009322008
2010-02-22,1.4677659077973335
2010-02-23,1.4589622700183855
2010-02-24,1.478433989789884
2010-02-25,1.4797275025624244
2010-02-26,1.5044018132566555
2010-03-01,1.54581171048992
2010-03-02,1.5479058615348766
2010-03-03,1.5674243977694933
2010-03-04,1.5561127188745942
2010-03-05,1.581914128046945
2010-03-08,1.5834037837918202
2010-03-09,1.6019046226883227
2010-03-10,1.6117904191794226
2010-03-11,1.6237611592728942
2010-03-12,1.630653817821841
2010-03-15,1.6238399389040843
2010-03-16,1.6377891986948698
2010-03-17,1.6472915800440189
2010-03-18,1.6315625953857986
2010-03-19,1.5912269878548775
2010-03-22,1.6387398685315169
2010-03-23,1.6613557447532195
2010-03-24,1.6605378819977432
2010-03-25,1.6570311734632925
2010-03-26,1.6607781841206755
2010-03-29,1.675165303925614
2010-03-30,1.6707973188213017
2010-03-31,1.651794798953303
2010-04-01,1.6617052212102823
2010-04-05,1.686749781966369
2010-04-06,1.6841292985274687
2010-04-07,1.672549454119406
2010-04-08,1.6993890986941627
2010-04-09,1.7106373284207077
2010-04-12,1.7131852752574142
2010-04-13,1.7278976899889171
2010-04-14,1.7636383650357654
2010-04-15,1.7707422167767546
2010-04-16,1.736109672848282
2010-04-19,1.720073116697684
2010-04-20,1.7501261274775601
2010-04-21,1.7415545969703439
2010-04-22,1.7567141589678654
2010-04-23,1.7901334009835599
2010-04-26,1.8035915587275577
2010-04-27,1.726665712263079
2010-04-28,1.7314427896237385
2010-04-29,1.7573860265565309
2010-04-30,1.7198746580897462
2010-05-03,1.7551266084177555
2010-05-04,1.6638261919460933
2010-05-05,1.6468661454666862
2010-05-06,1.5692940369328714
2010-05-07,1.528200213026327
2010-05-10,1.6397035087682892
2010-05-11,1.6411276553860785
2010-05-12,1.6924209279225002
2010-05-13,1.6698044972108268
2010-05-14,1.6175823113457004
2010-05-17,1.624832806041108
2010-05-18,1.5958980519947141
2010-05-19,1.5730864825521924
2010-05-20,1.4849564700595101
2010-05-21,1.5330805935034832
2010-05-24,1.5098210680613133
2010-05-25,1.5190875442569465
2010-05-26,1.5168300590884694
2010-05-27,1.5918113346159606
2010-05-28,1.5692410964291266
2010-06-01,1.5321424286647678
2010-06-02,1.551623289493325
2010-06-03,1.5605489130382977
2010-06-04,1.5218943497517317
2010-06-07,1.5030935703998587
2010-06-08,1.508961676560607
2010-06-09,1.517662912781506
2010-06-10,1.545370649938592
2010-06-11,1.5606127493157969
2010-06-14,1.5659666522140252
2010-06-15,1.5898026373533634
2010-06-16,1.5900959335229083
2010-06-17,1.587559048857745
2010-06-18,1.5871188354756762
2010-06-21,1.579529392998913
2010-06-22,1.5549007017954486
2010-06-23,1.5574021588360722
2010-06-24,1.5375548006481399
2010-06-25,1.5497761883744414
2010-06-28,1.5418594578923517
2010-06-29,1.4983688978572973
2010-06-30,1.4889770999417073
2010-07-01,1.4807808036148886
2010-07-02,1.4801332989334326
2010-07-06,1.48039435567982
2010-07-07,1.4825653147261808
2010-07-08,1.4825720765159667
2010-07-09,1.4832658187104097
2010-07-12,1.4831232723617738
2010-07-13,1.4841850918841513
2010-07-14,1.4844461438295926
2010-07-15,1.484288877947176
2010-07-16,1.4822386980523834
2010-07-19,1.482290848928228
2010-07-20,1.4831413877639936
2010-07-21,1.4817727314785787
2010-07-22,1.4837520236794841
2010-07-23,1.4855197973243994
2010-07-26,1.4868640877330392
2010-07-27,1.485283245796495
2010-07-28,1.4844530956606858
2010-07-29,1.4826993297470492
2010-07-30,1.4832136582196849
2010-08-02,1.4829974453590284
2010-08-03,1.4769722203456133
2010-08-04,1.486194012937341
2010-08-05,1.4936834935881333
2010-08-06,1.4889750621053714
2010-08-09,1.5000998337427673
2010-08-10,1.4857827884928492
2010-08-11,1.4599122617366052
2010-08-12,1.4477090427247516
2010-08-13,1.4480722076457375
2010-08-16,1.453846986430041
2010-08-17,1.4728367855625824
2010-08-18,1.4808543213725793
2010-08-19,1.4730978485378028
2010-08-20,1.493095322766231
2010-08-23,1.4839263067648931
2010-08-24,1.4661031580207609
2010-08-25,1.4653472391389966
2010-08-26,1.4653247024884937
2010-08-27,1.487759120063213
2010-08-30,1.471206935306943
2010-08-31,1.473056517402927
2010-09-01,1.508271367875857
2010-09-02,1.5109445448613004
2010-09-03,1.5131343586439334
2010-09-07,1.5127257688543878
2010-09-08,1.5158658341347875
2010-09-09,1.5148627133939891
2010-09-10,1.5145422124306192
2010-09-13,1.5179442182158827
2010-09-14,1.517752681625583
2010-09-15,1.5183151657724365
2010-09-16,1.5186476061003067
2010-09-17,1.5189272954714823
2010-09-20,1.522773376866369
2010-09-21,1.5209926836367962
2010-09-22,1.5207803434802578
2010-09-23,1.5189221634943961
2010-09-24,1.5229284117439401
2010-09-27,1.5241517082135418
2010-09-28,1.5251838440423813
2010-09-29,1.524227906157221
2010-09-30,1.522720642794357
2010-10-01,1.5208294058433007
2010-10-04,1.5087981304266214
2010-10-05,1.5446165824120344
2010-10-06,1.4890595856769806
2010-10-07,1.4931727140750457
2010-10-08,1.5040612724317786
2010-10-11,1.4915225226535933
2010-10-12,1.5241325927571818
2010-10-13,1.5359953176358705
2010-10-14,1.539010996268654
2010-10-15,1.5446784596215444
2010-10-18,1.5337222363905125
2010-10-19,1.4997528871871437
2010-10-20,1.5340565414450777
2010-10-21,1.543104025085542
2010-10-22,1.5761220090477315
2010-10-25,1.6024306834731465
2010-10-26,1.604094673345971
2010-10-27,1.6412010086178508
2010-10-28,1.65131263722111
2010-10-29,1.6658739374050795
2010-11-01,1.6615674289571887
2010-11-02,1.6838222077644283
2010-11-03,1.6993632396203775
2010-11-04,1.7209890936430325
2010-11-05,1.7298232579242432
2010-11-08,1.7393965776625175
2010-11-09,1.7339835831082218
2010-11-10,1.733206786127272
2010-11-11,1.7373339104894148
2010-11-12,1.7022684670576473
2010-11-15,1.6744101242454887
2010-11-16,1.6405871527509386
2010-11-17,1.6464390069458126
2010-11-18,1.6869790741174413
2010-11-19,1.7024295614365894
2010-11-22,1.7305609580548569
2010-11-23,1.7035106319369038
2010-11-24,1.7449375770211555
2010-11-26,1.7396386086362838
2010-11-29,1.733886442865944
2010-11-30,1.7153799304556936
2010-12-01,1.7540646091318632
2010-12-02,1.7556270295753822
2010-12-03,1.7694745054034378
2010-12-06,1.7692585357597097
2010-12-07,1.7598145445898756
2010-12-08,1.764599993219383
2010-12-09,1.7779564169438806
2010-12-10,1.7882008754512795
2010-12-13,1.7589760701415742
2010-12-14,1.7340952503171767
2010-12-15,1.7133761720981528
2010-12-16,1.748449398598974
2010-12-17,1.756581819995936
2010-12-20,1.7731793926949297
2010-12-21,1.798860542416628
2010-12-22,1.793558200495356
2010-12-23,1.7951050613943664
2010-12-27,1.7899832869647545
2010-12-28,1.7781674977672488
2010-12-29,1.7841245444052813
2010-12-30,1.7800417798369967
2010-12-31,1.7779614021284207
2011-01-03,1.8033861980021044
2011-01-04,1.7909386751316587
2011-01-05,1.8198594293767885
2011-01-06,1.8034456834613781
2011-01-07,1.8113016298395193
2011-01-10,1.8258603425500954
2011-01-11,1.8235852915978408
2011-01-12,1.857076429313286
2011-01-13,1.8550977337975814
2011-01-14,1.8849596492302094
2011-01-18,1.8781275301427898
2011-01-19,1.8283221087902195
2011-01-20,1.779497318755614
2011-01-21,1.7722491672176213
2011-01-24,1.7773733283377835
2011-01-25,1.7791470381817494
2011-01-26,1.8230553987267946
2011-01-27,1.8298954292926428
2011-01-28,1.7821691149883176
2011-01-31,1.7828381258602928
2011-02-01,1.8290050499094168
2011-02-02,1.8432954061073625
2011-02-03,1.8513177754561394
2011-02-04,1.908712550608498
2011-02-07,1.9238351334371877
2011-02-08,1.9342961911330872
2011-02-09,1.9249312253096773
2011-02-10,1.9451765154806253
2011-02-11,1.9559286226937758
2011-02-14,1.981985532920927
2011-02-15,1.9555207097550766
2011-02-16,1.9821391970151805
2011-02-17,1.9965036697263
2011-02-18,1.9882307205585907
2011-02-22,1.9153329841226394
2011-02-23,1.890493686396414
2011-02-24,1.8919823473482527
2011-02-25,1.9493603815062153
2011-02-28,1.9450296388362467
2011-03-01,1.892306218702708
2011-03-02,1.9186245763177894
2011-03-03,1.9708565064639196
2011-03-04,1.9670882001443912
2011-03-07,1.9114529868392538
2011-03-08,1.9173409667591175
2011-03-09,1.8800169574287091
2011-03-10,1.8343502647345826
2011-03-11,1.8644820168107163
2011-03-14,1.8638957282078155
2011-03-15,1.850569642309447
2011-03-16,1.8213211419536228
2011-03-17,1.830052351970973
2011-03-18,1.8092254688869869
2011-03-21,1.8630897329301626
2011-03-22,1.830130559290205
2011-03-23,1.8717064635556155
2011-03-24,1.9073688890287366
2011-03-25,1.9163707393445424
2011-03-28,1.9187502343067282
2011-03-29,1.9378468235778954
2011-03-30,1.952505010716401
2011-03-31,1.9440279370310922
2011-04-01,1.9343510909284642
2011-04-04,1.9368117745088247
2011-04-05,1.9402908902609108
2011-04-06,1.9397331794006942
2011-04-07,1.927072722483884
2011-04-08,1.9114149012609047
2011-04-11,1.88722894085264
2011-04-12,1.8673416201038147
2011-04-13,1.8883178376243046
2011-04-14,1.891096843373921
2011-04-15,1.90482857833759
2011-04-18,1.8776666409459557
2011-04-19,1.8929454115593731
2011-04-20,1.9333401466270765
2011-04-21,1.9558257044502887
2011-04-25,1.9476708324652925
2011-04-26,1.9680184461685943
2011-04-27,2.025570456846541
2011-04-28,2.022869458238484
2011-04-29,2.005882201193095
2011-05-02,1.9879435117016269
2011-05-03,1.9556786758822768
2011-05-04,1.9379267179566237
2011-05-05,1.9192001658115794
2011-05-06,1.9444150713934834
2011-05-09,1.9792565203076455
2011-05-10,1.9971976864591516
2011-05-11,1.9677851909427868
2011-05-12,1.9802804985574423
2011-05-13,1.9567069325819264
2011-05-16,1.9357744851989178
2011-05-17,1.932297632802054
2011-05-18,1.975738719343945
2011-05-19,1.97206960631487
2011-05-20,1.9719431446499254
2011-05-23,1.94647900702891
2011-05-24,1.9504586684032457
2011-05-25,1.9680080675547074
2011-05-26,1.9684632128774935
2011-05-27,1.9744516180703775
2011-05-31,1.9958494803180784
2011-06-01,1.941960079750234
2011-06-02,1.94226200994627
2011-06-03,1.927153807739069
2011-06-06,1.892885325579619
2011-06-07,1.9000451999753432
2011-06-08,1.887190027898646
2011-06-09,1.892307245696573
2011-06-10,1.9021673331175342
2011-06-13,1.9313057428781866
2011-06-14,1.9525101304810972
2011-06-15,1.9307612265884264
2011-06-16,1.9186871845073037
2011-06-17,1.9094580865262771
2011-06-20,1.9221639398581425
2011-06-21,1.947302207718767
2011-06-22,1.9478980177467216
2011-06-23,1.9449829084570307
2011-06-24,1.9477100355454644
2011-06-27,1.9576696540504561
2011-06-28,2.0068491950184235
2011-06-29,2.0101097553071794
2011-06-30,2.021609404022743
2011-07-01,2.047328579290411
2011-07-05,2.0602936155858016
2011-07-06,2.0640180724714043
2011-07-07,2.0675146527148485
2011-07-08,2.0641153324941235
2011-07-11,2.0133433142139454
2011-07-12,2.00698196687039
2011-07-13,2.016239776084919
2011-07-14,2.0051518121525524
2011-07-15,1.9975700387333417
2011-07-18,1.9825273327012878
2011-07-19,2.0398044613818964
2011-07-20,2.0032989215059125
2011-07-21,2.0011757832100816
2011-07-22,1.9938958020878539
2011-07-25,1.977189996633572
2011-07-26,1.96756681393643
2011-07-27,1.9078708778852544
2011-07-28,1.9102349020937317
2011-07-29,1.909778844617741
2011-08-01,1.8999186630502738
2011-08-02,1.554750069889454
2011-08-03,1.5636408332175438
2011-08-04,1.504674814061605
2011-08-05,1.5007734125942087
2011-08-08,1.4256383878003998
2011-08-09,1.4821249306238327
2011-08-10,1.4529724284529502
2011-08-11,1.499512257258012
2011-08-12,1.5178140713506647
2011-08-15,1.530706098041188
2011-08-16,1.5154134090836264
2011-08-17,1.503136642309071
2011-08-18,1.4566821961388414
2011-08-19,1.4463995536577559
2011-08-22,1.4447425251739492
2011-08-23,1.4869396378259918
2011-08-24,1.5019700277807329
2011-08-25,1.4832374600131477
2011-08-26,1.5083350721138948
2011-08-29,1.5401953187669544
2011-08-30,1.5430119518146164
2011-08-31,1.5387098226034581
2011-09-01,1.5275681839701465
2011-09-02,1.523899958263797
2011-09-06,1.5272950416910611
2011-09-07,1.530205177907279
2011-09-08,1.5303776240009457
2011-09-09,1.5238046525288145
2011-09-12,1.5245402108505728
2011-09-13,1.5272813055800423
2011-09-14,1.5303221422682407
2011-09-15,1.531692670838905
2011-09-16,1.535380373189251
2011-09-19,1.5375603490073053
2011-09-20,1.534662655886469
2011-09-21,1.5306747191353156
2011-09-22,1.5230741373120786
2011-09-23,1.5235309358219744
2011-09-26,1.5297138174922407
2011-09-27,1.529681400560416
2011-09-28,1.525201737165117
2011-09-29,1.5213931486358665
2011-09-30,1.5139790163877203
2011-10-03,1.5061709427572518
2011-10-04,1.5070352789236388
2011-10-05,1.5075268873725618
2011-10-06,1.50865517939136
2011-10-07,1.508643159723104
2011-10-10,1.5106553902349855
2011-10-11,1.5109287947741588
2011-10-12,1.510749652471891
2011-10-13,1.510790557188796
2011-10-14,1.511975277257242
2011-10-17,1.5115160207196154
2011-10-18,1.5123816235017193
2011-10-19,1.5120683675861835
2011-10-20,1.511884945875892
2011-10-21,1.5134719345796193
2011-10-24,1.5136842828054085
2011-10-25,1.512496549779968
2011-10-26,1.5122922468764655
2011-10-27,1.5134534988165076
2011-10-28,1.5129276654078248
2011-10-31,1.5128570033227902
2011-11-01,1.5107407261638632
2011-11-02,1.5216463172003836
2011-11-03,1.5362339351188747
2011-11-04,1.5370705190133502
2011-11-07,1.54212730884298
2011-11-08,1.5515147539174226
2011-11-09,1.5208905719258268
2011-11-10,1.527974119304859
2011-11-11,1.5481439370549226
2011-11-14,1.5407796061894279
2011-11-15,1.546487887004746
2011-11-16,1.5266991993648542
2011-11-17,1.5154203483827584
2011-11-18,1.5150494655334454
2011-11-21,1.5007675649325023
2011-11-22,1.499180947461475
2011-11-23,1.4800707048682196
2011-11-25,1.4789655036926448
2011-11-28,1.5003553341965867
2011-11-29,1.5085594065748191
2011-11-30,1.5425484880345386
2011-12-01,1.5429191183665738
2011-12-02,1.53853468684162
2011-12-05,1.5497129951209254
2011-12-06,1.549912156321392
2011-12-07,1.5432187091944252
2011-12-08,1.5274312807299408
2011-12-09,1.5472674478383803
2011-12-12,1.5342467172301903
2011-12-13,1.5168928382856932
2011-12-14,1.5024765798185777
2011-12-15,1.5026559959471049
2011-12-16,1.5118837846116393
2011-12-19,1.5009535690146911
2011-12-20,1.53297670828048
2011-12-21,1.5366231988293821
2011-12-22,1.53489047352817
2011-12-23,1.5439790407323184
2011-12-27,1.5446802968979192
2011-12-28,1.5328863537108124
2011-12-29,1.5360891566572343
2011-12-30,1.5279996331664982
2012-01-03,1.5325628989573217
2012-01-04,1.5374575395421073
2012-01-05,1.5424053764724934
2012-01-06,1.5409676312848608
2012-01-09,1.5426933593472918
2012-01-10,1.5610873544173638
2012-01-11,1.5673783132211592
2012-01-12,1.574599127774539
2012-01-13,1.5700707655680428
2012-01-17,1.5689389152406692
2012-01-18,1.5847671094333682
2012-01-19,1.5937421658789637
2012-01-20,1.5941376901371462
2012-01-23,1.5900905061254844
2012-01-24,1.5932274333576963
2012-01-25,1.5998159706049666
2012-01-26,1.6001851132130456
2012-01-27,1.6008862002929625
2012-01-30,1.600125861320159
2012-01-31,1.5949027345968625
2012-02-01,1.6199531149032593
2012-02-02,1.6208425619015585
2012-02-03,1.6501862456713667
2012-02-06,1.6520812328519194
2012-02-07,1.6534432685391065
2012-02-08,1.6679741327354667
2012-02-09,1.6644901116168462
2012-02-10,1.6575035345100824
2012-02-13,1.6884906260509625
2012-02-14,1.668782854379714
2012-02-15,1.6502031726557254
2012-02-16,1.664077693176623
2012-02-17,1.6715245898845115
2012-02-21,1.6674229193068502
2012-02-22,1.6782112792813744
2012-02-23,1.6929633042395318
2012-02-24,1.6982514810079268
2012-02-27,1.6999455955737723
2012-02-28,1.6985975220496239
2012-02-29,1.6885183499140992
2012-03-01,1.7017871745542343
2012-03-02,1.6855971108077716
2012-03-05,1.679766739924635
2012-03-06,1.627750852060701
2012-03-07,1.6621266059584279
2012-03-08,1.687910626433813
2012-03-09,1.696779111945906
2012-03-12,1.6937764539936826
2012-03-13,1.7248654849287295
2012-03-14,1.709216145350982
2012-03-15,1.7266288758823407
2012-03-16,1.7100212900913108
2012-03-19,1.7159097195595123
2012-03-20,1.7036723868478842
2012-03-21,1.7168854075797146
2012-03-22,1.7083886974534899
2012-03-23,1.709569738546473
2012-03-26,1.7236964675138906
2012-03-27,1.7173719414200808
2012-03-28,1.7181877988781973
2012-03-29,1.712114186195301
2012-03-30,1.7064059756384065
2012-04-02,1.726326048588616
2012-04-03,1.7312506114447566
2012-04-04,1.6961842949239252
2012-04-05,1.6437887528487534
2012-04-09,1.625131304749658
2012-04-10,1.5650771011978117
2012-04-11,1.6010266706023508
2012-04-12,1.6382427282604515
2012-04-13,1.6222726419329836
2012-04-16,1.6230190396624298
2012-04-17,1.6502795551508602
2012-04-18,1.6673438091569952
2012-04-19,1.6437073915224432
2012-04-20,1.6379712755178542
2012-04-23,1.622152940389872
2012-04-24,1.6270391106521558
2012-04-25,1.665940095760271
2012-04-26,1.7146920383163682
2012-04-27,1.7380530400111567
2012-04-30,1.723517491113106
2012-05-01,1.7254259869369455
2012-05-02,1.740630963920389
2012-05-03,1.7172572992258957
2012-05-04,1.6864537468161096
2012-05-07,1.6885059280076444
2012-05-08,1.6739391181382375
2012-05-09,1.673768214449333
2012-05-10,1.6794441056842542
2012-05-11,1.6772584700372042
2012-05-14,1.650998715089204
2012-05-15,1.650833813707629
2012-05-16,1.6379281428549368
2012-05-17,1.5776081384571328
2012-05-18,1.5468083473260668
2012-05-21,1.5863645329515417
2012-05-22,1.581143770993926
2012-05-23,1.5980650692338052
2012-05-24,1.6110272024867314
2012-05-25,1.611430285643459
2012-05-29,1.6328107227122928
2012-05-30,1.6054441302936828
2012-05-31,1.5973349034261173
2012-06-01,1.518365133346021
2012-06-04,1.5140462780076458
2012-06-05,1.5384454719051759
2012-06-06,1.5769890963982172
2012-06-07,1.5640126067047404
2012-06-08,1.5756782800299665
2012-06-11,1.5489361420505117
2012-06-12,1.564848216251051
2012-06-13,1.5300506170205663
2012-06-14,1.5510893298534616
2012-06-15,1.57129983531112
2012-06-18,1.5920966803592493
2012-06-19,1.5943234160827466
2012-06-20,1.5885356086586073
2012-06-21,1.5673362056097673
2012-06-22,1.5814577210808252
2012-06-25,1.561708860040886
2012-06-26,1.5825988832327564
2012-06-27,1.5823649839909537
2012-06-28,1.5535454226733099
2012-06-29,1.591739652924583
2012-07-02,1.6256966221184053
2012-07-03,1.624022616753434
2012-07-05,1.6239024434254685
2012-07-06,1.6131962155994333
2012-07-09,1.6094545837059238
2012-07-10,1.591687834326433
2012-07-11,1.576734753659038
2012-07-12,1.5773827260890785
2012-07-13,1.6011079281437801
2012-07-16,1.591127584320079
2012-07-17,1.6034249322146499
2012-07-18,1.6033390437428379
2012-07-19,1.5957882279449007
2012-07-20,1.5857885120336408
2012-07-23,1.5721968738217036
2012-07-24,1.5533038740843228
2012-07-25,1.5510493476904559
2012-07-26,1.59988219462591
2012-07-27,1.6537946178302854
2012-07-30,1.6521748944544232
2012-07-31,1.6351150023324388
2012-08-01,1.6193424403364234
2012-08-02,1.6129026424266002
2012-08-03,1.6339255709087521
2012-08-06,1.6338300916544737
2012-08-07,1.6220681045384695
2012-08-08,1.610240405121814
2012-08-09,1.604012077569129
2012-08-10,1.5989863318603892
2012-08-13,1.5926451804814838
2012-08-14,1.5928908323967048
2012-08-15,1.606979803128577
2012-08-16,1.6044566877231041
2012-08-17,1.6032561036328747
2012-08-20,1.6036697206525798
2012-08-21,1.6006045283534645
2012-08-22,1.597972239966378
2012-08-23,1.5928703014085808
2012-08-24,1.6094245709812218
2012-08-27,1.6026779753139375
2012-08-28,1.6080972678607497
2012-08-29,1.6116913452998038
2012-08-30,1.6004016723632395
2012-08-31,1.601700682457371
2012-09-04,1.6082465283106424
2012-09-05,1.6100488300659728
2012-09-06,1.6420300730989013
2012-09-07,1.6505387317160387
2012-09-10,1.6323042021446161
2012-09-11,1.6417500259184636
2012-09-12,1.664696442529809
2012-09-13,1.6918697976185137
2012-09-14,1.7121839361397542
2012-09-17,1.6958234487986614
2012-09-18,1.6806400081891941
2012-09-19,1.6933585960637239
2012-09-20,1.7022424514327583
2012-09-21,1.7021215780291163
2012-09-24,1.689174950363752
2012-09-25,1.6685990662540597
2012-09-26,1.6438835207221323
2012-09-27,1.6658755691312845
2012-09-28,1.6586875878078085
2012-10-01,1.6606193152036044
2012-10-02,1.7022712049872382
2012-10-03,1.7054365748099922
2012-10-04,1.7231670153921541
2012-10-05,1.7280114218230107
2012-10-08,1.7121982449655906
2012-10-09,1.683074604268833
2012-10-10,1.6667332988727628
2012-10-11,1.6679196848691002
2012-10-12,1.659004351845619
2012-10-15,1.6710384643872263
2012-10-16,1.6769001772217191
2012-10-17,1.7022279296244416
2012-10-18,1.6960659059452379
2012-10-19,1.6715541597843455
2012-10-22,1.6731874165225729
2012-10-23,1.6474057238983282
2012-10-24,1.6545575636530419
2012-10-25,1.6352660627597466
2012-10-26,1.6359749877045637
2012-10-31,1.6237972450299691
2012-11-01,1.6481453693528336
2012-11-02,1.624938058912989
2012-11-05,1.6391564480642542
2012-11-06,1.6473300000761855
2012-11-07,1.624526968086459
2012-11-08,1.6105789732702176
2012-11-09,1.6107010273098965
2012-11-12,1.6194093962484672
2012-11-13,1.61320875352866
2012-11-14,1.585110433829944
2012-11-15,1.5724895299262416
2012-11-16,1.5828713406527617
2012-11-19,1.6154720760050962
2012-11-20,1.6232690293964513
2012-11-21,1.6295289709944365
2012-11-23,1.64482657843993
2012-11-26,1.647460415699591
2012-11-27,1.6528936812403248
2012-11-28,1.6652088625613601
2012-11-29,1.6641104706441572
2012-11-30,1.6578625693898397
2012-12-03,1.6556455084883024
2012-12-04,1.6599820897579038
2012-12-05,1.6393427624730774
2012-12-06,1.6469657687550152
2012-12-07,1.66008999470826
2012-12-10,1.6533598416559994
2012-12-11,1.662677404332891
2012-12-12,1.6604990060530023
2012-12-13,1.6461654222159758
2012-12-14,1.643226108755838
2012-12-17,1.6613153972188257
2012-12-18,1.6993193579680834
2012-12-19,1.6924972413249824
2012-12-20,1.7057427452786933
2012-12-21,1.69596448199894
2012-12-24,1.6915345534186867
2012-12-26,1.6785116004169616
2012-12-27,1.6782528705070934
2012-12-28,1.667998068382953
2012-12-31,1.7105591759540888
2013-01-02,1.7469163831810943
2013-01-03,1.7598280932035182
2013-01-04,1.7693093203822925
2013-01-07,1.749838702777991
2013-01-08,1.746610435264836
2013-01-09,1.7671499277351193
2013-01-10,1.7707786786618418
2013-01-11,1.7677678859643533
2013-01-14,1.761514202816263
2013-01-15,1.7777621988675016
2013-01-16,1.7640483442916504
2013-01-17,1.7864424239852703
2013-01-18,1.791762763930524
2013-01-22,1.8120735044493992
2013-01-23,1.808951341479547
2013-01-24,1.8055880575120715
2013-01-25,1.8182461383167636
2013-01-28,1.8004497944116467
2013-01-29,1.7965779253929703
2013-01-30,1.7730341705759303
2013-01-31,1.786078181909136
2013-02-01,1.8034503447785484
2013-02-04,1.784494443053593
2013-02-05,1.8071686500473594
2013-02-06,1.8072611952387778
2013-02-07,1.808878471492566
2013-02-08,1.8299665392693845
2013-02-11,1.8245529541743752
2013-02-12,1.8313739210028297
2013-02-13,1.8535040421427091
2013-02-14,1.8499595358344945
2013-02-15,1.8510676759071574
2013-02-19,1.8716387831960195
2013-02-20,1.8280528783887648
2013-02-21,1.79301441596866
2013-02-22,1.813413783446064
2013-02-25,1.7854682859652715
2013-02-26,1.7983443286183878
2013-02-27,1.8319223793943191
2013-02-28,1.8446778369860535
2013-03-01,1.851466652278486
2013-03-04,1.8735123142871055
2013-03-05,1.8946619127934363
2013-03-06,1.8952025901647431
2013-03-07,1.89569742297865
2013-03-08,1.9017831333047244
2013-03-11,1.898118609154591
2013-03-12,1.9012263744727373
2013-03-13,1.9003203558489274
2013-03-14,1.908397087919737
2013-03-15,1.9111798727535578
2013-03-18,1.9067845533533774
2013-03-19,1.8994034990250293
2013-03-20,1.9170241514111628
2013-03-21,1.8957300605193708
2013-03-22,1.9035290280633776
2013-03-25,1.8931106943613776
2013-03-26,1.9090720823809992
2013-03-27,1.9084806335014375
2013-03-28,1.910497348237756
2013-04-01,1.9021564802155335
2013-04-02,1.8830319491516074
2013-04-03,1.8604267445004088
2013-04-04,1.8864936923287228
2013-04-05,1.8771201009891172
2013-04-08,1.8923203545195777
2013-04-09,1.8974786380614908
2013-04-10,1.9146154574698548
2013-04-11,1.9065158298695906
2013-04-12,1.9032660925442597
2013-04-15,1.860873211958933
2013-04-16,1.8960541146150958
2013-04-17,1.8702236492609825
2013-04-18,1.8582684308688233
2013-04-19,1.8744111497099964
2013-04-22,1.8804423350460258
2013-04-23,1.9077556399548687
2013-04-24,1.9023416384882408
2013-04-25,1.9036221919188776
2013-04-26,1.903736208421381
2013-04-29,1.9162048208164597
2013-04-30,1.9241909621849622
2013-05-01,1.897942577102328
2013-05-02,1.9200572367598296
2013-05-03,1.9421595517743278
2013-05-06,1.9436295420319534
2013-05-07,1.9501786900134663
2013-05-08,1.9464568606510402
2013-05-09,1.931863421876433
2013-05-10,1.9373929169567636
2013-05-13,1.9466469848020385
2013-05-14,1.9861254178712568
2013-05-15,2.01275141156354
2013-05-16,2.0055992565500578
2013-05-17,2.0314108605291255
2013-05-20,2.0245658273308393
2013-05-21,2.0212052908612
2013-05-22,2.0107790335954303
2013-05-23,2.0169140424461385
2013-05-24,2.031269998356409
2013-05-28,2.047489494733828
2013-05-29,2.039672757996993
2013-05-30,2.057066935975988
2013-05-31,2.0281014964652533
2013-06-03,2.020406811827371
2013-06-04,2.003075391835027
2013-06-05,1.9771122819385194
2013-06-06,2.0154186110310652
2013-06-07,2.0494879414880782
2013-06-10,2.0759940564577626
2013-06-11,2.035806710827118
2013-06-12,1.9865019793885292
2013-06-13,2.0117676631839743
2013-06-14,1.9908807621514937
2013-06-17,2.0074054783292357
2013-06-18,2.0278681023660137
2013-06-19,1.9997542537687523
2013-06-20,1.938491330656443
2013-06-21,1.9321162406837211
2013-06-24,1.9152587656321816
2013-06-25,1.9448180274137268
2013-06-26,1.9810966702236124
2013-06-27,2.0029714926694977
2013-06-28,2.001278077282539
2013-07-01,2.0193628608260457
2013-07-02,2.024020812720808
2013-07-03,2.0286472178006134
2013-07-05,2.0697004257814475
2013-07-08,2.0618622569098943
2013-07-09,2.051529396578777
2013-07-10,2.0630439522095645
2013-07-11,2.1129864953345106
2013-07-12,2.1533121912059623
2013-07-15,2.152120675445724
2013-07-16,2.100806438911861
2013-07-17,2.139291090866042
2013-07-18,2.1427439966515904
2013-07-19,2.1590920920691397
2013-07-22,2.166565295797048
2013-07-23,2.152910438216361
2013-07-24,2.1495507446078412
2013-07-25,2.1748935993490197
2013-07-26,2.1709245879103505
2013-07-29,2.15708633523058
2013-07-30,2.17542797601277
2013-07-31,2.1878832243942883
2013-08-01,2.2033606895305784
2013-08-02,2.2235535815374514
2013-08-05,2.2371766975400793
2013-08-06,2.2102048972069914
2013-08-07,2.206790321148593
2013-08-08,2.2602071811964777
2013-08-09,2.2584205248399694
2013-08-12,2.246652493717826
2013-08-13,2.2588871136137163
2013-08-14,2.23512152983175
2013-08-15,2.1957679749537156
2013-08-16,2.1997791690529165
2013-08-19,2.1878176714766426
2013-08-20,2.2254886885731717
2013-08-21,2.21589982546599
2013-08-22,2.2667089427987466
2013-08-23,2.281587841723035
2013-08-26,2.2939339120030144
2013-08-27,2.2371550645432916
2013-08-28,2.2436480176645457
2013-08-29,2.262215744650301
2013-08-30,2.2430351759826404
2013-09-03,2.2716050081704746
2013-09-04,2.2995625004362275
2013-09-05,2.3107786477369463
2013-09-06,2.3127751982436093
2013-09-09,2.3282149678178463
2013-09-10,2.3525737477099105
2013-09-11,2.359290065606652
2013-09-12,2.3654810414205336
2013-09-13,2.3675622982490094
2013-09-16,2.358253754466627
2013-09-17,2.383968002426044
2013-09-18,2.392342557121737
2013-09-19,2.4147739526810486
2013-09-20,2.4047873984566017
2013-09-23,2.422307770819049
2013-09-24,2.427569478269965
2013-09-25,2.4379072334683003
2013-09-26,2.4641824545089714
2013-09-27,2.4621224840950715
2013-09-30,2.450458772718891
2013-10-01,2.4776032979552345
2013-10-02,2.4701684660803394
2013-10-03,2.415198575981863
2013-10-04,2.4217250776888717
2013-10-07,2.3913681493335153
2013-10-08,2.2980395870023025
2013-10-09,2.2370021507919646
2013-10-10,2.3344264700127155
2013-10-11,2.355411675291586
2013-10-14,2.362445878564434
2013-10-15,2.378697785820152
2013-10-16,2.4537370156252742
2013-10-17,2.470037844620542
2013-10-18,2.4679067093192564
2013-10-21,2.4349888171796783
2013-10-22,2.4267510268233092
2013-10-23,2.4130213608509687
2013-10-24,2.4388051395513717
2013-10-25,2.4563205650857127
2013-10-28,2.423265292544429
2013-10-29,2.4527306311321873
2013-10-30,2.4232540990741187
2013-10-31,2.421866579677359
2013-11-01,2.429334678928721
2013-11-04,2.4460100528855735
2013-11-05,2.4546286394067267
2013-11-06,2.4059503641288664
2013-11-07,2.37919600106697
2013-11-08,2.4317556272820644
2013-11-11,2.451074021977034
2013-11-12,2.4642420604062822
2013-11-13,2.533416426342425
2013-11-14,2.5382059270755013
2013-11-15,2.567003025419627
2013-11-18,2.525712088919646
2013-11-19,2.501366875425959
2013-11-20,2.512382952135748
2013-11-21,2.5550437678695146
2013-11-22,2.566018544323245
2013-11-25,2.557076830105294
2013-11-26,2.573812627208552
2013-11-27,2.585081008891257
2013-11-29,2.583049528259144
2013-12-02,2.578961138877752
2013-12-03,2.5637405237605835
2013-12-04,2.548603582917123
2013-12-05,2.555160897033621
2013-12-06,2.5824329243239585
2013-12-09,2.5824449529968896
2013-12-10,2.578595629424841
2013-12-11,2.5339519582901198
2013-12-12,2.5592044832374516
2013-12-13,2.552590214507192
2013-12-16,2.5846253529369503
2013-12-17,2.569210256474139
2013-12-18,2.6022196723591615
2013-12-19,2.584312424363086
2013-12-20,2.6250614013538716
2013-12-23,2.6218199319731337
2013-12-24,2.6304353568472463
2013-12-26,2.646573690133906
2013-12-27,2.6212660572208737
2013-12-30,2.626310116200663
2013-12-31,2.634183064475201
2014-01-02,2.6048668821079453
2014-01-03,2.6114837375022297
2014-01-06,2.6157764489533655
2014-01-07,2.6375963300819523
2014-01-08,2.6478794733913986
2014-01-09,2.6692158129415056
2014-01-10,2.69993929616663
2014-01-13,2.6531401035199935
2014-01-14,2.6960258246939057
2014-01-15,2.712588460016314
2014-01-16,2.7091503097497824
2014-01-17,2.705259090908765
2014-01-21,2.7182701812491863
2014-01-22,2.735219021037681
2014-01-23,2.716544667307462
2014-01-24,2.658556893502642
2014-01-27,2.632492833412533
2014-01-28,2.68201251038767
2014-01-29,2.6589480832933847
2014-01-30,2.7246784166480045
2014-01-31,2.72317598346712
2014-02-03,2.6382460557270164
2014-02-04,2.6361892496663715
2014-02-05,2.625664466136494
2014-02-06,2.6386381119988584
2014-02-07,2.6905651728521502
2014-02-10,2.703286983160096
2014-02-11,2.7147214144514993
2014-02-12,2.717768534335707
2014-02-13,2.7276025188465614
2014-02-14,2.7314688261315343
2014-02-18,2.7812373756072097
2014-02-19,2.7539058316690412
2014-02-20,2.7950577228576368
2014-02-21,2.807675762331765
2014-02-24,2.8363893776280835
2014-02-25,2.83965131563158
2014-02-26,2.838017197080179
2014-02-27,2.8568326783049844
2014-02-28,2.8202968137888598
2014-03-03,2.8135583164675073
2014-03-04,2.8903217674834862
2014-03-05,2.9081956225385137
2014-03-06,2.898487675604808
2014-03-07,2.875440509517791
2014-03-10,2.8703311122369404
2014-03-11,2.85230600569133
2014-03-12,2.870064957113845
2014-03-13,2.8223606776233847
2014-03-14,2.8096011980737607
2014-03-17,2.8333681033050335
2014-03-18,2.876959888959157
2014-03-19,2.8476804927079478
2014-03-20,2.837708691456312
2014-03-21,2.785168871326109
2014-03-24,2.7262376258005037
2014-03-25,2.7167992034535047
2014-03-26,2.6261435938712707
2014-03-27,2.62446698687439
2014-03-28,2.610318877440696
2014-03-31,2.699181828677955
2014-04-01,2.7481819944544137
2014-04-02,2.7467248646031885
2014-04-03,2.7313082854881094
2014-04-04,2.6863010783044845
2014-04-07,2.5992942583735203
2014-04-08,2.599863114879001
2014-04-09,2.6405063109631732
2014-04-10,2.559829246857693
2014-04-11,2.528754240554256
2014-04-14,2.5442618131004315
2014-04-15,2.535148640532785
2014-04-16,2.5730746200066026
2014-04-17,2.5941471762016692
2014-04-21,2.6111858586193915
2014-04-22,2.635702972792863
2014-04-23,2.6555670018309545
2014-04-24,2.669315123528922
2014-04-25,2.615876113942131
2014-04-28,2.597448448799731
2014-04-29,2.6135800230996917
2014-04-30,2.626455650260361
2014-05-01,2.638570988567102
2014-05-02,2.6706225798547787
2014-05-05,2.6683362116819294
2014-05-06,2.653067962072892
2014-05-07,2.6559010701495933
2014-05-08,2.631973823514209
2014-05-09,2.6252895194449057
2014-05-12,2.6633024745394955
2014-05-13,2.660456524115226
2014-05-14,2.6295970276394933
2014-05-15,2.5869142508121605
2014-05-16,2.5976020003375613
2014-05-19,2.6059796167519216
2014-05-20,2.583910346018269
2014-05-21,2.6188036697632353
2014-05-22,2.625575689041261
2014-05-23,2.636792102575422
2014-05-27,2.652288647454926
2014-05-28,2.6582166566394605
2014-05-29,2.7146108929383215
2014-05-30,2.7116844812928003
2014-06-02,2.720095397998912
2014-06-03,2.7464239886598074
2014-06-04,2.7625161307677595
2014-06-05,2.779274463130721
2014-06-06,2.7955960473271495
2014-06-09,2.7965508024113745
2014-06-10,2.8047932682972907
2014-06-11,2.7963698014033898
2014-06-12,2.7787886655313963
2014-06-13,2.809853705999654
2014-06-16,2.825594818805006
2014-06-17,2.847135998530544
2014-06-18,2.8695592679185977
2014-06-19,2.9016445887607287
2014-06-20,2.8991022136171924
2014-06-23,2.8979993779332442
2014-06-24,2.8572845685197854
2014-06-25,2.8725193121310895
2014-06-26,2.8678290904991646
2014-06-27,2.858819744217562
2014-06-30,2.869327852879737
2014-07-01,2.8842094822894717
2014-07-02,2.87059329265083
2014-07-03,2.8817506616997757
2014-07-07,2.846429470311211
2014-07-08,2.8119479116204857
2014-07-09,2.826638035338981
2014-07-10,2.8194550245312504
2014-07-11,2.8211202914744336
2014-07-14,2.8408688416848467
2014-07-15,2.820313191790037
2014-07-16,2.849844034644797
2014-07-17,2.810909480432897
2014-07-18,2.870969304227995
2014-07-21,2.869864243296895
2014-07-22,2.884688686982892
2014-07-23,2.874647102884551
2014-07-24,2.8885153923528817
2014-07-25,2.852798924417855
2014-07-28,2.8356058746385058
2014-07-29,2.8271681418667103
2014-07-30,2.819935930416312
2014-07-31,2.7498354173581987
2014-08-01,2.7480616167192036
2014-08-04,2.774158112338013
2014-08-05,2.7482027408286838
2014-08-06,2.747591191754199
2014-08-07,2.73358481890635
2014-08-08,2.7565076702511018
2014-08-11,2.7899567750880254
2014-08-12,2.7840010976134737
2014-08-13,2.838650137673025
2014-08-14,2.84395285344998
2014-08-15,2.847355161461625
2014-08-18,2.870023814991899
2014-08-19,2.882971707427743
2014-08-20,2.8851734430574907
2014-08-21,2.887584158407789
2014-08-22,2.882094372812898
2014-08-25,2.889519859419492
2014-08-26,2.9023719290574386
2014-08-27,2.8763285929678695
2014-08-28,2.8749592669149155
2014-08-29,2.9107231086957097
2014-09-02,2.951543198721903
2014-09-03,2.951510610368286
2014-09-04,2.930411802728279
2014-09-05,2.9524474059833254
2014-09-08,2.959934581840258
2014-09-09,2.934188723576234
2014-09-10,3.010738741123858
2014-09-11,3.025739305312294
2014-09-12,3.0075517116029813
2014-09-15,2.9824310903739253
2014-09-16,3.0087136753722765
2014-09-17,3.0183025255304186
2014-09-18,3.038481369821245
2014-09-19,3.047668950686365
2014-09-22,3.0140014984977386
2014-09-23,2.993249448515688
2014-09-24,3.027657806154483
2014-09-25,2.967498044366592
2014-09-26,2.991321875186755
2014-09-29,2.9993731838759277
2014-09-30,2.9717337406707913
2014-10-01,2.901139654568677
2014-10-02,2.9014936265559235
2014-10-03,2.965103205062078
2014-10-06,2.9384108340285158
2014-10-07,2.887958436617061
2014-10-08,2.9476066210926093
2014-10-09,2.9048406623170373
2014-10-10,2.836351873329566
2014-10-13,2.759992451018891
2014-10-14,2.7936654089343835
2014-10-15,2.756282088619664
2014-10-16,2.783563163613195
2014-10-17,2.8299574561081444
2014-10-20,2.8854711631096777
2014-10-21,2.96902208305873
2014-10-22,2.9403826044817536
2014-10-23,2.9650446644590636
2014-10-24,3.0088836675536523
2014-10-27,3.0011316998458826
2014-10-28,3.0311751788491716
2014-10-29,3.0172768733522504
2014-10-30,3.025924136698848
2014-10-31,3.0633243651321354
2014-11-03,3.0685963333214046
2014-11-04,3.0575479707263287
2014-11-05,3.036113887474482
2014-11-06,3.0868817805494912
2014-11-07,3.127914732028299
2014-11-10,3.167534626292511
2014-11-11,3.168169612809278
2014-11-12,3.178682192081101
2014-11-13,3.1720243401388535
2014-11-14,3.1452306005086363
2014-11-17,3.137701670343407
2014-11-18,3.1591584604566982
2014-11-19,3.151529551311188
2014-11-20,3.166652745719214
2014-11-21,3.15206665787302
2014-11-24,3.200044080759497
2014-11-25,3.2411566251627835
2014-11-26,3.290558814640542
2014-11-28,3.316598152604257
2014-12-01,3.301949686643355
2014-12-02,3.3269529157903834
2014-12-03,3.328788990493749
2014-12-04,3.33968999132221
2014-12-05,3.3476997991604716
2014-12-08,3.3649594730217363
2014-12-09,3.3586043198248543
2014-12-10,3.2943881905293977
2014-12-11,3.331897096194973
2014-12-12,3.2961256133287824
2014-12-15,3.2504883460405027
2014-12-16,3.2108317865155236
2014-12-17,3.2952119830506943
2014-12-18,3.367427665143266
2014-12-19,3.3802956142312177
2014-12-22,3.408426862701446
2014-12-23,3.35574205368949
2014-12-24,3.3800950382082857
2014-12-26,3.407291324103436
2014-12-29,3.3992243877122785
2014-12-30,3.3858832547511994
2014-12-31,3.3673496496799937
2015-01-02,3.372043266259932
2015-01-05,3.3292077694758087
2015-01-06,3.293439270956183
2015-01-07,3.3564974908217393
2015-01-08,3.424305108901429
2015-01-09,3.3780326111063683
2015-01-12,3.368098768897144
2015-01-13,3.3733025280271414
2015-01-14,3.3415473746859727
2015-01-15,3.293989724151981
2015-01-16,3.3453612575555094
2015-01-20,3.3807037738162307
2015-01-21,3.390659979338643
2015-01-22,3.483943617840125
2015-01-23,3.5001537464999326
2015-01-26,3.530043025123718
2015-01-27,3.5019190986409785
2015-01-28,3.4563770162189433
2015-01-29,3.5016430265275695
2015-01-30,3.4250960243815696
2015-02-02,3.4261561667732883
2015-02-03,3.4131102368280417
2015-02-04,3.4307071250088597
2015-02-05,3.458257855208429
2015-02-06,3.4334473208683907
2015-02-09,3.398524958498045
2015-02-10,3.451213766637122
2015-02-11,3.447724436317696
2015-02-12,3.4729638615926834
2015-02-13,3.4613854351321582
2015-02-17,3.4722167877969836
2015-02-18,3.4994959010096403
2015-02-19,3.5031943787647433
2015-02-20,3.545045078644686
2015-02-23,3.560040513302468
2015-02-24,3.562054270308396
2015-02-25,3.564661035675849
2015-02-26,3.5020580797409697
2015-02-27,3.5154565386377477
2015-03-02,3.527338680365191
2015-03-03,3.4952231017455273
2015-03-04,3.5017569805914293
2015-03-05,3.553733193481726
2015-03-06,3.4957091923182797
2015-03-09,3.510085315945898
2015-03-10,3.4645055031568925
2015-03-11,3.4739780985271382
2015-03-12,3.5099007192429825
2015-03-13,3.5105628456239213
2015-03-16,3.581820305675667
2015-03-17,3.5659577737901875
2015-03-18,3.5922213459081047
2015-03-19,3.6248252747630043
2015-03-20,3.641013110733707
2015-03-23,3.625445885159456
2015-03-24,3.6144969382029246
2015-03-25,3.506221855300537
2015-03-26,3.4907537453001725
2015-03-27,3.5661622412974463
2015-03-30,3.6191895106739196
2015-03-31,3.576144380994053
2015-04-01,3.5447329929507823
2015-04-02,3.543095891361664
2015-04-06,3.5544206163078758
2015-04-07,3.559477053534331
2015-04-08,3.592350194847554
2015-04-09,3.6027472375609464
2015-04-10,3.621252797551381
2015-04-13,3.6212849356573242
2015-04-14,3.6001945545802947
2015-04-15,3.6103193791624264
2015-04-16,3.6267072944451826
2015-04-17,3.584415843011549
2015-04-20,3.6228312747373477
2015-04-21,3.65006568411459
2015-04-22,3.661996581043371
2015-04-23,3.6629004947454704
2015-04-24,3.647636202386879
2015-04-27,3.604973820378042
2015-04-28,3.5752599169106434
2015-04-29,3.542767915748267
2015-04-30,3.506027758695626
2015-05-01,3.587861124570549
2015-05-04,3.607096293434861
2015-05-05,3.569319059928622
2015-05-06,3.574220555021959
2015-05-07,3.5962006307570236
2015-05-08,3.639085650847749
2015-05-11,3.642093657944169
2015-05-12,3.6257683951523503
2015-05-13,3.625058467206203
2015-05-14,3.670674876919911
2015-05-15,3.6749686489283913
2015-05-18,3.7012996161487033
2015-05-19,3.7153235218939678
2015-05-20,3.7123042664801007
2015-05-21,3.7045939174798073
2015-05-22,3.6882102793008045
2015-05-26,3.6730553076135126
2015-05-27,3.7102682556268958
2015-05-28,3.716261856287627
2015-05-29,3.7159820726604678
2015-06-01,3.7116665666509636
2015-06-02,3.7069532716218445
2015-06-03,3.726380008876703
2015-06-04,3.6976847401693096
2015-06-05,3.7355234028199353
2015-06-08,3.7113760218249108
2015-06-09,3.7169599535178404
2015-06-10,3.793314302491514
2015-06-11,3.806015680604666
2015-06-12,3.772927626291178
2015-06-15,3.7931203355028282
2015-06-16,3.809647935039969
2015-06-17,3.814290462778443
2015-06-18,3.8709984224506924
2015-06-19,3.8679259672133877
2015-06-22,3.8890054012432413
2015-06-23,3.8901844842301045
2015-06-24,3.820737144000457
2015-06-25,3.8190839892972224
2015-06-26,3.783906329829513
2015-06-29,3.676771732371865
2015-06-30,3.740466869898873
2015-07-01,3.7408587190524436
2015-07-02,3.737356703774094
2015-07-06,3.719436276364933
2015-07-07,3.6826173925272627
2015-07-08,3.624153447444135
2015-07-09,3.701701678939468
2015-07-10,3.7459809948263825
2015-07-13,3.77798969976004
2015-07-14,3.8143495922236603
2015-07-15,3.7900997111240087
2015-07-16,3.93796063759723
2015-07-17,3.9299448816621085
2015-07-20,3.9052969930339834
2015-07-21,3.9015501162087864
2015-07-22,3.9037804240740486
2015-07-23,3.8812474169798197
2015-07-24,3.8119295048513004
2015-07-27,3.727099579920039
2015-07-28,3.774048904661733
2015-07-29,3.7778852751621868
2015-07-30,3.898548476982021
2015-07-31,3.9335162981344243
2015-08-03,3.9382652003770144
2015-08-04,4.030065461377639
2015-08-05,4.072479591836157
2015-08-06,4.02101200214023
2015-08-07,4.007626536897005
2015-08-10,4.020126641787411
2015-08-11,3.973744993736785
2015-08-12,3.9651861631473277
2015-08-13,4.000885012759691
2015-08-14,4.009888806718165
2015-08-17,4.051742492084253
2015-08-18,4.035604323426894
2015-08-19,4.032902859819724
2015-08-20,3.860998198031173
2015-08-21,3.7674251964223915
2015-08-24,3.5752494437966393
2015-08-25,3.5954736409086117
2015-08-26,3.746609747018018
2015-08-27,3.8416952504977275
2015-08-28,3.8373947461865527
2015-08-31,3.809313480510208
2015-09-01,3.6355265467713282
2015-09-02,3.6478264903907727
2015-09-03,3.6465206966441457
2015-09-04,3.6420343082384616
2015-09-08,3.6538290319491025
2015-09-09,3.6551319114259044
2015-09-10,3.6630561678814426
2015-09-11,3.667551951435917
2015-09-14,3.665720756708942
2015-09-15,3.6683825441007962
2015-09-16,3.6727169952504672
2015-09-17,3.6758074489498958
2015-09-18,3.66608419912582
2015-09-21,3.666636044464682
2015-09-22,3.657298708265595
2015-09-23,3.6595537792079056
2015-09-24,3.6572756941893823
2015-09-25,3.6495287424649856
2015-09-28,3.629018679250915
2015-09-29,3.624096065020158
2015-09-30,3.636625025515385
2015-10-01,3.647710585755921
2015-10-02,3.650877453521207
2015-10-05,3.6538407640369384
2015-10-06,3.6482511313780877
2015-10-07,3.654251908025396
2015-10-08,3.660261908288355
2015-10-09,3.6600068113611157
2015-10-12,3.6635849198205728
2015-10-13,3.6602065346728923
2015-10-14,3.6565356610966733
2015-10-15,3.6637866681126674
2015-10-16,3.66506644049965
2015-10-19,3.6701994290974267
2015-10-20,3.6709630363755736
2015-10-21,3.6693534711159983
2015-10-22,3.677175329048539
2015-10-23,3.67728130958754
2015-10-26,3.6765506608026675
2015-10-27,3.674766022541838
2015-10-28,3.680098275679286
2015-10-29,3.6773796895630197
2015-10-30,3.674444002181994
2015-11-02,3.6752385681859647
2015-11-03,3.680886391231657
2015-11-04,3.6665115391222582
2015-11-05,3.678568555722611
2015-11-06,3.6832358910768
2015-11-09,3.6619407764589256
2015-11-10,3.67920770501965
2015-11-11,3.693067229695769
2015-11-12,3.6519829862490703
2015-11-13,3.624601113691277
2015-11-16,3.665082541249528
2015-11-17,3.6692771708979945
2015-11-18,3.7066646710705524
2015-11-19,3.710316342482726
2015-11-20,3.7291282315551024
2015-11-23,3.7387387505944956
2015-11-24,3.7539517164764757
2015-11-25,3.7604844494779965
2015-11-27,3.7713750748452664
2015-11-30,3.7583604977050147
2015-12-01,3.7780608119644663
2015-12-02,3.7497401752700146
2015-12-03,3.715495826005315
2015-12-04,3.7612598437580425
2015-12-07,3.7397661741175745
2015-12-08,3.7607362852010477
2015-12-09,3.7153115511740595
2015-12-10,3.744817821433679
2015-12-11,3.6795837441609605
2015-12-14,3.705548762048803
2015-12-15,3.7375421412532295
2015-12-16,3.74390136385929
2015-12-17,3.702662594510978
2015-12-18,3.6696458913643757
2015-12-21,3.6969380962911536
2015-12-22,3.717577576122214
2015-12-23,3.77289927675186
2015-12-24,3.7650603337253368
2015-12-28,3.791037977111619
2015-12-29,3.838767724070599
2015-12-30,3.808545252417622
2015-12-31,3.7452574096601996
2016-01-04,3.6534826836468723
2016-01-05,3.7064494203315803
2016-01-06,3.6727696486737145
2016-01-07,3.597739464721647
2016-01-08,3.5469901382509477
2016-01-11,3.543741742584095
2016-01-12,3.563567015711129
2016-01-13,3.4723216451684418
2016-01-14,3.516366606648911
2016-01-15,3.4614837602767126
2016-01-19,3.467138122857934
2016-01-20,3.451802000853672
2016-01-21,3.453904821392477
2016-01-22,3.511769819727707
2016-01-25,3.474964615315975
2016-01-26,3.501213176936165
2016-01-27,3.461123850385444
2016-01-28,3.4751547864235777
2016-01-29,3.529023110627419
2016-02-01,3.532769916082896
2016-02-02,3.5307596105074737
2016-02-03,3.5273931103342355
2016-02-04,3.521414119486696
2016-02-05,3.51589830860889
2016-02-08,3.5139402938180235
2016-02-09,3.520327138888273
2016-02-10,3.5222665652968317
2016-02-11,3.5169604265429246
2016-02-12,3.518247902299875
2016-02-16,3.530532397629715
2016-02-17,3.5274827365661707
2016-02-18,3.5275396861254853
2016-02-19,3.530151072620399
2016-02-22,3.533897650526122
2016-02-23,3.5335562330871064
2016-02-24,3.5384136025021453
2016-02-25,3.547812898483396
2016-02-26,3.5357476859421912
2016-02-29,3.533431948745679
2016-03-01,3.536526633830184
2016-03-02,3.5473710750420087
2016-03-03,3.551194782833005
2016-03-04,3.551307280498509
2016-03-07,3.553627969400185
2016-03-08,3.5483083037409866
2016-03-09,3.5572717026496026
2016-03-10,3.5608391419961425
2016-03-11,3.5696890351333517
2016-03-14,3.567495758116773
2016-03-15,3.5679167031183585
2016-03-16,3.578816832447436
2016-03-17,3.5881766874413925
2016-03-18,3.58461224593966
2016-03-21,3.5832457322784537
2016-03-22,3.579646232336908
2016-03-23,3.571021225815514
2016-03-24,3.5718395380676897
2016-03-28,3.574299358995699
2016-03-29,3.5891642645560378
2016-03-30,3.5903228368978275
2016-03-31,3.587188331920784
2016-04-01,3.590354031698359
2016-04-04,3.5658898855433905
2016-04-05,3.5490637935057143
2016-04-06,3.5620393975474163
2016-04-07,3.591969739894365
2016-04-08,3.5992262306620466
2016-04-11,3.6104811152047818
2016-04-12,3.620781945208111
2016-04-13,3.605097908315708
2016-04-14,3.582861632672999
2016-04-15,3.603341666067198
2016-04-18,3.6181945392490125
2016-04-19,3.667277550811407
2016-04-20,3.634761664707061
2016-04-21,3.5784649030843236
2016-04-22,3.5823984719969246
2016-04-25,3.561449321226612
2016-04-26,3.5773109152618177
2016-04-27,3.596378231914325
2016-04-28,3.594867419643359
2016-04-29,3.6034449309103485
2016-05-02,3.6517344108780967
2016-05-03,3.614871498450752
2016-05-04,3.608419514229586
2016-05-05,3.605325695602126
2016-05-06,3.6262191401400794
2016-05-09,3.5964232854593794
2016-05-10,3.6242198996217945
2016-05-11,3.6300239383239
2016-05-12,3.6260457777508996
2016-05-13,3.6060559798150487
2016-05-16,3.6359271946415195
2016-05-17,3.6182254725644563
2016-05-18,3.583715987021009
2016-05-19,3.5950920842052394
2016-05-20,3.6031596734664175
2016-05-23,3.603371886224903
2016-05-24,3.616092509944713
2016-05-25,3.6327835693261323
2016-05-26,3.6472580761893334
2016-05-27,3.649175701023112
2016-05-31,3.6591532062224186
2016-06-01,3.655121591041793
2016-06-02,3.6680335867422778
2016-06-03,3.6971577487486265
2016-06-06,3.7388986790572067
2016-06-07,3.7439239868801217
2016-06-08,3.754644020618131
2016-06-09,3.733092026266927
2016-06-10,3.6642560287980297
2016-06-13,3.6542109946070394
2016-06-14,3.636200008344936
2016-06-15,3.6571400878006393
2016-06-16,3.6516781339041935
2016-06-17,3.674359897948661
2016-06-20,3.7020226050172997
2016-06-21,3.711313406997858
2016-06-22,3.6995633238808168
2016-06-23,3.743340680610515
2016-06-24,3.640088518921514
2016-06-27,3.5720487499423332
2016-06-28,3.6469578732959858
2016-06-29,3.701362806538039
2016-06-30,3.7473888646407105
2016-07-01,3.769578799669687
2016-07-05,3.7559039549254205
2016-07-06,3.779235811592942
2016-07-07,3.7656462344047905
2016-07-08,3.8127212890989965
2016-07-11,3.816133994923839
2016-07-12,3.840850940871878
2016-07-13,3.830654580307847
2016-07-14,3.8358563872991014
2016-07-15,3.830471931744573
2016-07-18,3.8484561458368765
2016-07-19,3.8314599360887986
2016-07-20,3.828378321952966
2016-07-21,3.8014941149283294
2016-07-22,3.8516976407277657
2016-07-25,3.8623008472190636
2016-07-26,3.877383036786557
2016-07-27,3.856984600328364
2016-07-28,3.8682967114762867
2016-07-29,3.880691497018644
2016-08-01,3.86161084874503
2016-08-02,3.848942715975702
2016-08-03,3.867187204040048
2016-08-04,3.8524173068342717
2016-08-05,3.8675204369667293
2016-08-08,3.8617837848606835
2016-08-09,3.861959064064918
2016-08-10,3.8531282455586067
2016-08-11,3.875656985417049
2016-08-12,3.876700875979104
2016-08-15,3.9013102750318502
2016-08-16,3.859883843374384
2016-08-17,3.851251337414999
2016-08-18,3.908136121611053
2016-08-19,3.9161412999972693
2016-08-22,3.9161236092337934
2016-08-23,3.9397072087453626
2016-08-24,3.87199444804543
2016-08-25,3.8754040014723654
2016-08-26,3.868047040079724
2016-08-29,3.9054096015741164
2016-08-30,3.87471972899046
2016-08-31,3.850692837643866
2016-09-01,3.854661588065142
2016-09-02,3.892837723659305
2016-09-06,3.9016587969038423
2016-09-07,3.89159574847113
2016-09-08,3.866433694879708
2016-09-09,3.7418418533160698
2016-09-12,3.7900584517853866
2016-09-13,3.715913562776621
2016-09-14,3.7270064279087003
2016-09-15,3.7560214653067
2016-09-16,3.763818832515501
2016-09-19,3.7890895537142533
2016-09-20,3.784158656450178
2016-09-21,3.839177254220586
2016-09-22,3.875034109416739
2016-09-23,3.857260478041459
2016-09-26,3.828534957676827
2016-09-27,3.854641897797437
2016-09-28,3.8833408228420327
2016-09-29,3.85711383715905
2016-09-30,3.8840356529908546
2016-10-03,3.868027370426266
2016-10-04,3.8455654238502355
2016-10-05,3.861250686897556
2016-10-06,3.872060955808605
2016-10-07,3.84502587081
2016-10-10,3.8673575339429016
2016-10-11,3.7577492195268505
2016-10-12,3.7610736799909334
2016-10-13,3.7151418271912235
2016-10-14,3.731767035711699
2016-10-17,3.7088625058708944
2016-10-18,3.7368283965584834
2016-10-19,3.771954572668859
2016-10-20,3.768626444344193
2016-10-21,3.7310038407398296
2016-10-24,3.7743632084888428
2016-10-25,3.7754430812505455
2016-10-26,3.7662347707089223
2016-10-27,3.729206835497496
2016-10-28,3.7033245164727515
2016-10-31,3.6622286801861703
2016-11-01,3.651018842208
2016-11-02,3.5888154363829696
2016-11-03,3.565789724092534
2016-11-04,3.540336764384932
2016-11-07,3.648361689702415
2016-11-08,3.662591115755904
2016-11-09,3.68599381249725
2016-11-10,3.640215973767953
2016-11-11,3.6941528777097616
2016-11-14,3.6949692058535266
2016-11-15,3.7398960644800368
2016-11-16,3.77319041496632
2016-11-17,3.8471309650551166
2016-11-18,3.8928134313647766
2016-11-21,3.958978993837533
2016-11-22,3.9669869946779617
2016-11-23,3.985476625511782
2016-11-25,3.9957335558042364
2016-11-28,3.982675801186028
2016-11-29,3.976893293284722
2016-11-30,3.998048397651912
2016-12-01,3.8960753744786705
2016-12-02,3.917993582156525
2016-12-05,3.9385387620444923
2016-12-06,3.9859603077453776
2016-12-07,4.04802947736595
2016-12-08,4.049252853076129
2016-12-09,4.059905171501733
2016-12-12,4.037730398710477
2016-12-13,4.056735692577523
2016-12-14,4.018328817885961
2016-12-15,4.04268222243483
2016-12-16,4.005774055624346
2016-12-19,4.008125943435152
2016-12-20,4.051659612242469
2016-12-21,4.041625432529695
2016-12-22,4.027149734116483
2016-12-23,4.031230688947418
2016-12-27,4.049536780381985
2016-12-28,3.997553318147799
2016-12-29,3.9907509810133623
2016-12-30,3.965385789416892
2017-01-03,3.998053756787109
2017-01-04,4.05150818589427
2017-01-05,4.0304042209118425
2017-01-06,4.0388072273119
2017-01-09,4.014081843417921
2017-01-10,4.043046787713531
2017-01-11,4.066101638796097
2017-01-12,4.023350875234796
2017-01-13,4.049152632838489
2017-01-17,3.940675350780786
2017-01-18,3.987009064530006
2017-01-19,3.9622282269798226
2017-01-20,3.9977324584134015
2017-01-23,3.9796639796870217
2017-01-24,4.048524730868721
2017-01-25,4.077997262618753
2017-01-26,4.128265319397865
2017-01-27,4.121277669086856
2017-01-30,4.067901022294088
2017-01-31,4.029493367017343
2017-02-01,4.083906424931855
2017-02-02,4.050284733474428
2017-02-03,4.089484095443955
2017-02-06,4.1216078980065305
2017-02-07,4.097536659373456
2017-02-08,4.078464159330551
2017-02-09,4.112395187778468
2017-02-10,4.139339357833968
2017-02-13,4.169690597300034
2017-02-14,4.1841747186609455
2017-02-15,4.191736093873447
2017-02-16,4.152290115406154
2017-02-17,4.152519769826081
2017-02-21,4.19267393757399
2017-02-22,4.185883757718435
2017-02-23,4.144632064905235
2017-02-24,4.121184200113913
2017-02-27,4.193633256080469
2017-02-28,4.156837656415743
2017-03-01,4.288903231008752
2017-03-02,4.189382979486841
2017-03-03,4.187013677202741
2017-03-06,4.176614172929813
2017-03-07,4.151348194321178
2017-03-08,4.138656413405929
2017-03-09,4.1468628776230085
2017-03-10,4.186731514845585
2017-03-13,4.193655911715852
2017-03-14,4.16641651394876
2017-03-15,4.192182524046755
2017-03-16,4.183403235118243
2017-03-17,4.163847414692656
2017-03-20,4.186763212756493
2017-03-21,4.060658444862215
2017-03-22,4.075548009170957
2017-03-23,4.072038117857213
2017-03-24,4.070206416671584
2017-03-27,4.058615644293411
2017-03-28,4.108848809934596
2017-03-29,4.125184401915384
2017-03-30,4.1499886227095395
2017-03-31,4.152246093490955
2017-04-03,4.1501843336498325
2017-04-04,4.157607557375954
2017-04-05,4.123620028174772
2017-04-06,4.112005500493426
2017-04-07,4.121413267395166
2017-04-10,4.105160107324587
2017-04-11,4.093789660592468
2017-04-12,4.058296662022665
2017-04-13,4.028559299172314
2017-04-17,4.030929165749433
2017-04-18,4.0279217306312525
2017-04-19,4.009872631863112
2017-04-20,4.028039701540105
2017-04-21,4.022892320871496
2017-04-24,4.0809435558329765
2017-04-25,4.10698455344351
2017-04-26,4.076768875057571
2017-04-27,4.092912054237879
2017-04-28,4.068137465382645
2017-05-01,4.086261064546205
2017-05-02,4.077683677859823
2017-05-03,4.0650224621477955
2017-05-04,4.084481206044638
2017-05-05,4.09584209838142
2017-05-08,4.048283500523646
2017-05-09,4.095802446135579
2017-05-10,4.122982024152248
2017-05-11,4.118226531527886
2017-05-12,4.121968416873106
2017-05-15,4.244500396149483
2017-05-16,4.313866906967756
2017-05-17,4.191808772369134
2017-05-18,4.232014747996113
2017-05-19,4.24085608812612
2017-05-22,4.294982945061813
2017-05-23,4.311474276609431
2017-05-24,4.286199631333358
2017-05-25,4.304442536071342
2017-05-26,4.257622955960464
2017-05-30,4.225410564213856
2017-05-31,4.259237681993017
2017-06-01,4.33359304081387
2017-06-02,4.376360431943158
2017-06-05,4.366392931036867
2017-06-06,4.405542916292151
2017-06-07,4.419979626838317
2017-06-08,4.464547023142799
2017-06-09,4.331513360452002
2017-06-12,4.3001916113486836
2017-06-13,4.335719724618016
2017-06-14,4.323118172090808
2017-06-15,4.304068070858535
2017-06-16,4.319000357207346
2017-06-19,4.391529899078303
2017-06-20,4.373892966928679
2017-06-21,4.4338187363560975
2017-06-22,4.434220649113793
2017-06-23,4.470806470523678
2017-06-26,4.428640215476736
2017-06-27,4.320871398149451
2017-06-28,4.3865227616724685
2017-06-29,4.2955856282208496
2017-06-30,4.305824836463118
2017-07-03,4.2955893690130225
2017-07-05,4.363932409606076
2017-07-06,4.284146849449637
2017-07-07,4.335278648589323
2017-07-10,4.270965004579353
2017-07-11,4.292316343388929
2017-07-12,4.328631526328031
2017-07-13,4.333627478798705
2017-07-14,4.340701272972437
2017-07-17,4.318509804646042
2017-07-18,4.344920382698711
2017-07-19,4.378913760259444
2017-07-20,4.424502184288453
2017-07-21,4.43547485408701
2017-07-24,4.478796374783376
2017-07-25,4.436882428159992
2017-07-26,4.4494292908175
2017-07-27,4.379121427296538
2017-07-28,4.47262782617736
2017-07-31,4.45846174563514
2017-08-01,4.438195160430338
2017-08-02,4.424665417932442
2017-08-03,4.401393026934698
2017-08-04,4.3807539128438755
2017-08-07,4.4275611360736375
2017-08-08,4.402474052466158
2017-08-09,4.373641760735574
2017-08-10,4.227007446302432
2017-08-11,4.292138501894976
2017-08-14,4.350405276512223
2017-08-15,4.326929488636086
2017-08-16,4.334112284662902
2017-08-17,4.240062740453542
2017-08-18,4.267273548543628
2017-08-21,4.262081549059925
2017-08-22,4.350281849783685
2017-08-23,4.345334971308658
2017-08-24,4.378734905393758
2017-08-25,4.354201768361548
2017-08-28,4.36234255927505
2017-08-29,4.366781640547258
2017-08-30,4.401385491888939
2017-08-31,4.423316262175685
2017-09-01,4.456260171191257
2017-09-05,4.421496656696351
2017-09-06,4.402816945059141
2017-09-07,4.38579789131283
2017-09-08,4.381276881203048
2017-09-11,4.425152406232526
2017-09-12,4.425871476828752
2017-09-13,4.416849107128701
2017-09-14,4.418071293215521
2017-09-15,4.433063397411116
2017-09-18,4.4529496070746815
2017-09-19,4.476836516454697
2017-09-20,4.625485790116258
2017-09-21,4.617348920310509
2017-09-22,4.6503296926505895
2017-09-25,4.574213605885797
2017-09-26,4.557414736097293
2017-09-27,4.605698657492255
2017-09-28,4.61290467233261
2017-09-29,4.634260758599211
2017-10-02,4.673610737258505
2017-10-03,4.671495398547913
2017-10-04,4.602650935534969
2017-10-05,4.604706921811522
2017-10-06,4.612502830601377
2017-10-09,4.610147022328254
2017-10-10,4.583292147462361
2017-10-11,4.62018522790651
2017-10-12,4.631903423613159
2017-10-13,4.648899516706024
2017-10-16,4.660423968957978
2017-10-17,4.615051667164438
2017-10-18,4.647659952969293
2017-10-19,4.626163089700106
2017-10-20,4.683057356790133
2017-10-23,4.66596143526197
2017-10-24,4.699245294973607
2017-10-25,4.650705259184407
2017-10-26,4.657478971654842
2017-10-27,4.770693753322074
2017-10-30,4.78299601613072
2017-10-31,4.756624435839928
2017-11-01,4.709072463260825
2017-11-02,4.78188056709776
2017-11-03,4.826228024712262
2017-11-06,4.818610632912215
2017-11-07,4.811445319088732
2017-11-08,4.843073743667003
2017-11-09,4.824219648612732
2017-11-10,4.859201500358187
2017-11-13,4.832671938363355
2017-11-14,4.800118180395051
2017-11-15,4.7917610049942745
2017-11-16,4.829782252264923
2017-11-17,4.840026639347266
2017-11-20,4.872120355285296
2017-11-21,4.93027233081821
2017-11-22,4.923846762210797
2017-11-24,4.948251543760253
2017-11-27,4.881031897830805
2017-11-28,4.883286349413686
2017-11-29,4.7637727508774095
2017-11-30,4.854568609712284
2017-12-01,4.834542384528393
2017-12-04,4.686157897430108
2017-12-05,4.6945631076275465
2017-12-06,4.688533352248455
2017-12-07,4.785084628210322
2017-12-08,4.8310156968786
2017-12-11,4.810094212984925
2017-12-12,4.807232741335035
2017-12-13,4.790806395220996
2017-12-14,4.784497520198188
2017-12-15,4.811899150758458
2017-12-18,4.82468001970885
2017-12-19,4.785200222439427
2017-12-20,4.765206636259923
2017-12-21,4.793163937192821
2017-12-22,4.803595704166888
2017-12-26,4.80385811877683
2017-12-27,4.840429534105197
2017-12-28,4.8412857576214705
2017-12-29,4.790866441252864
2018-01-02,4.858180317381893
2018-01-03,4.89879204861718
2018-01-04,4.887000030047553
2018-01-05,4.940940632277078
2018-01-08,5.008914663127491
2018-01-09,5.029925097022254
2018-01-10,5.006156114172523
2018-01-11,5.127926953037155
2018-01-12,5.123825395586112
2018-01-16,5.05910336131698
2018-01-17,5.128002340652075
2018-01-18,5.1081176203867855
2018-01-19,5.151207574918346
2018-01-22,5.1787949575403305
2018-01-23,5.178694895955029
2018-01-24,5.167781448788125
2018-01-25,5.166664758812014
2018-01-26,5.226876134849986
2018-01-29,5.1539924127447145
2018-01-30,5.096229172180582
2018-01-31,5.0931189710450155
2018-02-01,5.084203233987626
2018-02-02,4.96202536768723
2018-02-05,4.7707827302787935
2018-02-06,4.807399964685689
2018-02-07,4.803047141455277
2018-02-08,4.646637833164993
2018-02-09,4.699941990034749
2018-02-12,4.796054804348676
2018-02-13,4.849319170928702
2018-02-14,4.932931602496876
2018-02-15,5.0201178459910265
2018-02-16,4.935812828094645
2018-02-20,4.926775960176886
2018-02-21,4.883596181336629
2018-02-22,4.914577534384179
2018-02-23,4.977593931276763
2018-02-26,5.056933760640105
2018-02-27,4.988447765623159
2018-02-28,4.987335716415688
2018-03-01,4.922198807053253
2018-03-02,4.961166903828648
2018-03-05,5.024995990369995
2018-03-06,5.091455540820296
2018-03-07,5.098954331359359
2018-03-08,5.112146404601201
2018-03-09,5.218511678081143
2018-03-12,5.181014420342334
2018-03-13,5.141816468124016
2018-03-14,5.1324574320416145
2018-03-15,5.087721016723466
2018-03-16,5.085439688986478
2018-03-19,5.022119951379188
2018-03-20,5.069742059278715
2018-03-21,5.050523148553354
2018-03-22,4.894194358871969
2018-03-23,4.792008843393885
2018-03-26,4.907124120522652
2018-03-27,4.8001340210529655
2018-03-28,4.748053131598432
2018-03-29,4.845214300758691
2018-04-02,4.7241173116244735
2018-04-03,4.8134382522347945
2018-04-04,4.86093127540196
2018-04-05,4.891936070178651
2018-04-06,4.782734195801757
2018-04-09,4.783499212111027
2018-04-10,4.908224187460522
2018-04-11,4.895245826325928
2018-04-12,4.973303337894958
2018-04-13,4.928866608673027
2018-04-16,4.965414312218552
2018-04-17,5.063274806549471
2018-04-18,5.0850440485467585
2018-04-19,5.065663709042937
2018-04-20,5.033710951054842
2018-04-23,4.992826466383293
2018-04-24,4.8927370421421035
2018-04-25,4.866785073587445
2018-04-26,4.9496744713479375
2018-04-27,4.937005068021698
2018-04-30,4.906342483011302
2018-05-01,4.894079923058162
2018-05-02,4.88626571937667
2018-05-03,4.90326677565876
2018-05-04,4.931545166880678
2018-05-07,4.964469675330116
2018-05-08,4.975224863709319
2018-05-09,5.149252060900675
2018-05-10,5.224153945924146
2018-05-11,5.281741424619413
2018-05-14,5.27757759238257
2018-05-15,5.233563680085626
2018-05-16,5.242881991960435
2018-05-17,5.314305043411499
2018-05-18,5.319139584820361
2018-05-21,5.398349009411621
2018-05-22,5.406617572547883
2018-05-23,5.394227717582453
2018-05-24,5.4266631440185735
2018-05-25,5.41719915212298
2018-05-29,5.466689896256141
2018-05-30,5.53534021063074
2018-05-31,5.51084369094236
2018-06-01,5.622140960756928
2018-06-04,5.703147054506795
2018-06-05,5.754229889649108
2018-06-06,5.808828912440818
2018-06-07,5.776909661319947
2018-06-08,5.834098700639786
2018-06-11,5.877270308306501
2018-06-12,5.942143850443682
2018-06-13,5.900698025118311
2018-06-14,5.968807839305294
2018-06-15,6.009482087416636
2018-06-18,6.075256603414937
2018-06-19,6.092423538081604
2018-06-20,6.074587829729244
2018-06-21,6.002321533875526
2018-06-22,6.05250641429515
2018-06-25,5.876541704834638
2018-06-26,5.9484072820148945
2018-06-27,5.911745960285451
2018-06-28,5.940673559733391
2018-06-29,5.931006811857357
2018-07-02,6.005125339870786
2018-07-03,5.941416055587886
2018-07-05,6.072685409276408
2018-07-06,6.190868609927103
2018-07-09,6.211060034620733
2018-07-10,6.193090686004832
2018-07-11,6.1753323757035705
2018-07-12,6.279727863687582
2018-07-13,6.214607868258179
2018-07-16,6.260470286706732
2018-07-17,6.298378021553894
2018-07-18,6.317966544921652
2018-07-19,6.294425070947203
2018-07-20,6.297827143641755
2018-07-23,6.293403621986832
2018-07-24,6.200707757744637
2018-07-25,6.312588458508338
2018-07-26,6.340823839811373
2018-07-27,6.190636822405535
2018-07-30,6.015525790235374
2018-07-31,6.053741399331045
2018-08-01,6.107960427065107
2018-08-02,6.231197152579872
2018-08-03,6.200020821964246
2018-08-06,6.29045679356694
2018-08-07,6.3068956537703915
2018-08-08,6.210683476016183
2018-08-09,6.242312663143282
2018-08-10,6.3108206124342265
2018-08-13,6.321005331315236
2018-08-14,6.407764934983268
2018-08-15,6.301546297901674
2018-08-16,6.353039825690962
2018-08-17,6.416041973699379
2018-08-20,6.491626301864439
2018-08-21,6.520741311603718
2018-08-22,6.557126503801657
2018-08-23,6.61703095661503
2018-08-24,6.771841225174465
2018-08-27,6.8903254747184475
2018-08-28,6.922838844607053
2018-08-29,6.989196207774564
2018-08-30,6.979144536064248
2018-08-31,7.061000047578031
2018-09-04,7.241447105506256
2018-09-05,7.066080105817349
2018-09-06,7.025599938458869
2018-09-07,7.093543294626059
2018-09-10,7.246842565736807
2018-09-11,7.345629452799313
2018-09-12,7.30119759546195
2018-09-13,7.241726076877275
2018-09-14,7.254948264848096
2018-09-17,7.091439900589602
2018-09-18,7.121811677983414
2018-09-19,7.051348282846457
2018-09-20,7.105735756503756
2018-09-21,7.0912756628779094
2018-09-24,7.126923715460853
2018-09-25,7.308171471504675
2018-09-26,7.322842001035246
2018-09-27,7.368906289901405
2018-09-28,7.33774586721929
2018-10-01,7.210016130264399
2018-10-02,7.01992673159291
2018-10-03,7.021267431078812
2018-10-04,6.919515371471244
2018-10-05,6.8942180829316255
2018-10-08,6.749270136653629
2018-10-09,6.7046726139877535
2018-10-10,6.326321548784539
2018-10-11,6.177799796739773
2018-10-12,6.401924927135798
2018-10-15,6.3346051883381325
2018-10-16,6.590741534017781
2018-10-17,6.5430778334536255
2018-10-18,6.4250332167873525
2018-10-19,6.237547332067426
2018-10-22,6.322078004675097
2018-10-23,6.272180510601623
2018-10-24,5.9810857781777695
2018-10-25,5.968948790827212
2018-10-26,5.845514319372162
2018-10-29,5.791526431320576
2018-10-30,5.901936537651591
2018-10-31,6.024927372411767
2018-11-01,6.071800829651496
2018-11-02,6.065777937665541
2018-11-05,6.079947650322636
2018-11-06,6.081401310914571
2018-11-07,6.0961893699117855
2018-11-08,6.097471747448603
2018-11-09,6.094291716367537
2018-11-12,6.086682987749596
2018-11-13,6.080596683834849
2018-11-14,6.070668857910291
2018-11-15,6.075402764688001
2018-11-16,6.077035401910869
2018-11-19,6.067492545137249
2018-11-20,6.039175150060771
2018-11-21,6.0408607788068975
2018-11-23,6.043838701229215
2018-11-26,6.045603161825469
2018-11-27,6.04862503649841
2018-11-28,6.0661980792708095
2018-11-29,6.069434912258856
2018-11-30,6.072153123102534
2018-12-03,6.063229484486231
2018-12-04,5.9982402380854
2018-12-06,5.983663502829948
2018-12-07,5.920831732866934
2018-12-10,5.91902258852347
2018-12-11,5.950381903825934
2018-12-12,5.97072444814686
2018-12-13,5.9987938045740545
2018-12-14,5.942022089827712
2018-12-17,5.8464144465222825
2018-12-18,5.824672610438561
2018-12-19,5.786150821693412
2018-12-20,5.732924670201679
2018-12-21,5.702885466789497
2018-12-24,5.602785364864737
2018-12-26,5.738944988486818
2018-12-27,5.780048212496252
2018-12-28,5.769777666993967
2018-12-31,5.8010518562417746
2019-01-02,5.756932893016118
2019-01-03,5.753799812130756
2019-01-04,5.758488318351528
2019-01-07,5.758032159554891
2019-01-08,5.759561830834617
2019-01-09,5.757836965763368
2019-01-10,5.759970651267687
2019-01-11,5.76026075395076
2019-01-14,5.757479746456525
2019-01-15,5.762264917768688
2019-01-16,5.762105246599169
2019-01-17,5.764029844427773
2019-01-18,5.764980777317128
2019-01-22,5.764207164502536
2019-01-23,5.767263911390656
2019-01-24,5.762511949737481
2019-01-25,5.763412370337154
2019-01-28,5.763875926321211
2019-01-29,5.764744991176207
2019-01-30,5.7671049020069995
2019-01-31,5.772276527409922
2019-02-01,5.770662296132537
2019-02-04,5.7825905807378915
2019-02-05,5.795903131583276
2019-02-06,5.796776835984573
2019-02-07,5.783240987489605
2019-02-08,5.796773494431299
2019-02-11,5.80518493079746
2019-02-12,5.826658099448574
2019-02-13,5.8327613333871735
2019-02-14,5.837932641863488
2019-02-15,5.856901148930833
2019-02-19,5.8637682887630795
2019-02-20,5.857290349248371
2019-02-21,5.8570711612584185
2019-02-22,5.881489889655923
2019-02-25,5.881156030828615
2019-02-26,5.883544898230129
2019-02-27,5.8788973722606475
2019-02-28,5.875509452473737
2019-03-01,5.909435360295973
2019-03-04,5.864780149625579
2019-03-05,5.856972939837711
2019-03-06,5.8268983323204955
2019-03-07,5.782663638996944
2019-03-08,5.7770685759793015
2019-03-11,5.828601403323434
2019-03-12,5.816003772872332
2019-03-13,5.838385523220304
2019-03-14,5.831189656219234
2019-03-15,5.8448050305697725
2019-03-18,5.854834751471173
2019-03-19,5.855861830553589
2019-03-20,5.831682522121327
2019-03-21,5.8920187567647275
2019-03-22,5.80292772521479
2019-03-25,5.806837380132241
2019-03-26,5.839788845485938
2019-03-27,5.822267956751399
2019-03-28,5.847463672883934
2019-03-29,5.892409331057794
2019-04-01,5.933481180567803
2019-04-02,5.929464110128794
2019-04-03,5.9402830803550755
2019-04-04,5.914350402342004
2019-04-05,5.9411174952914
2019-04-08,5.9555675451898304
2019-04-09,5.938059696445234
2019-04-10,5.972650972176441
2019-04-11,5.974946727056707
2019-04-12,5.995335708914766
2019-04-15,5.996386849769839
2019-04-16,5.990977224790895
2019-04-17,5.929105567652303
2019-04-18,5.9493680371610544
2019-04-22,5.973816568486055
2019-04-23,6.035494648453933
2019-04-24,6.017235524822645
2019-04-25,5.976344710666537
2019-04-26,5.990126371440172
2019-04-29,6.012775781271317
2019-04-30,6.0248596592741634
2019-05-01,5.96585812974847
2019-05-02,5.998646883306423
2019-05-03,6.209216584437326
2019-05-06,6.2044491480120705
2019-05-07,6.006999743332016
2019-05-08,6.044609124022576
2019-05-09,5.991400428492311
2019-05-10,5.970990867016796
2019-05-13,5.7343922691285085
2019-05-14,5.903473707456942
2019-05-15,6.02086322543277
2019-05-16,6.173502915616533
2019-05-17,6.10728248922914
2019-05-20,6.029430515339428
2019-05-21,6.040014732897577
2019-05-22,6.007456899137054
2019-05-23,5.915157239960489
2019-05-24,5.901716701088668
2019-05-28,5.934939852470796
2019-05-29,5.8286557956658465
2019-05-30,5.877140084757736
2019-05-31,5.771174654329594
2019-06-03,5.712673981269383
2019-06-04,5.810961113725567
2019-06-05,5.890404189929828
2019-06-06,5.960876805192056
2019-06-07,6.017151724733845
2019-06-10,6.047746818383175
2019-06-11,6.025609518685209
2019-06-12,6.04390528568789
2019-06-13,6.040838955195877
2019-06-14,6.015415001579769
2019-06-17,5.995161079705373
2019-06-18,6.031194286900655
2019-06-19,6.097182135617064
2019-06-20,6.116502821326642
2019-06-21,6.0706151904234344
2019-06-24,6.027299751636913
2019-06-25,5.939888217604092
2019-06-26,5.935167166047304
2019-06-27,5.997470549628958
2019-06-28,6.043864448428335
2019-07-01,6.077965653757906
2019-07-02,6.104546764555191
2019-07-03,6.1459676202200315
2019-07-05,6.166963034162614
2019-07-08,6.144820097599372
2019-07-09,6.188511092920807
2019-07-10,6.202001064354285
2019-07-11,6.212322438423576
2019-07-12,6.234931303819079
2019-07-15,6.262219434166274
2019-07-16,6.217454751222881
2019-07-17,6.194292866909213
2019-07-18,6.250448595588204
2019-07-19,6.185206555626887
2019-07-22,6.232526064418684
2019-07-23,6.232073034957303
2019-07-24,6.287961574019728
2019-07-25,6.282003859476034
2019-07-26,6.328957368545537
2019-07-29,6.234804640992697
2019-07-30,6.2337350181171995
2019-07-31,6.153836393105731
2019-08-01,6.136195061936404
2019-08-02,6.065103235912311
2019-08-05,5.8478465449934625
2019-08-06,6.0265887972417405
2019-08-07,6.093059238588137
2019-08-08,6.33902769369636
2019-08-09,6.363346657758066
2019-08-12,6.1956112142489905
2019-08-13,6.278185998316812
2019-08-14,6.078890882777349
2019-08-15,6.08931908427365
2019-08-16,6.189074346314453
2019-08-19,6.123243024475898
2019-08-20,6.13388907063555
2019-08-21,6.245476786816755
2019-08-22,6.233566769281284
2019-08-23,6.078074098418085
2019-08-26,6.143000196162426
2019-08-27,6.131965940902634
2019-08-28,6.120037824310625
2019-08-29,6.1705794938543725
2019-08-30,6.158024123581375
2019-09-03,6.084114023914369
2019-09-04,6.137695057347292
2019-09-05,6.21431861455868
2019-09-06,6.184363087193906
2019-09-09,6.120237226768431
2019-09-10,5.981869617236127
2019-09-11,6.05157067883674
2019-09-12,6.1081679886902585
2019-09-13,6.062635251607253
2019-09-16,6.053033228734222
2019-09-17,6.0958718620900685
2019-09-18,6.093679821480387
2019-09-19,6.084316280141931
2019-09-20,6.051077064872551
2019-09-23,6.062021378890328
2019-09-24,5.983786522538174
2019-09-25,6.0485864472844
2019-09-26,6.040775694879438
2019-09-27,5.93898339517164
2019-09-30,5.966565082851886
2019-10-01,5.898572102477948
2019-10-02,5.805161023519387
2019-10-03,5.851242330062118
2019-10-04,5.913986293614704
2019-10-07,5.863012928905882
2019-10-08,5.775536780013735
2019-10-09,5.843801919460763
2019-10-10,5.864042594296971
2019-10-11,5.896391520228045
2019-10-14,5.887226837481857
2019-10-15,5.945213332485158
2019-10-16,5.922615829362306
2019-10-17,5.947256235473834
2019-10-18,5.895851266633354
2019-10-21,5.950102063914944
2019-10-22,5.918472447625333
2019-10-23,5.9413058651929855
2019-10-24,6.10315843307302
2019-10-25,6.085544411819366
2019-10-28,6.13624117783883
2019-10-29,6.0879773422471315
2019-10-30,6.126069719126237
2019-10-31,6.0824800521536595
2019-11-01,6.115631706317919
2019-11-04,6.108795309133692
2019-11-05,6.1173192852867855
2019-11-06,6.122737570570522
2019-11-07,6.096161439643409
2019-11-08,6.121791366160096
2019-11-11,6.091681733050229
2019-11-12,6.067553788892091
2019-11-13,6.076397130776707
2019-11-14,6.06370043087861
2019-11-15,6.140645384799444
2019-11-18,6.118784606141962
2019-11-19,6.079503239850687
2019-11-20,5.827798441239899
2019-11-21,5.806079990484302
2019-11-22,5.902991933484284
2019-11-25,6.019277004203316
2019-11-26,6.058527285347014
2019-11-27,6.038897814824397
2019-11-29,6.013006074968761
2019-12-02,5.949109884068191
2019-12-03,5.921275434255039
2019-12-04,5.953536949300268
2019-12-05,5.957277907926538
2019-12-06,6.002545611030005
2019-12-09,5.973842989126111
2019-12-10,6.002395005886289
2019-12-11,6.03914286390138
2019-12-12,6.106881303974437
2019-12-13,6.070514180354873
2019-12-16,6.179917549214965
2019-12-17,6.210371702629537
2019-12-18,6.2012354956801925
2019-12-19,6.254497272770568
2019-12-20,6.267561423502956
2019-12-23,6.292948708189864
2019-12-24,6.31782224845148
2019-12-26,6.3452732501961
2019-12-27,6.335004247715952
2019-12-30,6.263129842438451
2019-12-31,6.284276391348781
2020-01-02,6.373894259969149
2020-01-03,6.344226150809266
2020-01-06,6.375787209697356
2020-01-07,6.419858635505185
2020-01-08,6.481635465779363
2020-01-09,6.501116053161906
2020-01-10,6.468308747744968
2020-01-13,6.578047541279872
2020-01-14,6.555525256031539
2020-01-15,6.501037488713623
2020-01-16,6.56434008269392
2020-01-17,6.556306282065044
2020-01-21,6.6010466707606135
2020-01-22,6.652149912028305
2020-01-23,6.678357786477441
2020-01-24,6.599059058126439
2020-01-27,6.475029218938996
2020-01-28,6.560158746939886
2020-01-29,6.534087234890668
2020-01-30,6.608376542537604
2020-01-31,6.502322400652201
2020-02-03,6.689730731101534
2020-02-04,6.855877231767738
2020-02-05,6.806457329977342
2020-02-06,6.828031215172702
2020-02-07,6.8747008195193215
2020-02-10,7.0070436591916945
2020-02-11,7.028669152301332
2020-02-12,6.988794110691588
2020-02-13,7.027826039370956
2020-02-14,7.127494744921918
2020-02-18,7.186149529436915
2020-02-19,7.284769984083537
2020-02-20,7.271670555595257
2020-02-21,7.133773608528916
2020-02-24,6.903192376626431
2020-02-25,6.796301968759182
2020-02-26,6.790413079005608
2020-02-27,6.50031287780027
2020-02-28,6.481360150392083
2020-03-02,6.765474575632379
2020-03-03,6.691420324404384
2020-03-04,6.798426773354338
2020-03-05,6.726703423705618
2020-03-06,6.649944832487349
2020-03-09,6.3331677076206
2020-03-10,6.468553266278034
2020-03-11,6.30940326351001
2020-03-12,5.9518972271949115
2020-03-13,6.058760069107868
2020-03-16,5.805460364945863
2020-03-17,5.877760205330175
2020-03-18,5.838051556701244
2020-03-19,5.828899207752509
2020-03-20,5.788777489091266
2020-03-23,5.755191902086962
2020-03-24,5.837595872476064
2020-03-25,5.846890917824067
2020-03-26,5.921690693586093
2020-03-27,5.909250061833015
2020-03-30,5.9491483365803255
2020-03-31,5.935498341067039
2020-04-01,5.902745783595244
2020-04-02,5.917380586158171
2020-04-03,5.912667323027865
2020-04-06,5.928684481860967
2020-04-07,5.916452939861516
2020-04-08,5.923734096962719
2020-04-09,5.925049919443101
2020-04-13,5.931451478914768
2020-04-14,5.941980924192689
2020-04-15,5.943877303920103
2020-04-16,5.957744239158976
2020-04-17,5.970419554699402
2020-04-20,5.974930890074702
2020-04-21,5.962221783532404
2020-04-22,5.973153497623733
2020-04-23,5.96845459682819
2020-04-24,5.975583455991526
2020-04-27,5.974278006405077
2020-04-28,5.9638699581521175
2020-04-29,5.971213999777686
2020-04-30,5.970024294583264
2020-05-01,5.964524514073652
2020-05-04,6.065509118811068
2020-05-05,6.119657360690819
2020-05-06,6.115640749431314
2020-05-07,6.175024004660684
2020-05-08,6.227742548752468
2020-05-11,6.27022827925036
2020-05-12,6.201742479784346
2020-05-13,6.208433768787415
2020-05-14,6.235992491465153
2020-05-15,6.269041899018222
2020-05-18,6.301959690131231
2020-05-19,6.276543754219879
2020-05-20,6.3191792131692965
2020-05-21,6.276988570499828
2020-05-22,6.299468570598132
2020-05-26,6.211412908890229
2020-05-27,6.174031057262675
2020-05-28,6.181433527538648
2020-05-29,6.252281808696935
2020-06-01,6.268541695797421
2020-06-02,6.272408178892824
2020-06-03,6.269980585538371
2020-06-04,6.206882848980133
2020-06-05,6.292141310647718
2020-06-08,6.491613460246156
2020-06-09,6.470523659584338
2020-06-10,6.536302657598559
2020-06-11,6.27717320513253
2020-06-12,6.318772384870192
2020-06-15,6.551110118371262
2020-06-16,6.51602355557803
2020-06-17,6.561655845811721
2020-06-18,6.622158670416948
2020-06-19,6.67399854090628
2020-06-22,6.608164035687872
2020-06-23,6.607966905058318
2020-06-24,6.480900669165427
2020-06-25,6.493715958587105
2020-06-26,6.377545455395983
2020-06-29,6.494237505739878
2020-06-30,6.6484342685777555
2020-07-01,6.668091825062376
2020-07-02,6.7966938060284114
2020-07-06,6.891961114281267
2020-07-07,6.9668760703221775
2020-07-08,7.079767970119491
2020-07-09,7.176232865265558
2020-07-10,7.211085592176851
2020-07-13,7.119418968926853
2020-07-14,7.201589701178696
2020-07-15,7.241928520073593
2020-07-16,7.153682936236703
2020-07-17,7.30949243173206
2020-07-20,7.475407668974889
2020-07-21,7.3383025883851145
2020-07-22,7.357176943438549
2020-07-23,7.147351216211824
2020-07-24,7.054109058143668
2020-07-27,7.364698636093117
2020-07-28,7.3295327413394835
2020-07-29,7.475964293439153
2020-07-30,7.489940535511721
2020-07-31,7.494672694011615
2020-08-03,7.7107146222159395
2020-08-04,7.734061702079873
2020-08-05,7.850132246564058
2020-08-06,7.973073111123255
2020-08-07,7.6285793718336175
2020-08-10,7.5177118532666665
2020-08-11,7.400271604083004
2020-08-12,7.605228180625853
2020-08-13,7.709201839313473
2020-08-14,7.7045967779285505
2020-08-17,7.919732208508492
2020-08-18,7.976805949016291
2020-08-19,7.994232474038109
2020-08-20,8.155436161382083
2020-08-21,8.028934921569327
2020-08-24,7.98242858918369
2020-08-25,8.067572245078829
2020-08-26,8.2712875072792
2020-08-27,8.218828194649582
2020-08-28,8.235101321004436
2020-08-31,8.318650567515537
2020-09-01,8.453470533598605
2020-09-02,8.387196705276349
2020-09-03,7.857752147396233
2020-09-04,7.702236533622831
2020-09-08,7.3760016065802745
2020-09-09,7.535572247763619
2020-09-10,7.42730844096623
2020-09-11,7.3459684681345845
2020-09-14,7.444527171466029
2020-09-15,7.5147176833278335
2020-09-16,7.454491847449308
2020-09-17,7.308894048989548
2020-09-18,7.273898307527653
2020-09-21,7.390495107427881
2020-09-22,7.711155282997021
2020-09-23,7.493008141692152
2020-09-24,7.452605675075283
2020-09-25,7.571781737840438
2020-09-28,7.723772324032669
2020-09-29,7.7867155738981895
2020-09-30,7.787671862241837
2020-10-01,7.9325191452025
2020-10-02,7.796058503599751
2020-10-05,8.004491281993152
2020-10-06,7.882036562671708
2020-10-07,8.042179326410784
2020-10-08,8.06854950941622
2020-10-09,8.08060258061964
2020-10-12,8.126909227308884
2020-10-13,8.173667819475444
2020-10-14,8.15001943307735
2020-10-15,8.205720484723722
2020-10-16,8.152100007827869
2020-10-19,8.031467896989223
2020-10-20,8.012250283061803
2020-10-21,7.846597471944364
2020-10-22,7.887256866502372
2020-10-23,7.949925664481838
2020-10-26,7.807901602234623
2020-10-27,7.784527293538824
2020-10-28,7.5398397831053625
2020-10-29,7.571957455976721
2020-10-30,7.355555060029897
2020-11-02,7.4844965688672245
2020-11-03,7.654226464594387
2020-11-04,7.61874680981027
2020-11-05,7.883604945642287
2020-11-06,8.106217723879482
2020-11-09,8.037626082693258
2020-11-10,7.99214576890492
2020-11-11,8.075406104733704
2020-11-12,7.973267603874321
2020-11-13,8.083251232314872
2020-11-16,8.211371571232071
2020-11-17,8.26507181815206
2020-11-18,8.201332351922373
2020-11-19,8.287474566009012
2020-11-20,8.328006311648272
2020-11-23,8.515208254276697
2020-11-24,8.644508091325436
2020-11-25,8.665837246852895
2020-11-27,8.705506514840483
2020-11-30,8.642756922447118
2020-12-01,8.695593565808652
2020-12-02,8.691497674044262
2020-12-03,8.853913914338152
2020-12-04,8.965844160868132
2020-12-07,9.033386138696907
2020-12-08,9.00780577907883
2020-12-09,8.908893749536466
2020-12-10,8.954547675542212
2020-12-11,8.929229942826058
2020-12-14,8.772671642646548
2020-12-15,8.90702242119637
2020-12-16,8.916699680637347
2020-12-17,9.025938549008378
2020-12-18,8.96645467533331
2020-12-21,9.000868374216328
2020-12-22,9.033025639794191
2020-12-23,9.032306391848111
2020-12-24,9.010304882972363
2020-12-28,8.89081093455772
2020-12-29,8.818614276533612
2020-12-30,8.99935283718288
2020-12-31,8.975716853059811
2021-01-04,8.999043692691744
2021-01-05,9.24837088210073
2021-01-06,9.560373599516701
2021-01-07,9.857324272166338
2021-01-08,9.900034881013761
2021-01-11,9.7527126099351
2021-01-12,9.918179394317345
2021-01-13,9.810310437632094
2021-01-14,10.02862321609711
2021-01-15,9.84387388297075
2021-01-19,9.984062232122485
2021-01-20,9.976472322370842
2021-01-21,9.853176925763279
2021-01-22,9.90779917792705
2021-01-25,9.84002137898644
2021-01-26,9.681307048402452
2021-01-27,9.329112056548766
2021-01-28,9.594365805429465
2021-01-29,9.391527186606899
2021-02-01,9.634248876918573
2021-02-02,9.845514496450349
2021-02-03,10.073950530830711
2021-02-04,10.228736016789286
2021-02-05,10.386190314777654
2021-02-08,10.693961899239225
2021-02-09,10.786592504785096
2021-02-10,10.71576572631827
2021-02-11,10.77700765626375
2021-02-12,10.864710056217655
2021-02-16,10.873918803642974
2021-02-17,10.887449987283802
2021-02-18,10.640567564681291
2021-02-19,10.902996712402313
2021-02-22,10.71307157361715
2021-02-23,10.571388675364457
2021-02-24,10.65529912630923
2021-02-25,10.385242479507202
2021-02-26,10.418721414914362
2021-03-01,10.782808280220577
2021-03-02,10.623239772427237
2021-03-03,10.407167562597914
2021-03-04,10.092898187608768
2021-03-05,10.279009257676876
2021-03-08,10.282043362722858
2021-03-09,10.525526792264069
2021-03-10,10.670554327109436
2021-03-11,11.163868077271447
2021-03-12,11.229903982660767
2021-03-15,11.413084331277787
2021-03-16,11.292111137305982
2021-03-17,11.415071224035575
2021-03-18,11.124065380299507
2021-03-19,11.31936282427251
2021-03-22,11.206797723156203
2021-03-23,10.626397675695943
2021-03-24,10.190271089295047
2021-03-25,10.270913407714806
2021-03-26,10.305193512517743
2021-03-29,10.077608034432272
2021-03-30,10.194678015247657
2021-03-31,10.427502740972697
2021-04-01,10.56091935382835
2021-04-05,10.456337969303084
2021-04-06,10.468600709468271
2021-04-07,10.443881937770765
2021-04-08,10.42026645938178
2021-04-09,10.424280244193449
2021-04-12,10.378304123539458
2021-04-13,10.306934100346236
2021-04-14,10.574695832945283
2021-04-15,10.567663562427436
2021-04-16,10.526033151081956
2021-04-19,10.459476431637565
2021-04-20,10.111809147345511
2021-04-21,10.288277221439891
2021-04-22,10.206614660039818
2021-04-23,10.382910922053366
2021-04-26,10.553806111405953
2021-04-27,10.64394795196549
2021-04-28,10.884443444327742
2021-04-29,10.80050793243715
2021-04-30,10.62988898549471
2021-05-03,10.797052932078767
2021-05-04,10.742268578104241
2021-05-05,11.02909193821333
2021-05-06,11.012338555015088
2021-05-07,11.357499418883924
2021-05-10,11.251065989019269
2021-05-11,11.132990467464344
2021-05-12,10.810401378259929
2021-05-13,10.848936356266067
2021-05-14,11.138319447242203
2021-05-17,11.254096689883268
2021-05-18,11.043969792441755
2021-05-19,10.81593626700671
2021-05-20,10.868109738970869
2021-05-21,10.822349190081601
2021-05-24,10.94406901711945
2021-05-25,10.842373973943683
2021-05-26,10.96229554562746
2021-05-27,11.060998936372284
2021-05-28,11.00928443490795
2021-06-01,11.398032803772105
2021-06-02,11.359472642596032
2021-06-03,11.381217545234216
2021-06-04,11.497036070411331
2021-06-07,11.47765301982101
2021-06-08,11.528643747761018
2021-06-09,11.403181419884959
2021-06-10,11.329750463666459
2021-06-11,11.391302241188841
2021-06-14,11.224785001373462
2021-06-15,11.206206820804397
2021-06-16,11.113815866451366
2021-06-17,10.82232764368246
2021-06-18,10.59137768377057
2021-06-21,10.866341984670084
2021-06-22,10.928947371447665
2021-06-23,10.916958456050875
2021-06-24,11.05775920816294
2021-06-25,11.081893531842464
2021-06-28,10.985095721144845
2021-06-29,11.017342461452255
2021-06-30,11.08085239205926
2021-07-01,11.123069277300429
2021-07-02,11.115104080006116
2021-07-06,11.026482649067821
2021-07-07,10.94166286966412
2021-07-08,10.962821829729316
2021-07-09,11.138272185265564
2021-07-12,11.209240523085503
2021-07-13,11.146530836606326
2021-07-14,11.00441628925056
2021-07-15,10.981865164440473
2021-07-16,10.961300383676274
2021-07-19,10.918379350238514
2021-07-20,11.076878960533703
2021-07-21,11.319863728423266
2021-07-22,11.343397777358733
2021-07-23,11.48037077935804
2021-07-26,11.521431489092414
2021-07-27,11.40678822338886
2021-07-28,11.537790252128753
2021-07-29,11.528384268052646
2021-07-30,11.461755348734883
2021-08-02,11.37290243142752
2021-08-03,11.618746557417783
2021-08-04,11.660907857357396
2021-08-05,11.706698057470966
2021-08-06,11.79494502328286
2021-08-09,11.949581901775758
2021-08-10,11.9890161959934
2021-08-11,11.871580233447093
2021-08-12,11.977754565599112
2021-08-13,12.011383069963449
2021-08-16,11.943330934371435
2021-08-17,11.804715199127585
2021-08-18,11.713287669291521
2021-08-19,11.675197297813696
2021-08-20,11.793098361092538
2021-08-23,12.037956929754634
2021-08-24,12.040259884107204
2021-08-25,12.15092701348538
2021-08-26,12.142571735081823
2021-08-27,12.235851416446216
2021-08-30,12.282098628161357
2021-08-31,12.245371726548969
2021-09-01,12.281126887444376
2021-09-02,12.419604931371218
2021-09-03,12.53773110499465
2021-09-07,12.502699350541103
2021-09-08,12.470297403157561
2021-09-09,12.53471557395414
2021-09-10,12.455900827095187
2021-09-13,12.200986851529715
2021-09-14,12.289935553683767
2021-09-15,12.388565531327137
2021-09-16,12.407177543496669
2021-09-17,12.285824330976688
2021-09-20,12.071402949164407
2021-09-21,12.159343441126962
2021-09-22,12.279444192613264
2021-09-23,12.429683209444605
2021-09-24,12.31199491374022
2021-09-27,12.004657389181249
2021-09-28,11.634556038628899
2021-09-29,11.667674922654852
2021-09-30,11.603890434168346
2021-10-01,11.501831142857954
2021-10-04,11.324005483243987
2021-10-05,11.566698817446715
2021-10-06,11.558857673184072
2021-10-07,11.597452458082518
2021-10-08,11.593486841729392
2021-10-11,11.580185231559868
2021-10-12,11.679936367403574
2021-10-13,11.882327950979352
2021-10-14,12.008223604104499
2021-10-15,12.052784948082028
2021-10-18,12.166723913717343
2021-10-19,12.223362857368402
2021-10-20,12.276353209088677
2021-10-21,12.338049355458354
2021-10-22,12.41623890993451
2021-10-25,12.436131500396963
2021-10-26,12.498188579296773
2021-10-27,12.280992433886766
2021-10-28,12.51463875118275
2021-10-29,12.654916146761717
2021-11-01,12.670172643577475
2021-11-02,12.70266802372068
2021-11-03,12.702245605137488
2021-11-04,12.803415180613573
2021-11-05,13.02129493485758
2021-11-08,13.15571838904868
2021-11-09,13.084845508465005
2021-11-10,12.771519060459328
2021-11-11,12.841794278388925
2021-11-12,12.910578518117422
2021-11-15,12.919643954950692
2021-11-16,13.00407086012787
2021-11-17,12.884256358917108
2021-11-18,12.923234027794235
2021-11-19,12.77651320086708
2021-11-22,12.684880158626967
2021-11-23,12.874057601352765
2021-11-24,13.014727778437301
2021-11-26,12.620973334560933
2021-11-29,12.825744936192338
2021-11-30,12.45298889341876
2021-12-01,12.098412220421848
2021-12-02,12.287281594531835
2021-12-03,11.996748432425758
2021-12-06,11.84928909638111
2021-12-07,12.401396392891805
2021-12-08,12.446350168781297
2021-12-09,12.07949339759992
2021-12-10,12.259161367553212
2021-12-13,11.944165141509826
2021-12-14,11.757448877548338
2021-12-15,12.15931656213046
2021-12-16,11.87956878152802
2021-12-17,11.811716585941802
2021-12-20,11.631904367335878
2021-12-21,12.084318396183166
2021-12-22,12.290953596752155
2021-12-23,12.42593921156558
2021-12-27,12.791610544207972
2021-12-28,12.699562558011708
2021-12-29,12.657138249333823
2021-12-30,12.546442450966449
2021-12-31,12.532134611607368
2022-01-03,12.689363189009425
2022-01-04,12.680397137167997
2022-01-05,12.26175549109176
2022-01-06,12.311827986346927
2022-01-07,12.113329789284233
2022-01-10,12.117168021077624
2022-01-11,12.288280368175407
2022-01-12,12.319527964054616
2022-01-13,12.07361898435367
2022-01-14,12.125692379878304
2022-01-18,11.827914604215893
2022-01-19,11.537809412255786
2022-01-20,11.256345950913085
2022-01-21,11.006292510676053
2022-01-24,11.095068656713417
2022-01-25,10.872524195217396
2022-01-26,10.926638466758279
2022-01-27,10.719907432259113
2022-01-28,10.919345158521788
2022-01-31,11.233909706992293
2022-02-01,11.309787057103975
2022-02-02,11.378031942529553
2022-02-03,11.269194564252418
2022-02-04,11.288103634495398
2022-02-07,11.306536304699133
2022-02-08,11.31377981233697
2022-02-09,11.358921491393104
2022-02-10,11.278573046720773
2022-02-11,11.298232576853247
2022-02-14,11.170209941680458
2022-02-15,11.205386365931725
2022-02-16,11.274509550469867
2022-02-17,11.247344011736496
2022-02-18,11.189406427734506
2022-02-22,11.107621875303094
2022-02-23,11.077110970753008
2022-02-24,11.091041346492974
2022-02-25,11.274585738643179
2022-02-28,11.355669338512188
2022-03-01,11.327286047139928
2022-03-02,11.442012459296482
2022-03-03,11.462305788981276
2022-03-04,11.535074391829955
2022-03-07,11.474764210407372
2022-03-08,11.43099156266707
2022-03-09,11.45954920727908
2022-03-10,11.518024387838983
2022-03-11,11.468160953780083
2022-03-14,11.418022078130607
2022-03-15,11.428489677952259
2022-03-16,11.457880741747802
2022-03-17,11.599549372437812
2022-03-18,11.602452025966356
2022-03-21,11.70489508008679
2022-03-22,11.707912483571011
2022-03-23,11.698658381181822
2022-03-24,11.729659862383409
2022-03-25,11.813739862523363
2022-03-28,11.745266286377497
2022-03-29,11.766165374522512
2022-03-30,11.77371289505111
2022-03-31,11.700030737553172
2022-04-01,11.729027666952247
2022-04-04,11.728515397339592
2022-04-05,11.65917408379436
2022-04-06,11.7026488770307
2022-04-07,11.794442497566857
2022-04-08,11.954575430619082
2022-04-11,11.80161833771673
2022-04-12,11.852701908296122
2022-04-13,11.897874155414163
2022-04-14,11.91565992954864
2022-04-18,11.964321540150156
2022-04-19,11.96824808199597
2022-04-20,12.005525418399603
2022-04-21,11.827427676254203
2022-04-22,11.603852759693451
2022-04-25,11.47573388412268
2022-04-26,11.406304657200803
2022-04-27,11.486663265457457
2022-04-28,11.610133543749342
2022-04-29,11.371771451198443
2022-05-02,11.403484684523475
2022-05-03,11.440959331993785
2022-05-04,11.483663604556375
2022-05-05,11.426675170829906
2022-05-06,11.433053173796878
2022-05-09,11.330782345372192
2022-05-10,11.33431122278065
2022-05-11,11.341547129089165
2022-05-12,11.338854131201243
2022-05-13,11.378773989560843
2022-05-16,11.407215824576575
2022-05-17,11.441986451796348
2022-05-18,11.35870676982059
2022-05-19,11.362017988779158
2022-05-20,11.345537192460705
2022-05-23,11.403477307203232
2022-05-24,11.406393612442535
2022-05-25,11.439962863622167
2022-05-26,11.49678225689194
2022-05-27,11.524341271095468
2022-05-31,11.498681902785588
2022-06-01,11.49518017843487
2022-06-02,11.525126649106731
2022-06-03,11.500164219721636
2022-06-06,11.51922331505171
2022-06-07,11.601337060249238
2022-06-08,11.528440628394934
2022-06-09,11.41336241894668
2022-06-10,11.300784975468186
2022-06-13,11.099853808011908
2022-06-14,11.068034871606113
2022-06-15,11.062344179634357
2022-06-16,10.891708240335651
2022-06-17,10.821473135616372
2022-06-21,10.973037945423547
2022-06-22,10.919885566140788
2022-06-23,10.879460979734027
2022-06-24,11.006456583864919
2022-06-27,11.047896543055804
2022-06-28,11.022862358431325
2022-06-29,10.976297005945549
2022-06-30,10.949760271511549
2022-07-01,10.997325005076155
2022-07-05,10.995311467301356
2022-07-06,10.993951540929539
2022-07-07,10.995400211159627
2022-07-08,10.994732427606442
2022-07-11,10.987862740315313
2022-07-12,10.985560342991953
2022-07-13,10.98372523523851
2022-07-14,10.97733393392887
2022-07-15,10.984857156663566
2022-07-18,10.9755141775625
2022-07-19,10.981612317432084
2022-07-20,10.975112061696379
2022-07-21,10.973942716971619
2022-07-22,10.969568209196714
2022-07-25,10.982695475747642
2022-07-26,10.981381117719971
2022-07-27,10.980428006282152
2022-07-28,10.974385458075727
2022-07-29,10.972267681174094
2022-08-01,10.965650070899311
2022-08-02,10.959238340498151
2022-08-03,10.938590248641852
2022-08-04,10.9077526766773
2022-08-05,10.929475272993821
2022-08-08,10.94864275881458
2022-08-09,10.964191487963522
2022-08-10,10.989057214587172
2022-08-11,11.001139295183588
2022-08-12,11.014629781707994
2022-08-15,11.014520530088568
2022-08-16,11.018573232505958
2022-08-17,11.02044974994566
2022-08-18,11.037972677283838
2022-08-19,11.041211849258826
2022-08-22,11.033180002969722
2022-08-23,11.030154916744522
2022-08-24,11.055154618430208
2022-08-25,11.066857520522179
2022-08-26,11.047063504593362
2022-08-29,11.048035533226262
2022-08-30,11.010190483984383
2022-08-31,11.033628927759725
2022-09-01,11.019850583438215
2022-09-02,11.025565726972303
2022-09-06,11.013357267779073
2022-09-07,11.049802267752108
2022-09-08,11.078786170949579
2022-09-09,11.078344534609979
2022-09-12,11.068297882609155
2022-09-13,11.020268775464546
2022-09-14,11.031096645687287
2022-09-15,11.00877294240617
2022-09-16,11.00591940316568
2022-09-19,11.019480690454582
2022-09-20,10.991891628310697
2022-09-21,10.977115395197211
2022-09-22,10.955634659567384
2022-09-23,10.917833990626386
2022-09-26,10.895597803864625
2022-09-27,10.915327365153773
2022-09-28,10.970890042767872
2022-09-29,10.945379484862782
2022-09-30,10.9398921834199
2022-10-03,10.976334535152938
2022-10-04,11.003018992610754
2022-10-05,11.002750371170848
2022-10-06,10.998585119020703
2022-10-07,10.993288977182933
2022-10-10,10.994412087489271
2022-10-11,10.996975823410278
2022-10-12,10.990737936276982
2022-10-13,11.004166824197128
2022-10-14,10.986380695214926
2022-10-17,10.989388473716904
2022-10-18,10.999232592943953
2022-10-19,10.999327939171913
2022-10-20,10.993598985438908
2022-10-21,11.009814586880587
2022-10-24,11.017061124597879
2022-10-25,11.019597219106009
2022-10-26,11.029291475760102
2022-10-27,11.035281623415218
2022-10-28,11.043936668938096
2022-10-31,11.049267218768264
2022-11-01,11.05220705839021
2022-11-02,11.014858062939956
2022-11-03,11.035818199470894
2022-11-04,11.08076266236669
2022-11-07,11.106737618663265
2022-11-08,11.118772736232991
2022-11-09,11.07019502775128
2022-11-10,11.179861700173042
2022-11-11,11.144721623336197
2022-11-14,11.14358603991113
2022-11-15,11.168716272574654
2022-11-16,11.148245884318362
2022-11-17,11.155814160865017
2022-11-18,11.19257627649317
2022-11-21,11.17468714197507
2022-11-22,11.228508143003666
2022-11-23,11.232916676980881
2022-11-25,11.248984740468716
2022-11-28,11.187752612207166
2022-11-29,11.191865393715833
2022-11-30,11.286448535007755
2022-12-01,11.268026154703891
2022-12-02,11.285163315276023
2022-12-05,11.148368201497659
2022-12-06,11.041806635098427
2022-12-07,11.029121226550004
2022-12-08,11.074912208755716
2022-12-09,10.994487905068075
2022-12-12,11.068029057924198
2022-12-13,11.126292454033358
2022-12-14,11.128812762823465
2022-12-15,10.995359632639738
2022-12-16,10.93597547965979
2022-12-19,10.907122658184534
2022-12-20,10.936818179587332
2022-12-21,11.05544664507327
2022-12-22,10.95345173899303
2022-12-23,10.9737785037471
2022-12-27,10.93558197537106
2022-12-28,10.806602843396997
2022-12-29,10.88233490093872
2022-12-30,10.889989224380834
2023-01-03,10.821014438021908
2023-01-04,10.855226263682576
2023-01-05,10.816351105309383
2023-01-06,10.937105991114567
2023-01-09,10.909953031948993
2023-01-10,10.924514342501148
2023-01-11,10.932770381682555
2023-01-12,10.979277222082025
2023-01-13,11.005359746668276
2023-01-17,10.992979831171157
2023-01-18,10.898746752266211
2023-01-19,10.815388406315838
2023-01-20,10.867516419099884
2023-01-23,10.891679356746018
2023-01-24,10.920464707858384
2023-01-25,10.931998809953814
2023-01-26,10.959014628651682
2023-01-27,10.954985815045177
2023-01-30,10.910733164474006
2023-01-31,10.9530800519531
2023-02-01,10.981766220452158
2023-02-02,10.8307550703471
2023-02-03,10.751468068979161
2023-02-06,10.70517036164704
2023-02-07,10.755408778995639
2023-02-08,10.682961415845664
2023-02-09,10.688214046271826
2023-02-10,10.70742620838623
2023-02-13,10.830683750419205
2023-02-14,10.822750268109466
2023-02-15,10.863874320349609
2023-02-16,10.77479820695185
2023-02-17,10.726948843976574
2023-02-21,10.540464409897407
2023-02-22,10.566839203628946
2023-02-23,10.593331474804783
2023-02-24,10.515221550812917
2023-02-27,10.561912220188146
2023-02-28,10.623724023913345
2023-03-01,10.814835583772481
2023-03-02,10.909619256021386
2023-03-03,11.073043013216758
2023-03-06,11.05632363627005
2023-03-07,10.944621349914955
2023-03-08,10.955504896092856
2023-03-09,10.734654861071684
2023-03-10,10.566345564413705
2023-03-13,10.451243333567234
2023-03-14,10.623195432665202
2023-03-15,10.4216427283393
2023-03-16,10.610979103792067
2023-03-17,10.451244621381386
2023-03-20,10.548615418383855
2023-03-21,10.724140086140984
2023-03-22,10.555009223696413
2023-03-23,10.55852234952986
2023-03-24,10.549057599284277
2023-03-27,10.598478703309306
2023-03-28,10.626515794693589
2023-03-29,10.744436596439174
2023-03-30,10.812107712385489
2023-03-31,11.004385579421003
2023-04-03,11.044233416823623
2023-04-04,10.90995015039665
2023-04-05,10.706623793667871
2023-04-06,10.690868441770904
2023-04-10,10.936797086889987
2023-04-11,11.014633478329237
2023-04-12,10.929544832398195
2023-04-13,11.095879847577075
2023-04-14,11.10791326920826
2023-04-17,11.104960621055067
2023-04-18,11.263887035310473
2023-04-19,11.110012466829104
2023-04-20,10.93084911205715
2023-04-21,10.898998105806974
2023-04-24,10.782686814852044
2023-04-25,10.640412286178874
2023-04-26,10.562879730411426
2023-04-27,10.734198242692484
2023-04-28,10.809950274305155
2023-05-01,10.793230919230403
2023-05-02,10.592114948966666
2023-05-03,10.785969037870746
2023-05-04,10.79172097278225
2023-05-05,10.946435143066443
2023-05-08,11.001370260708157
2023-05-09,10.914995335133325
2023-05-10,10.955721866947044
2023-05-11,10.915225958533599
2023-05-12,10.843293288439689
2023-05-15,10.963806211451807
2023-05-16,11.006971501213766
2023-05-17,11.213209976784713
2023-05-18,11.461533310852664
2023-05-19,11.421215255367501
2023-05-22,11.436863231127129
2023-05-23,11.224338876426565
2023-05-24,11.227037841381561
2023-05-25,11.926039570708694
2023-05-26,12.206390733971752
2023-05-30,12.313609200220302
2023-05-31,12.070257461010181
2023-06-01,12.291568599293408
2023-06-02,12.3715004148857
2023-06-05,12.380500175182775
2023-06-06,12.476631258887284
2023-06-07,12.267778022291983
2023-06-08,12.416815727956813
2023-06-09,12.46052188395202
2023-06-12,12.637665840900429
2023-06-13,12.733859190389527
2023-06-14,12.797787788734881
2023-06-15,12.914704427201745
2023-06-16,12.871932863442252
2023-06-20,12.910506896854432
2023-06-21,12.861458761459778
2023-06-22,12.848514113093975
2023-06-23,12.75880930817852
2023-06-26,12.635098669096799
2023-06-27,13.001088074743738
2023-06-28,13.068288262902163
2023-06-29,13.087035358118012
2023-06-30,13.278648747125416
2023-07-03,13.358243892597947
2023-07-05,13.41232310913993
2023-07-06,13.112653524075661
2023-07-07,13.381101933793518
2023-07-10,13.80682816315987
2023-07-11,13.970904661807449
2023-07-12,14.239185620128726
2023-07-13,14.564497938704134
2023-07-14,14.437076183474892
2023-07-17,14.577224799506913
2023-07-18,14.819540078897282
2023-07-19,15.144012294965846
2023-07-20,14.700587231103766
2023-07-21,14.561147080265789
2023-07-24,14.604046240729915
2023-07-25,14.75342868459513
2023-07-26,14.794234945765815
2023-07-27,14.788934689399733
2023-07-28,15.254698266395836
2023-07-31,15.489996538321583
2023-08-01,15.582599758863285
2023-08-02,15.797619399519627
2023-08-03,15.731577804610474
2023-08-04,15.761982310762608
2023-08-07,15.927984269770072
2023-08-08,15.709634314487758
2023-08-09,14.840278380238292
2023-08-10,15.245935516502778
2023-08-11,15.104775127622522
2023-08-14,15.466749672877922
2023-08-15,15.303492468366457
2023-08-16,15.036479004656433
2023-08-17,14.582957953914473
2023-08-18,14.731029485458631
2023-08-21,14.975371864304854
2023-08-22,14.904370969000345
2023-08-23,15.23822016683511
2023-08-24,14.889521019110923
2023-08-25,15.105655018036032
2023-08-28,15.386064390545394
2023-08-29,15.75161622001454
2023-08-30,15.975350031031487
2023-08-31,15.88892698589833
2023-09-01,15.92692818640542
2023-09-05,15.647476321011096
2023-09-06,15.62221890709669
2023-09-07,15.5832215015681
2023-09-08,15.540108876696532
2023-09-11,15.826815152114921
2023-09-12,15.571840920596575
2023-09-13,15.429001304285906
2023-09-14,15.848059184931365
2023-09-15,15.439626372944039
2023-09-18,15.445235933356571
2023-09-19,15.230614049911555
2023-09-20,14.918740440164761
2023-09-21,14.520644373570033
2023-09-22,14.489242012294667
2023-09-25,14.506629575181286
2023-09-26,14.306265542722706
2023-09-27,14.478924945465804
2023-09-28,14.640661176539327
2023-09-29,14.666865539431571
2023-10-02,14.617226294814028
2023-10-03,14.364659012847614
2023-10-04,14.51763448588166
2023-10-05,14.54489303362867
2023-10-06,14.80439086450207
2023-10-09,14.958514147978601
2023-10-10,15.098524896724209
2023-10-11,15.271073678781164
2023-10-12,15.122397592908742
2023-10-13,14.908872064154787
2023-10-16,15.1129029353917
2023-10-17,15.20390995844716
2023-10-18,14.978646658826637
2023-10-19,14.794713968396305
2023-10-20,14.55784782493369
2023-10-23,14.533281251161448
2023-10-24,14.758344032616765
2023-10-25,14.549127585294254
2023-10-26,14.445630214217454
2023-10-27,14.336694198509093
2023-10-30,14.488055121385091
2023-10-31,14.544771383200732
2023-11-01,14.704320175543591
2023-11-02,14.743675345581824
2023-11-03,14.930633600778625
2023-11-06,15.053142555941312
2023-11-07,15.045475276924243
2023-11-08,15.073234870422533
2023-11-09,15.006758576210588
2023-11-10,15.152278276479455
2023-11-13,15.211790206765519
2023-11-14,15.390178951722593
2023-11-15,15.3942732969498
2023-11-16,15.31744155639738
2023-11-17,15.416804806345155
2023-11-20,15.522578298134443
2023-11-21,15.47219005649746
2023-11-22,15.555502976486876
2023-11-24,15.583137174458752
2023-11-27,15.58336639563063
2023-11-28,15.935905261624798
2023-11-29,15.964208388286405
2023-11-30,16.156993474790404
2023-12-01,16.051668462767612
2023-12-04,16.159219627260743
2023-12-05,16.165764157463293
2023-12-06,15.924387680315837
2023-12-07,16.018977840547407
2023-12-08,16.25669235820373
2023-12-11,16.20828105098647
2023-12-12,16.295558725506762
2023-12-13,16.622443707923914
2023-12-14,16.736233659758028
2023-12-15,16.744098996020426
2023-12-18,16.766934224030965
2023-12-19,16.937921875530453
2023-12-20,16.690704556805564
2023-12-21,16.955553593069897
2023-12-22,17.090129543972985
2023-12-26,17.113986608537456
2023-12-27,17.40348653100609
2023-12-28,17.43419801042841
2023-12-29,17.191618089490937
2024-01-02,17.047561712912852
2024-01-03,16.788520625014897
2024-01-04,16.839788270878916
2024-01-05,16.7722991945648
2024-01-08,17.053425917330525
2024-01-09,17.048528894567724
2024-01-10,17.03266731954019
2024-01-11,16.93870097970201
2024-01-12,16.660010472633665
2024-01-16,16.587025125194362
2024-01-17,16.519424392596555
2024-01-18,16.551732157430433
2024-01-19,16.805886998448532
2024-01-22,16.880853940385013
2024-01-23,16.835080083924744
2024-01-24,16.77207475068386
2024-01-25,16.841486980146637
2024-01-26,16.71508372322878
2024-01-29,16.83139609299237
2024-01-30,16.736733593132865
2024-01-31,16.531841033096118
2024-02-01,16.754273814106984
2024-02-02,17.073298814715724
2024-02-05,16.951506845213324
2024-02-06,16.85124702183427
2024-02-07,17.15284562902993
2024-02-08,17.260020377436117
2024-02-09,17.444183967501303
2024-02-12,17.300955039485302
2024-02-13,17.08850505415931
2024-02-14,17.525963775341502
2024-02-15,17.56462776185594
2024-02-16,17.43206456004062
2024-02-20,17.191083277155442
2024-02-21,16.714573703004543
2024-02-22,17.3095504116027
2024-02-23,17.325483669230803
2024-02-26,17.480240715867684
2024-02-27,17.57336231264158
2024-02-28,17.575006732295545
2024-02-29,17.938548094999582
2024-03-01,18.4438634780143
2024-03-04,18.912631801127812
2024-03-05,18.72801355120043
2024-03-06,19.249242295454586
2024-03-07,19.489884284092064
2024-03-08,19.26242465583688
2024-03-11,18.80214984140347
2024-03-12,19.35944416270969
2024-03-13,19.39068021214395
2024-03-14,19.074447441866504
2024-03-15,19.07786893144212
2024-03-18,19.22188637214232
2024-03-19,19.024926986768165
2024-03-20,19.419930218327664
2024-03-21,19.793468361815115
2024-03-22,19.80951769961745
2024-03-25,20.06008450890497
2024-03-26,19.937746975633104
2024-03-27,19.81843631115924
2024-03-28,19.89301471717887
2024-04-01,19.826614416780245
2024-04-02,19.660546512632557
2024-04-03,19.942557228591703
2024-04-04,19.474886816519742
2024-04-05,19.708364268096815
2024-04-08,19.768423164332674
2024-04-09,19.28398106456439
2024-04-10,19.487352299928144
2024-04-11,19.789423065142365
2024-04-12,19.314318908243663
2024-04-15,18.779680290427727
2024-04-16,18.961251063026566
2024-04-17,18.660348517436873
2024-04-18,18.535978429977458
2024-04-19,17.627153362049132
2024-04-22,18.044592264538327
2024-04-23,18.450704836719193
2024-04-24,18.426026355726727
2024-04-25,18.72329202318327
2024-04-26,19.072235276664216
2024-04-29,19.208943361007165
2024-04-30,18.6944411977924
2024-05-01,18.510625265910342
2024-05-02,19.575725090687722
2024-05-03,20.014597560540828
2024-05-06,20.501907570007674
2024-05-07,20.239551044799214
2024-05-08,20.38106478795638
2024-05-09,20.99504236604946
2024-05-10,20.94569869377482
2024-05-13,20.776781764048568
2024-05-14,20.96240824250824
2024-05-15,21.534232029722883
2024-05-16,21.05882613684298
2024-05-17,20.98088009717752
2024-05-20,21.117399850177655
2024-05-21,21.180036478746402
2024-05-22,20.938594744708865
2024-05-23,21.106531225398495
2024-05-24,21.637157063919403
2024-05-28,21.70526253060065
2024-05-29,21.669506334948597
2024-05-30,21.49310173674937
2024-05-31,21.033962558638947
2024-06-03,20.814980979526887
2024-06-04,20.567252030582353
2024-06-05,21.054660375529004
2024-06-06,20.54893726535195
2024-06-07,20.44705159924635
2024-06-10,20.798442794060396
2024-06-11,20.65320088419781
2024-06-12,20.839582114675682
2024-06-13,20.77170514252829
2024-06-14,20.522901665202603
2024-06-17,20.519317560064685
2024-06-18,20.84672652712172
2024-06-20,20.679798535274283
2024-06-21,20.645371817515613
2024-06-24,20.578919245512136
2024-06-25,20.913754119176026
2024-06-26,20.549792857298492
2024-06-27,20.70056531568124
2024-06-28,20.33338336503642
2024-07-01,20.305324004233274
2024-07-02,20.29025332550168
2024-07-03,20.435022956596566
2024-07-05,20.46066238570297
2024-07-08,20.473733684502115
2024-07-09,20.589446276017252
2024-07-10,20.845478050269666
2024-07-11,20.620411551338076
2024-07-12,20.879047028328582
2024-07-15,21.063704090577946
2024-07-16,21.07124211380668
2024-07-17,20.238977153775245
2024-07-18,20.15750039036298
2024-07-19,20.03027081710075
2024-07-22,20.177930949841013
2024-07-23,20.121712542777495
2024-07-24,19.354719491875947
2024-07-25,19.168203176367186
2024-07-26,19.478758534622955
2024-07-29,19.35092253793217
2024-07-30,18.994479596244144
2024-07-31,19.560748919748047
2024-08-01,19.444558488115735
2024-08-02,18.712097705054727
2024-08-05,18.142344341879436
2024-08-06,18.51941849072757
2024-08-07,18.089489980147903
2024-08-08,18.76942582166568
2024-08-09,18.927378192571837
2024-08-12,18.920192544744495
2024-08-13,19.287656266794734
2024-08-14,19.16811235619653
2024-08-15,19.52158102757055
2024-08-16,19.737620219548553
2024-08-19,19.944235184808786
2024-08-20,19.81581135528812
2024-08-21,20.107999020065968
2024-08-22,19.954171947011726
2024-08-23,20.41872577230078
2024-08-26,20.21740779310883
2024-08-27,20.24152214383035
2024-08-28,19.992148026738523
2024-08-29,19.887246348043757
2024-08-30,19.89227099626158
2024-09-03,19.195189434642764
2024-09-04,19.213526935452226
2024-09-05,18.979554699635464
2024-09-06,18.69151371115428
2024-09-09,18.977840747918137
2024-09-10,18.972256125122616
2024-09-11,19.059244511310848
2024-09-12,19.311523352066978
2024-09-13,19.51992020531604
2024-09-16,19.850731866032472
2024-09-17,19.967173151815736
2024-09-18,20.00871231132005
2024-09-19,20.32008799773706
2024-09-20,20.43277977480517
2024-09-23,20.51563458407927
2024-09-24,20.505518833848456
2024-09-25,20.40715292665708
2024-09-26,20.287675687795247
2024-09-27,20.261093716188977
2024-09-30,20.376018357650935
2024-10-01,20.493516324447032
2024-10-02,20.57643264457994
2024-10-03,20.570601070340686
2024-10-04,20.659911693396296
2024-10-07,20.51406583510239
2024-10-08,20.787893546492178
2024-10-09,20.92880172751208
2024-10-10,20.822581651414563
2024-10-11,21.106240945141653
2024-10-14,21.18986606248399
2024-10-15,21.15612689612763
2024-10-16,21.25357758291099
2024-10-17,21.208343381357178
2024-10-18,21.221746816316784
2024-10-21,21.030278778185835
2024-10-22,21.065752106741016
2024-10-23,21.049524585333103
2024-10-24,21.145669145685464
2024-10-25,21.03605068792098
2024-10-28,21.144818557711172
2024-10-29,21.237811610655317
2024-10-30,21.247912449339314
2024-10-31,21.206999565272373
2024-11-01,20.906688534939057
2024-11-04,20.675075149942025
2024-11-05,21.677231681359636
2024-11-06,22.40976456065606
2024-11-07,24.048780331764412
2024-11-08,24.96558344323411
2024-11-11,24.99305987533353
2024-11-12,24.799411401902496
2024-11-13,24.677277869406335
2024-11-14,24.415562379095725
2024-11-15,24.59468251404838
2024-11-18,24.658384695838027
2024-11-19,25.471854741130908
2024-11-20,25.47797726840071
2024-11-21,25.837297951499977
2024-11-22,26.366486718984945
2024-11-25,26.003997749694673
2024-11-26,26.293119881023344
2024-11-27,26.09115479829294
2024-11-29,26.381574674863675
2024-12-02,26.176613052271627
2024-12-03,26.54813472120529
2024-12-04,26.826167181649858
2024-12-05,26.71349941928529
2024-12-06,26.86115667673434
2024-12-09,25.696265566684875
2024-12-10,25.29280137935124
2024-12-11,25.753726480920378
2024-12-12,25.5219676990345
2024-12-13,25.638406948117336
2024-12-16,25.892865933023984
2024-12-17,25.505257429562555
2024-12-18,24.202299712270484
2024-12-19,24.21126345431357
2024-12-20,24.926404729248972
2024-12-23,24.82818706556895
2024-12-24,25.223659690159902
2024-12-26,25.129681206302788
2024-12-27,24.65143568138751
2024-12-30,24.298826898009832
2024-12-31,23.95663357713651
2025-01-02,24.17173722053772
2025-01-03,24.649109742695273
2025-01-06,24.632841342900377
2025-01-07,24.023109452992763
2025-01-08,24.17017541410144
2025-01-10,23.89040565205361
2025-01-13,23.725935327642702
2025-01-14,24.174303477798375
2025-01-15,24.646850968436535
2025-01-16,24.821617196396637
2025-01-17,25.299398956053132
2025-01-21,25.740997551377788
2025-01-22,25.911406825812907
2025-01-23,25.944583425346156
2025-01-24,26.036624676614032
2025-01-27,25.53282158355745
2025-01-28,26.341983575789463
2025-01-29,26.539216259474177
2025-01-30,26.94830189443331
2025-01-31,26.680326263420085
2025-02-03,26.636046680080113
2025-02-04,27.652394626907064
2025-02-05,27.7076603122684
2025-02-06,28.112323171949157
2025-02-07,28.017663423869728
2025-02-10,28.10859094346722
2025-02-11,27.60960929235092
2025-02-12,28.10141920859359
2025-02-13,29.58156219016789
2025-02-14,30.13247863867348
2025-02-18,30.073165946011088
2025-02-19,29.514858665124773
2025-02-20,28.34345065109276
2025-02-21,27.032801486446733
2025-02-24,26.411892374868085
2025-02-25,25.391136411323114
2025-02-26,25.42359805764892
2025-02-27,24.845546265712073
2025-02-28,25.203751037443855
2025-03-03,24.652254458147837
2025-03-04,24.183066041763087
2025-03-05,24.363373094936406
2025-03-06,23.60553526677915
2025-03-07,23.447554762277324
2025-03-10,22.210458044801857
2025-03-11,22.2769520256308
2025-03-12,22.46404196163535
2025-03-13,21.98435293877847
2025-03-14,22.539126932053346
2025-03-17,22.909964644821496
2025-03-18,22.669182216638045
2025-03-19,23.13508651979985
2025-03-20,23.19652729482058
2025-03-21,23.27042659655297
2025-03-24,23.848721106662424
2025-03-25,23.856064127456552
2025-03-26,23.55002937803768
2025-03-27,23.437140545406855
2025-03-28,22.959203560996396
2025-03-31,23.21333329927873
2025-04-01,23.362270825547323
2025-04-02,23.390010568340145
2025-04-03,23.030334063881625
2025-04-04,22.37440356523536
2025-04-07,22.245557274008902
2025-04-08,22.078511887998207
2025-04-09,22.71897439064635
2025-04-10,22.4356602023074
2025-04-11,22.573399308178576
2025-04-14,22.715277944775387
2025-04-15,22.693685748621117
2025-04-16,22.548506151695992
2025-04-17,22.607880839469694
2025-04-21,22.406137976910607
2025-04-22,22.623074533765212
2025-04-23,22.66981884807483
2025-04-24,22.7788602914171
2025-04-25,22.73720974934243
2025-04-28,22.801483309807935
2025-04-29,22.85583806837167
2025-04-30,22.895716556511534
2025-05-01,22.840561549060645
2025-05-02,22.86498718069184
2025-05-05,22.87731474880574
2025-05-06,22.857981017754586
2025-05-07,22.873893678230967
2025-05-08,22.84921292530617
2025-05-09,22.83967484933505
2025-05-12,22.783209746736855
2025-05-13,22.785559070349045
2025-05-14,22.787794363540065
2025-05-15,22.863677540775765
2025-05-16,22.889204512418758
2025-05-19,22.91259101728474
2025-05-20,22.90758965866021
2025-05-21,22.876558411421733
2025-05-22,22.868766090154647
2025-05-23,22.891602843360143
2025-05-27,22.894804368931094
2025-05-28,22.886649243681163
2025-05-29,22.87758132217879
2025-05-30,22.936220033462813
2025-06-02,22.93352726435714
2025-06-03,23.305952400731847
2025-06-04,23.148835767274228
2025-06-05,22.97976478395662
2025-06-06,23.186835264090092
2025-06-09,23.115835011231432
2025-06-10,22.892099198243113
2025-06-11,23.150271613557187
2025-06-12,23.182655301458222
2025-06-13,23.110535289926027
2025-06-16,23.355542505826598
2025-06-17,23.273204784002136
2025-06-18,23.421764384205215
2025-06-20,23.39384554130995
2025-06-23,23.583263357176794
2025-06-24,23.813208191097107
2025-06-25,23.7002228075945
2025-06-26,23.943405249362755
2025-06-27,23.902426840482786
2025-06-30,24.318847814793354
2025-07-01,24.00131764150225
2025-07-02,24.208009900058645
2025-07-03,24.397692954235037
2025-07-07,24.530024556061182
2025-07-08,24.18450936003854
2025-07-09,24.302102722361493
2025-07-10,24.274244074410117
2025-07-11,24.228441689351815
2025-07-14,24.489271236514913
2025-07-15,24.344880572766744
2025-07-16,24.392313712278924
2025-07-17,24.492070619415685
2025-07-18,24.750153827391014
2025-07-21,24.588088122008184
2025-07-22,24.33199691790409
2025-07-23,25.083424220957227
2025-07-24,24.915935924978665
2025-07-25,25.153472216551755
2025-07-28,25.15482313102051
2025-07-29,25.053947792979926
2025-07-30,25.11408610135958
2025-07-31,25.337913138582483
2025-08-01,25.03525728202534
2025-08-04,25.631010713057115
2025-08-05,25.456466897248603
2025-08-06,24.878508961036765
2025-08-07,24.989100480150864
2025-08-08,25.126297098880414
2025-08-11,25.08465022139778
2025-08-12,25.51230608002503
2025-08-13,25.17278650053391
2025-08-14,25.013951936414436
2025-08-15,24.9906834625263
2025-08-18,25.2083291086426
2025-08-19,24.439143932111477
2025-08-20,24.279970776913792
2025-08-21,24.221391968843676
2025-08-22,24.705877690663446
2025-08-25,24.746905910377922
2025-08-26,24.999235326128343
2025-08-27,24.907834654450905
2025-08-28,25.213821485035016
2025-08-29,24.682391975310626
2025-09-02,24.383967347152556
2025-09-03,24.3949667311329
2025-09-04,24.96879550563405
2025-09-05,24.867701315913838
2025-09-08,25.726734768432486
2025-09-09,26.058666111667744
2025-09-10,26.629964839983938
2025-09-11,26.640743943783423
2025-09-12,26.485702384078955
2025-09-15,26.68590064968906
2025-09-16,26.676187763190878
2025-09-17,26.48486501686191
2025-09-18,26.92630348956975
2025-09-19,27.160403770906523
2025-09-22,27.422542985782503
2025-09-23,27.36130611700996
2025-09-24,27.006744819558005
2025-09-25,26.761531751761243
2025-09-26,26.89170408587543
2025-09-29,27.462611851604866
2025-09-30,27.940400010416322
2025-10-01,28.31509812235958
2025-10-02,28.348969799344076
2025-10-03,28.10258297568252
2025-10-06,27.692357522980863
2025-10-07,27.419733434368656
2025-10-08,27.91473285313296
2025-10-09,27.75937088765464
2025-10-10,26.592048436196293
2025-10-13,27.332420821793924
2025-10-14,26.96183676088663
2025-10-15,27.308008745163033
2025-10-16,27.46526720188366
2025-10-17,27.371940643535222
2025-10-20,27.356258201152528
2025-10-21,27.19011665589874
2025-10-22,26.7779736418085
2025-10-23,27.769022440556967
2025-10-24,29.00420708516825
2025-10-27,29.50246791128077
2025-10-28,29.376515546327067
2025-10-29,30.659074435303822
2025-10-30,30.03744250881792
2025-10-31,30.396336191410295
2025-11-03,30.622905824027267
2025-11-04,29.40295666742293
2025-11-05,31.097028385649303
2025-11-06,30.812354775778033
2025-11-07,31.056661251761483
2025-11-10,32.24607390451565
2025-11-11,31.381363691841408
2025-11-12,31.295431870437888
2025-11-13,29.75834321323121
2025-11-14,29.66437025456966
2025-11-17,29.449967071197168
2025-11-18,29.14466131328003
2025-11-19,29.66992703576957
2025-11-20,27.920023479928705
2025-11-21,28.45796642992472
2025-11-24,30.273191140778742
2025-11-25,30.464487914599836
2025-11-26,31.51813892194662
2025-11-28,32.31884029357013
2025-12-01,32.044646965259986
2025-12-02,32.01853429451747
2025-12-03,31.56111062777193
2025-12-04,31.958918329638394
2025-12-05,33.04678838132265
2025-12-08,33.55916766549323
2025-12-09,33.81643352011665
2025-12-10,35.075586051694664
2025-12-11,35.73294754104017
2025-12-12,33.853920312014814
2025-12-15,33.62353705260352
2025-12-16,33.44008396893131
2025-12-17,32.701709158055536
2025-12-18,33.5741071669093
2025-12-19,35.035638228173475
2025-12-22,35.48451192194976
2025-12-23,35.620156282239925
2025-12-24,35.99646579492809
2025-12-26,35.97600275119333
2025-12-29,35.8342068215619
2025-12-30,35.64785220075453
