date,v7_full_hybrid
2000-01-03,1.0
2000-01-04,1.0
2000-01-05,1.0
2000-01-06,1.0
2000-01-07,1.0
2000-01-10,1.0
2000-01-11,1.0
2000-01-12,1.0
2000-01-13,1.0
2000-01-14,1.0
2000-01-18,1.0
2000-01-19,1.0
2000-01-20,1.0
2000-01-21,1.0
2000-01-24,1.0
2000-01-25,1.0
2000-01-26,1.0
2000-01-27,1.0
2000-01-28,1.0
2000-01-31,1.0
2000-02-01,0.99965
2000-02-02,0.99965
2000-02-03,0.99965
2000-02-04,0.99965
2000-02-07,0.99965
2000-02-08,0.99965
2000-02-09,0.99965
2000-02-10,0.99965
2000-02-11,0.99965
2000-02-14,0.99965
2000-02-15,0.99965
2000-02-16,0.99965
2000-02-17,0.99965
2000-02-18,0.99965
2000-02-22,0.99965
2000-02-23,0.99965
2000-02-24,0.99965
2000-02-25,0.99965
2000-02-28,0.99965
2000-02-29,0.99965
2000-03-01,0.99965
2000-03-02,0.99965
2000-03-03,0.99965
2000-03-06,0.99965
2000-03-07,0.99965
2000-03-08,0.99965
2000-03-09,0.99965
2000-03-10,0.99965
2000-03-13,0.99965
2000-03-14,0.99965
2000-03-15,0.99965
2000-03-16,0.99965
2000-03-17,0.99965
2000-03-20,0.99965
2000-03-21,0.99965
2000-03-22,0.99965
2000-03-23,0.99965
2000-03-24,0.99965
2000-03-27,0.99965
2000-03-28,0.99965
2000-03-29,0.99965
2000-03-30,0.99965
2000-03-31,0.99965
2000-04-03,0.99965
2000-04-04,0.99965
2000-04-05,0.99965
2000-04-06,0.99965
2000-04-07,0.99965
2000-04-10,0.99965
2000-04-11,0.99965
2000-04-12,0.99965
2000-04-13,0.99965
2000-04-14,0.99965
2000-04-17,0.99965
2000-04-18,0.99965
2000-04-19,0.99965
2000-04-20,0.99965
2000-04-24,0.99965
2000-04-25,0.99965
2000-04-26,0.99965
2000-04-27,0.99965
2000-04-28,0.99965
2000-05-01,0.99965
2000-05-02,0.99965
2000-05-03,0.99965
2000-05-04,0.99965
2000-05-05,0.99965
2000-05-08,0.99965
2000-05-09,0.99965
2000-05-10,0.99965
2000-05-11,0.99965
2000-05-12,0.99965
2000-05-15,0.99965
2000-05-16,0.99965
2000-05-17,0.99965
2000-05-18,0.99965
2000-05-19,0.99965
2000-05-22,0.99965
2000-05-23,0.99965
2000-05-24,0.99965
2000-05-25,0.99965
2000-05-26,0.99965
2000-05-30,1.0009962022244474
2000-05-31,1.0018413193234106
2000-06-01,1.0029070635514485
2000-06-02,1.0050217059223636
2000-06-05,1.0043908766085365
2000-06-06,1.0040740647091555
2000-06-07,1.0042646510956716
2000-06-08,1.0035034131235478
2000-06-09,1.0034715502376654
2000-06-12,1.0037587031835862
2000-06-13,1.0039178908674204
2000-06-14,1.0041405249670647
2000-06-15,1.002997633541103
2000-06-16,1.0012683218076472
2000-06-19,1.0020145761488122
2000-06-20,1.000756230485248
2000-06-21,1.0008350207278018
2000-06-22,1.00005267355927
2000-06-23,0.999855866375846
2000-06-26,1.0000857357330206
2000-06-27,1.0000530242314802
2000-06-28,0.9996594877824877
2000-06-29,0.9992318933562307
2000-06-30,0.9984070058776151
2000-07-03,0.997610085889933
2000-07-05,0.9986456630165993
2000-07-06,0.9984136766263074
2000-07-07,0.9997418854800023
2000-07-10,0.9998733338245606
2000-07-11,1.0003660556663891
2000-07-12,1.0004314209733045
2000-07-13,1.0006603553460494
2000-07-14,1.0008235607959033
2000-07-17,0.9996498064335908
2000-07-18,0.9993536289547621
2000-07-19,0.9994855721181933
2000-07-20,1.0003749998011124
2000-07-21,0.9994915194550129
2000-07-24,0.9988326865500586
2000-07-25,0.9990644512127844
2000-07-26,0.9986348236029278
2000-07-27,0.9992316542857632
2000-07-28,0.9972513226766122
2000-07-31,0.9982900392506713
2000-08-01,0.9992542872213932
2000-08-02,1.0004424445318525
2000-08-03,1.0007369322295072
2000-08-04,1.0021077362782496
2000-08-07,1.0032062580720147
2000-08-08,1.0028537445055676
2000-08-09,1.0021470097742113
2000-08-10,1.0024053323524078
2000-08-11,1.0035657399481794
2000-08-14,1.0045883859391063
2000-08-15,1.0042078045599163
2000-08-16,1.00319019760012
2000-08-17,1.0039593201863137
2000-08-18,1.0038000172684503
2000-08-21,1.004150927400084
2000-08-22,1.0045327207318282
2000-08-23,1.0042154450984528
2000-08-24,1.0039610517456121
2000-08-25,1.0038336588358643
2000-08-28,1.004407657735112
2000-08-29,1.0038361317829847
2000-08-30,1.003931789299605
2000-08-31,1.0051109769039692
2000-09-01,1.0048582363536416
2000-09-05,1.004984902534198
2000-09-06,1.005301081336166
2000-09-07,1.0050486873178144
2000-09-08,1.0058072297380491
2000-09-11,1.0066242877750784
2000-09-12,1.0068116848263418
2000-09-13,1.0063750673848404
2000-09-14,1.0059369297226761
2000-09-15,1.0050578366290284
2000-09-18,1.0033511929774859
2000-09-19,1.0030949750885731
2000-09-20,1.00180863343103
2000-09-21,1.0014835526763743
2000-09-22,1.0030475148276339
2000-09-25,1.0033372911133116
2000-09-26,1.0031124044094963
2000-09-27,1.0031767987395006
2000-09-28,1.0058790892500513
2000-09-29,1.0056268237989785
2000-10-02,1.0059427692959526
2000-10-03,1.0060688830219993
2000-10-04,1.0061318461410682
2000-10-05,1.0063206053172344
2000-10-06,1.0041837043102568
2000-10-09,1.0040559166316836
2000-10-10,1.0032887406194029
2000-10-11,1.0021310464901143
2000-10-12,0.9991465030268353
2000-10-13,1.0010383973320198
2000-10-16,1.0011038931165375
2000-10-17,0.9999264203576167
2000-10-18,0.9994974365103692
2000-10-19,1.0014508029488258
2000-10-20,1.002233843121258
2000-10-23,1.0023311519090021
2000-10-24,1.0030117781488428
2000-10-25,1.0025925401438112
2000-10-26,1.002333811842434
2000-10-27,1.0045053553961685
2000-10-30,1.0075029653892709
2000-10-31,1.0087815418945407
2000-11-01,1.0072583606080834
2000-11-02,1.0068019190836908
2000-11-03,1.0049657391342468
2000-11-06,1.0063573055223638
2000-11-07,1.0080866265395716
2000-11-08,1.0107414658596678
2000-11-09,1.0087067032384551
2000-11-10,1.0070454363214982
2000-11-13,0.9989325717619348
2000-11-14,1.0026840232802052
2000-11-15,1.0042429974386962
2000-11-16,1.0005966399800752
2000-11-17,1.0033049950061301
2000-11-20,0.9977611583214259
2000-11-21,0.9972254382150737
2000-11-22,0.9951285896542877
2000-11-24,0.9972214639757869
2000-11-27,0.9974034197893135
2000-11-28,0.9959104183838682
2000-11-29,0.997231621068547
2000-11-30,0.9960811761464883
2000-12-01,0.9993839745729015
2000-12-04,0.9987075065768998
2000-12-05,0.9998002442064937
2000-12-06,0.9990047423469651
2000-12-07,0.9993723974946019
2000-12-08,1.0008189138140664
2000-12-11,1.0007444030631898
2000-12-12,1.000142174633799
2000-12-13,0.99979105475498
2000-12-14,0.9992613234027947
2000-12-15,0.9992557325023986
2000-12-18,1.0014320527759941
2000-12-19,1.0012317237715502
2000-12-20,1.0014926836649567
2000-12-21,1.0026724758821695
2000-12-22,1.0033864939471733
2000-12-26,1.0047848348639228
2000-12-27,1.0064519533061702
2000-12-28,1.0067445161221187
2000-12-29,1.0061917005112866
2001-01-02,1.0039430427778426
2001-01-03,1.0044927974111648
2001-01-04,0.9977095802975781
2001-01-05,0.9974664821102276
2001-01-08,1.000448466567673
2001-01-09,1.0019586099991038
2001-01-10,1.002608917916313
2001-01-11,0.9991136084058179
2001-01-12,0.9959804024506157
2001-01-16,0.9955302933234804
2001-01-17,0.9943382795592541
2001-01-18,0.9908686256081385
2001-01-19,0.9867905556063136
2001-01-22,0.9909559477870765
2001-01-23,0.9937158616540608
2001-01-24,0.9956720433374924
2001-01-25,0.9965184096821915
2001-01-26,0.9983892114119655
2001-01-29,0.999076298122532
2001-01-30,0.9977084016063305
2001-01-31,0.9971298730123046
2001-02-01,0.9987134477764246
2001-02-02,0.9975267472982878
2001-02-05,0.9960642562498068
2001-02-06,0.9957107411038761
2001-02-07,0.9967061770446445
2001-02-08,0.9964747250581041
2001-02-09,0.99552720437664
2001-02-12,0.9968143866328462
2001-02-13,0.9972374312715654
2001-02-14,0.9962958710369549
2001-02-15,0.9968220957881537
2001-02-16,0.9979897585102245
2001-02-20,0.9969766829903385
2001-02-21,0.9945449223367802
2001-02-22,0.9963205883929506
2001-02-23,0.9961597754244488
2001-02-26,1.001396869677781
2001-02-27,1.0010828608955036
2001-02-28,1.0013984738390929
2001-03-01,1.0002457658335153
2001-03-02,1.0008672651214725
2001-03-05,1.0009300021107388
2001-03-06,1.0038960900689442
2001-03-07,1.0046192083917975
2001-03-08,1.0031803323281994
2001-03-09,1.0017812342506036
2001-03-12,0.9957118269062736
2001-03-13,0.996287017300066
2001-03-14,0.992926920355273
2001-03-15,0.9911250119268383
2001-03-16,0.9869007109766491
2001-03-19,0.9865545781516047
2001-03-20,0.9864278154443584
2001-03-21,0.9813013773659435
2001-03-22,0.9787163970286578
2001-03-23,0.9829177146767893
2001-03-26,0.9841231866625103
2001-03-27,0.9873518042499515
2001-03-28,0.9846068859480767
2001-03-29,0.9857787781551566
2001-03-30,0.9852408741103355
2001-04-02,0.9819493061229017
2001-04-03,0.981163650609437
2001-04-04,0.980414824444574
2001-04-05,0.9811581781924412
2001-04-06,0.97893945830457
2001-04-09,0.9789488522541242
2001-04-10,0.9806566199866105
2001-04-11,0.9807741093558368
2001-04-12,0.9808382565810698
2001-04-16,0.9798281277382115
2001-04-17,0.9800397459916743
2001-04-18,0.9828271089466234
2001-04-19,0.9833750867622002
2001-04-20,0.9825025295492904
2001-04-23,0.9814477274240817
2001-04-24,0.9816522595253538
2001-04-25,0.9827152220874521
2001-04-26,0.9843010979772878
2001-04-27,0.9861272441914112
2001-04-30,0.9859002691862211
2001-05-01,0.9853857849112416
2001-05-02,0.9818704117900285
2001-05-03,0.9777238280828263
2001-05-04,0.9859925537962583
2001-05-07,0.9852145032297003
2001-05-08,0.9847822249000313
2001-05-09,0.9849579197675867
2001-05-10,0.988205826953583
2001-05-11,0.9850098453262623
2001-05-14,0.9891015043834352
2001-05-15,0.9899982781750812
2001-05-16,0.9990575347907128
2001-05-17,1.0003744028050727
2001-05-18,1.0016808650546867
2001-05-21,1.0028238099754343
2001-05-22,1.001684297910821
2001-05-23,0.9961916091781171
2001-05-24,0.9981609212385093
2001-05-25,0.9937371010827772
2001-05-29,0.9932901185222898
2001-05-30,0.9902215332238432
2001-05-31,0.9933650764524837
2001-06-01,0.9934745380419121
2001-06-04,0.9942845300749555
2001-06-05,0.9996896278013486
2001-06-06,0.998466046063976
2001-06-07,1.00271533723152
2001-06-08,1.0015099668655736
2001-06-11,0.9942854012623786
2001-06-12,0.995530824594736
2001-06-13,0.9953903810536813
2001-06-14,0.9871496199177526
2001-06-15,0.9831360620823244
2001-06-18,0.9841639361114527
2001-06-19,0.984063484301894
2001-06-20,0.9837003606344004
2001-06-21,0.9851941687737868
2001-06-22,0.9814013339443209
2001-06-25,0.9847947297872166
2001-06-26,0.9843194125844494
2001-06-27,0.9830967005388551
2001-06-28,0.9885552395636764
2001-06-29,0.9926263118612229
2001-07-02,0.996159184852362
2001-07-03,0.9922036288524774
2001-07-05,0.9857013555331076
2001-07-06,0.9798695904978559
2001-07-09,0.983888844097119
2001-07-10,0.9786307198211178
2001-07-11,0.969168387660361
2001-07-12,0.9824252335699131
2001-07-13,0.9864456261649284
2001-07-16,0.9840081106528562
2001-07-17,0.9894591990311835
2001-07-18,0.9881616509943405
2001-07-19,0.9875356129225537
2001-07-20,0.9889083093461629
2001-07-23,0.9866218066992043
2001-07-24,0.973335507596342
2001-07-25,0.9768811057630036
2001-07-26,0.988471475625901
2001-07-27,0.9881217873598898
2001-07-30,0.9863667110292416
2001-07-31,0.9866638550343991
2001-08-01,0.9843296532752172
2001-08-02,0.9829878190471507
2001-08-03,0.9813936394101553
2001-08-06,0.9761810003365913
2001-08-07,0.978457855635191
2001-08-08,0.9738255451361381
2001-08-09,0.9748079614639659
2001-08-10,0.9786671015638391
2001-08-13,0.9782064436812953
2001-08-14,0.978114772727969
2001-08-15,0.9752181641041363
2001-08-16,0.9775842114025469
2001-08-17,0.9711035190841601
2001-08-20,0.9743147433503534
2001-08-21,0.9712149666736235
2001-08-22,0.97317264659067
2001-08-23,0.97277367794234
2001-08-24,0.978611373283942
2001-08-27,0.9780267248613197
2001-08-28,0.9727706118595052
2001-08-29,0.9664081721433989
2001-08-30,0.959472227722941
2001-08-31,0.9638702185694465
2001-09-04,0.9629652403910249
2001-09-05,0.9606485116475824
2001-09-06,0.9583067831758058
2001-09-07,0.9588008552951854
2001-09-10,0.9578405137109897
2001-09-17,0.9521849901920962
2001-09-18,0.953221754752787
2001-09-19,0.9513610187011552
2001-09-20,0.9471653641659001
2001-09-21,0.9479127428072588
2001-09-24,0.9531876351600895
2001-09-25,0.9538181636029733
2001-09-26,0.9504260327972841
2001-09-27,0.9492153798760129
2001-09-28,0.9513296323679094
2001-10-01,0.9507514597041101
2001-10-02,0.9511768742629848
2001-10-03,0.9517031883975791
2001-10-04,0.9514675932449903
2001-10-05,0.9516144627320086
2001-10-08,0.9519359872457507
2001-10-09,0.9518567329935661
2001-10-10,0.9523050642747228
2001-10-11,0.9523334005672194
2001-10-12,0.9515488240293984
2001-10-15,0.951793455430629
2001-10-16,0.9527129557687437
2001-10-17,0.9519637828335289
2001-10-18,0.9514692403846161
2001-10-19,0.9523690826818126
2001-10-22,0.9524184275054114
2001-10-23,0.9514832609115779
2001-10-24,0.9512690155686067
2001-10-25,0.9518082689139931
2001-10-26,0.9519557360248089
2001-10-29,0.9512502995488991
2001-10-30,0.9508198691977925
2001-10-31,0.9515931309178289
2001-11-01,0.9518399870931136
2001-11-02,0.9522679308915185
2001-11-05,0.9530360915777877
2001-11-06,0.9531964725018438
2001-11-07,0.9525734387242657
2001-11-08,0.9521003500877367
2001-11-09,0.9518920044694813
2001-11-12,0.9516010376287745
2001-11-13,0.9513694342435912
2001-11-14,0.9505296677337306
2001-11-15,0.9503231872593074
2001-11-16,0.9505305991911635
2001-11-19,0.9512782963354912
2001-11-20,0.9522206510234155
2001-11-21,0.9518207225979829
2001-11-23,0.9521999366944988
2001-11-26,0.9520365799783163
2001-11-27,0.9521259149103439
2001-11-28,0.9520467292107967
2001-11-29,0.9523509526003132
2001-11-30,0.9522544709002786
2001-12-03,0.9517956157446914
2001-12-04,0.9537217913927133
2001-12-05,0.9623622516431977
2001-12-06,0.9600507512314645
2001-12-07,0.957143408032787
2001-12-10,0.9566097931697544
2001-12-11,0.9538295828499912
2001-12-12,0.9518102345815047
2001-12-13,0.9547649298224754
2001-12-14,0.9559662082688394
2001-12-17,0.9570763424413875
2001-12-18,0.9592844141892688
2001-12-19,0.9629787104085793
2001-12-20,0.9607359273130913
2001-12-21,0.9608071743386006
2001-12-24,0.9655924760015284
2001-12-26,0.9738449050782259
2001-12-27,0.9789202527592825
2001-12-28,0.9783636092814738
2001-12-31,0.9719010131114357
2002-01-02,0.9685570695845821
2002-01-03,0.9804918283749082
2002-01-04,0.984114343707646
2002-01-07,0.9775518771752383
2002-01-08,0.9746972788085867
2002-01-09,0.9717744143703786
2002-01-10,0.9702611151755919
2002-01-11,0.9658182101763738
2002-01-14,0.9585769935558635
2002-01-15,0.9609973371319737
2002-01-16,0.9529223292311418
2002-01-17,0.9582048451493935
2002-01-18,0.9541189220367325
2002-01-22,0.9527930595542864
2002-01-23,0.9543539393738147
2002-01-24,0.9545403966622997
2002-01-25,0.9580381770812428
2002-01-28,0.9591912046662542
2002-01-29,0.9528115409177669
2002-01-30,0.9575470225059538
2002-01-31,0.961113112569768
2002-02-01,0.9565138317260931
2002-02-04,0.9527637604955606
2002-02-05,0.94866298367145
2002-02-06,0.9435693372379215
2002-02-07,0.9407409358274433
2002-02-08,0.9449476490547647
2002-02-11,0.9486071865326751
2002-02-12,0.9486377716111193
2002-02-13,0.95118663555305
2002-02-14,0.950843596748925
2002-02-15,0.9515549894088442
2002-02-19,0.9471756139813892
2002-02-20,0.9488984791280232
2002-02-21,0.9483128737756242
2002-02-22,0.9485951205438283
2002-02-25,0.9546936567347477
2002-02-26,0.9586641779977781
2002-02-27,0.9604194519184978
2002-02-28,0.961535269022763
2002-03-01,0.9644302129466038
2002-03-04,0.9679610545257558
2002-03-05,0.9648766408987065
2002-03-06,0.968208483518672
2002-03-07,0.9655556255847687
2002-03-08,0.9645993643786644
2002-03-11,0.9642393190134653
2002-03-12,0.9635598911847131
2002-03-13,0.9626454460065436
2002-03-14,0.9621815318937456
2002-03-15,0.962042782827403
2002-03-18,0.9607607889617188
2002-03-19,0.9623500901393333
2002-03-20,0.9590595473986699
2002-03-21,0.957331183645262
2002-03-22,0.9599551458193403
2002-03-25,0.9577653130834265
2002-03-26,0.9627460863876433
2002-03-27,0.9625755844510958
2002-03-28,0.9623365373512096
2002-04-01,0.959858651307994
2002-04-02,0.9591420549493281
2002-04-03,0.953578439897872
2002-04-04,0.9544209809820478
2002-04-05,0.9553872136472027
2002-04-08,0.9601982670397201
2002-04-09,0.9606230734769489
2002-04-10,0.9732412778827066
2002-04-11,0.9649078609385676
2002-04-12,0.9677464356462749
2002-04-15,0.9659274923397615
2002-04-16,0.9816073355763233
2002-04-17,0.9824556207266344
2002-04-18,0.9793830571167166
2002-04-19,0.9815054759544348
2002-04-22,0.9740039528706417
2002-04-23,0.9709415712360128
2002-04-24,0.9703722368242872
2002-04-25,0.9675897481493562
2002-04-26,0.9635872735193697
2002-04-29,0.958427217783072
2002-04-30,0.9682371915137534
2002-05-01,0.9735683673723199
2002-05-02,0.9747811988161945
2002-05-03,0.9738506363499491
2002-05-06,0.9655310854296303
2002-05-07,0.9648065365032698
2002-05-08,0.97361753695677
2002-05-09,0.9700947074275805
2002-05-10,0.9631579770874895
2002-05-13,0.9690697421693343
2002-05-14,0.9783284660965805
2002-05-15,0.9766923868850695
2002-05-16,0.9778398989507494
2002-05-17,0.9796939590185961
2002-05-20,0.9762508370513029
2002-05-21,0.9723950086900357
2002-05-22,0.9722047093941891
2002-05-23,0.9805292746251336
2002-05-24,0.9755948264036435
2002-05-28,0.9732246033472458
2002-05-29,0.9704415219226676
2002-05-30,0.9676008912241406
2002-05-31,0.9679094749640776
2002-06-03,0.9592169263290439
2002-06-04,0.9590160254250094
2002-06-05,0.9624317013959743
2002-06-06,0.9554347037401832
2002-06-07,0.9550368925789976
2002-06-10,0.9563627846102141
2002-06-11,0.9509552350643903
2002-06-12,0.9514557566709203
2002-06-13,0.9447092659072867
2002-06-14,0.9439061442510815
2002-06-17,0.9547640491379177
2002-06-18,0.9563816519064947
2002-06-19,0.9514506479530245
2002-06-20,0.948205883657563
2002-06-21,0.9418211800109721
2002-06-24,0.9386460860402195
2002-06-25,0.9340363402709083
2002-06-26,0.9300388739561709
2002-06-27,0.9389284015914845
2002-06-28,0.9397625608776778
2002-07-01,0.9333296430218309
2002-07-02,0.9317849526895504
2002-07-03,0.9312372419671896
2002-07-05,0.9322216893093156
2002-07-08,0.9321363607554509
2002-07-09,0.9320114159567056
2002-07-10,0.9305223435839554
2002-07-11,0.9295880059397275
2002-07-12,0.9291976550931281
2002-07-15,0.9281542219419561
2002-07-16,0.9276774523966052
2002-07-17,0.9278996418619138
2002-07-18,0.9268546667075293
2002-07-19,0.9246846346056039
2002-07-22,0.9230465054737904
2002-07-23,0.922207794535021
2002-07-24,0.924278234904117
2002-07-25,0.92513379309691
2002-07-26,0.9262203246872869
2002-07-29,0.9280349365959459
2002-07-30,0.928483038457071
2002-07-31,0.9285635977909671
2002-08-01,0.9278795010667974
2002-08-02,0.9271239280505335
2002-08-05,0.9261739547751149
2002-08-06,0.9265491786477293
2002-08-07,0.927189819936177
2002-08-08,0.9284086856481677
2002-08-09,0.9285287378371518
2002-08-12,0.9287516604546073
2002-08-13,0.9279551807884302
2002-08-14,0.9285820172471105
2002-08-15,0.9285459466520003
2002-08-16,0.9290298664469182
2002-08-19,0.9286998687996664
2002-08-20,0.9282889719184211
2002-08-21,0.9285568635565393
2002-08-22,0.9285401131677243
2002-08-23,0.9285781492843861
2002-08-26,0.9286415964316707
2002-08-27,0.928457148832782
2002-08-28,0.9288814275036867
2002-08-29,0.9289163072537194
2002-08-30,0.9292654914018729
2002-09-03,0.9282400893632561
2002-09-04,0.9281117008519727
2002-09-05,0.9280269099433291
2002-09-06,0.927945042417064
2002-09-09,0.9282157755815656
2002-09-10,0.9281277642466138
2002-09-11,0.928096541374302
2002-09-12,0.9276144541993748
2002-09-13,0.9279884819606744
2002-09-16,0.9283310767881918
2002-09-17,0.9280231718860603
2002-09-18,0.9274613395821371
2002-09-19,0.9267891843171454
2002-09-20,0.9271008176964328
2002-09-23,0.9267436838012046
2002-09-24,0.9262970488881386
2002-09-25,0.927083901308609
2002-09-26,0.9279547757816786
2002-09-27,0.9277533858063665
2002-09-30,0.9278478150820966
2002-10-01,0.9279988334445933
2002-10-02,0.9279175057280067
2002-10-03,0.9282034347131511
2002-10-04,0.9272310583674401
2002-10-07,0.9263845088370787
2002-10-08,0.9271885387176377
2002-10-09,0.9264326364881984
2002-10-10,0.9274309028702075
2002-10-11,0.9280740965551951
2002-10-14,0.9287301127813069
2002-10-15,0.9282099590505142
2002-10-16,0.9279627887675381
2002-10-17,0.928092706512851
2002-10-18,0.927788402168604
2002-10-21,0.9281953852321659
2002-10-22,0.9278229218617787
2002-10-23,0.9286119717973542
2002-10-24,0.9280429769666847
2002-10-25,0.9286706493838209
2002-10-28,0.9279900253585336
2002-10-29,0.9276374637515193
2002-10-30,0.9279417445194134
2002-10-31,0.927758973055796
2002-11-01,0.9281379209182326
2002-11-04,0.9280482661831221
2002-11-05,0.9298735165550671
2002-11-06,0.9315243001035215
2002-11-07,0.9257521711560248
2002-11-08,0.921559809617133
2002-11-11,0.9161123919192732
2002-11-12,0.9199601976781844
2002-11-13,0.921003218266387
2002-11-14,0.9260786302188387
2002-11-15,0.9301787131201953
2002-11-18,0.9260343278125659
2002-11-19,0.9236739142559954
2002-11-20,0.9279378003718163
2002-11-21,0.9342291376215004
2002-11-22,0.9316265867296182
2002-11-25,0.9301820072524695
2002-11-26,0.9196047239722474
2002-11-27,0.9299081223007226
2002-11-29,0.928291432066781
2002-12-02,0.9279602413953983
2002-12-03,0.9185637366164522
2002-12-04,0.914922468311349
2002-12-05,0.9090718046488983
2002-12-06,0.9156382436939825
2002-12-09,0.9017044079120754
2002-12-10,0.9090073415731087
2002-12-11,0.909598260506349
2002-12-12,0.909329579017179
2002-12-13,0.8978120047128821
2002-12-16,0.9097074641622835
2002-12-17,0.9064185400937703
2002-12-18,0.8967534014752894
2002-12-19,0.8957020935831259
2002-12-20,0.9007661321103299
2002-12-23,0.9030367967163648
2002-12-24,0.9020263206960688
2002-12-26,0.8986893595419464
2002-12-27,0.8916242616132594
2002-12-30,0.8940942379043676
2002-12-31,0.8934822616071013
2003-01-02,0.9058981112842273
2003-01-03,0.9071678711293198
2003-01-06,0.9143343964280887
2003-01-07,0.9142569926073592
2003-01-08,0.9099336510425754
2003-01-09,0.9162484104689842
2003-01-10,0.9180199560893315
2003-01-13,0.9160723364048945
2003-01-14,0.9157074832750478
2003-01-15,0.9120996654100325
2003-01-16,0.9125287338987718
2003-01-17,0.9075645555020282
2003-01-21,0.8996075799499429
2003-01-22,0.9020707454882493
2003-01-23,0.9062910899580804
2003-01-24,0.8978744433630796
2003-01-27,0.8905830701275974
2003-01-28,0.893903508274945
2003-01-29,0.8974412012808556
2003-01-30,0.890589133830361
2003-01-31,0.8941557496128625
2003-02-03,0.8963784426856369
2003-02-04,0.8960558164621466
2003-02-05,0.895280881880117
2003-02-06,0.8933829875627065
2003-02-07,0.8922007449895645
2003-02-10,0.89381335036467
2003-02-11,0.893324523704997
2003-02-12,0.8921741660200183
2003-02-13,0.8913189938869175
2003-02-14,0.8935335510075965
2003-02-18,0.8964914413413992
2003-02-19,0.8954141640928989
2003-02-20,0.8954370236225655
2003-02-21,0.8972144932344556
2003-02-24,0.8965399932817764
2003-02-25,0.8952896456827072
2003-02-26,0.8954536138477779
2003-02-27,0.8960351901314405
2003-02-28,0.8975003124891359
2003-03-03,0.896923767150415
2003-03-04,0.8909378829325201
2003-03-05,0.888956204046944
2003-03-06,0.8889483198364012
2003-03-07,0.8889133968160553
2003-03-10,0.8809255841332329
2003-03-11,0.8795751175162771
2003-03-12,0.8807771104843605
2003-03-13,0.8936571423478
2003-03-14,0.8957564204632477
2003-03-17,0.9038907638503898
2003-03-18,0.9117623612490366
2003-03-19,0.9102027806428887
2003-03-20,0.9139698159852453
2003-03-21,0.9188517140258652
2003-03-24,0.9090330289473245
2003-03-25,0.9236084710810069
2003-03-26,0.9163556290326492
2003-03-27,0.9152378725520773
2003-03-28,0.9168729012283285
2003-03-31,0.9129129373779091
2003-04-01,0.9152179829372703
2003-04-02,0.9284230670051755
2003-04-03,0.9275119578660005
2003-04-04,0.9204451233191635
2003-04-07,0.9198973658792
2003-04-08,0.9139870190531147
2003-04-09,0.910667415342003
2003-04-10,0.9133227084352907
2003-04-11,0.9128608000391898
2003-04-14,0.9202431497320179
2003-04-15,0.9248634070482594
2003-04-16,0.9209610036499896
2003-04-17,0.9284440885633902
2003-04-21,0.9269253151675013
2003-04-22,0.9358995661949053
2003-04-23,0.9389032176846455
2003-04-24,0.9347013046529071
2003-04-25,0.9318513952284504
2003-04-28,0.9384623447455542
2003-04-29,0.9415435869258132
2003-04-30,0.9472583719707506
2003-05-01,0.9486195013464688
2003-05-02,0.9604405519108193
2003-05-05,0.9663534529390927
2003-05-06,0.9727417624728568
2003-05-07,0.9654626455185259
2003-05-08,0.9632472024466012
2003-05-09,0.978468862280196
2003-05-12,1.001666351970867
2003-05-13,0.9987774800262382
2003-05-14,1.005286046050053
2003-05-15,1.0122984278890335
2003-05-16,1.0179183924893946
2003-05-19,0.9971165182845985
2003-05-20,0.9896145572538647
2003-05-21,1.0075926964076893
2003-05-22,1.028907296670333
2003-05-23,1.0361397365614287
2003-05-27,1.0661008851514173
2003-05-28,1.0704629421261107
2003-05-29,1.08567476440395
2003-05-30,1.0993546339827922
2003-06-02,1.0973898959519108
2003-06-03,1.09433356083364
2003-06-04,1.1120973511629186
2003-06-05,1.1185755386971
2003-06-06,1.1004459107878286
2003-06-09,1.0784179874630413
2003-06-10,1.0863625744910739
2003-06-11,1.1151521544914955
2003-06-12,1.1266450463590243
2003-06-13,1.106894057787506
2003-06-16,1.1103724196915898
2003-06-17,1.112795790097189
2003-06-18,1.1225618878868189
2003-06-19,1.1098105184497322
2003-06-20,1.0994185210771634
2003-06-23,1.0663052017110723
2003-06-24,1.0635987338780453
2003-06-25,1.061399378296868
2003-06-26,1.070412041044998
2003-06-27,1.076800712068743
2003-06-30,1.0806824327247608
2003-07-01,1.104861956651242
2003-07-02,1.1313179379903342
2003-07-03,1.1299277859292962
2003-07-07,1.1616367643023389
2003-07-08,1.1884846932972857
2003-07-09,1.1964431051015163
2003-07-10,1.1637648880187703
2003-07-11,1.159861289493062
2003-07-14,1.1842841578633534
2003-07-15,1.174974008526949
2003-07-16,1.175747753398084
2003-07-17,1.1246901071945534
2003-07-18,1.1344520269178648
2003-07-21,1.1143505647958496
2003-07-22,1.1299888261488549
2003-07-23,1.1489925437371924
2003-07-24,1.1502508871952601
2003-07-25,1.1641371186373566
2003-07-28,1.1810518512410964
2003-07-29,1.1516483204199988
2003-07-30,1.1580796198705827
2003-07-31,1.165215180596806
2003-08-01,1.1295293496661079
2003-08-04,1.1276129620408146
2003-08-05,1.1105575574102835
2003-08-06,1.0610806574034812
2003-08-07,1.0548952598914911
2003-08-08,1.0549090800710996
2003-08-11,1.0713454988862796
2003-08-12,1.087424031271672
2003-08-13,1.1037032609313335
2003-08-14,1.093160860205443
2003-08-15,1.095511948886538
2003-08-18,1.1212573181519163
2003-08-19,1.1292471759106617
2003-08-20,1.1343301542136939
2003-08-21,1.1383132070749256
2003-08-22,1.1320686363270176
2003-08-25,1.1234355208826032
2003-08-26,1.1204431122607672
2003-08-27,1.1375255216627185
2003-08-28,1.1413430851737927
2003-08-29,1.155548264998571
2003-09-02,1.1685651453831403
2003-09-03,1.1647824808041098
2003-09-04,1.1753005495375564
2003-09-05,1.1620697319115798
2003-09-08,1.1674179911734717
2003-09-09,1.1553647766124462
2003-09-10,1.1327141186839726
2003-09-11,1.1369232387519788
2003-09-12,1.1431735366691778
2003-09-15,1.1391858802092232
2003-09-16,1.1527086077558422
2003-09-17,1.1501889396854545
2003-09-18,1.1633334733075034
2003-09-19,1.1728517527800633
2003-09-22,1.1618622373899798
2003-09-23,1.1769250719556608
2003-09-24,1.140970717623681
2003-09-25,1.1228407731228598
2003-09-26,1.0934889179125051
2003-09-29,1.10408401271711
2003-09-30,1.0968653358749765
2003-10-01,1.1129163716023602
2003-10-02,1.1221352784784817
2003-10-03,1.1521548927629777
2003-10-06,1.1717049620974613
2003-10-07,1.1958891135357936
2003-10-08,1.191886096793309
2003-10-09,1.1817896737766251
2003-10-10,1.185964846210447
2003-10-13,1.2000273235016303
2003-10-14,1.2009773610858334
2003-10-15,1.190491611897045
2003-10-16,1.200550009783644
2003-10-17,1.1731759435288747
2003-10-20,1.1833469241823538
2003-10-21,1.2037381568136847
2003-10-22,1.1582268620358405
2003-10-23,1.1582101320318363
2003-10-24,1.1639385902868615
2003-10-27,1.175495295682249
2003-10-28,1.1989690288216361
2003-10-29,1.2041071485273167
2003-10-30,1.2010307435436005
2003-10-31,1.197666423224778
2003-11-03,1.2200434801040816
2003-11-04,1.2369697439711045
2003-11-05,1.245143604485329
2003-11-06,1.2543967636964535
2003-11-07,1.2484645098821996
2003-11-10,1.2299479507373574
2003-11-11,1.2192926868585383
2003-11-12,1.2556795313900575
2003-11-13,1.2583522304656365
2003-11-14,1.2380428072466545
2003-11-17,1.22306341712705
2003-11-18,1.2002687663819323
2003-11-19,1.2177318075902899
2003-11-20,1.2117680810577447
2003-11-21,1.2119529368908446
2003-11-24,1.2509061343207009
2003-11-25,1.2603622022089593
2003-11-26,1.2649250842399091
2003-11-28,1.2770125262796015
2003-12-01,1.3040786124355617
2003-12-02,1.3092062302216003
2003-12-03,1.2793807038595666
2003-12-04,1.250382364949422
2003-12-05,1.2384037496924767
2003-12-08,1.2515944756642678
2003-12-09,1.228646582448738
2003-12-10,1.2072430068067626
2003-12-11,1.2452458004874993
2003-12-12,1.249963383602219
2003-12-15,1.2353001605056526
2003-12-16,1.2191985850947447
2003-12-17,1.209384052022966
2003-12-18,1.244270244988398
2003-12-19,1.2318727994306142
2003-12-22,1.2293881947586351
2003-12-23,1.2388215693832523
2003-12-24,1.2367466694478453
2003-12-26,1.2471401118461318
2003-12-29,1.2685397876562394
2003-12-30,1.2673222745597514
2003-12-31,1.253806779811121
2004-01-02,1.261629590615808
2004-01-05,1.2824620750923699
2004-01-06,1.2986277366965762
2004-01-07,1.3148082291947938
2004-01-08,1.3350905571696075
2004-01-09,1.3807002872044454
2004-01-12,1.3962672595748067
2004-01-13,1.3701535404488348
2004-01-14,1.4214103754379632
2004-01-15,1.410943753750243
2004-01-16,1.4428631123460056
2004-01-20,1.45459585299117
2004-01-21,1.4412639831805159
2004-01-22,1.4128095616349678
2004-01-23,1.4052345188076363
2004-01-26,1.4507936052372896
2004-01-27,1.4260639022142336
2004-01-28,1.396298278242886
2004-01-29,1.387429943070471
2004-01-30,1.3870385643338878
2004-02-02,1.3912020202262068
2004-02-03,1.3691818224825492
2004-02-04,1.341215992951844
2004-02-05,1.3667734766529291
2004-02-06,1.4047850831051127
2004-02-09,1.413439496761069
2004-02-10,1.4275901021289235
2004-02-11,1.4616396431936562
2004-02-12,1.4746201850086227
2004-02-13,1.4554292235849913
2004-02-17,1.4771079019031423
2004-02-18,1.472491931152587
2004-02-19,1.4393231889897624
2004-02-20,1.432377867154782
2004-02-23,1.4006675460626836
2004-02-24,1.3969391742211812
2004-02-25,1.4294903950173232
2004-02-26,1.4368629897586722
2004-02-27,1.4614228443822832
2004-03-01,1.4969336461275293
2004-03-02,1.4961492970509087
2004-03-03,1.4965121766631053
2004-03-04,1.5132205680003068
2004-03-05,1.5191366492454579
2004-03-08,1.5179056263304587
2004-03-09,1.4963227382747661
2004-03-10,1.463122389149715
2004-03-11,1.437072005982004
2004-03-12,1.4650266435402015
2004-03-15,1.4170961689921047
2004-03-16,1.4136942037128257
2004-03-17,1.4581154630191258
2004-03-18,1.4677659764330506
2004-03-19,1.4518700941574485
2004-03-22,1.4278186836018585
2004-03-23,1.409154473962576
2004-03-24,1.4075941973607506
2004-03-25,1.457204004921355
2004-03-26,1.4752028316726662
2004-03-29,1.5096577814378438
2004-03-30,1.5419812081988398
2004-03-31,1.530066504110689
2004-04-01,1.541289128185696
2004-04-02,1.548024372413561
2004-04-05,1.5414581549546242
2004-04-06,1.5419669840367967
2004-04-07,1.5386332166300127
2004-04-08,1.5367166768672718
2004-04-12,1.5368382232720819
2004-04-13,1.5060133010551833
2004-04-14,1.4984767221944477
2004-04-15,1.5008778286870328
2004-04-16,1.525330706814688
2004-04-19,1.5291550611741893
2004-04-20,1.4761042726310722
2004-04-21,1.4875468060308847
2004-04-22,1.5081065784504166
2004-04-23,1.5037562949829555
2004-04-26,1.5006785167662933
2004-04-27,1.4956308480081018
2004-04-28,1.4710631775070366
2004-04-29,1.455445796447957
2004-04-30,1.4470141798609182
2004-05-03,1.4661936542745593
2004-05-04,1.4665684504844458
2004-05-05,1.4718174062921816
2004-05-06,1.4622312965593323
2004-05-07,1.4502087590299535
2004-05-10,1.4333797512315305
2004-05-11,1.4455053071366353
2004-05-12,1.4468700282936398
2004-05-13,1.4455235229458594
2004-05-14,1.4457779921488114
2004-05-17,1.4335221418960247
2004-05-18,1.4419346196490122
2004-05-19,1.4365001306755847
2004-05-20,1.44204091585941
2004-05-21,1.4481014997595283
2004-05-24,1.4540896837153143
2004-05-25,1.4685177236549332
2004-05-26,1.4712869664502466
2004-05-27,1.4740684028578297
2004-05-28,1.4755766808841233
2004-06-01,1.4792661714016713
2004-06-02,1.493478989388075
2004-06-03,1.4611031555437002
2004-06-04,1.4733713902145864
2004-06-07,1.506824758319087
2004-06-08,1.5142587973536832
2004-06-09,1.4917375408392395
2004-06-10,1.4865002410484582
2004-06-14,1.4775987945885785
2004-06-15,1.4926543514607638
2004-06-16,1.500151276763708
2004-06-17,1.4904266722535158
2004-06-18,1.4890259391747769
2004-06-21,1.490898759928861
2004-06-22,1.4984433185572767
2004-06-23,1.528913979586091
2004-06-24,1.522748300990164
2004-06-25,1.5267323417542542
2004-06-28,1.5303444158900468
2004-06-29,1.5403451258462044
2004-06-30,1.5421648416257971
2004-07-01,1.530407746377174
2004-07-02,1.5234235677800028
2004-07-06,1.5017222318026497
2004-07-07,1.516935475101992
2004-07-08,1.4852929322833155
2004-07-09,1.4839224456873965
2004-07-12,1.4754512425582835
2004-07-13,1.4747001657838892
2004-07-14,1.4681513414246488
2004-07-15,1.4653448948558099
2004-07-16,1.4404857146079786
2004-07-19,1.4390046565622918
2004-07-20,1.478336513106872
2004-07-21,1.428982139389698
2004-07-22,1.4281498418993854
2004-07-23,1.4105611913495368
2004-07-26,1.3881358661395866
2004-07-27,1.42122284876307
2004-07-28,1.420512535378659
2004-07-29,1.4241278752184086
2004-07-30,1.426426654985067
2004-08-02,1.4255491304418184
2004-08-03,1.4223980429782555
2004-08-04,1.4159939678610487
2004-08-05,1.3968564092638112
2004-08-06,1.3731881431662818
2004-08-09,1.3824620329216175
2004-08-10,1.395992202552532
2004-08-11,1.3908287419608016
2004-08-12,1.377748489900359
2004-08-13,1.3778191132150317
2004-08-16,1.3938756271660808
2004-08-17,1.3892786169658036
2004-08-18,1.4002110297677313
2004-08-19,1.3964412205208805
2004-08-20,1.4094406423766666
2004-08-23,1.4012105093841227
2004-08-24,1.4032906213846992
2004-08-25,1.4091255293262315
2004-08-26,1.4049951216010836
2004-08-27,1.4073973609038137
2004-08-30,1.4001817154984544
2004-08-31,1.4077525692365933
2004-09-01,1.4081294906654984
2004-09-02,1.4220746523870784
2004-09-03,1.41903912888729
2004-09-07,1.425996799235358
2004-09-08,1.4227866058449363
2004-09-09,1.4251183328881831
2004-09-10,1.4279687961802388
2004-09-13,1.426778461680004
2004-09-14,1.4242224496126252
2004-09-15,1.4206013866959266
2004-09-16,1.4281624233637136
2004-09-17,1.4331200153208454
2004-09-20,1.42962512797409
2004-09-21,1.4365097640424478
2004-09-22,1.4244251659962994
2004-09-23,1.4180350569052735
2004-09-24,1.4189644476525023
2004-09-27,1.4137189336224751
2004-09-28,1.422474931666113
2004-09-29,1.425087949104455
2004-09-30,1.4277261349826735
2004-10-01,1.4416129942031874
2004-10-04,1.4530405989073367
2004-10-05,1.4525904281992277
2004-10-06,1.463153269123034
2004-10-07,1.4541025210308918
2004-10-08,1.4486976299935275
2004-10-11,1.4498515863200991
2004-10-12,1.447975674904839
2004-10-13,1.4246204067629276
2004-10-14,1.4244532557102416
2004-10-15,1.4317957211053407
2004-10-18,1.4336294151329172
2004-10-19,1.4136594572200083
2004-10-20,1.4142423113100582
2004-10-21,1.4176417684136096
2004-10-22,1.4097720352268248
2004-10-25,1.415262075699641
2004-10-26,1.429852151566544
2004-10-27,1.4393308398393283
2004-10-28,1.4361160587792257
2004-10-29,1.4446887575020453
2004-11-01,1.453185044861225
2004-11-02,1.453597328007297
2004-11-03,1.457373592785132
2004-11-04,1.4783001601574703
2004-11-05,1.4924835062618271
2004-11-08,1.5160558973380485
2004-11-09,1.5094961685695154
2004-11-10,1.519223014948439
2004-11-11,1.5365280409938724
2004-11-12,1.5593166436028643
2004-11-15,1.5698935144061514
2004-11-16,1.5625592771231416
2004-11-17,1.5589855123379215
2004-11-18,1.5715693765146983
2004-11-19,1.539222143218338
2004-11-22,1.544992651620154
2004-11-23,1.544622868738116
2004-11-24,1.5549284558260368
2004-11-26,1.5431113010270863
2004-11-29,1.5695653338006923
2004-11-30,1.5840690998212956
2004-12-01,1.6314963034379526
2004-12-02,1.626015520450583
2004-12-03,1.6457838207754334
2004-12-06,1.6347187030814272
2004-12-07,1.5907589890106124
2004-12-08,1.5891308885683282
2004-12-09,1.6015251954098657
2004-12-10,1.6174553293379565
2004-12-13,1.645714696290938
2004-12-14,1.6374311728535447
2004-12-15,1.6546544858322545
2004-12-16,1.6424619150357211
2004-12-17,1.6400570940714312
2004-12-20,1.633991827042732
2004-12-21,1.642364224960261
2004-12-22,1.647702827531167
2004-12-23,1.6454349747924784
2004-12-27,1.63495997339153
2004-12-28,1.665759645466979
2004-12-29,1.6720080072830066
2004-12-30,1.681008418073691
2004-12-31,1.6742781895279968
2005-01-03,1.6282138788654452
2005-01-04,1.5813418110675175
2005-01-05,1.5605413758755293
2005-01-06,1.5501213333987958
2005-01-07,1.534094974404714
2005-01-10,1.5375446305619216
2005-01-11,1.4769118099682346
2005-01-12,1.472852316406758
2005-01-13,1.4806195408599154
2005-01-14,1.4988612251482123
2005-01-18,1.5153901313285876
2005-01-19,1.4893944645079422
2005-01-20,1.4879565832742474
2005-01-21,1.4898402234660508
2005-01-24,1.4588911760517247
2005-01-25,1.4637203440701652
2005-01-26,1.4923183268872395
2005-01-27,1.468072998208743
2005-01-28,1.465877994069359
2005-01-31,1.487429576701975
2005-02-01,1.4869296769685876
2005-02-02,1.490503818241663
2005-02-03,1.4948945180826594
2005-02-04,1.5215310619950706
2005-02-07,1.516415687247774
2005-02-08,1.529727193523717
2005-02-09,1.4943349492234381
2005-02-10,1.5066194811246052
2005-02-11,1.5177572358809808
2005-02-14,1.5351965631452449
2005-02-15,1.535051590740055
2005-02-16,1.5454141680106295
2005-02-17,1.5343787966489784
2005-02-18,1.5333262337831253
2005-02-22,1.4968228642278911
2005-02-23,1.509116440607629
2005-02-24,1.5301778566499395
2005-02-25,1.5520883483347836
2005-02-28,1.5434935440710889
2005-03-01,1.5525686104889953
2005-03-02,1.556964070007924
2005-03-03,1.5619379796738078
2005-03-04,1.5860085200322864
2005-03-07,1.585275302738526
2005-03-08,1.5635535678172918
2005-03-09,1.5381691746368626
2005-03-10,1.5249971486341558
2005-03-11,1.5350260589169225
2005-03-14,1.5353609850103773
2005-03-15,1.5298696350033272
2005-03-16,1.5192123044603774
2005-03-17,1.528035247119673
2005-03-18,1.5213126682931635
2005-03-21,1.5224830127947726
2005-03-22,1.5174101941967681
2005-03-23,1.5087307345039038
2005-03-24,1.5115748354619791
2005-03-28,1.5106319206100547
2005-03-29,1.4817032396564276
2005-03-30,1.5071538672016145
2005-03-31,1.5052345042674775
2005-04-01,1.5119331855966003
2005-04-04,1.5116537653084414
2005-04-05,1.512591110877678
2005-04-06,1.5198930374206563
2005-04-07,1.518911434607021
2005-04-08,1.5020714612596997
2005-04-11,1.5053582447826594
2005-04-12,1.5049171313747403
2005-04-13,1.4855919968739126
2005-04-14,1.4753774424126858
2005-04-15,1.440053933427641
2005-04-18,1.447718714617917
2005-04-19,1.4741012221871126
2005-04-20,1.4527410006341968
2005-04-21,1.4778645399582304
2005-04-22,1.4604595270747531
2005-04-25,1.4806272620603567
2005-04-26,1.4664838050192015
2005-04-27,1.4611204035702827
2005-04-28,1.44256470644056
2005-04-29,1.4433977989517048
2005-05-02,1.4537003646162827
2005-05-03,1.4534068546326282
2005-05-04,1.4661991359585096
2005-05-05,1.4633110724119902
2005-05-06,1.46719186149428
2005-05-09,1.4738704775751026
2005-05-10,1.4658582507049858
2005-05-11,1.4672074880421064
2005-05-12,1.4554940424089675
2005-05-13,1.4454818564686311
2005-05-16,1.4550078241943885
2005-05-17,1.4625446490584202
2005-05-18,1.4702423891283525
2005-05-19,1.4740250747837842
2005-05-20,1.4744427894872116
2005-05-23,1.4786024822935677
2005-05-24,1.480077531961719
2005-05-25,1.4766115036367642
2005-05-26,1.4834386684109813
2005-05-27,1.4869016117978744
2005-05-31,1.483444465584744
2005-06-01,1.4916137524789537
2005-06-02,1.493680052571165
2005-06-03,1.488345566625367
2005-06-06,1.4873454999780313
2005-06-07,1.4885043811590455
2005-06-08,1.4854972525813797
2005-06-09,1.4905486196580675
2005-06-10,1.4918380366772748
2005-06-13,1.496540338944368
2005-06-14,1.4944767032764503
2005-06-15,1.4983998570663344
2005-06-16,1.5021296667251287
2005-06-17,1.4982977034071685
2005-06-20,1.501028079348424
2005-06-21,1.4970104740667207
2005-06-22,1.4980329071775527
2005-06-23,1.483081471338301
2005-06-24,1.4706926808268057
2005-06-27,1.4718474894544211
2005-06-28,1.4868443998546348
2005-06-29,1.4882328752253544
2005-06-30,1.4881359451868774
2005-07-01,1.4901699046011958
2005-07-05,1.4957003517163394
2005-07-06,1.4949476479262966
2005-07-07,1.4996637247787539
2005-07-08,1.5081605206049638
2005-07-11,1.5131370943878673
2005-07-12,1.5127068294818946
2005-07-13,1.5145198437385277
2005-07-14,1.512929646532681
2005-07-15,1.516212963012007
2005-07-18,1.5090643581851648
2005-07-19,1.517503544505095
2005-07-20,1.5241592970595077
2005-07-21,1.513007429774509
2005-07-22,1.5096370245365638
2005-07-25,1.5059387450762336
2005-07-26,1.5142280678666076
2005-07-27,1.5193052196431764
2005-07-28,1.519012700251986
2005-07-29,1.5196758933603953
2005-08-01,1.5197083918212044
2005-08-02,1.5240106581615271
2005-08-03,1.5098676784049416
2005-08-04,1.4907531881062333
2005-08-05,1.4849215916779366
2005-08-08,1.4599097011028483
2005-08-09,1.472528252210276
2005-08-10,1.4789609870258287
2005-08-11,1.4902241498560476
2005-08-12,1.4867687813171375
2005-08-15,1.4734482117621859
2005-08-16,1.4492002579640715
2005-08-17,1.4415940273835313
2005-08-18,1.4170623921477805
2005-08-19,1.449747959136466
2005-08-22,1.4523421368372864
2005-08-23,1.4455193123170729
2005-08-24,1.4414490520858876
2005-08-25,1.4404806203369762
2005-08-26,1.4181711930363883
2005-08-29,1.4260653370420115
2005-08-30,1.4336842235854874
2005-08-31,1.4574789908389056
2005-09-01,1.4737928406205738
2005-09-02,1.4685696258302685
2005-09-06,1.4829183863470201
2005-09-07,1.526154344183359
2005-09-08,1.5283068342488817
2005-09-09,1.540699806655306
2005-09-12,1.535298843481286
2005-09-13,1.5282886015880248
2005-09-14,1.5098702446407497
2005-09-15,1.5101116636991487
2005-09-16,1.5201931933871107
2005-09-19,1.5188632824492374
2005-09-20,1.4900023786714256
2005-09-21,1.4840299833016377
2005-09-22,1.4810224189195063
2005-09-23,1.487401554325648
2005-09-26,1.4922627504283312
2005-09-27,1.5034609329609034
2005-09-28,1.507462730633879
2005-09-29,1.5340145547621695
2005-09-30,1.5320532448248674
2005-10-03,1.554810535805822
2005-10-04,1.5416601081064236
2005-10-05,1.4959845731737138
2005-10-06,1.4633991560361872
2005-10-07,1.4802650573007452
2005-10-10,1.4698788000822671
2005-10-11,1.473775287039905
2005-10-12,1.4305246529690216
2005-10-13,1.4356285705306704
2005-10-14,1.458267898963003
2005-10-17,1.4625505234455543
2005-10-18,1.4488968585310653
2005-10-19,1.4707401851195607
2005-10-20,1.446600210805565
2005-10-21,1.462857097641448
2005-10-24,1.5002717970227746
2005-10-25,1.5026174993159094
2005-10-26,1.5194186314870903
2005-10-27,1.490154800206393
2005-10-28,1.494572733275688
2005-10-31,1.528418201253562
2005-11-01,1.53721111750555
2005-11-02,1.575155236349429
2005-11-03,1.5798955829078427
2005-11-04,1.5793356554288303
2005-11-07,1.5886684365039845
2005-11-08,1.5881919536758224
2005-11-09,1.5824417931366672
2005-11-10,1.595612102368069
2005-11-11,1.6046916841849805
2005-11-14,1.6261606888997537
2005-11-15,1.6208785022080394
2005-11-16,1.6123217271171137
2005-11-17,1.64016480005258
2005-11-18,1.63726568158833
2005-11-21,1.6528172730367816
2005-11-22,1.684285186898472
2005-11-23,1.677143849981629
2005-11-25,1.6889174340261512
2005-11-28,1.6493530922966437
2005-11-29,1.6312508404771844
2005-11-30,1.6317169304586225
2005-12-01,1.6672697361264663
2005-12-02,1.6673603948648492
2005-12-05,1.6553023055645983
2005-12-06,1.653518274805465
2005-12-07,1.6382167420029432
2005-12-08,1.6565398344544517
2005-12-09,1.6834711243623703
2005-12-12,1.6850066314855547
2005-12-13,1.6861621711023564
2005-12-14,1.6760849628813037
2005-12-15,1.6961792785734595
2005-12-16,1.701526473510664
2005-12-19,1.6794535875318237
2005-12-20,1.6808306895444303
2005-12-21,1.6957001613841107
2005-12-22,1.728511575379553
2005-12-23,1.740127026275903
2005-12-27,1.7576391104301579
2005-12-28,1.7553860702433508
2005-12-29,1.7400536656299985
2005-12-30,1.7334383449743749
2006-01-03,1.7663748497406628
2006-01-04,1.7919319709801853
2006-01-05,1.8066353242895454
2006-01-06,1.8348229019062845
2006-01-09,1.8570323271694795
2006-01-10,1.8678961505077731
2006-01-11,1.8732262946961746
2006-01-12,1.8676131085161387
2006-01-13,1.8628765325268364
2006-01-17,1.8618348795087203
2006-01-18,1.8526702205308667
2006-01-19,1.8850693048576372
2006-01-20,1.8303476191074546
2006-01-23,1.8397242390779862
2006-01-24,1.8620837621847788
2006-01-25,1.8567192987626693
2006-01-26,1.8759392369392527
2006-01-27,1.8941553181015003
2006-01-30,1.8776218687169315
2006-01-31,1.8872384441758348
2006-02-01,1.863019856997538
2006-02-02,1.8355847107251146
2006-02-03,1.7999945401726543
2006-02-06,1.7882145443674478
2006-02-07,1.7619943181461886
2006-02-08,1.7820842326189223
2006-02-09,1.7981004826706806
2006-02-10,1.7826245205410387
2006-02-13,1.7573725279762888
2006-02-14,1.7890312016070433
2006-02-15,1.8029972452543355
2006-02-16,1.8224553306136357
2006-02-17,1.8054016031930582
2006-02-21,1.7767909458492903
2006-02-22,1.7970727795891865
2006-02-23,1.7949287338520794
2006-02-24,1.8280583219766946
2006-02-27,1.8434748541276913
2006-02-28,1.8187724820378242
2006-03-01,1.858530597876392
2006-03-02,1.8697060998161092
2006-03-03,1.8395311104837189
2006-03-06,1.8357184426431394
2006-03-07,1.7771722748141545
2006-03-08,1.7681678757333033
2006-03-09,1.7349073293968933
2006-03-10,1.7168270706446058
2006-03-13,1.707996464992105
2006-03-14,1.72278132635746
2006-03-15,1.7400508051974046
2006-03-16,1.7386175807522326
2006-03-17,1.7448072622760036
2006-03-20,1.7440809790924365
2006-03-21,1.715817020081319
2006-03-22,1.714397886185532
2006-03-23,1.7111462184253579
2006-03-24,1.7303959513441827
2006-03-27,1.7131225531928516
2006-03-28,1.7057264045295757
2006-03-29,1.7404021833126855
2006-03-30,1.7538625187934993
2006-03-31,1.7638630182686266
2006-04-03,1.7550509963889032
2006-04-04,1.759057119870833
2006-04-05,1.7713568442055463
2006-04-06,1.7756355692517358
2006-04-07,1.7545933950662562
2006-04-10,1.724071250571503
2006-04-11,1.7031316092219349
2006-04-12,1.7238638973936966
2006-04-13,1.7216027385710821
2006-04-17,1.7205288031541517
2006-04-18,1.7681823168113286
2006-04-19,1.7742327377296
2006-04-20,1.7582007136374311
2006-04-21,1.7642262664091382
2006-04-24,1.7577629974985927
2006-04-25,1.7510109556166376
2006-04-26,1.7484820062841933
2006-04-27,1.7419695985457144
2006-04-28,1.7474542804485178
2006-05-01,1.7371338936117648
2006-05-02,1.7436437694223141
2006-05-03,1.7508578748422559
2006-05-04,1.7587917487306883
2006-05-05,1.7814868473809313
2006-05-08,1.7818599875713694
2006-05-09,1.7773573841387655
2006-05-10,1.7751194117254978
2006-05-11,1.7340528442819814
2006-05-12,1.691430906189775
2006-05-15,1.6672554179874717
2006-05-16,1.6764762423569564
2006-05-17,1.623040967651497
2006-05-18,1.5975151341907163
2006-05-19,1.6131815082252954
2006-05-22,1.5648026794769525
2006-05-23,1.5667490855661894
2006-05-24,1.5356498824005136
2006-05-25,1.589441162378316
2006-05-26,1.6133310880778684
2006-05-30,1.5753007427987133
2006-05-31,1.6015950126035865
2006-06-01,1.630467123327585
2006-06-02,1.634215553722561
2006-06-05,1.6139621756216074
2006-06-06,1.6076248235695572
2006-06-07,1.6017908537206071
2006-06-08,1.5924621056785193
2006-06-09,1.590898893468442
2006-06-12,1.5698598249079112
2006-06-13,1.5480613689344778
2006-06-14,1.559297740843135
2006-06-15,1.5879748224978287
2006-06-16,1.5832733678386657
2006-06-19,1.5702909839326302
2006-06-20,1.5704191450134015
2006-06-21,1.580981950035081
2006-06-22,1.5772018642481596
2006-06-23,1.5766086956709817
2006-06-26,1.5820923839108627
2006-06-27,1.5736053504600531
2006-06-28,1.5864485996494047
2006-06-29,1.6160400958885512
2006-06-30,1.6220391460999526
2006-07-03,1.6313207929049784
2006-07-05,1.6164953552942884
2006-07-06,1.6197887995160694
2006-07-07,1.6092362222298826
2006-07-10,1.6103228885543117
2006-07-11,1.6188588147835559
2006-07-12,1.6082691117838455
2006-07-13,1.5889178965766857
2006-07-14,1.5804753429198748
2006-07-17,1.578695543771822
2006-07-18,1.5833064782918693
2006-07-19,1.6017970430912762
2006-07-20,1.580720210215321
2006-07-21,1.5658933484922892
2006-07-24,1.589593651619629
2006-07-25,1.5959371077038225
2006-07-26,1.5870322078525645
2006-07-27,1.5798608956122182
2006-07-28,1.5962126657038829
2006-07-31,1.5995608435475845
2006-08-01,1.5864888703187114
2006-08-02,1.5904508746589316
2006-08-03,1.5925634433618883
2006-08-04,1.585462266523278
2006-08-07,1.5876334122241818
2006-08-08,1.5897416107429376
2006-08-09,1.5873654775912471
2006-08-10,1.58661667616473
2006-08-11,1.5830822019006703
2006-08-14,1.5847903862198733
2006-08-15,1.5948832446189731
2006-08-16,1.594798548036999
2006-08-17,1.5924871792167405
2006-08-18,1.5968461461005883
2006-08-21,1.5973204002625903
2006-08-22,1.599255363695034
2006-08-23,1.5951718654450455
2006-08-24,1.5988294846968618
2006-08-25,1.600728547320021
2006-08-28,1.606999484613604
2006-08-29,1.60752846182099
2006-08-30,1.6059190159852275
2006-08-31,1.6079073813291405
2006-09-01,1.6128865177554927
2006-09-05,1.6129417273169624
2006-09-06,1.6053070017971176
2006-09-07,1.596416435637011
2006-09-08,1.6043861385868472
2006-09-11,1.6068959984178126
2006-09-12,1.610944621722369
2006-09-13,1.6119600686812008
2006-09-14,1.6144986107917842
2006-09-15,1.6142160881446421
2006-09-18,1.6120028268274296
2006-09-19,1.6110826692577052
2006-09-20,1.617535937307102
2006-09-21,1.6140088846170688
2006-09-22,1.6156319182789904
2006-09-25,1.6253178410236928
2006-09-26,1.62892959975345
2006-09-27,1.6303079819748827
2006-09-28,1.6298248276741274
2006-09-29,1.62750663311855
2006-10-02,1.6222917220227089
2006-10-03,1.6275568401515441
2006-10-04,1.6366792852937913
2006-10-05,1.6370018116181677
2006-10-06,1.6335654192855693
2006-10-09,1.6348450344239103
2006-10-10,1.6393982910228715
2006-10-11,1.6404017031222724
2006-10-12,1.655057390558023
2006-10-13,1.6563130312094108
2006-10-16,1.659331705953748
2006-10-17,1.6624713499376769
2006-10-18,1.664486224433202
2006-10-19,1.654458480463167
2006-10-20,1.656667413791617
2006-10-23,1.666843654153782
2006-10-24,1.6660999799450806
2006-10-25,1.6682788837921723
2006-10-26,1.6674782116147304
2006-10-27,1.6580306865077006
2006-10-30,1.6622232542802613
2006-10-31,1.6625728638321289
2006-11-01,1.6525826870708182
2006-11-02,1.6517220068530287
2006-11-03,1.650534649337147
2006-11-06,1.6914389199541378
2006-11-07,1.7115755742029817
2006-11-08,1.7128549709152532
2006-11-09,1.6896644340372031
2006-11-10,1.7152281875322124
2006-11-13,1.7279708178071038
2006-11-14,1.7311205065785
2006-11-15,1.7277145877413338
2006-11-16,1.7300594648408016
2006-11-17,1.7305848735121991
2006-11-20,1.7390442898370346
2006-11-21,1.7392222036469533
2006-11-22,1.7431857244119864
2006-11-24,1.7434284958059096
2006-11-27,1.7082481775531546
2006-11-28,1.7134306211045736
2006-11-29,1.7360580613454157
2006-11-30,1.735859399209569
2006-12-01,1.7203640641467002
2006-12-04,1.7538200751158979
2006-12-05,1.7902552361778232
2006-12-06,1.7851190575004228
2006-12-07,1.7791292985259937
2006-12-08,1.7980691578482864
2006-12-11,1.8088664332824924
2006-12-12,1.778108658980797
2006-12-13,1.789326088404432
2006-12-14,1.7915591120227674
2006-12-15,1.7924928090294578
2006-12-18,1.781733335222726
2006-12-19,1.7887399732256033
2006-12-20,1.7941102522770547
2006-12-21,1.7832577258618232
2006-12-22,1.7730675487401606
2006-12-26,1.7878162227335703
2006-12-27,1.7973713134622482
2006-12-28,1.7941230341577334
2006-12-29,1.7871080956136627
2007-01-03,1.8077004315527703
2007-01-04,1.820974484561763
2007-01-05,1.7958456717848212
2007-01-08,1.8047736138884936
2007-01-09,1.8252227840886817
2007-01-10,1.856929030829916
2007-01-11,1.8825234892314935
2007-01-12,1.8838988757382353
2007-01-16,1.8821117508997554
2007-01-17,1.8769935346519824
2007-01-18,1.8563747433952527
2007-01-19,1.855801665558695
2007-01-22,1.8394039185414308
2007-01-23,1.8364648496395126
2007-01-24,1.8783174928384863
2007-01-25,1.8544442533181384
2007-01-26,1.8505036189736535
2007-01-29,1.8461046082615011
2007-01-30,1.8625269827840838
2007-01-31,1.8679030084211723
2007-02-01,1.8990125069538608
2007-02-02,1.908116300879685
2007-02-05,1.9100235561513528
2007-02-06,1.9058997475942634
2007-02-07,1.9160681324894902
2007-02-08,1.9265909592793202
2007-02-09,1.883912080219337
2007-02-12,1.8572979433556454
2007-02-13,1.887489686502176
2007-02-14,1.897385997591239
2007-02-15,1.8962382621843874
2007-02-16,1.8947385811507615
2007-02-20,1.9108468934999314
2007-02-21,1.9242860521062626
2007-02-22,1.9193710100264194
2007-02-23,1.9091724743045797
2007-02-26,1.90262140481854
2007-02-27,1.8040243074288844
2007-02-28,1.8255575888746474
2007-03-01,1.8259354188258283
2007-03-02,1.788971911052173
2007-03-05,1.7510918127182225
2007-03-06,1.7951620851318564
2007-03-07,1.7711437344638252
2007-03-08,1.8029262957482415
2007-03-09,1.815997744852769
2007-03-12,1.830266925020437
2007-03-13,1.785126102356484
2007-03-14,1.8017198787821396
2007-03-15,1.8026590347039233
2007-03-16,1.7878521416740958
2007-03-19,1.8110601555009898
2007-03-20,1.8187709950289046
2007-03-21,1.84658459967104
2007-03-22,1.8425364134008673
2007-03-23,1.8309469601942558
2007-03-26,1.8271048815429571
2007-03-27,1.8166179558949436
2007-03-28,1.7946995159139671
2007-03-29,1.8016759710434198
2007-03-30,1.7971384389017608
2007-04-02,1.8121632005439456
2007-04-03,1.8296324454073971
2007-04-04,1.828084179812877
2007-04-05,1.8384956236689682
2007-04-09,1.853233577592031
2007-04-10,1.855864127001969
2007-04-11,1.8476381833468734
2007-04-12,1.8557641437881662
2007-04-13,1.8650577749159603
2007-04-16,1.8831652001047168
2007-04-17,1.8787744371286745
2007-04-18,1.8675096520321073
2007-04-19,1.8628503349917254
2007-04-20,1.8855404225396712
2007-04-23,1.9008410033889136
2007-04-24,1.889310801380441
2007-04-25,1.9080994998188532
2007-04-26,1.903000180340603
2007-04-27,1.8865440053169422
2007-04-30,1.8607561681322935
2007-05-01,1.8519676729715444
2007-05-02,1.8622799382766781
2007-05-03,1.8916936598857348
2007-05-04,1.8920303869195454
2007-05-07,1.9017379851073781
2007-05-08,1.895944401581284
2007-05-09,1.8949445383186867
2007-05-10,1.8585925859242143
2007-05-11,1.8780592639029123
2007-05-14,1.8683797924479304
2007-05-15,1.863132433788593
2007-05-16,1.8777395058708997
2007-05-17,1.8620124984924582
2007-05-18,1.8785700726873185
2007-05-21,1.8937493292503003
2007-05-22,1.8965244757470772
2007-05-23,1.8851124415853455
2007-05-24,1.8456718305667072
2007-05-25,1.8559128664900129
2007-05-29,1.865034004573194
2007-05-30,1.8904330490431307
2007-05-31,1.887162318545913
2007-06-01,1.8972495352952163
2007-06-04,1.9035503174644315
2007-06-05,1.8948960189201605
2007-06-06,1.8632244989297218
2007-06-07,1.8188034235382986
2007-06-08,1.8528093950020144
2007-06-11,1.8597328547461758
2007-06-12,1.8427749231780475
2007-06-13,1.8720025472187876
2007-06-14,1.8933793025533505
2007-06-15,1.9090241256820477
2007-06-18,1.909094672921974
2007-06-19,1.9125542650267613
2007-06-20,1.8911647710598638
2007-06-21,1.9113534494459163
2007-06-22,1.881467059389595
2007-06-25,1.865152568976673
2007-06-26,1.8538820616384675
2007-06-27,1.8772799134254594
2007-06-28,1.8893564968767371
2007-06-29,1.8805702658928678
2007-07-02,1.903646689584403
2007-07-03,1.9040080999804143
2007-07-05,1.901260633534779
2007-07-06,1.91173416226742
2007-07-09,1.9442137748333743
2007-07-10,1.9143780307858844
2007-07-11,1.9347940276390976
2007-07-12,1.965191101786512
2007-07-13,2.002598208361487
2007-07-16,1.9915986643304446
2007-07-17,1.9932130119254332
2007-07-18,1.9778571688833932
2007-07-19,1.9894725475651462
2007-07-20,1.95665008120471
2007-07-23,1.9550277970148136
2007-07-24,1.8888225148603175
2007-07-25,1.8794608891656062
2007-07-26,1.8319452456042578
2007-07-27,1.8180924178283286
2007-07-30,1.8728372037930818
2007-07-31,1.8601153965249773
2007-08-01,1.8669438956535664
2007-08-02,1.8927160064821968
2007-08-03,1.821700526226996
2007-08-06,1.8424327560741307
2007-08-07,1.8879937814604202
2007-08-08,1.9178527931307703
2007-08-09,1.824542421810276
2007-08-10,1.8340755543127762
2007-08-13,1.8595690566926395
2007-08-14,1.8096013059188059
2007-08-15,1.7431967514324387
2007-08-16,1.72092548063726
2007-08-17,1.769104413678291
2007-08-20,1.8022312628146697
2007-08-21,1.8203513573158927
2007-08-22,1.8718140661939457
2007-08-23,1.8502609832172083
2007-08-24,1.900988323393895
2007-08-27,1.8798125969543105
2007-08-28,1.8023352969584923
2007-08-29,1.858396635379291
2007-08-30,1.8612043227615434
2007-08-31,1.9105328663955647
2007-09-04,1.951536204090545
2007-09-05,1.9522429105331942
2007-09-06,1.9671279401849922
2007-09-07,1.9432270071059894
2007-09-10,1.9306664946137437
2007-09-11,1.9651816553896464
2007-09-12,1.9560925403265526
2007-09-13,1.9768741461303323
2007-09-14,1.9780050896417065
2007-09-17,1.9887585332146955
2007-09-18,2.089971950518504
2007-09-19,2.1097535368195035
2007-09-20,2.116106147107717
2007-09-21,2.137354160147891
2007-09-24,2.130569742750992
2007-09-25,2.153910930614777
2007-09-26,2.1553881072479584
2007-09-27,2.1711470809499325
2007-09-28,2.147481911393193
2007-10-01,2.161091381328288
2007-10-02,2.1573953180351984
2007-10-03,2.105730391353317
2007-10-04,2.11945588235707
2007-10-05,2.165744561434725
2007-10-08,2.180301082195358
2007-10-09,2.223327707037955
2007-10-10,2.2308942247287056
2007-10-11,2.1978277728782216
2007-10-12,2.2437481874495733
2007-10-15,2.2498277900143644
2007-10-16,2.2435254930486157
2007-10-17,2.242404106654456
2007-10-18,2.265407119320157
2007-10-19,2.192621677495884
2007-10-22,2.2159072387544283
2007-10-23,2.288405244013115
2007-10-24,2.2965344913373023
2007-10-25,2.3003358763968094
2007-10-26,2.3378931971739854
2007-10-29,2.3698462426352522
2007-10-30,2.3281534046549885
2007-10-31,2.306076733861708
2007-11-01,2.227930036057738
2007-11-02,2.2214720622306294
2007-11-05,2.1946370003858946
2007-11-06,2.267705213121223
2007-11-07,2.236783012989673
2007-11-08,2.272115631476483
2007-11-09,2.2179915484364825
2007-11-12,2.0723931322869547
2007-11-13,2.1822427447635895
2007-11-14,2.16761108860993
2007-11-15,2.12899247793717
2007-11-16,2.1755737164958915
2007-11-19,2.1094007891716733
2007-11-20,2.1462875667058596
2007-11-21,2.1231939654790932
2007-11-23,2.1598558330403645
2007-11-26,2.141423836918752
2007-11-27,2.167314490865806
2007-11-28,2.2691085311333397
2007-11-29,2.285231739682949
2007-11-30,2.29785150029052
2007-12-03,2.294508633890638
2007-12-04,2.272902551608351
2007-12-05,2.3316890404610406
2007-12-06,2.3778105295190786
2007-12-07,2.3995414440294933
2007-12-10,2.436834261608608
2007-12-11,2.35768464523437
2007-12-12,2.366948903141449
2007-12-13,2.389998832749834
2007-12-14,2.3690293125723425
2007-12-17,2.3267519723465124
2007-12-18,2.3278507827569186
2007-12-19,2.337666931986796
2007-12-20,2.411145095067909
2007-12-21,2.458227401231181
2007-12-24,2.5033673833246164
2007-12-26,2.5254410592897063
2007-12-27,2.4994570721527873
2007-12-28,2.490179324324721
2007-12-31,2.464753713526484
2008-01-02,2.445546906162839
2008-01-03,2.4590809835741614
2008-01-04,2.380115613370427
2008-01-07,2.3589497764553875
2008-01-08,2.3250875495365624
2008-01-09,2.3418869844442423
2008-01-10,2.3604436767288965
2008-01-11,2.3432079961696433
2008-01-14,2.4010614460574495
2008-01-15,2.3244507677173702
2008-01-16,2.259186946227288
2008-01-17,2.184066141397576
2008-01-18,2.1793978872556545
2008-01-22,2.195008505207744
2008-01-23,2.209228141401707
2008-01-24,2.252988023584503
2008-01-25,2.2444110558417556
2008-01-28,2.2679840454246216
2008-01-29,2.2610180799927004
2008-01-30,2.2353565260111874
2008-01-31,2.273797482730248
2008-02-01,2.3287504594230803
2008-02-04,2.3265822333122266
2008-02-05,2.3098807315601393
2008-02-06,2.3068820383081396
2008-02-07,2.3077994462737874
2008-02-08,2.3110373344773385
2008-02-11,2.3132876983407265
2008-02-12,2.316153803911482
2008-02-13,2.3190591883882106
2008-02-14,2.318375700826057
2008-02-15,2.3188195895099417
2008-02-19,2.32280355685696
2008-02-20,2.320995317754624
2008-02-21,2.3178248081752333
2008-02-22,2.316056526770129
2008-02-25,2.324219508064242
2008-02-26,2.324599828797484
2008-02-27,2.3214393109992235
2008-02-28,2.3244093828863535
2008-02-29,2.3156603864464396
2008-03-03,2.3162274361724795
2008-03-04,2.3123187453944247
2008-03-05,2.31849660204415
2008-03-06,2.314390617303918
2008-03-07,2.306618650866586
2008-03-10,2.295535034264701
2008-03-11,2.3149591298491186
2008-03-12,2.3128636344784654
2008-03-13,2.3225381015174733
2008-03-14,2.3169679253506335
2008-03-17,2.3039636843927958
2008-03-18,2.3185831717337826
2008-03-19,2.294522879217699
2008-03-20,2.2908397756861505
2008-03-24,2.297747726137521
2008-03-25,2.3071353190620667
2008-03-26,2.31493627890373
2008-03-27,2.3099541082595785
2008-03-28,2.309947085327159
2008-03-31,2.3074521551532032
2008-04-01,2.3118797650361005
2008-04-02,2.312210493762845
2008-04-03,2.314025257786696
2008-04-04,2.319013964312809
2008-04-07,2.3213775581543303
2008-04-08,2.3253854594595875
2008-04-09,2.3244052947763096
2008-04-10,2.3268337962316625
2008-04-11,2.322193110876356
2008-04-14,2.3291052462061286
2008-04-15,2.332732918368734
2008-04-16,2.341067963124267
2008-04-17,2.3382983487935403
2008-04-18,2.343569619170631
2008-04-21,2.345464035282729
2008-04-22,2.344045700159543
2008-04-23,2.3418094426222544
2008-04-24,2.335462430812573
2008-04-25,2.3431105905284966
2008-04-28,2.3399323227889726
2008-04-29,2.335307143429479
2008-04-30,2.3346978518348327
2008-05-01,2.3300233181113263
2008-05-02,2.335269069053741
2008-05-05,2.3397657722761718
2008-05-06,2.3530022591444197
2008-05-07,2.335849794531852
2008-05-08,2.344355809725756
2008-05-09,2.3383421578780115
2008-05-12,2.344643605957162
2008-05-13,2.3504423328425936
2008-05-14,2.348940872745365
2008-05-15,2.360006102326505
2008-05-16,2.3678106737204225
2008-05-19,2.363804867841041
2008-05-20,2.3643916810201024
2008-05-21,2.3469777235343168
2008-05-22,2.3452459172865594
2008-05-23,2.3326673404362874
2008-05-27,2.3294712023083264
2008-05-28,2.3417838103036583
2008-05-29,2.338905845614076
2008-05-30,2.347066839220719
2008-06-02,2.338677546804631
2008-06-03,2.3301940086865494
2008-06-04,2.325258967349333
2008-06-05,2.3783183495590032
2008-06-06,2.3315470615932896
2008-06-09,2.337107338283125
2008-06-10,2.3334391506983434
2008-06-11,2.2933806555329985
2008-06-12,2.3023219504016024
2008-06-13,2.3257319996486423
2008-06-16,2.334839504368111
2008-06-17,2.319322070128949
2008-06-18,2.313948650924348
2008-06-19,2.3346517706536645
2008-06-20,2.3109693269203846
2008-06-23,2.302511264704997
2008-06-24,2.2944143179516097
2008-06-25,2.3139310514579225
2008-06-26,2.2718379912286544
2008-06-27,2.266181268527445
2008-06-30,2.2732562793911595
2008-07-01,2.2781127707100457
2008-07-02,2.2634306102842374
2008-07-03,2.258079702908492
2008-07-07,2.2570441374379775
2008-07-08,2.260069669061014
2008-07-09,2.2576573427715343
2008-07-10,2.2647928109431423
2008-07-11,2.26798328014889
2008-07-14,2.2701201141178755
2008-07-15,2.265823401164899
2008-07-16,2.2751623259699345
2008-07-17,2.2771681100212935
2008-07-18,2.273272492204722
2008-07-21,2.277310492255235
2008-07-22,2.279490371899896
2008-07-23,2.265106212873141
2008-07-24,2.258770091494989
2008-07-25,2.2641747501130243
2008-07-28,2.259246880174559
2008-07-29,2.264883149644264
2008-07-30,2.2729469843514285
2008-07-31,2.266729917647803
2008-08-01,2.2644023443918835
2008-08-04,2.254896745619185
2008-08-05,2.262957940550564
2008-08-06,2.2661714324748354
2008-08-07,2.2571799111666953
2008-08-08,2.2634520870286816
2008-08-11,2.2632333242172313
2008-08-12,2.2608247936462607
2008-08-13,2.264648413378509
2008-08-14,2.2688523648966368
2008-08-15,2.2658712896527695
2008-08-18,2.263067045557265
2008-08-19,2.261416700151066
2008-08-20,2.2583319132979724
2008-08-21,2.2570496244148144
2008-08-22,2.2612332794724916
2008-08-25,2.2545553715786046
2008-08-26,2.2546519461194534
2008-08-27,2.2575234215658346
2008-08-28,2.2625028630458317
2008-08-29,2.2585964276556116
2008-09-02,2.2510965157813003
2008-09-03,2.250961343317114
2008-09-04,2.2359411690374054
2008-09-05,2.2346164007061957
2008-09-08,2.241927915906621
2008-09-09,2.2302073688407464
2008-09-10,2.2340904378716266
2008-09-11,2.236554191618319
2008-09-12,2.234688660527485
2008-09-15,2.225895157105146
2008-09-16,2.2323715453973016
2008-09-17,2.213875715792237
2008-09-18,2.216152966131867
2008-09-19,2.2267200687079325
2008-09-22,2.2167752575828334
2008-09-23,2.214288626873446
2008-09-24,2.2075343721163794
2008-09-25,2.212526465015699
2008-09-26,2.216617856637321
2008-09-29,2.201393530151039
2008-09-30,2.211881585220295
2008-10-01,2.2073779322149334
2008-10-02,2.1954820173390046
2008-10-03,2.188112746674737
2008-10-06,2.1767903689898587
2008-10-07,2.1644299919207897
2008-10-08,2.1612895892936894
2008-10-09,2.134953759836771
2008-10-10,2.137025721405892
2008-10-13,2.163771017965785
2008-10-14,2.1636644922292536
2008-10-15,2.145647570070628
2008-10-16,2.1606845337178817
2008-10-17,2.154884060742316
2008-10-20,2.1647324090463407
2008-10-21,2.1609505885714415
2008-10-22,2.1514156907195203
2008-10-23,2.149830372025552
2008-10-24,2.1421325646389926
2008-10-27,2.137079359997668
2008-10-28,2.154054183861189
2008-10-29,2.152305969679663
2008-10-30,2.1566451366513766
2008-10-31,2.1639979101747526
2008-11-03,2.1654941100735243
2008-11-04,2.168401706283383
2008-11-05,2.1613412658855884
2008-11-06,2.1576281716827435
2008-11-07,2.158492496431783
2008-11-10,2.15454082891751
2008-11-11,2.154004531390116
2008-11-12,2.14754801307929
2008-11-13,2.154092971703846
2008-11-14,2.150706338382139
2008-11-17,2.148693042420618
2008-11-18,2.1490176946798596
2008-11-19,2.1431362574044734
2008-11-20,2.1389011943821448
2008-11-21,2.1419550363231488
2008-11-24,2.143581429355076
2008-11-25,2.144490100916793
2008-11-26,2.145338407183847
2008-11-28,2.146007231045615
2008-12-01,2.14213107379165
2008-12-02,2.1439384477419523
2008-12-03,2.1456754264210613
2008-12-04,2.141870627386946
2008-12-05,2.1460193244474866
2008-12-08,2.147696235880937
2008-12-09,2.1436540156292323
2008-12-10,2.144653201789311
2008-12-11,2.141946644261267
2008-12-12,2.144759820577853
2008-12-15,2.1449750507125973
2008-12-16,2.149966592714727
2008-12-17,2.149017416665812
2008-12-18,2.148891831005726
2008-12-19,2.145508813960274
2008-12-22,2.1452971608752183
2008-12-23,2.1443791918239863
2008-12-24,2.1448987088966533
2008-12-26,2.1450918703547646
2008-12-29,2.1438030493630333
2008-12-30,2.1456567991040254
2008-12-31,2.148062750689927
2009-01-02,2.149729015245738
2009-01-05,2.1473752664394863
2009-01-06,2.145644436319055
2009-01-07,2.1443283814020724
2009-01-08,2.1461255486811948
2009-01-09,2.1436996152224768
2009-01-12,2.1416548749028634
2009-01-13,2.1422167553213596
2009-01-14,2.138073429441144
2009-01-15,2.140390186853824
2009-01-16,2.141999651150367
2009-01-20,2.139032384663086
2009-01-21,2.1415182386749887
2009-01-22,2.1383081779520428
2009-01-23,2.1368323205921276
2009-01-26,2.136193958809624
2009-01-27,2.1346431244471047
2009-01-28,2.1367684990089404
2009-01-29,2.134720519787169
2009-01-30,2.133077214472681
2009-02-02,2.134122503958855
2009-02-03,2.136197438195968
2009-02-04,2.134968436359173
2009-02-05,2.133049162491603
2009-02-06,2.1357317401528015
2009-02-09,2.134273903311355
2009-02-10,2.130514026207006
2009-02-11,2.1315793545235664
2009-02-12,2.1333895823071787
2009-02-13,2.1325493560304536
2009-02-17,2.1291909129091477
2009-02-18,2.128027149387581
2009-02-19,2.1297410441747924
2009-02-20,2.129722462053869
2009-02-23,2.125778991556714
2009-02-24,2.1284022750494938
2009-02-25,2.1273904693967722
2009-02-26,2.124796719870336
2009-02-27,2.123861522931302
2009-03-02,2.1192244916182945
2009-03-03,2.1217862848473015
2009-03-04,2.123330125260515
2009-03-05,2.1213163556230086
2009-03-06,2.1185538574089375
2009-03-09,2.117468146291385
2009-03-10,2.120212627454816
2009-03-11,2.1190224530517487
2009-03-12,2.122419903949944
2009-03-13,2.1245300151711186
2009-03-16,2.1234962649848494
2009-03-17,2.125116194458669
2009-03-18,2.127956029880117
2009-03-19,2.1291604480071116
2009-03-20,2.1282916454810463
2009-03-23,2.1309368353151776
2009-03-24,2.1303699130277827
2009-03-25,2.1315991533621954
2009-03-26,2.1337187601849856
2009-03-27,2.1312572123129465
2009-03-30,2.130307661356163
2009-03-31,2.131600968433336
2009-04-01,2.132669766274296
2009-04-02,2.1422457607274916
2009-04-03,2.1424451701791494
2009-04-06,2.1404469654256943
2009-04-07,2.1311428243741237
2009-04-08,2.1363866045420714
2009-04-09,2.149315932752341
2009-04-13,2.147796057810686
2009-04-14,2.1411941014767115
2009-04-15,2.1444155672076692
2009-04-16,2.154422497364286
2009-04-17,2.159218786981003
2009-04-20,2.149077534112883
2009-04-21,2.1554602647625534
2009-04-22,2.153027940537128
2009-04-23,2.1540120317524445
2009-04-24,2.153605490401576
2009-04-27,2.153573550435497
2009-04-28,2.1518209901027943
2009-04-29,2.15872978964665
2009-04-30,2.1608043040795644
2009-05-01,2.1608934483931095
2009-05-04,2.212382600707906
2009-05-05,2.203022866075488
2009-05-06,2.1809644252350573
2009-05-07,2.129158169353761
2009-05-08,2.149727115397188
2009-05-11,2.1125503804261223
2009-05-12,2.078574828877181
2009-05-13,2.021709609430427
2009-05-14,2.051111425055459
2009-05-15,2.052561025455968
2009-05-18,2.107510802615017
2009-05-19,2.1140828729913586
2009-05-20,2.1122654046118967
2009-05-21,2.0819992169697965
2009-05-22,2.069729511351421
2009-05-26,2.1111346118680006
2009-05-27,2.0895201394244767
2009-05-28,2.0938911417767536
2009-05-29,2.111779711560779
2009-06-01,2.151615630579731
2009-06-02,2.1218495035504312
2009-06-03,2.0385523478086145
2009-06-04,2.1038490713809495
2009-06-05,2.082858075707923
2009-06-08,2.073853399280048
2009-06-09,2.121822725723216
2009-06-10,2.143022197554564
2009-06-11,2.1320892091348744
2009-06-12,2.143916402333693
2009-06-15,2.079704136894426
2009-06-16,2.048307895748241
2009-06-17,2.0402666452226743
2009-06-18,2.0833747997064025
2009-06-19,2.1193773491952825
2009-06-22,1.9858247011400152
2009-06-23,2.0138792613972707
2009-06-24,2.037278317777158
2009-06-25,2.035893566055648
2009-06-26,2.063501734196555
2009-06-29,2.069759464441759
2009-06-30,2.0619583413586366
2009-07-01,2.084284281213885
2009-07-02,2.0128870055361405
2009-07-06,1.9872444325836267
2009-07-07,1.9047367874743693
2009-07-08,1.9076091931426449
2009-07-09,1.9374455526109353
2009-07-10,1.952674940559862
2009-07-13,2.0286014478152423
2009-07-14,2.063295922639001
2009-07-15,2.156153048009915
2009-07-16,2.1884869037580894
2009-07-17,2.195808029545395
2009-07-20,2.2324242737401954
2009-07-21,2.249350967993564
2009-07-22,2.2680280173667313
2009-07-23,2.319347075514226
2009-07-24,2.3321194052238887
2009-07-27,2.369522002986966
2009-07-28,2.364546604874761
2009-07-29,2.3144549560061387
2009-07-30,2.374610818829354
2009-07-31,2.4015595210087453
2009-08-03,2.4784289357331724
2009-08-04,2.4995728217064683
2009-08-05,2.5166785947718946
2009-08-06,2.468074765010165
2009-08-07,2.5129298339053423
2009-08-10,2.5285165619650494
2009-08-11,2.4984473041762745
2009-08-12,2.536565707230362
2009-08-13,2.578904844789779
2009-08-14,2.5477122904522567
2009-08-17,2.4774941553678413
2009-08-18,2.518776383772291
2009-08-19,2.53363029121581
2009-08-20,2.590719588920832
2009-08-21,2.6481568161526603
2009-08-24,2.6175304577071055
2009-08-25,2.6391898967740426
2009-08-26,2.632504467456738
2009-08-27,2.6668460029275374
2009-08-28,2.692673563933924
2009-08-31,2.656315379090293
2009-09-01,2.5583078303571805
2009-09-02,2.5359178063839263
2009-09-03,2.5868341965006754
2009-09-04,2.632584301426303
2009-09-08,2.683622625309142
2009-09-09,2.7168164485120507
2009-09-10,2.74577514272281
2009-09-11,2.7285061889115263
2009-09-14,2.7749368063138804
2009-09-15,2.8073415363633685
2009-09-16,2.8687882868612684
2009-09-17,2.8307770281985003
2009-09-18,2.8266376945588907
2009-09-21,2.814902451225657
2009-09-22,2.8478276780575995
2009-09-23,2.796349871200248
2009-09-24,2.7178612021450683
2009-09-25,2.6848348332278387
2009-09-28,2.7829545902277113
2009-09-29,2.7733282351523005
2009-09-30,2.7513421930910815
2009-10-01,2.6246585661679322
2009-10-02,2.6527163833554965
2009-10-05,2.721289158974369
2009-10-06,2.776227705513092
2009-10-07,2.7781038689333895
2009-10-08,2.817585282855352
2009-10-09,2.8219409500920376
2009-10-12,2.808067783341311
2009-10-13,2.7741087958435013
2009-10-14,2.846190016931049
2009-10-15,2.8336856552484377
2009-10-16,2.777670271570834
2009-10-19,2.7825553465940733
2009-10-20,2.769113595956159
2009-10-21,2.700650184153522
2009-10-22,2.8230005932296653
2009-10-23,2.751710557426384
2009-10-26,2.67203419749813
2009-10-27,2.5939169040926906
2009-10-28,2.506328686043764
2009-10-29,2.6429937732610957
2009-10-30,2.5683821997678886
2009-11-02,2.568185837648219
2009-11-03,2.591995073930451
2009-11-04,2.5978821123999767
2009-11-05,2.667625272837716
2009-11-06,2.663791095301379
2009-11-09,2.7262245015012283
2009-11-10,2.7237369302275525
2009-11-11,2.72773263506192
2009-11-12,2.6922520129517613
2009-11-13,2.7172163824382722
2009-11-16,2.76329668095243
2009-11-17,2.748240909421977
2009-11-18,2.7340843526970264
2009-11-19,2.6773594926521027
2009-11-20,2.673078993589304
2009-11-23,2.713440021437248
2009-11-24,2.6984697252736507
2009-11-25,2.6977413737201617
2009-11-27,2.652603037243793
2009-11-30,2.6659466793366398
2009-12-01,2.702176554708122
2009-12-02,2.7242473409415964
2009-12-03,2.6974308745296143
2009-12-04,2.713385027021294
2009-12-07,2.7015753795276147
2009-12-08,2.694336873460681
2009-12-09,2.6969885576329595
2009-12-10,2.6928794105230085
2009-12-11,2.697399486598899
2009-12-14,2.719212283214118
2009-12-15,2.699764520452675
2009-12-16,2.702392033649446
2009-12-17,2.6818748295341566
2009-12-18,2.70145936335743
2009-12-21,2.760023037734825
2009-12-22,2.796973387214164
2009-12-23,2.8451712467187953
2009-12-24,2.8634265162319714
2009-12-28,2.8644513871900794
2009-12-29,2.8564519381441147
2009-12-30,2.849643171148298
2009-12-31,2.8267174737412706
2010-01-04,2.859626136906399
2010-01-05,2.915765880605986
2010-01-06,2.9130971389589426
2010-01-07,2.891810550283765
2010-01-08,2.903318474638272
2010-01-11,2.8585460949166914
2010-01-12,2.787369177510266
2010-01-13,2.840903871260184
2010-01-14,2.8098352765895656
2010-01-15,2.7597085383927284
2010-01-19,2.7952875113464923
2010-01-20,2.7617277556711923
2010-01-21,2.7325670275195373
2010-01-22,2.641412296603155
2010-01-25,2.63240683643641
2010-01-26,2.6371724362997684
2010-01-27,2.650437119206277
2010-01-28,2.616245310813312
2010-01-29,2.586378450053873
2010-02-01,2.6287284339415486
2010-02-02,2.699500487224317
2010-02-03,2.676419230438142
2010-02-04,2.5380291788798117
2010-02-05,2.5440585645804368
2010-02-08,2.532192323410838
2010-02-09,2.639108601755463
2010-02-10,2.6216953113938866
2010-02-11,2.665705336729857
2010-02-12,2.6918078653839626
2010-02-16,2.717613258005304
2010-02-17,2.7233932139930497
2010-02-18,2.708156722254471
2010-02-19,2.7291245652184997
2010-02-22,2.7372142458963484
2010-02-23,2.7207964761305887
2010-02-24,2.757108989227879
2010-02-25,2.759521241460634
2010-02-26,2.80553598698724
2010-03-01,2.8827606724945465
2010-03-02,2.8866660228251835
2010-03-03,2.923065843230205
2010-03-04,2.9019708658556533
2010-03-05,2.950087520136542
2010-03-08,2.952865556405604
2010-03-09,2.9873674885730677
2010-03-10,3.0058033596092595
2010-03-11,3.0281274101569013
2010-03-12,3.0409814239148507
2010-03-15,3.0282743250890674
2010-03-16,3.0542880868314604
2010-03-17,3.0720089328196765
2010-03-18,3.0426761893275103
2010-03-19,2.967454930294312
2010-03-22,3.0560609765042557
2010-03-23,3.098236978991173
2010-03-24,3.0967117592176487
2010-03-25,3.0901721519780248
2010-03-26,3.0971598949801127
2010-03-29,3.1239902151819177
2010-03-30,3.115844426408741
2010-03-31,3.0804069170523127
2010-04-01,3.098888712303547
2010-04-05,3.145593931521135
2010-04-06,3.1407070319399493
2010-04-07,3.119111956791638
2010-04-08,3.1691648004328075
2010-04-09,3.1901414524214196
2010-04-12,3.1948930795999564
2010-04-13,3.2223300373468766
2010-04-14,3.288982276901206
2010-04-15,3.302230141620554
2010-04-16,3.237644438880731
2010-04-19,3.2077381100054354
2010-04-20,3.2637835112521527
2010-04-21,3.2477985947958925
2010-04-22,3.2760694306565212
2010-04-23,3.3383924651720824
2010-04-26,3.3634903782007846
2010-04-27,3.2200325408837998
2010-04-28,3.228941239563802
2010-04-29,3.277322386271093
2010-04-30,3.2073680075756266
2010-05-03,3.273108831858882
2010-05-04,3.1028440782664375
2010-05-05,3.071215546367802
2010-05-06,2.9265525047785474
2010-05-07,2.8499172595955122
2010-05-10,3.05785805447834
2010-05-11,3.060513923775855
2010-05-12,3.1561699650829023
2010-05-13,3.1139929285360988
2010-05-14,3.016604570935952
2010-05-17,3.030125907863479
2010-05-18,2.9761659265363805
2010-05-19,2.9336249787478956
2010-05-20,2.7692726631610007
2010-05-21,2.8590186066812437
2010-05-24,2.8156422725840446
2010-05-25,2.8329231826509713
2010-05-26,2.8287132330055758
2010-05-27,2.968544669652943
2010-05-28,2.926453776840895
2010-06-01,2.857269037388287
2010-06-02,2.8935985975034098
2010-06-03,2.9102438566629383
2010-06-04,2.838157551391226
2010-06-07,2.803096264845111
2010-06-08,2.814039606487197
2010-06-09,2.8302664091498206
2010-06-10,2.881938145402193
2010-06-11,2.9103629039628163
2010-06-14,2.9203473157864757
2010-06-15,2.9647986807771516
2010-06-16,2.9653456443285466
2010-06-17,2.960614646824931
2010-06-18,2.959793699605602
2010-06-21,2.945640264132378
2010-06-22,2.8997105936980287
2010-06-23,2.904375522765204
2010-06-24,2.8673624873166945
2010-06-25,2.890153966810354
2010-06-28,2.875390176929843
2010-06-29,2.794285295110774
2010-06-30,2.7767706744804914
2010-07-01,2.7614855265218337
2010-07-02,2.7602780049211817
2010-07-06,2.7607648456642475
2010-07-07,2.7648134340647466
2010-07-08,2.764826044023345
2010-07-09,2.766119793256463
2010-07-12,2.765853960745901
2010-07-13,2.7678341317716635
2010-07-14,2.7683209635615187
2010-07-15,2.7680276808170037
2010-07-16,2.7642043316133846
2010-07-19,2.764301586986016
2010-07-20,2.7658877438830918
2010-07-21,2.7633353576597357
2010-07-22,2.767026509484648
2010-07-23,2.770323203581899
2010-07-26,2.772830150253438
2010-07-27,2.769882062246875
2010-07-28,2.768333927925252
2010-07-29,2.7650633566323286
2010-07-30,2.766022519953189
2010-08-02,2.7656193078883824
2010-08-03,2.7543829576953187
2010-08-04,2.7715805379911163
2010-08-05,2.7855475561803305
2010-08-06,2.776766874150603
2010-08-09,2.7975132910325162
2010-08-10,2.770813651799153
2010-08-11,2.7225681011906757
2010-08-12,2.6998105042553675
2010-08-13,2.7004877649752492
2010-08-16,2.7112570618170166
2010-08-17,2.746670848467987
2010-08-18,2.7616226286663985
2010-08-19,2.747157700827109
2010-08-20,2.7844506853890287
2010-08-23,2.7673515273513707
2010-08-24,2.734113409208689
2010-08-25,2.7327037076200944
2010-08-26,2.732661679364442
2010-08-27,2.7744992823893435
2010-08-30,2.7436313655949265
2010-08-31,2.7470806230243214
2010-09-01,2.8127522603539186
2010-09-02,2.8177374273260405
2010-09-03,2.821821177636523
2010-09-07,2.8210592047723693
2010-09-08,2.826915064601852
2010-09-09,2.825044360038215
2010-09-10,2.8244466626819134
2010-09-13,2.8307910113621597
2010-09-14,2.830433817697425
2010-09-15,2.8314827858003624
2010-09-16,2.8321027486953465
2010-09-17,2.8326243371360786
2010-09-20,2.83979683564489
2010-09-21,2.8364760480113413
2010-09-22,2.8360800580933545
2010-09-23,2.8326147665903156
2010-09-24,2.84008595782251
2010-09-27,2.842367264743294
2010-09-28,2.8442920791018986
2010-09-29,2.8425093651258124
2010-09-30,2.8396984926786244
2010-10-01,2.8361715537455865
2010-10-04,2.8137346117973583
2010-10-05,2.880531896377676
2010-10-06,2.7769245008696153
2010-10-07,2.7845950112599813
2010-10-08,2.80490091759899
2010-10-11,2.7815175944571657
2010-10-12,2.8423316166203962
2010-10-13,2.8644542312421133
2010-10-14,2.8700781243103806
2010-10-15,2.8806472902415523
2010-10-18,2.8602151967109113
2010-10-19,2.7968662756947356
2010-10-20,2.8608386371062564
2010-10-21,2.877711151298494
2010-10-22,2.9392858857925734
2010-10-25,2.988348531303916
2010-10-26,2.991451680628155
2010-10-27,3.060650719098546
2010-10-28,3.0795077409948988
2010-10-29,3.106662887527869
2010-11-01,3.098631745633226
2010-11-02,3.1401343430616295
2010-11-03,3.169116576240673
2010-11-04,3.2094463014346037
2010-11-05,3.2259209996086518
2010-11-08,3.2437741375163514
2010-11-09,3.233679526564927
2010-11-10,3.2322308897277248
2010-11-11,3.239927500977945
2010-11-12,3.1745344905597204
2010-11-15,3.1225818921191837
2010-11-16,3.0595059486587144
2010-11-17,3.070418982257618
2010-11-18,3.1460215349550738
2010-11-19,3.1748349130089895
2010-11-22,3.2272967253262124
2010-11-23,3.17685098488977
2010-11-24,3.2541074626742623
2010-11-26,3.2442254973863567
2010-11-29,3.2334983712092953
2010-11-30,3.1989858585926108
2010-12-01,3.271128325594886
2010-12-02,3.2740420596401862
2010-12-03,3.2998660060235303
2010-12-06,3.2994632475302628
2010-12-07,3.2818512924965186
2010-12-08,3.290775602628064
2010-12-09,3.315683793436084
2010-12-10,3.334788527793913
2010-12-13,3.280287634291543
2010-12-14,3.2338877730390596
2010-12-15,3.195249080205499
2010-12-16,3.260656605150446
2010-12-17,3.2758226337270346
2010-12-20,3.3067751938032965
2010-12-21,3.354667578069613
2010-12-22,3.3447793215251487
2010-12-23,3.3476640388133063
2010-12-27,3.3381125198288926
2010-12-28,3.3160774348428563
2010-12-29,3.3271866402239527
2010-12-30,3.319572754876445
2010-12-31,3.315693090230667
2011-01-03,3.3631074041173354
2011-01-04,3.3398942086437904
2011-01-05,3.3938280819551245
2011-01-06,3.3632183376426905
2011-01-07,3.3778687721752076
2011-01-10,3.405019093368527
2011-01-11,3.4007763855609876
2011-01-12,3.4632334972700103
2011-01-13,3.459543458194225
2011-01-14,3.5152324886436417
2011-01-18,3.502491374003767
2011-01-19,3.409610003667463
2011-01-20,3.318557397713303
2011-01-21,3.3050404305042864
2011-01-24,3.314596400391491
2011-01-25,3.3179041648157757
2011-01-26,3.3997881964310177
2011-01-27,3.412544065066298
2011-01-28,3.323539989740709
2011-01-31,3.3247876179079134
2011-02-01,3.4108836101401607
2011-02-02,3.437533477367729
2011-02-03,3.45249427155886
2011-02-04,3.5595289119960505
2011-02-07,3.5877307859689624
2011-02-08,3.6072394528485
2011-02-09,3.589774870977513
2011-02-10,3.6275300037093983
2011-02-11,3.6475814443927477
2011-02-14,3.6961745786922324
2011-02-15,3.64682073377741
2011-02-16,3.696461144516959
2011-02-17,3.723249230499056
2011-02-18,3.7078211338270104
2011-02-22,3.5718752574402735
2011-02-23,3.525552830115116
2011-02-24,3.528329011209823
2011-02-25,3.6353324316220026
2011-02-28,3.627256095696379
2011-03-01,3.528932993957033
2011-03-02,3.578013697501036
2011-03-03,3.6754202270621463
2011-03-04,3.668392770104658
2011-03-07,3.5646395097084973
2011-03-08,3.5756199136207183
2011-03-09,3.5060149381199053
2011-03-10,3.420851819708932
2011-03-11,3.477044064397585
2011-03-14,3.4759507037277793
2011-03-15,3.451099089468805
2011-03-16,3.3965540074364724
2011-03-17,3.41283670777475
2011-03-18,3.373996971293436
2011-03-21,3.47444761543257
2011-03-22,3.4129825554110775
2011-03-23,3.4905168248996548
2011-03-24,3.5570231380178927
2011-03-25,3.57381055131926
2011-03-28,3.578248035167286
2011-03-29,3.6138609731183475
2011-03-30,3.6411968026545054
2011-03-31,3.6253880372841736
2011-04-01,3.6073418346392234
2011-04-04,3.6119307259024858
2011-04-05,3.6184188757832962
2011-04-06,3.617378809309776
2011-04-07,3.5937685163821693
2011-04-08,3.5645684844945538
2011-04-11,3.5194644559648705
2011-04-12,3.482376894946311
2011-04-13,3.5214951229396774
2011-04-14,3.526677648359343
2011-04-15,3.5522857513706967
2011-04-18,3.5016318687729604
2011-04-19,3.530125014962457
2011-04-20,3.6054565400368177
2011-04-21,3.6473895137308223
2011-04-25,3.6321816173951658
2011-04-26,3.6701275717212587
2011-04-27,3.777455438290978
2011-04-28,3.772418387199353
2011-04-29,3.7407391107314036
2011-05-02,3.7072855224119663
2011-05-03,3.6471153223977373
2011-05-04,3.614009966926189
2011-05-05,3.579087105565511
2011-05-06,3.6261099982496003
2011-05-09,3.69108528470971
2011-05-10,3.7245434917146634
2011-05-11,3.66969257760972
2011-05-12,3.6929948861236297
2011-05-13,3.6490329026275057
2011-05-16,3.6099963008956726
2011-05-17,3.6035123719114814
2011-05-18,3.68452499136803
2011-05-19,3.677682518464391
2011-05-20,3.677446682035021
2011-05-23,3.6299590003240403
2011-05-24,3.637380610098328
2011-05-25,3.6701082168025816
2011-05-26,3.6709570103703197
2011-05-27,3.6821246958418814
2011-05-31,3.722029242653458
2011-06-01,3.6215317217930085
2011-06-02,3.622094786808666
2011-06-03,3.593919731037345
2011-06-06,3.5300129615356215
2011-06-07,3.5433653020489775
2011-06-08,3.519391887790712
2011-06-09,3.528934909182223
2011-06-10,3.5473228357657884
2011-06-13,3.601662611526976
2011-06-14,3.6412063504255694
2011-06-15,3.6006471514065734
2011-06-16,3.5781304545583694
2011-06-17,3.5609192505535363
2011-06-20,3.5846142025629093
2011-06-21,3.631494174729943
2011-06-22,3.6326052917600506
2011-06-23,3.6271689489252035
2011-06-24,3.6322547266212073
2011-06-27,3.6508282672047105
2011-06-28,3.7425424427616147
2011-06-29,3.748623011893636
2011-06-30,3.770068531318653
2011-07-01,3.8180318288454456
2011-07-05,3.8422101272088156
2011-07-06,3.849155810026042
2011-07-07,3.8556765291703075
2011-07-08,3.849337188758392
2011-07-11,3.75465322656038
2011-07-12,3.74279004696248
2011-07-13,3.760054794108588
2011-07-14,3.739377019354162
2011-07-15,3.7252378857893516
2011-07-18,3.6971849728357045
2011-07-19,3.804000216162809
2011-07-20,3.7359215918591318
2011-07-21,3.731962183646634
2011-07-22,3.718385857931642
2011-07-25,3.6872314562414865
2011-07-26,3.669285329662617
2011-07-27,3.557959289376936
2011-07-28,3.562367922052428
2011-07-29,3.561517427424097
2011-08-01,3.543129325268148
2011-08-02,2.8994296825549224
2011-08-03,2.916009931427892
2011-08-04,2.8060451020228756
2011-08-05,2.798769437954929
2011-08-08,2.658651276646752
2011-08-09,2.7639921684717743
2011-08-10,2.7096261119897744
2011-08-11,2.7964175286114923
2011-08-12,2.830548302459029
2011-08-15,2.8545904463242815
2011-08-16,2.8260713440271603
2011-08-17,2.8031765889914
2011-08-18,2.7165444011425905
2011-08-19,2.697368458074854
2011-08-22,2.6942782909387755
2011-08-23,2.772971042469023
2011-08-24,2.801000987358011
2011-08-25,2.7660669075546447
2011-08-26,2.8128710614154193
2011-08-29,2.87228674926676
2011-08-30,2.8775394452604233
2011-08-31,2.8695164701375435
2011-09-01,2.8487385982523072
2011-09-02,2.8418977801032805
2011-09-06,2.848229219383717
2011-09-07,2.8536562880097245
2011-09-08,2.8539778800985762
2011-09-09,2.8417200458923113
2011-09-12,2.843091777383218
2011-09-13,2.8482036031198676
2011-09-14,2.85387441306181
2011-09-15,2.8564302908813595
2011-09-16,2.863307430726596
2011-09-19,2.867372834367046
2011-09-20,2.8619689706797558
2011-09-21,2.8545319282815083
2011-09-22,2.840357719211013
2011-09-23,2.841209595782167
2011-09-26,2.8527399574690255
2011-09-27,2.852679503627492
2011-09-28,2.8443254477134707
2011-09-29,2.8372228690777086
2011-09-30,2.8233963669749036
2011-10-03,2.808835209599066
2011-10-04,2.8104470969274944
2011-10-05,2.8113638900228013
2011-10-06,2.8134680245928845
2011-10-07,2.813445609296953
2011-10-10,2.817198187275423
2011-10-11,2.8177080552288496
2011-10-12,2.8173739754827505
2011-10-13,2.8174502580651715
2011-10-14,2.8196596244440486
2011-10-17,2.818803163934485
2011-10-18,2.8204174133552375
2011-10-19,2.819833227178095
2011-10-20,2.819491166829269
2011-10-21,2.822450717848162
2011-10-24,2.8228467228143717
2011-10-25,2.820631737617968
2011-10-26,2.820250736250533
2011-10-27,2.822416337274833
2011-10-28,2.8214357185742838
2011-10-31,2.821303941930083
2011-11-01,2.8173573289471086
2011-11-02,2.837694999270764
2011-11-03,2.8648992253452805
2011-11-04,2.866459357885273
2011-11-07,2.875889688080732
2011-11-08,2.893396191163975
2011-11-09,2.8362856214396013
2011-11-10,2.849495620864146
2011-11-11,2.8871100062299018
2011-11-14,2.873376377965721
2011-11-15,2.884021663759771
2011-11-16,2.847118042121092
2011-11-17,2.8260842850202303
2011-11-18,2.8253926312535738
2011-11-21,2.7987585327398374
2011-11-22,2.7957996740271414
2011-11-23,2.760161274204043
2011-11-25,2.758100201395161
2011-11-28,2.797989769930352
2011-11-29,2.813289419328642
2011-11-30,2.8766751387286065
2011-12-01,2.8773663215796446
2011-12-02,2.8691898621275578
2011-12-05,2.890036118676092
2011-12-06,2.8904075313599886
2011-12-07,2.8779250239432694
2011-12-08,2.848483289488552
2011-12-09,2.8854754548636716
2011-12-12,2.8611932930261603
2011-12-13,2.828830308972577
2011-12-14,2.8019456485242835
2011-12-15,2.8022802389247956
2011-12-16,2.8194890012052807
2011-12-19,2.7991054089146115
2011-12-20,2.8588248727139733
2011-12-21,2.865625157299518
2011-12-22,2.862393824323662
2011-12-23,2.8793429546269507
2011-12-27,2.88065071655023
2011-12-28,2.8586563718556546
2011-12-29,2.8646292302012344
2011-12-30,2.849543201275419
2012-01-03,2.8580531660212265
2012-01-04,2.867181106564091
2012-01-05,2.876408252160182
2012-01-06,2.8737270230972567
2012-01-09,2.8769453070292754
2012-01-10,2.91124798777508
2012-01-11,2.922979900859188
2012-01-12,2.9364458877427153
2012-01-13,2.9280010141587516
2012-01-17,2.9258902437533
2012-01-18,2.955408001592551
2012-01-19,2.9721454474141904
2012-01-20,2.9728830545682627
2012-01-23,2.9653355228579032
2012-01-24,2.9711855305892017
2012-01-25,2.9834723931720166
2012-01-26,2.984160801589349
2012-01-27,2.9854682481873165
2012-01-30,2.9840503036383854
2012-01-31,2.974309774307939
2012-02-01,3.021025846316104
2012-02-02,3.0226845624518184
2012-02-03,3.077407150580556
2012-02-06,3.08094108325936
2012-02-07,3.0834811228300993
2012-02-08,3.110579509754177
2012-02-09,3.104082211930164
2012-02-10,3.091053050886775
2012-02-13,3.1488404050922405
2012-02-14,3.1120876824088475
2012-02-15,3.0774387174554088
2012-02-16,3.1033130990737794
2012-02-17,3.117200703117629
2012-02-21,3.1095515602417074
2012-02-22,3.129670608146588
2012-02-23,3.157181434400813
2012-02-24,3.1670432745678134
2012-02-27,3.170202602972417
2012-02-28,3.16768860122649
2012-02-29,3.1488921069015863
2012-03-01,3.1736369355137883
2012-03-02,3.1434443326652235
2012-03-05,3.132571362966581
2012-03-06,3.0355677273611086
2012-03-07,3.099674546290764
2012-03-08,3.1477587726560032
2012-03-09,3.1642974759698412
2012-03-12,3.158697864970078
2012-03-13,3.216675324396307
2012-03-14,3.187491109799469
2012-03-15,3.219963845279418
2012-03-16,3.1889926119406002
2012-03-19,3.1999738542086575
2012-03-20,3.1771526391551554
2012-03-21,3.2017933999102306
2012-03-22,3.1859480148408523
2012-03-23,3.1881505203545237
2012-03-26,3.214495241656547
2012-03-27,3.202700729445469
2012-03-28,3.204222209570545
2012-03-29,3.192895621950978
2012-03-30,3.18225046718079
2012-04-02,3.219399107279969
2012-04-03,3.228582849410121
2012-04-04,3.163188210781423
2012-04-05,3.0654765638302766
2012-04-09,3.0306825735504814
2012-04-10,2.9186884056693385
2012-04-11,2.9857302091239606
2012-04-12,3.0551338671982413
2012-04-13,3.0253514968818873
2012-04-16,3.0267434426188005
2012-04-17,3.0775811620051217
2012-04-18,3.109404028930326
2012-04-19,3.0653248343342727
2012-04-20,3.054627639120468
2012-04-23,3.025128267300576
2012-04-24,3.0342404116682493
2012-04-25,3.1067862652350007
2012-04-26,3.1977030190380162
2012-04-27,3.2412685946503728
2012-04-30,3.2141614712975928
2012-05-01,3.217720596039144
2012-05-02,3.246076125614065
2012-05-03,3.202486934966774
2012-05-04,3.145041860086398
2012-05-07,3.1488689414777755
2012-05-08,3.1217035200165015
2012-05-09,3.121384804334757
2012-05-10,3.131969687294533
2012-05-11,3.127893728725348
2012-05-14,3.07892231240101
2012-05-15,3.078614790330619
2012-05-16,3.0545472016755237
2012-05-17,2.9420573458524126
2012-05-18,2.884619285323331
2012-05-21,2.9583870123376856
2012-05-22,2.948650893022675
2012-05-23,2.9802071639206456
2012-05-24,3.004380048444419
2012-05-25,3.0051317520730523
2012-05-29,3.045003802934437
2012-05-30,2.993968262299574
2012-05-31,2.978845488846949
2012-06-01,2.8315759695659186
2012-06-04,2.8235218021436035
2012-06-05,2.8690234865538455
2012-06-06,2.9409029037622467
2012-06-07,2.916703246131545
2012-06-08,2.9384583823178736
2012-06-11,2.888587377238502
2012-06-12,2.918261561624511
2012-06-13,2.8533680497704217
2012-06-14,2.892602824318322
2012-06-15,2.9302930875691477
2012-06-18,2.96907680657572
2012-06-19,2.973229412050356
2012-06-20,2.9624358182969535
2012-06-21,2.92290137501719
2012-06-22,2.949236373749401
2012-06-25,2.912407024129289
2012-06-26,2.9513645096343883
2012-06-27,2.950928314507246
2012-06-28,2.8971831543423523
2012-06-29,2.9684109915604284
2012-07-02,3.0317368252856984
2012-07-03,3.0286149982229738
2012-07-05,3.028390888817287
2012-07-06,3.008425007902929
2012-07-09,3.001447295675518
2012-07-10,2.9683143558473994
2012-07-11,2.940428583868778
2012-07-12,2.9416369777666285
2012-07-13,2.985881745073123
2012-07-16,2.967269554158991
2012-07-17,2.990202690611436
2012-07-18,2.9900425185108626
2012-07-19,2.9759611173416056
2012-07-20,2.9573127997169695
2012-07-23,2.9319659610002873
2012-07-24,2.8967326940643616
2012-07-25,2.8925282621925907
2012-07-26,2.9835958933382085
2012-07-27,3.0841363487622386
2012-07-30,3.081115751352755
2012-07-31,3.0493010188387486
2012-08-01,3.0198870086342424
2012-08-02,3.0078775277723286
2012-08-03,3.0470828663253697
2012-08-06,3.0469048085209134
2012-08-07,3.0249700582157435
2012-08-08,3.002912762043744
2012-08-09,2.991297649024187
2012-08-10,2.9819252125360967
2012-08-13,2.9700996960845174
2012-08-14,2.970557808592992
2012-08-15,2.9968321151376713
2012-08-16,2.992126795716358
2012-08-17,2.989887844765314
2012-08-20,2.990659192834286
2012-08-21,2.9849429624851687
2012-08-22,2.980034048036234
2012-08-23,2.9705195206665063
2012-08-24,3.0013913254031634
2012-08-27,2.9888097020845605
2012-08-28,2.998916058066132
2012-08-29,3.0056185982428536
2012-08-30,2.984564659444228
2012-08-31,2.986987163548139
2012-09-04,2.999194411601682
2012-09-05,3.0025554966452077
2012-09-06,3.0621968287991717
2012-09-07,3.07806449642694
2012-09-10,3.0440592004564
2012-09-11,3.0616745730854067
2012-09-12,3.1044669953014976
2012-09-13,3.1551421705882863
2012-09-14,3.1930256975581255
2012-09-17,3.1625152743483027
2012-09-18,3.1341999076286027
2012-09-19,3.1579186080922836
2012-09-20,3.1744859744178147
2012-09-21,3.174260559451681
2012-09-24,3.1501165910615634
2012-09-25,3.1117449387376026
2012-09-26,3.065653294991349
2012-09-27,3.1066659305091684
2012-09-28,3.093261173815111
2012-10-01,3.09686362276073
2012-10-02,3.1745395964828345
2012-10-03,3.1804426463672506
2012-10-04,3.213507874473239
2012-10-05,3.2225421341089273
2012-10-08,3.1930523818690997
2012-10-09,3.138740148709819
2012-10-10,3.108265497616586
2012-10-11,3.1104779707589687
2012-10-12,3.0938519022359543
2012-10-15,3.116294135095171
2012-10-16,3.127225553920674
2012-10-17,3.1744588929190614
2012-10-18,3.1629674289814784
2012-10-19,3.1172558475726437
2012-10-22,3.1203016831431065
2012-10-23,3.072221797951941
2012-10-24,3.0855591547858707
2012-10-25,3.049582729124715
2012-10-26,3.050904792437343
2012-10-31,3.028194705934664
2012-11-01,3.073601151474345
2012-11-02,3.0303221923382724
2012-11-05,3.0568378493185784
2012-11-06,3.0720805817514414
2012-11-07,3.029555555328408
2012-11-08,3.003544152617741
2012-11-09,3.003771769334006
2012-11-12,3.0200118736929826
2012-11-13,3.008448389695838
2012-11-14,2.95604826202119
2012-11-15,2.932511730904218
2012-11-16,2.95187261131973
2012-11-19,3.0126692252477794
2012-11-20,3.0272096446593695
2012-11-21,3.038883714229631
2012-11-23,3.0674119889398495
2012-11-26,3.072323791857615
2012-11-27,3.0824562058623473
2012-11-28,3.1054225995996987
2012-11-29,3.1033742252728573
2012-11-30,3.091722609555787
2012-12-03,3.0875880465090035
2012-12-04,3.0956752707499957
2012-12-05,3.05718530421676
2012-12-06,3.071401332318128
2012-12-07,3.0958765010454727
2012-12-10,3.083325541308742
2012-12-11,3.1007017217750765
2012-12-12,3.096639260061481
2012-12-13,3.0699087782693697
2012-12-14,3.0644272974463695
2012-12-17,3.098161735489916
2012-12-18,3.1690347420168647
2012-12-19,3.15631228078278
2012-12-20,3.181013619002703
2012-12-21,3.1627782850115813
2012-12-24,3.1545169787952725
2012-12-26,3.1302306724499678
2012-12-27,3.129748170988823
2012-12-28,3.1106241469779574
2012-12-31,3.1899957070788925
2013-01-02,3.257797708088788
2013-01-03,3.281876559099368
2013-01-04,3.299557954998028
2013-01-07,3.263247497315526
2013-01-08,3.2572271504879904
2013-01-09,3.2955309365988907
2013-01-10,3.302298138833708
2013-01-11,3.2966833574716214
2013-01-14,3.2850209591890756
2013-01-15,3.3153215991088705
2013-01-16,3.289746840959934
2013-01-17,3.3315092184858592
2013-01-18,3.3414310392706286
2013-01-22,3.3793082293577044
2013-01-23,3.373485755274004
2013-01-24,3.3672136183209225
2013-01-25,3.390819480073296
2013-01-28,3.3576313498658985
2013-01-29,3.350410760410956
2013-01-30,3.3065043712894076
2013-01-31,3.330829948995777
2013-02-01,3.363227030461954
2013-02-04,3.3278764585691754
2013-02-05,3.3701612412228887
2013-02-06,3.3703338273382863
2013-02-07,3.3733498611471533
2013-02-08,3.4126766769769055
2013-02-11,3.4025809647351153
2013-02-12,3.4153012816974098
2013-02-13,3.4565714069440125
2013-02-14,3.4499613112128245
2013-02-15,3.4520278647260434
2013-02-19,3.490390608829724
2013-02-20,3.4091079199997742
2013-02-21,3.343765226058516
2013-02-22,3.3818076952082587
2013-02-25,3.3296925633560153
2013-02-26,3.353704898833796
2013-02-27,3.416324093383177
2013-02-28,3.4401115516199052
2013-03-01,3.4527719096732485
2013-03-04,3.4938845283746645
2013-03-05,3.5333260919230325
2013-03-06,3.534334392902986
2013-03-07,3.535257199067353
2013-03-08,3.546606347397094
2013-03-11,3.539772432223775
2013-03-12,3.5455680563464926
2013-03-13,3.543878436039218
2013-03-14,3.5589406104411867
2013-03-15,3.5641301834173227
2013-03-18,3.5559334193328556
2013-03-19,3.5421686037379705
2013-03-20,3.5750290895123626
2013-03-21,3.5353180643190503
2013-03-22,3.5498622398931885
2013-03-25,3.5304332483379803
2013-03-26,3.560199397312753
2013-03-27,3.5590964133217393
2013-03-28,3.562857353861941
2013-04-01,3.547302596354437
2013-04-02,3.5116375501804025
2013-04-03,3.4694814489424886
2013-04-04,3.518093302211225
2013-04-05,3.5006126347466946
2013-04-08,3.5289593556262187
2013-04-09,3.538578959897097
2013-04-10,3.570537152933697
2013-04-11,3.5554322810081938
2013-04-12,3.5493718954555233
2013-04-15,3.4703140592935724
2013-04-16,3.535922387857665
2013-04-17,3.487751547146754
2013-04-18,3.465456442783055
2013-04-19,3.495560752840146
2013-04-22,3.5068082183479086
2013-04-23,3.5577443839188825
2013-04-24,3.547647895192014
2013-04-25,3.55003597974579
2013-04-26,3.550248607381615
2013-04-29,3.5735011323878587
2013-04-30,3.5883943655713515
2013-05-01,3.53944415273545
2013-05-02,3.580685444099482
2013-05-03,3.6219037141271344
2013-05-06,3.624645076529086
2013-05-07,3.636858482671202
2013-05-08,3.6299176998818563
2013-05-09,3.602702618581585
2013-05-10,3.6130144895864156
2013-05-13,3.6302722595100887
2013-05-14,3.7038949869686495
2013-05-15,3.753549396339034
2013-05-16,3.740211451583838
2013-05-17,3.7883471180042183
2013-05-20,3.775581920036036
2013-05-21,3.7693149068497473
2013-05-22,3.749871138761365
2013-05-23,3.761312223157486
2013-05-24,3.7880844262876314
2013-05-28,3.818331917600575
2013-05-29,3.8037546045298596
2013-05-30,3.836192741637985
2013-05-31,3.7821755354566435
2013-06-03,3.7678258354829612
2013-06-04,3.7355047347865638
2013-06-05,3.6870865272924664
2013-06-06,3.7585234159291985
2013-06-07,3.8220587904597556
2013-06-10,3.871489639829507
2013-06-11,3.7965448721519155
2013-06-12,3.7045972307965385
2013-06-13,3.751714818996273
2013-06-14,3.7127631559585814
2013-06-17,3.7435798470200243
2013-06-18,3.7817402823621586
2013-06-19,3.7293111950815576
2013-06-20,3.615062904535066
2013-06-21,3.603174096517722
2013-06-24,3.5717368485098553
2013-06-25,3.626861464783336
2013-06-26,3.6945169522105012
2013-06-27,3.735310974818088
2013-06-28,3.7321529503015225
2013-07-01,3.7658789871894647
2013-07-02,3.7745655306057624
2013-07-03,3.783193242848196
2013-07-05,3.859752744011103
2013-07-08,3.8451354624793677
2013-07-09,3.825865868909344
2013-07-10,3.847339188013108
2013-07-11,3.940476274650476
2013-07-12,4.015679049581165
2013-07-15,4.013457010020355
2013-07-16,3.9177618732743538
2013-07-17,3.9895313134948522
2013-07-18,3.995970584808985
2013-07-19,4.02645789850967
2013-07-22,4.040394562113755
2013-07-23,4.014929826560908
2013-07-24,4.008664385213461
2013-07-25,4.0559258883324
2013-07-26,4.048524139460636
2013-07-29,4.0227173931858
2013-07-30,4.05692243921897
2013-07-31,4.080150041880236
2013-08-01,4.1090137304537055
2013-08-02,4.146671146648912
2013-08-05,4.172076687817158
2013-08-06,4.121777388918744
2013-08-07,4.115409598127929
2013-08-08,4.215025885382852
2013-08-09,4.2116939772048685
2013-08-12,4.1897479555248704
2013-08-13,4.212564111489696
2013-08-14,4.168244036916181
2013-08-15,4.094854192890935
2013-08-16,4.102334607562689
2013-08-19,4.080027793244344
2013-08-20,4.150279898233461
2013-08-21,4.132397773734252
2013-08-22,4.227150921389351
2013-08-23,4.254898352967136
2013-08-26,4.277922351052712
2013-08-27,4.1720363447715325
2013-08-28,4.184144953976188
2013-08-29,4.218771624720703
2013-08-30,4.1830020748745005
2013-09-03,4.236281518995645
2013-09-04,4.288419019739341
2013-09-05,4.309335841701552
2013-09-06,4.313059178277539
2013-09-09,4.341852568972505
2013-09-10,4.387278885920601
2013-09-11,4.399804044686905
2013-09-12,4.411349501018689
2013-09-13,4.415230805121754
2013-09-16,4.397871443854178
2013-09-17,4.445825552518995
2013-09-18,4.461443131789854
2013-09-19,4.503275099104332
2013-09-20,4.484651326508609
2013-09-23,4.517324801596927
2013-09-24,4.527137279537636
2013-09-25,4.546416001470848
2013-09-26,4.595416260275423
2013-09-27,4.591574652882106
2013-09-30,4.569823175504617
2013-10-01,4.620444586439631
2013-10-02,4.606579481918742
2013-10-03,4.504066972619008
2013-10-04,4.516238146069345
2013-10-07,4.459625973573368
2013-10-08,4.285578961713426
2013-10-09,4.171751178249882
2013-10-10,4.353436304638997
2013-10-11,4.392571293765829
2013-10-14,4.405689272119656
2013-10-15,4.435997205985006
2013-10-16,4.575936720680446
2013-10-17,4.606335887951422
2013-10-18,4.602361566245473
2013-10-21,4.540973491464155
2013-10-22,4.525610961922915
2013-10-23,4.500006717341921
2013-10-24,4.548090492824684
2013-10-25,4.580754742648748
2013-10-28,4.519110469252475
2013-10-29,4.574059929594966
2013-10-30,4.519089594720486
2013-10-31,4.516502030968602
2013-11-01,4.530429175312261
2013-11-04,4.561526825767192
2013-11-05,4.57759949626585
2013-11-06,4.486820123445984
2013-11-07,4.436926319996901
2013-11-08,4.53494396495695
2013-11-11,4.570970544458496
2013-11-12,4.5955274184038375
2013-11-13,4.724529637957639
2013-11-14,4.733461504795303
2013-11-15,4.787164774103628
2013-11-18,4.710161936652688
2013-11-19,4.664760919473926
2013-11-20,4.685304632843841
2013-11-21,4.764862137175893
2013-11-22,4.785328830328454
2013-11-25,4.768653563918405
2013-11-26,4.799863896577115
2013-11-27,4.820878129641286
2013-11-29,4.8170896524073195
2013-12-02,4.809465277431673
2013-12-03,4.7810805845397795
2013-12-04,4.7528519345242
2013-12-05,4.765080569566849
2013-12-06,4.8159397571368965
2013-12-09,4.815962189225509
2013-12-10,4.808783644429978
2013-12-11,4.7255283433156094
2013-12-12,4.772621391780279
2013-12-13,4.760286542947455
2013-12-16,4.820028383804617
2013-12-17,4.791281005618681
2013-12-18,4.852839761636386
2013-12-19,4.819444808081965
2013-12-20,4.895436953513566
2013-12-23,4.889391986724613
2013-12-24,4.905458761115947
2013-12-26,4.935554892619342
2013-12-27,4.888359074150289
2013-12-30,4.897765662778131
2013-12-31,4.91244780388782
2014-01-02,4.857776502705079
2014-01-03,4.870116175368175
2014-01-06,4.878121587454088
2014-01-07,4.918813150837354
2014-01-08,4.937990027892259
2014-01-09,4.977779841963821
2014-01-10,5.035075597043439
2014-01-13,4.947800496751009
2014-01-14,5.027777423806723
2014-01-15,5.058664829702475
2014-01-16,5.052253075730613
2014-01-17,5.044996401087231
2014-01-21,5.069260584936474
2014-01-22,5.100868217648222
2014-01-23,5.0660427003148945
2014-01-24,4.957902185738857
2014-01-27,4.909295717769037
2014-01-28,5.001644207775829
2014-01-29,4.958631709610739
2014-01-30,5.081211205353206
2014-01-31,5.078409340638692
2014-02-03,4.920024814279153
2014-02-04,4.91618910803994
2014-02-05,4.896561599824962
2014-02-06,4.920755954038415
2014-02-07,5.017593937507086
2014-02-10,5.041318647437675
2014-02-11,5.06264254388348
2014-02-12,5.06832507126179
2014-02-13,5.086664318926582
2014-02-14,5.093874536389204
2014-02-18,5.186687144924887
2014-02-19,5.13571696566642
2014-02-20,5.212460499637747
2014-02-21,5.235991688923713
2014-02-24,5.289539271969989
2014-02-25,5.295622410381209
2014-02-26,5.292574967628509
2014-02-27,5.32766367147313
2014-02-28,5.2595284952107555
2014-03-03,5.246961974373915
2014-03-04,5.390116962896864
2014-03-05,5.4234496424650445
2014-03-06,5.405345440354762
2014-03-07,5.362365131978753
2014-03-10,5.35283669495021
2014-03-11,5.319221948785076
2014-03-12,5.352340346322213
2014-03-13,5.263377363384787
2014-03-14,5.239582404660159
2014-03-17,5.283904943584323
2014-03-18,5.3651985995158675
2014-03-19,5.310595900199648
2014-03-20,5.291999640197815
2014-03-21,5.194018931303274
2014-03-24,5.084118950710882
2014-03-25,5.066517380889873
2014-03-26,4.897455117826891
2014-03-27,4.894328439020516
2014-03-28,4.867943845613162
2014-03-31,5.033663007481448
2014-04-01,5.125042668980661
2014-04-02,5.122325289754379
2014-04-03,5.093575146592851
2014-04-04,5.009641892647811
2014-04-07,4.847384201731299
2014-04-08,4.848445053548609
2014-04-09,4.924239929781499
2014-04-10,4.773786503922867
2014-04-11,4.715835198818135
2014-04-14,4.744755034240913
2014-04-15,4.727760017770672
2014-04-16,4.798487598206911
2014-04-17,4.837785486724535
2014-04-21,4.869560665584686
2014-04-22,4.915282257718273
2014-04-23,4.952326382380876
2014-04-24,4.977965044762989
2014-04-25,4.878307451170923
2014-04-28,4.843941979620981
2014-04-29,4.8740255063932105
2014-04-30,4.8980370670254665
2014-05-01,4.9206307765747175
2014-05-02,4.980403300115569
2014-05-05,4.976139486996024
2014-05-06,4.947665961267063
2014-05-07,4.952949381291002
2014-05-08,4.9083278241288415
2014-05-09,4.895862367460852
2014-05-12,4.966752147405173
2014-05-13,4.961444777883206
2014-05-14,4.903895373767855
2014-05-15,4.824296914527499
2014-05-16,4.844228335540951
2014-05-19,4.859851624564236
2014-05-20,4.818694978311734
2014-05-21,4.88376700535229
2014-05-22,4.896396040774644
2014-05-23,4.91731335923154
2014-05-27,4.946212629327005
2014-05-28,4.957267683204133
2014-05-29,5.062436433999919
2014-05-30,5.0569790135741375
2014-06-02,5.072664403803405
2014-06-03,5.121764190798408
2014-06-04,5.151774181077428
2014-06-05,5.18302653939811
2014-06-06,5.213464412727043
2014-06-09,5.215244920915712
2014-06-10,5.230616169780664
2014-06-11,5.214907374897682
2014-06-12,5.182120582867556
2014-06-13,5.240053302838323
2014-06-16,5.269408663927021
2014-06-17,5.309580481316241
2014-06-18,5.351397294257931
2014-06-19,5.411232719530231
2014-06-20,5.406491482917273
2014-06-23,5.404434821477633
2014-06-24,5.328506394639651
2014-06-25,5.356917435544682
2014-06-26,5.3481707127879305
2014-06-27,5.331369320374324
2014-06-30,5.350965731882952
2014-07-01,5.3787182555013855
2014-07-02,5.353325631203655
2014-07-03,5.374132838500987
2014-07-07,5.308262887620399
2014-07-08,5.243958754946679
2014-07-09,5.271354142523562
2014-07-10,5.257958655268477
2014-07-11,5.261064186181742
2014-07-14,5.297892956140613
2014-07-15,5.259559038295247
2014-07-16,5.3146306565457895
2014-07-17,5.242022200469597
2014-07-18,5.354026849456624
2014-07-21,5.351966038187524
2014-07-22,5.379611917022314
2014-07-23,5.360885520054426
2014-07-24,5.3867482814779395
2014-07-25,5.320141185397088
2014-07-28,5.288078129199616
2014-07-29,5.272342730098621
2014-07-30,5.258855489315741
2014-07-31,5.128126112125571
2014-08-01,5.124818178379022
2014-08-04,5.173485134871406
2014-08-05,5.125081358577484
2014-08-06,5.123940890039653
2014-08-07,5.097820619028587
2014-08-08,5.140569094738573
2014-08-11,5.202947819973789
2014-08-12,5.191841167924777
2014-08-13,5.293755328882533
2014-08-14,5.303644282624756
2014-08-15,5.30998919492237
2014-08-18,5.3522636210067525
2014-08-19,5.37640994804804
2014-08-20,5.3805159312293
2014-08-21,5.385011637502748
2014-08-22,5.374773820111415
2014-08-25,5.388621496784041
2014-08-26,5.4125891253516185
2014-08-27,5.364021305254193
2014-08-28,5.361467669991573
2014-08-29,5.428163112834554
2014-09-02,5.504287875880825
2014-09-03,5.504227102357406
2014-09-04,5.464880257920664
2014-09-05,5.505974118206021
2014-09-08,5.519936838220333
2014-09-09,5.471923779980772
2014-09-10,5.61468073968521
2014-09-11,5.6426550629577035
2014-09-12,5.608737296960253
2014-09-15,5.5618902337271745
2014-09-16,5.610904225464066
2014-09-17,5.628786325814809
2014-09-18,5.666417544638704
2014-09-19,5.683551324007562
2014-09-22,5.620765406127756
2014-09-23,5.58206522475642
2014-09-24,5.646232845905317
2014-09-25,5.534041824080409
2014-09-26,5.578470522666708
2014-09-29,5.5934852853921795
2014-09-30,5.541940909488751
2014-10-01,5.41029107545989
2014-10-02,5.410951192417909
2014-10-03,5.529575724802504
2014-10-06,5.47979752934117
2014-10-07,5.385709623224381
2014-10-08,5.496946612325281
2014-10-09,5.417193028338866
2014-10-10,5.289469330775929
2014-10-13,5.147067809220725
2014-10-14,5.209863994646556
2014-10-15,5.140148410996084
2014-10-16,5.191024471489765
2014-10-17,5.277544479667386
2014-10-20,5.38107114481193
2014-10-21,5.536883980583197
2014-10-22,5.483474653973625
2014-10-23,5.529466553325169
2014-10-24,5.6112212412893285
2014-10-27,5.596764714992653
2014-10-28,5.652792340574651
2014-10-29,5.626873602717412
2014-10-30,5.642999752190283
2014-10-31,5.712746867533084
2014-11-03,5.7225784805681865
2014-11-04,5.701974557743426
2014-11-05,5.662002462933889
2014-11-06,5.756678732099724
2014-11-07,5.833200457221081
2014-11-10,5.907086993503734
2014-11-11,5.908271170170063
2014-11-12,5.927875918850411
2014-11-13,5.915459792350554
2014-11-14,5.865492556140028
2014-11-17,5.851451969153271
2014-11-18,5.891466409642251
2014-11-19,5.877239373380674
2014-11-20,5.905442387878559
2014-11-21,5.878241015212524
2014-11-24,5.967713379101487
2014-11-25,6.044383535853255
2014-11-26,6.136512925218839
2014-11-28,6.185073289272363
2014-12-01,6.157755588611991
2014-12-02,6.204383729142495
2014-12-03,6.207807796841495
2014-12-04,6.228136906956179
2014-12-05,6.243074275378016
2014-12-08,6.275261577809285
2014-12-09,6.263409949581004
2014-12-10,6.14365426988435
2014-12-11,6.213604055739419
2014-12-12,6.146894363152873
2014-12-15,6.061786119732282
2014-12-16,5.987831206964273
2014-12-17,6.145190547987675
2014-12-18,6.279864471636406
2014-12-19,6.303861713548005
2014-12-22,6.35632324958621
2014-12-23,6.258072153138366
2014-12-24,6.303487662383281
2014-12-26,6.354205600981126
2014-12-29,6.339161694392675
2014-12-30,6.314282019096043
2014-12-31,6.279718981789331
2015-01-02,6.288472035732831
2015-01-05,6.208588771375298
2015-01-06,6.141884644251124
2015-01-07,6.25948095631964
2015-01-08,6.385934348650139
2015-01-09,6.299641473549966
2015-01-12,6.2811160027871376
2015-01-13,6.2908204137883565
2015-01-14,6.23160071285082
2015-01-15,6.1429111760170105
2015-01-16,6.238713164821001
2015-01-20,6.304622884130293
2015-01-21,6.32319005989466
2015-01-22,6.497153293989997
2015-01-23,6.5273833155893035
2015-01-26,6.5831233752363945
2015-01-27,6.530675493860937
2015-01-28,6.44574475924505
2015-01-29,6.5301606511890204
2015-01-30,6.387409314861061
2015-02-02,6.389386358231447
2015-02-03,6.365057202534757
2015-02-04,6.397873370805257
2015-02-05,6.44925230717821
2015-02-06,6.402983520253074
2015-02-09,6.337857339523127
2015-02-10,6.4361158938821195
2015-02-11,6.4296086950105344
2015-02-12,6.4766773140961265
2015-02-13,6.455084883256543
2015-02-17,6.475284107573573
2015-02-18,6.5261565095720355
2015-02-19,6.533053744305189
2015-02-20,6.611100475942403
2015-02-23,6.639065233231449
2015-02-24,6.642820657945374
2015-02-25,6.647681974904431
2015-02-26,6.530934677593699
2015-02-27,6.555921259153121
2015-03-02,6.578080083959814
2015-03-03,6.518188231419875
2015-03-04,6.53037316238397
2015-03-05,6.627302808736477
2015-03-06,6.5190947343121035
2015-03-09,6.545904547910607
2015-03-10,6.460903450509058
2015-03-11,6.478568749079699
2015-03-12,6.545560296335965
2015-03-13,6.5467950857208805
2015-03-16,6.6796820357064774
2015-03-17,6.650100242027894
2015-03-18,6.699078776934167
2015-03-19,6.759881346376423
2015-03-20,6.790069794679964
2015-03-23,6.76103871323533
2015-03-24,6.7406201891179816
2015-03-25,6.538699639102763
2015-03-26,6.509853396779539
2015-03-27,6.650481550362362
2015-03-30,6.749371295918646
2015-03-31,6.669097090372474
2015-04-01,6.610518472093727
2015-04-02,6.607465466319503
2015-04-06,6.628584773076088
2015-04-07,6.638014445707266
2015-04-08,6.6993190653553345
2015-04-09,6.7187083516707515
2015-04-10,6.753219088134254
2015-04-13,6.753279021997655
2015-04-14,6.713947892129636
2015-04-15,6.73282952300564
2015-04-16,6.7633910961653685
2015-04-17,6.684522413680777
2015-04-20,6.756162766153547
2015-04-21,6.806951800651447
2015-04-22,6.829201548289195
2015-04-23,6.830887243160089
2015-04-24,6.802421097247105
2015-04-27,6.7228606719925725
2015-04-28,6.667447666798706
2015-04-29,6.606853829602415
2015-04-30,6.53833767130584
2015-05-01,6.690947466691151
2015-05-04,6.726818839610985
2015-05-05,6.6563686532600785
2015-05-06,6.665509376671353
2015-05-07,6.7064996845319484
2015-05-08,6.786475304148325
2015-05-11,6.792084890685481
2015-05-12,6.761640157200135
2015-05-13,6.76031622340563
2015-05-14,6.845385569853652
2015-05-15,6.853392959756774
2015-05-18,6.902497178761171
2015-05-19,6.928650146605104
2015-05-20,6.92301958325237
2015-05-21,6.9086406710482375
2015-05-22,6.878087074194038
2015-05-26,6.849824798732917
2015-05-27,6.919222657678213
2015-05-28,6.930400032098489
2015-05-29,6.929878267881211
2015-06-01,6.921830346571203
2015-06-02,6.913040594588083
2015-06-03,6.949269220476447
2015-06-04,6.89575585170392
2015-06-05,6.966320596328892
2015-06-08,6.921288513958306
2015-06-09,6.931701902971365
2015-06-10,7.074093963337805
2015-06-11,7.097780569580083
2015-06-12,7.036075161957019
2015-06-15,7.073732237260203
2015-06-16,7.104554305454594
2015-06-17,7.113212084597176
2015-06-18,7.21896589332512
2015-06-19,7.213236118433394
2015-06-22,7.252546833320168
2015-06-23,7.254745687191614
2015-06-24,7.125234402042968
2015-06-25,7.122151459061171
2015-06-26,7.05654917866974
2015-06-29,6.856755502558593
2015-06-30,6.975539592655696
2015-07-01,6.976270346163253
2015-07-02,6.9697394913053206
2015-07-06,6.93631995966453
2015-07-07,6.8676569849877875
2015-07-08,6.758628465860379
2015-07-09,6.903246979524892
2015-07-10,6.985822800097052
2015-07-13,7.045515345530665
2015-07-14,7.1133223541973525
2015-07-15,7.068099120945621
2015-07-16,7.343842706624964
2015-07-17,7.32889424568805
2015-07-20,7.2829287742693705
2015-07-21,7.275941280848884
2015-07-22,7.280100547956192
2015-07-23,7.238079086840662
2015-07-24,7.108809170182962
2015-07-27,6.9506111375357635
2015-07-28,7.038166216881511
2015-07-29,7.045320605691466
2015-07-30,7.270343569654682
2015-07-31,7.335554525773667
2015-08-03,7.344410681105886
2015-08-04,7.515607587133633
2015-08-05,7.594705051859863
2015-08-06,7.49872392914183
2015-08-07,7.4737615792486585
2015-08-10,7.497072834128917
2015-08-11,7.4105764063825825
2015-08-12,7.394615173809172
2015-08-13,7.461189413748914
2015-08-14,7.477980451719836
2015-08-17,7.5560327509446115
2015-08-18,7.525936926455888
2015-08-19,7.520899008194511
2015-08-20,7.200316627391191
2015-08-21,7.025813764452229
2015-08-24,6.667428135648201
2015-08-25,6.705143932256246
2015-08-26,6.986995350465567
2015-08-27,7.164318855065474
2015-08-28,7.15629891019378
2015-08-31,7.103930586305238
2015-09-01,6.779837985261946
2015-09-02,6.802775962442102
2015-09-03,6.800340807608158
2015-09-04,6.791974210324882
2015-09-08,6.813970010605886
2015-09-09,6.816399730662499
2015-09-10,6.831177555616061
2015-09-11,6.839561673768963
2015-09-14,6.836146706663474
2015-09-15,6.841110633356296
2015-09-16,6.849193885169132
2015-09-17,6.854957225118248
2015-09-18,6.83682448488121
2015-09-21,6.837853612833454
2015-09-22,6.820440557027287
2015-09-23,6.824646004419142
2015-09-24,6.820397638427712
2015-09-25,6.805950466361894
2015-09-28,6.767701562421866
2015-09-29,6.758521454253459
2015-09-30,6.781886521510862
2015-10-01,6.80255981365707
2015-10-02,6.8084656570316575
2015-10-05,6.81399188959748
2015-10-06,6.803567868940061
2015-10-07,6.814758625748212
2015-10-08,6.825966583536452
2015-10-09,6.8254908571691795
2015-10-12,6.83216361703951
2015-10-13,6.825863318125882
2015-10-14,6.819017562004737
2015-10-15,6.832539854351109
2015-10-16,6.834926482348491
2015-10-19,6.8444989144640065
2015-10-20,6.845922954025704
2015-10-21,6.8429213003322875
2015-10-22,6.857508163842735
2015-10-23,6.857705805332839
2015-10-26,6.856343229562359
2015-10-27,6.853015084900215
2015-10-28,6.862959122415333
2015-10-29,6.857889272648004
2015-10-30,6.852414554044612
2015-11-02,6.853896328061722
2015-11-03,6.864428867083677
2015-11-04,6.837621424720101
2015-11-05,6.860106371008996
2015-11-06,6.868810413495604
2015-11-09,6.829097479171141
2015-11-10,6.861298310780739
2015-11-11,6.887144726876992
2015-11-12,6.810527348147341
2015-11-13,6.759463311814063
2015-11-16,6.834956508391269
2015-11-17,6.842779009219941
2015-11-18,6.912502387823519
2015-11-19,6.919312334121926
2015-11-20,6.954394339016293
2015-11-23,6.972316849333052
2015-11-24,7.000687277282957
2015-11-25,7.012870071379349
2015-11-27,7.03317983245477
2015-11-30,7.008909146125726
2015-12-01,7.0456479615956455
2015-12-02,6.992833238347821
2015-12-03,6.9289714739132915
2015-12-04,7.014316092341038
2015-12-07,6.974232875784545
2015-12-08,7.013339715976692
2015-12-09,6.928627822592197
2015-12-10,6.983653615784997
2015-12-11,6.861999580437662
2015-12-14,6.910421346115688
2015-12-15,6.970085310830702
2015-12-16,6.981944528038067
2015-12-17,6.905038976312294
2015-12-18,6.84346663039166
2015-12-21,6.89436344692803
2015-12-22,6.93285369794241
2015-12-23,7.036022293333706
2015-12-24,7.021403568092179
2015-12-28,7.0698488788696014
2015-12-29,7.158859355700479
2015-12-30,7.102497929457194
2015-12-31,6.984473397161283
2016-01-04,6.813324110941725
2016-01-05,6.912100970004759
2016-01-06,6.8492920777347415
2016-01-07,6.7093694325126405
2016-01-08,6.614727787923888
2016-01-11,6.608669904409643
2016-01-12,6.645641753765062
2016-01-13,6.475479654485658
2016-01-14,6.557618431101079
2016-01-15,6.455268248318345
2016-01-19,6.465812982820325
2016-01-20,6.437212882897126
2016-01-21,6.441134400834558
2016-01-22,6.549045953310698
2016-01-25,6.480408489186664
2016-01-26,6.52935903124476
2016-01-27,6.454597057853717
2016-01-28,6.480763136383552
2016-01-29,6.58122135225436
2016-02-01,6.5882087125785445
2016-02-02,6.584459724384707
2016-02-03,6.5781815895785725
2016-02-04,6.567031460775997
2016-02-05,6.556745109231656
2016-02-08,6.55309363732407
2016-02-09,6.56500436724343
2016-02-10,6.568621173960478
2016-02-11,6.5587258367607655
2016-02-12,6.561126830655261
2016-02-16,6.584035998555847
2016-02-17,6.578348732170967
2016-02-18,6.578454936535182
2016-02-19,6.58332487136433
2016-02-22,6.590311807334451
2016-02-23,6.589675103161866
2016-02-24,6.598733537268964
2016-02-25,6.61626214092749
2016-02-26,6.593761910153556
2016-02-29,6.589443327189902
2016-03-01,6.595214558184483
2016-03-02,6.615438191133102
2016-03-03,6.622568965449401
2016-03-04,6.62277876062928
2016-03-07,6.62710657795234
2016-03-08,6.617186014633346
2016-03-09,6.633901720492147
2016-03-10,6.64055458369659
2016-03-11,6.657058614374194
2016-03-14,6.65296840553157
2016-03-15,6.653753419442138
2016-03-16,6.6740809043109195
2016-03-17,6.691535955074041
2016-03-18,6.6848886825046385
2016-03-21,6.682340292028476
2016-03-22,6.675627639509596
2016-03-23,6.659542996450447
2016-03-24,6.661069054483508
2016-03-28,6.665656336999563
2016-03-29,6.6933776725664345
2016-03-30,6.695538276448839
2016-03-31,6.689692785944245
2016-04-01,6.695596451156372
2016-04-04,6.649973638272291
2016-04-05,6.618594915968128
2016-04-06,6.642792921960348
2016-04-07,6.698609560718206
2016-04-08,6.7121420796294275
2016-04-11,6.733131142083211
2016-04-12,6.75234100278367
2016-04-13,6.723092081694151
2016-04-14,6.681623990534954
2016-04-15,6.719816892322107
2016-04-18,6.74751578888986
2016-04-19,6.839049948231182
2016-04-20,6.778411568371054
2016-04-21,6.673424596611478
2016-04-22,6.680760249257167
2016-04-25,6.6416924976332155
2016-04-26,6.671272542329134
2016-04-27,6.7068308902203055
2016-04-28,6.704013399468548
2016-04-29,6.720009469352454
2016-05-02,6.810063783730832
2016-05-03,6.741318700809006
2016-05-04,6.729286493881011
2016-05-05,6.723516878728951
2016-05-06,6.762480744650157
2016-05-09,6.706914909889038
2016-05-10,6.75875239151254
2016-05-11,6.769576254728561
2016-05-12,6.762157443775783
2016-05-13,6.724878774614763
2016-05-16,6.780585147361864
2016-05-17,6.74757347595784
2016-05-18,6.683217262922594
2016-05-19,6.704432372982008
2016-05-20,6.719477497097798
2016-05-23,6.7198732494331
2016-05-24,6.743595746513581
2016-05-25,6.774722648477454
2016-05-26,6.801715935470837
2016-05-27,6.805292084763732
2016-05-31,6.823898981970543
2016-06-01,6.81638048433563
2016-06-02,6.840459868102867
2016-06-03,6.8947730734444495
2016-06-06,6.972615097482923
2016-06-07,6.98198671736442
2016-06-08,7.001978344713364
2016-06-09,6.961786359293752
2016-06-10,6.833415157931602
2016-06-13,6.814682326938574
2016-06-14,6.781093913474702
2016-06-15,6.820144748142452
2016-06-16,6.809958833660887
2016-06-17,6.852257709343145
2016-06-20,6.903845469670652
2016-06-21,6.9211717445227166
2016-06-22,6.899259193803577
2016-06-23,6.980898918402469
2016-06-24,6.7883455375170545
2016-06-27,6.661459210516314
2016-06-28,6.801156091675606
2016-06-29,6.902615021554056
2016-06-30,6.988448315032134
2016-07-01,7.029829986287858
2016-07-05,7.0043279769786215
2016-07-06,7.04783920047433
2016-07-07,7.022496205329459
2016-07-08,7.110285756545226
2016-07-11,7.11665005956602
2016-07-12,7.162744314926911
2016-07-13,7.143729277689778
2016-07-14,7.153430048177241
2016-07-15,7.143388659171028
2016-07-18,7.176927145623938
2016-07-19,7.145231173397347
2016-07-20,7.139484318215505
2016-07-21,7.089348370741501
2016-07-22,7.182972159986384
2016-07-25,7.202745917985516
2016-07-26,7.230872463181954
2016-07-27,7.192831730275732
2016-07-28,7.213927513752352
2016-07-29,7.2370423601874245
2016-08-01,7.201459150359468
2016-08-02,7.17783454285162
2016-08-03,7.211858410263663
2016-08-04,7.184314254327554
2016-08-05,7.212479851264077
2016-08-08,7.201781656282845
2016-08-09,7.202108531796367
2016-08-10,7.185640073106878
2016-08-11,7.227653576319501
2016-08-12,7.229600311900723
2016-08-15,7.275494004697562
2016-08-16,7.198238484394849
2016-08-17,7.182139855748218
2016-08-18,7.288223421832571
2016-08-19,7.303152156859927
2016-08-22,7.30311916562505
2016-08-23,7.3470998605094655
2016-08-24,7.220823366259118
2016-08-25,7.227181790421155
2016-08-26,7.213461905374454
2016-08-29,7.283138776217642
2016-08-30,7.225905701110459
2016-08-31,7.181098318046768
2016-09-01,7.188499580151177
2016-09-02,7.259693672919302
2016-09-06,7.276143957818804
2016-09-07,7.2573775323412555
2016-09-08,7.210453202527786
2016-09-09,6.97810377825056
2016-09-12,7.068022177034559
2016-09-13,6.92975050484416
2016-09-14,6.950437419771146
2016-09-15,7.00454712029567
2016-09-16,7.019088311429101
2016-09-19,7.066215293805401
2016-09-20,7.057019738734543
2016-09-21,7.159623082228468
2016-09-22,7.226491984370529
2016-09-23,7.193346210413471
2016-09-26,7.139776425786947
2016-09-27,7.188462860071374
2016-09-28,7.24198304749136
2016-09-29,7.193072742069351
2016-09-30,7.243278825633999
2016-10-03,7.213425223737846
2016-10-04,7.171536282298444
2016-10-05,7.200787490025558
2016-10-06,7.220947395571872
2016-10-07,7.170530078066348
2016-10-10,7.212176055900558
2016-10-11,7.007769182778303
2016-10-12,7.013968918372287
2016-10-13,6.928311306926293
2016-10-14,6.959315404624362
2016-10-17,6.9166010964075335
2016-10-18,6.968754259239967
2016-10-19,7.034260529103853
2016-10-20,7.028053953372632
2016-10-21,6.95789213396635
2016-10-24,7.038752357292947
2016-10-25,7.040766195529266
2016-10-26,7.023593757702996
2016-10-27,6.954540926309097
2016-10-28,6.9062733844790225
2016-10-31,6.829634386439162
2016-11-01,6.808729330636302
2016-11-02,6.692727148228987
2016-11-03,6.649786848710875
2016-11-04,6.602320012520063
2016-11-07,6.803774047472162
2016-11-08,6.83031028700302
2016-11-09,6.873953619071509
2016-11-10,6.788583226115441
2016-11-11,6.889169335293177
2016-11-14,6.890691693192737
2016-11-15,6.974475106339594
2016-11-16,7.036565232547583
2016-11-17,7.174455836203989
2016-11-18,7.259648370589892
2016-11-21,7.383039518473932
2016-11-22,7.397973517053083
2016-11-23,7.4324545474754675
2016-11-25,7.451582540274949
2016-11-28,7.427231332926077
2016-11-29,7.416447622171944
2016-11-30,7.455899453516219
2016-12-01,7.265731518531415
2016-12-02,7.306606449596119
2016-12-05,7.344920842085478
2016-12-06,7.433356559092751
2016-12-07,7.549108406450584
2016-12-08,7.5513898611459105
2016-12-09,7.571255207241969
2016-12-12,7.52990181181202
2016-12-13,7.565344494356946
2016-12-14,7.493720099766761
2016-12-15,7.5391363923193495
2016-12-16,7.47030691518891
2016-12-19,7.474692914881565
2016-12-20,7.555878189592262
2016-12-21,7.53716560095004
2016-12-22,7.510170091853221
2016-12-23,7.517780602249158
2016-12-27,7.551919352846364
2016-12-28,7.454976187303052
2016-12-29,7.442290612572874
2016-12-30,7.3949874537933225
2017-01-03,7.455909447685678
2017-01-04,7.555595796906007
2017-01-05,7.516239334620079
2017-01-06,7.531909973040284
2017-01-09,7.4857999818827565
2017-01-10,7.539816264544968
2017-01-11,7.582810904551915
2017-01-12,7.503085657888744
2017-01-13,7.551202961953925
2017-01-17,7.348905333819167
2017-01-18,7.435312369618202
2017-01-19,7.389098963783345
2017-01-20,7.455310263251007
2017-01-23,7.42161463296774
2017-01-24,7.550031997151195
2017-01-25,7.6049948719122575
2017-01-26,7.698739003996507
2017-01-27,7.685707841550896
2017-01-30,7.586166547381858
2017-01-31,7.514540697090274
2017-02-01,7.616014778546423
2017-02-02,7.553314199156002
2017-02-03,7.626416491178887
2017-02-06,7.68632368042448
2017-02-07,7.641433594782895
2017-02-08,7.605865580466059
2017-02-09,7.669143037690101
2017-02-10,7.719390809305433
2017-02-13,7.775992372678575
2017-02-14,7.803003589602037
2017-02-15,7.817104682862397
2017-02-16,7.7435424794957655
2017-02-17,7.743970758519361
2017-02-21,7.818853653269676
2017-02-22,7.806190750463387
2017-02-23,7.729261097965135
2017-02-24,7.685533532689434
2017-02-27,7.82064267171488
2017-02-28,7.752023119336987
2017-03-01,7.998310194304521
2017-03-02,7.812716395747254
2017-03-03,7.8082979200690685
2017-03-06,7.7889040432288335
2017-03-07,7.741785905236479
2017-03-08,7.718117196662132
2017-03-09,7.7334213065641935
2017-03-10,7.807771719794515
2017-03-13,7.820684921863624
2017-03-14,7.769886584593607
2017-03-15,7.8179372236808575
2017-03-16,7.8015648617147555
2017-03-17,7.765095510590885
2017-03-20,7.807830832744915
2017-03-21,7.5726599752383015
2017-03-22,7.60042729652882
2017-03-23,7.593881753772656
2017-03-24,7.590465842180151
2017-03-27,7.5688503876271245
2017-03-28,7.662529451760633
2017-03-29,7.692993447992881
2017-03-30,7.739250460882635
2017-03-31,7.74346038369782
2017-04-03,7.73961543922898
2017-04-04,7.753458895890342
2017-04-05,7.690076071273639
2017-04-06,7.66841631581819
2017-04-07,7.685960716767085
2017-04-10,7.655650446546417
2017-04-11,7.634445873928929
2017-04-12,7.5682555224575285
2017-04-13,7.512798768218344
2017-04-17,7.517218296237972
2017-04-18,7.511609776374305
2017-04-19,7.477950287479454
2017-04-20,7.511829778522192
2017-04-21,7.5022305068533806
2017-04-24,7.610489369172167
2017-04-25,7.659052828275721
2017-04-26,7.602704070692481
2017-04-27,7.632809239229002
2017-04-28,7.586607486490013
2017-05-01,7.620405910035534
2017-05-02,7.6044100724801025
2017-05-03,7.580798364486873
2017-05-04,7.6170866790735055
2017-05-05,7.638273433844914
2017-05-08,7.549582130361437
2017-05-09,7.638199486976669
2017-05-10,7.688886267306866
2017-05-11,7.68001782167224
2017-05-12,7.6869960065578775
2017-05-15,7.915504025085509
2017-05-16,8.044864572698199
2017-05-17,7.81724021988007
2017-05-18,7.892219730353565
2017-05-19,7.908707810658542
2017-05-22,8.009648160276221
2017-05-23,8.040402592850338
2017-05-24,7.993268292522117
2017-05-25,8.027289207212986
2017-05-26,7.93997608664957
2017-05-30,7.879903688786393
2017-05-31,7.942987364589768
2017-06-01,8.081651538721324
2017-06-02,8.161407793882328
2017-06-05,8.142819553528915
2017-06-06,8.21582976367081
2017-06-07,8.24275256488926
2017-06-08,8.325865622236536
2017-06-09,8.077773174546778
2017-06-12,8.019361722559413
2017-06-13,8.085617558898177
2017-06-14,8.062117115867961
2017-06-15,8.026590872751306
2017-06-16,8.054437865722486
2017-06-19,8.189697101682974
2017-06-20,8.15680625602605
2017-06-21,8.26856090906823
2017-06-22,8.269310430037565
2017-06-23,8.33753877014886
2017-06-26,8.25890356449553
2017-06-27,8.057927141426587
2017-06-28,8.180359367535042
2017-06-29,8.010772094903608
2017-06-30,8.029867038122104
2017-07-03,8.010779071049852
2017-07-05,8.138230964655905
2017-07-06,7.9894400909090395
2017-07-07,8.08479500294232
2017-07-10,7.964857469542475
2017-07-11,8.00467525550416
2017-07-12,8.072398886060762
2017-07-13,8.081715761593777
2017-07-14,8.094907572414575
2017-07-17,8.053523041735891
2017-07-18,8.10277572576683
2017-07-19,8.166169456900022
2017-07-20,8.251186613271662
2017-07-21,8.271649377755132
2017-07-24,8.352439020690728
2017-07-25,8.274274341166704
2017-07-26,8.29767279389339
2017-07-27,8.16655673198886
2017-07-28,8.340935388516693
2017-07-31,8.314517281063257
2017-08-01,8.276722435547661
2017-08-02,8.251491025203674
2017-08-03,8.20809069832819
2017-08-04,8.169601129377199
2017-08-07,8.256891205781566
2017-08-08,8.21010668634724
2017-08-09,8.156337785429498
2017-08-10,7.88288168982773
2017-08-11,8.004343601615638
2017-08-14,8.113004420549704
2017-08-15,8.069224781939187
2017-08-16,8.082619868652623
2017-08-17,7.907228308689052
2017-08-18,7.957973329506648
2017-08-21,7.948290848890371
2017-08-22,8.112774243926927
2017-08-23,8.10354888573961
2017-08-24,8.16583591319001
2017-08-25,8.120084440271643
2017-08-28,8.135266077031924
2017-08-29,8.143544451963804
2017-08-30,8.208076646336318
2017-08-31,8.24897500521866
2017-09-01,8.310411598475048
2017-09-05,8.245581650724263
2017-09-06,8.21074614151194
2017-09-07,8.179007567861603
2017-09-08,8.170576405090623
2017-09-11,8.252399202253894
2017-09-12,8.253740186037032
2017-09-13,8.236914506449073
2017-09-14,8.23919374263395
2017-09-15,8.267152288994883
2017-09-18,8.304237777967494
2017-09-19,8.348784110797594
2017-09-20,8.625997873119665
2017-09-21,8.610823548773405
2017-09-22,8.672328887881198
2017-09-25,8.530381159072633
2017-09-26,8.499053203125586
2017-09-27,8.589097151406389
2017-09-28,8.602535538530914
2017-09-29,8.642362177952764
2017-10-02,8.715745352742246
2017-10-03,8.711800489857254
2017-10-04,8.583413501231181
2017-10-05,8.58724767866755
2017-10-06,8.601786150017741
2017-10-09,8.59739283911473
2017-10-10,8.547311592736007
2017-10-11,8.61611293553206
2017-10-12,8.637966019906106
2017-10-13,8.669661774584169
2017-10-16,8.69115354974574
2017-10-17,8.606539436433378
2017-10-18,8.667350131085126
2017-10-19,8.627260958779164
2017-10-20,8.733362209367796
2017-10-23,8.701480286163953
2017-10-24,8.763550848286375
2017-10-25,8.673029276179616
2017-10-26,8.685661469210661
2017-10-27,8.896793988081226
2017-10-30,8.919736290281936
2017-10-31,8.870556332582087
2017-11-01,8.781877384479714
2017-11-02,8.917656106400182
2017-11-03,9.000359003440396
2017-11-06,8.986153445700637
2017-11-07,8.97279096128145
2017-11-08,9.03177432768272
2017-11-09,8.996613613496708
2017-11-10,9.061850735054593
2017-11-13,9.012376159685404
2017-11-14,8.95166715316404
2017-11-15,8.936081984275091
2017-11-16,9.00698722817202
2017-11-17,9.026091829330351
2017-11-20,9.085942910488898
2017-11-21,9.194389642362225
2017-11-22,9.182406697509261
2017-11-24,9.227918802246322
2017-11-27,9.102561910207378
2017-11-28,9.10676620256528
2017-11-29,8.883887116224626
2017-11-30,9.053210927978897
2017-12-01,9.015864326198825
2017-12-04,8.739144360298424
2017-12-05,8.754819108546739
2017-12-06,8.74357430974385
2017-12-07,8.923631311080596
2017-12-08,9.009287460211846
2017-12-11,8.970271304123987
2017-12-12,8.964934989305187
2017-12-13,8.934301747074588
2017-12-14,8.922536422307013
2017-12-15,8.973637305037638
2017-12-18,8.997472152529395
2017-12-19,8.923846880994688
2017-12-20,8.88656114719588
2017-12-21,8.938698291125856
2017-12-22,8.958152334185174
2017-12-26,8.958641707187265
2017-12-27,9.026843181616947
2017-12-28,9.028439939787964
2017-12-29,8.934413726003223
2018-01-02,9.059946346503578
2018-01-03,9.13568254441988
2018-01-04,9.113691788915078
2018-01-05,9.214284794973146
2018-01-08,9.341048527940595
2018-01-09,9.38023056552826
2018-01-10,9.335904152085135
2018-01-11,9.56299273147258
2018-01-12,9.555343799564763
2018-01-16,9.434644665401931
2018-01-17,9.56313332068536
2018-01-18,9.526050609268868
2018-01-19,9.606408407997014
2018-01-22,9.657855696913277
2018-01-23,9.657669093589615
2018-01-24,9.637316772488276
2018-01-25,9.635234274390575
2018-01-26,9.747521550842915
2018-01-29,9.611601809567627
2018-01-30,9.503880023606161
2018-01-31,9.498079856964702
2018-02-01,9.481453034965018
2018-02-02,9.253605396323147
2018-02-05,8.896959919850177
2018-02-06,8.965246841580287
2018-02-07,8.957129327954403
2018-02-08,8.665443995457858
2018-02-09,8.764850104275544
2018-02-12,8.944089425175207
2018-02-13,9.043421329688703
2018-02-14,9.199348877539911
2018-02-15,9.361941172721718
2018-02-16,9.204722031194699
2018-02-20,9.187869314101757
2018-02-21,9.107344003390887
2018-02-22,9.165120655967701
2018-02-23,9.282638973012068
2018-02-26,9.430598610203962
2018-02-27,9.30288012307403
2018-02-28,9.300806279474953
2018-03-01,9.179333451080893
2018-03-02,9.252004460171946
2018-03-05,9.37103834974206
2018-03-06,9.494977751319679
2018-03-07,9.508962131377476
2018-03-08,9.533563827478094
2018-03-09,9.731922803041764
2018-03-12,9.661994739227593
2018-03-13,9.588895076228228
2018-03-14,9.57144155264077
2018-03-15,9.488013294313843
2018-03-16,9.483758881026226
2018-03-19,9.365674868511457
2018-03-20,9.454484610902746
2018-03-21,9.41864355753817
2018-03-22,9.127108382966787
2018-03-23,8.936544174324947
2018-03-26,9.151220898183473
2018-03-27,8.951696694165287
2018-03-28,8.854571838085318
2018-03-29,9.035766219941834
2018-04-02,8.809934292634866
2018-04-03,8.976507551896855
2018-04-04,9.065076566140373
2018-04-05,9.122896934840181
2018-04-06,8.919248025545382
2018-04-09,8.920674692787722
2018-04-10,9.153272396230804
2018-04-11,9.129069248578116
2018-04-12,9.274637510881337
2018-04-13,9.19176813258256
2018-04-16,9.25992538727022
2018-04-17,9.442423929967013
2018-04-18,9.483021057206987
2018-04-19,9.446878957776583
2018-04-20,9.387290746948096
2018-04-23,9.31104589531025
2018-04-24,9.124390655233388
2018-04-25,9.075993225057706
2018-04-26,9.230572398193207
2018-04-27,9.20694542124316
2018-04-30,9.14976323431499
2018-05-01,9.126894973363717
2018-05-02,9.11232238414926
2018-05-03,9.144027394603182
2018-05-04,9.196763334913872
2018-05-07,9.258163748350494
2018-05-08,9.278220935053403
2018-05-09,9.602761599743216
2018-05-10,9.742444982250996
2018-05-11,9.849838992585033
2018-05-14,9.842073925379383
2018-05-15,9.759993051912563
2018-05-16,9.777370629546663
2018-05-17,9.910566388406211
2018-05-18,9.919582250912905
2018-05-21,10.067298698235094
2018-05-22,10.082718615464016
2018-05-23,10.059612963986622
2018-05-24,10.12010129583915
2018-05-25,10.102452041757113
2018-05-29,10.194746575348367
2018-05-30,10.32277149914116
2018-05-31,10.277088313348584
2018-06-01,10.484644893623011
2018-06-04,10.635711921845038
2018-06-05,10.73097552166672
2018-06-06,10.832796406184855
2018-06-07,10.773270681801797
2018-06-08,10.879921648624094
2018-06-11,10.960431721038105
2018-06-12,11.081413399912314
2018-06-13,11.00412171265424
2018-06-14,11.13113866589424
2018-06-15,11.2069914505788
2018-06-18,11.329653341859316
2018-06-19,11.36166769638162
2018-06-20,11.328406156017191
2018-06-21,11.193637843537578
2018-06-22,11.287226861298146
2018-06-25,10.959072959540652
2018-06-26,11.0930939778804
2018-06-27,11.024724838375167
2018-06-28,11.078671477200775
2018-06-29,11.060644106584519
2018-07-02,11.198866618556938
2018-07-03,11.080056146390627
2018-07-05,11.32485836114233
2018-07-06,11.545256408765722
2018-07-09,11.58291108859085
2018-07-10,11.549400324538063
2018-07-11,11.516283122618168
2018-07-12,11.710968675265978
2018-07-13,11.589527389407552
2018-07-16,11.67505551379152
2018-07-17,11.74574907010189
2018-07-18,11.782279408443625
2018-07-19,11.738377272830624
2018-07-20,11.744721746288983
2018-07-23,11.736472388249963
2018-07-24,11.563605285402359
2018-07-25,11.772249897151683
2018-07-26,11.824905628920904
2018-07-27,11.544824151753426
2018-07-30,11.218262259749077
2018-07-31,11.289529966047867
2018-08-01,11.390642203581058
2018-08-02,11.620464492615454
2018-08-03,11.562324229346954
2018-08-06,11.730976892893185
2018-08-07,11.761633472458188
2018-08-08,11.582208850194858
2018-08-09,11.6411936386618
2018-08-10,11.76895306798233
2018-08-13,11.78794639482243
2018-08-14,11.94974305590229
2018-08-15,11.751657540320485
2018-08-16,11.847687034593056
2018-08-17,11.965178779110753
2018-08-20,12.106134839420388
2018-08-21,12.160430976838759
2018-08-22,12.228285166593945
2018-08-23,12.340000066607844
2018-08-24,12.628703374308895
2018-08-27,12.849662843419898
2018-08-28,12.910296530827683
2018-08-29,13.034045364900827
2018-08-30,13.015300155699284
2018-08-31,13.167951250148604
2018-09-04,13.504464215170696
2018-09-05,13.177424973246255
2018-09-06,13.101934126796374
2018-09-07,13.228640655015123
2018-09-10,13.51452612662931
2018-09-11,13.698752284996099
2018-09-12,13.615891992200513
2018-09-13,13.50498446462389
2018-09-14,13.529642321223083
2018-09-17,13.22471806757067
2018-09-18,13.281357931811893
2018-09-19,13.149951821369836
2018-09-20,13.251378191135078
2018-09-21,13.224411783168115
2018-09-24,13.290891292502765
2018-09-25,13.628897467223373
2018-09-26,13.65625631389817
2018-09-27,13.742160903343741
2018-09-28,13.684050306537719
2018-10-01,13.445849069024169
2018-10-02,13.091354249875314
2018-10-03,13.093854499889831
2018-10-04,12.90409863648713
2018-10-05,12.856922109082221
2018-10-08,12.586610895721941
2018-10-09,12.503441656182979
2018-10-10,11.7978605276647
2018-10-11,11.52088457846003
2018-10-12,11.938852114375903
2018-10-15,11.813308560674264
2018-10-16,12.290973323537097
2018-10-17,12.202086015620175
2018-10-18,11.98194641115478
2018-10-19,11.632306845449099
2018-10-22,11.789946807004103
2018-10-23,11.696893731655456
2018-10-24,11.154035606757533
2018-10-25,11.131401524236797
2018-10-26,10.901210461815621
2018-10-29,10.80052927314949
2018-10-30,11.00643139578001
2018-10-31,11.23579512689804
2018-11-01,11.323208722096979
2018-11-02,11.31197672273123
2018-11-05,11.338401603660275
2018-11-06,11.34111251311784
2018-11-07,11.368690538701685
2018-11-08,11.371082025003245
2018-11-09,11.365151633561908
2018-11-12,11.350962231658274
2018-11-13,11.339611976354075
2018-11-14,11.321097725268721
2018-11-15,11.32992591578729
2018-11-16,11.332970596033013
2018-11-19,11.315174268043284
2018-11-20,11.262365590039357
2018-11-21,11.265509093368244
2018-11-23,11.271062575455707
2018-11-26,11.274353091099062
2018-11-27,11.279988539068077
2018-11-28,11.312760238400257
2018-11-29,11.318796558851224
2018-11-30,11.323865708778428
2018-12-03,11.307224151282089
2018-12-04,11.186026697292045
2018-12-06,11.15884276612978
2018-12-07,11.041668757029282
2018-12-10,11.03829491134755
2018-12-11,11.096776419966508
2018-12-12,11.134712920478757
2018-12-13,11.187059034990273
2018-12-14,11.081186330397445
2018-12-17,10.902889095203498
2018-12-18,10.86234307683357
2018-12-19,10.79050438077824
2018-12-20,10.691243742999802
2018-12-21,10.63522409090242
2018-12-24,10.448548938176389
2018-12-26,10.70247094271017
2018-12-27,10.779123718001653
2018-12-28,10.759970334405104
2018-12-31,10.818293092743607
2019-01-02,10.736016311402722
2019-01-03,10.730173476664975
2019-01-04,10.738917000377642
2019-01-07,10.738066316797983
2019-01-08,10.740918977427421
2019-01-09,10.73770230287449
2019-01-10,10.741681380415166
2019-01-11,10.742222388482366
2019-01-14,10.737036130039705
2019-01-15,10.745959923006366
2019-01-16,10.745662154678634
2019-01-17,10.749251307803181
2019-01-18,10.751024688038958
2019-01-22,10.74958198930501
2019-01-23,10.755282469936025
2019-01-24,10.746420609155688
2019-01-25,10.748099789793166
2019-01-28,10.748964268274777
2019-01-29,10.750584974062441
2019-01-30,10.754985935762651
2019-01-31,10.76463042106655
2019-02-01,10.761620065787717
2019-02-04,10.783864941743367
2019-02-05,10.808691314688552
2019-02-06,10.81032067269532
2019-02-07,10.785077875370561
2019-02-08,10.810314441083607
2019-02-11,10.82600080041897
2019-02-12,10.866045784993227
2019-02-13,10.877427612840588
2019-02-14,10.887071507112895
2019-02-15,10.92244558651636
2019-02-19,10.935252010808908
2019-02-20,10.923171400250018
2019-02-21,10.922762639911982
2019-02-22,10.968300753913164
2019-02-25,10.967678145680223
2019-02-26,10.972133108047345
2019-02-27,10.96346600778002
2019-02-28,10.957147927863174
2019-03-01,11.020415835710516
2019-03-04,10.937139014692145
2019-03-05,10.92257946828319
2019-03-06,10.866493791610539
2019-03-07,10.784001186975932
2019-03-08,10.773567039325261
2019-03-11,10.869669822738018
2019-03-12,10.846176693927687
2019-03-13,10.887916078645038
2019-03-14,10.874496616071157
2019-03-15,10.899887719950547
2019-03-18,10.91859199342347
2019-03-19,10.920507377532829
2019-03-20,10.875415754171696
2019-03-21,10.987935877532173
2019-03-22,10.821791372168882
2019-03-25,10.829082427969903
2019-03-26,10.890533112925963
2019-03-27,10.85785867486321
2019-03-28,10.90484578143597
2019-03-29,10.988664253571832
2019-04-01,11.06525851903806
2019-04-02,11.05776714566986
2019-04-03,11.077943278166185
2019-04-04,11.02958182262717
2019-04-05,11.079499365849216
2019-04-08,11.10644704342217
2019-04-09,11.073796923437692
2019-04-10,11.138305665746117
2019-04-11,11.142586983993098
2019-04-12,11.180610085159792
2019-04-15,11.182570341701837
2019-04-16,11.172482014620073
2019-04-17,11.057098505276187
2019-04-18,11.094885675493016
2019-04-22,11.140479368518944
2019-04-23,11.255501878750817
2019-04-24,11.221450717693296
2019-04-25,11.145194062296273
2019-04-26,11.17089527118885
2019-04-29,11.213133809992353
2019-04-30,11.2356688497009
2019-05-01,11.125637797549155
2019-05-02,11.18678504376003
2019-05-03,11.579473266471652
2019-05-06,11.570582547024982
2019-05-07,11.202362164971644
2019-05-08,11.272499325167733
2019-05-09,11.17327124074549
2019-05-10,11.135209760964214
2019-05-13,10.69398064584544
2019-05-14,11.009298040295466
2019-05-15,11.228215961208717
2019-05-16,11.512871390416228
2019-05-17,11.38937792765491
2019-05-20,11.244192969433701
2019-05-21,11.263931315261143
2019-05-22,11.20321470785706
2019-05-23,11.031086481790947
2019-05-24,11.006021425928136
2019-05-28,11.067978774013161
2019-05-29,10.869771258187459
2019-05-30,10.960188869129
2019-05-31,10.762575554771724
2019-06-03,10.653478542200258
2019-06-04,10.836772715827102
2019-06-05,10.98492489647726
2019-06-06,11.116348201390252
2019-06-07,11.22129444018634
2019-06-10,11.27835076350506
2019-06-11,11.237067251075013
2019-06-12,11.27118674779673
2019-06-13,11.265468394849044
2019-06-14,11.218055651675678
2019-06-17,11.180284421811738
2019-06-18,11.247482200106148
2019-06-19,11.370541932317579
2019-06-20,11.40657278429731
2019-06-21,11.320997641591354
2019-06-24,11.240219340716628
2019-06-25,11.077206904646795
2019-06-26,11.068402687633576
2019-06-27,11.184591317033734
2019-06-28,11.271110591014487
2019-07-01,11.334705408508523
2019-07-02,11.38427611645286
2019-07-03,11.461521238172006
2019-07-05,11.500675265280028
2019-07-08,11.459381240745937
2019-07-09,11.540859911272284
2019-07-10,11.566017153165076
2019-07-11,11.58526532618068
2019-07-12,11.62742825428479
2019-07-15,11.678317472199867
2019-07-16,11.594836498009936
2019-07-17,11.551642253363445
2019-07-18,11.656366214938146
2019-07-19,11.53469733009434
2019-07-22,11.62294276002676
2019-07-23,11.62209791229667
2019-07-24,11.726323596032287
2019-07-25,11.715213145084116
2019-07-26,11.80277602771895
2019-07-29,11.627192042712522
2019-07-30,11.625197319332592
2019-07-31,11.476195592662757
2019-08-01,11.443296543341107
2019-08-02,11.310718481726392
2019-08-05,10.905559793791065
2019-08-06,11.238893492712991
2019-08-07,11.362853204556561
2019-08-08,11.821556023437068
2019-08-09,11.86690808845065
2019-08-12,11.554100819201706
2019-08-13,11.708093274062202
2019-08-14,11.336430853989492
2019-08-15,11.355878247843727
2019-08-16,11.541910313931824
2019-08-19,11.419142486306574
2019-08-20,11.43899613534956
2019-08-21,11.647094364621422
2019-08-22,11.624883554645674
2019-08-23,11.334907645300607
2019-08-26,11.4559873343247
2019-08-27,11.435409720054258
2019-08-28,11.413165157424134
2019-08-29,11.507419545778296
2019-08-30,11.484005227329295
2019-09-03,11.346171410199865
2019-09-04,11.446093861895546
2019-09-05,11.58898796459685
2019-09-06,11.53312435868353
2019-09-09,11.41353702002516
2019-09-10,11.155497376257427
2019-09-11,11.28548182251944
2019-09-12,11.391029282088757
2019-09-13,11.306115975453034
2019-09-16,11.288209309507288
2019-09-17,11.36809842320957
2019-09-18,11.364010520123301
2019-09-19,11.346548594752571
2019-09-20,11.284561289369316
2019-09-23,11.304971173589871
2019-09-24,11.159072183706575
2019-09-25,11.279916574631667
2019-09-26,11.26535042165015
2019-09-27,11.075519515098524
2019-09-30,11.126956183604833
2019-10-01,11.000157111960096
2019-10-02,10.825956216100874
2019-10-03,10.911892541551822
2019-10-04,11.028902801817283
2019-10-07,10.93384335173669
2019-10-08,10.770710416401613
2019-10-09,10.89801703334908
2019-10-10,10.93576355901363
2019-10-11,10.996090577394142
2019-10-14,10.978999500377896
2019-10-15,11.087137630136493
2019-10-16,11.04499589136128
2019-10-17,11.090947408748926
2019-10-18,10.995083066708734
2019-10-21,11.09625455078636
2019-10-22,11.037268961980796
2019-10-23,11.079850654004472
2019-10-24,11.381687038255269
2019-10-25,11.348838918778657
2019-10-28,11.443382544183882
2019-10-29,11.353376053611111
2019-10-30,11.424413946029537
2019-10-31,11.34312424119488
2019-11-01,11.404948255209225
2019-11-04,11.39219916241189
2019-11-05,11.408095395478744
2019-11-06,11.418199873030776
2019-11-07,11.36863845197034
2019-11-08,11.416435310863207
2019-11-11,11.360284315497248
2019-11-12,11.3152884805872
2019-11-13,11.331780293933804
2019-11-14,11.3081024120234
2019-11-15,11.451595882544195
2019-11-18,11.410828049983317
2019-11-19,11.337572829352046
2019-11-20,10.86817239100023
2019-11-21,10.827669983571901
2019-11-22,11.008399587364874
2019-11-25,11.22525784144087
2019-11-26,11.29845509185473
2019-11-27,11.26184839178868
2019-11-29,11.213563281194823
2019-12-02,11.09440424972909
2019-12-03,11.042496208977834
2019-12-04,11.102660216131076
2019-12-05,11.109636672792684
2019-12-06,11.194055721603922
2019-12-09,11.14052863996744
2019-12-10,11.193774860369379
2019-12-11,11.262305380073323
2019-12-12,11.388629763394789
2019-12-13,11.320809269455717
2019-12-16,11.524833942737777
2019-12-17,11.5816274287632
2019-12-18,11.564589455825995
2019-12-19,11.663916531239755
2019-12-20,11.688279666604368
2019-12-23,11.735624026451175
2019-12-24,11.7820103121581
2019-12-26,11.8332032664571
2019-12-27,11.814052760418988
2019-12-30,11.680015278695391
2019-12-31,11.71945115509871
2020-01-02,11.886578150876028
2020-01-03,11.831250546787507
2020-01-06,11.890108283941041
2020-01-07,11.972296413476755
2020-01-08,12.087503081648087
2020-01-09,12.123832131817908
2020-01-10,12.06265028852828
2020-01-13,12.2673004901684
2020-01-14,12.225299024059685
2020-01-15,12.123685618177063
2020-01-16,12.241737659803436
2020-01-17,12.22675554759247
2020-01-21,12.310191215810322
2020-01-22,12.40549287070386
2020-01-23,12.454367535877472
2020-01-24,12.306484547336362
2020-01-27,12.075183192715322
2020-01-28,12.23393995055565
2020-01-29,12.185319585540991
2020-01-30,12.323860581846137
2020-01-31,12.126081830845797
2020-02-03,12.475576766775593
2020-02-04,12.78542084076137
2020-02-05,12.693258419974208
2020-02-06,12.733491229295069
2020-02-07,12.82052466234409
2020-02-10,13.067328804727545
2020-02-11,13.107657856860296
2020-02-12,13.033295500186066
2020-02-13,13.106085548420875
2020-02-14,13.29195619663177
2020-02-18,13.40134060930379
2020-02-19,13.585256390397666
2020-02-20,13.560827466084367
2020-02-21,13.303665553567917
2020-02-24,12.873658132461527
2020-02-25,12.674319841791606
2020-02-26,12.663337741144382
2020-02-27,12.122334302341052
2020-02-28,12.086989650183181
2020-03-02,12.616830306721832
2020-03-03,12.478727663545817
2020-03-04,12.678282357460288
2020-03-05,12.54452657707396
2020-03-06,12.401380651513609
2020-03-09,11.810627824817571
2020-03-10,12.063106287409667
2020-03-11,11.766309875599815
2020-03-12,11.099602323396098
2020-03-13,11.298889206738467
2020-03-16,10.826514453359671
2020-03-17,10.961345322522561
2020-03-18,10.88729326957938
2020-03-19,10.870225193673813
2020-03-20,10.795402812730103
2020-03-23,10.732769563983421
2020-03-24,10.886443471020792
2020-03-25,10.903777659264057
2020-03-26,11.04327061976818
2020-03-27,11.020070275434266
2020-03-30,11.094475959232247
2020-03-31,11.06902029087471
2020-04-01,11.00794054619262
2020-04-02,11.03523276619059
2020-04-03,11.026443073695079
2020-04-06,11.056313228808945
2020-04-07,11.033502812766226
2020-04-08,11.047081331546465
2020-04-09,11.049535188812968
2020-04-13,11.061473359395016
2020-04-14,11.081109561232788
2020-04-15,11.084646090850987
2020-04-16,11.110506326792647
2020-04-17,11.134144329340717
2020-04-20,11.142557449846983
2020-04-21,11.118856430975113
2020-04-22,11.139242817785089
2020-04-23,11.130479909388534
2020-04-24,11.143774410068247
2020-04-27,11.141339897053369
2020-04-28,11.121930086675137
2020-04-29,11.135625877845358
2020-04-30,11.133407214781112
2020-05-01,11.12315075802582
2020-05-04,11.3114754065512
2020-05-05,11.412455636624754
2020-05-06,11.404965119573406
2020-05-07,11.515708046165466
2020-05-08,11.614022054648943
2020-05-11,11.69325304519611
2020-05-12,11.565534922746124
2020-05-13,11.578013405510516
2020-05-14,11.629407246934054
2020-05-15,11.691040582803295
2020-05-18,11.752428469181705
2020-05-19,11.705030678103599
2020-05-20,11.78454089495542
2020-05-21,11.705860209196954
2020-05-22,11.74778281837458
2020-05-26,11.583569158431755
2020-05-27,11.51385631371357
2020-05-28,11.52766106758241
2020-05-29,11.659784946092953
2020-06-01,11.690107761449053
2020-06-02,11.697318306777861
2020-06-03,11.692791124971995
2020-06-04,11.575121118826251
2020-06-05,11.734118323094295
2020-06-08,12.106110891282356
2020-06-09,12.06678084382181
2020-06-10,12.18945109354543
2020-06-11,11.706204531506279
2020-06-12,11.783782207067913
2020-06-15,12.217065301204345
2020-06-16,12.151632905611171
2020-06-17,12.236731867398598
2020-06-18,12.349562661837014
2020-06-19,12.446238045326309
2020-06-22,12.323464281064545
2020-06-23,12.323096655161361
2020-06-24,12.086132770654464
2020-06-25,12.11003180835792
2020-06-26,11.893387209516623
2020-06-29,12.111004433685224
2020-06-30,12.398563623927172
2020-07-01,12.435222701075219
2020-07-02,12.675050573136222
2020-07-06,12.852713122683545
2020-07-07,12.992420881132308
2020-07-08,13.202951262530277
2020-07-09,13.382847173601656
2020-07-10,13.447843492226534
2020-07-13,13.27689580520085
2020-07-14,13.430134749994854
2020-07-15,13.505361997851733
2020-07-16,13.340794155028442
2020-07-17,13.631360905795828
2020-07-20,13.940773700152032
2020-07-21,13.685088527345227
2020-07-22,13.720287024094548
2020-07-23,13.32898622696508
2020-07-24,13.155100349096935
2020-07-27,13.734314113958103
2020-07-28,13.668733773402444
2020-07-29,13.941811740622317
2020-07-30,13.967875821210303
2020-07-31,13.976700751392247
2020-08-03,14.379594046876425
2020-08-04,14.423133659878843
2020-08-05,14.63959184725277
2020-08-06,14.86886238970545
2020-08-07,14.226421271679497
2020-08-10,14.019666127949495
2020-08-11,13.800653599180825
2020-08-12,14.182873991494702
2020-08-13,14.376772881124053
2020-08-14,14.36818497241254
2020-08-17,14.769387754308582
2020-08-18,14.875823702135563
2020-08-19,14.908322162750288
2020-08-20,15.208948459590173
2020-08-21,14.973038227652262
2020-08-24,14.886309277992032
2020-08-25,15.045092382726775
2020-08-26,15.424997866863663
2020-08-27,15.327167295178558
2020-08-28,15.35751480021812
2020-08-31,15.513324515220486
2020-09-01,15.764748212850604
2020-09-02,15.641155161635782
2020-09-03,14.653802084048257
2020-09-04,14.363783388820023
2020-09-08,13.755392851155932
2020-09-09,14.052973705128304
2020-09-10,13.851074183749244
2020-09-11,13.699384509522021
2020-09-14,13.883185131530439
2020-09-15,14.014082346116387
2020-09-16,13.901768103728031
2020-09-17,13.630244990949596
2020-09-18,13.564981966671455
2020-09-21,13.782421559741017
2020-09-22,14.380415828443343
2020-09-23,13.973596553169852
2020-09-24,13.898250609647423
2020-09-25,14.120500230678724
2020-09-28,14.403945155756622
2020-09-29,14.521327062026314
2020-09-30,14.523110429567085
2020-10-01,14.793233917442818
2020-10-02,14.5387505490699
2020-10-05,14.927453657174077
2020-10-06,14.69908971955755
2020-10-07,14.997737516154512
2020-10-08,15.046914868078224
2020-10-09,15.069392456656578
2020-10-12,15.15574901550846
2020-10-13,15.242948400585087
2020-10-14,15.19884688562453
2020-10-15,15.30272292693868
2020-10-16,15.202726917730821
2020-10-19,14.97776193486403
2020-10-20,14.94192329987815
2020-10-21,14.63299989999902
2020-10-22,14.708824984518607
2020-10-23,14.825695069653655
2020-10-26,14.560836563008996
2020-10-27,14.517246171373497
2020-10-28,14.060932166671964
2020-10-29,14.120827924749934
2020-10-30,13.717262398472881
2020-11-02,13.957723450880453
2020-11-03,14.274250143639037
2020-11-04,14.208084676789959
2020-11-05,14.702014573028595
2020-11-06,15.11716174647933
2020-11-09,14.989246241420284
2020-11-10,14.904430698186898
2020-11-11,15.059701628066085
2020-11-12,14.869225096269298
2020-11-13,15.074331886789203
2020-11-16,15.313261551942352
2020-11-17,15.413406323051072
2020-11-18,15.294539565032723
2020-11-19,15.455184865702535
2020-11-20,15.530771899701246
2020-11-23,15.879881946132947
2020-11-24,16.121011239354516
2020-11-25,16.16078765605186
2020-11-27,16.234766268637877
2020-11-30,16.11774551123313
2020-12-01,16.216279761242777
2020-12-02,16.208641395187552
2020-12-03,16.511528963522288
2020-12-04,16.720265972415163
2020-12-07,16.846223976294937
2020-12-08,16.798519553954982
2020-12-09,16.614060019286963
2020-12-10,16.699199329295574
2020-12-11,16.651984675857786
2020-12-14,16.36002149066038
2020-12-15,16.610570207618736
2020-12-16,16.628617181092064
2020-12-17,16.832335079922068
2020-12-18,16.721404511525886
2020-12-21,16.785582093479636
2020-12-22,16.84555168739185
2020-12-23,16.84421037287168
2020-12-24,16.803180094674055
2020-12-28,16.580337653545406
2020-12-29,16.44569920759168
2020-12-30,16.782755791590418
2020-12-31,16.738677405443315
2021-01-04,16.782179272745903
2021-01-05,17.24714574397546
2021-01-06,17.828994851065694
2021-01-07,18.382773629539216
2021-01-08,18.46242399228917
2021-01-11,18.1876849368362
2021-01-12,18.49626141829531
2021-01-13,18.295098246865646
2021-01-14,18.702226416351763
2021-01-15,18.357690203957908
2021-01-19,18.619125317260597
2021-01-20,18.604971010373582
2021-01-21,18.375039306513447
2021-01-22,18.4769035111331
2021-01-25,18.35050572806008
2021-01-26,18.054521794658637
2021-01-27,17.39771872823371
2021-01-28,17.892386397210466
2021-01-29,17.514115751932792
2021-02-01,17.9667637286842
2021-02-02,18.360749759003102
2021-02-03,18.78675663398247
2021-02-04,19.075413724989314
2021-02-05,19.36904784282909
2021-02-08,19.943006374632397
2021-02-09,20.11575177753296
2021-02-10,19.983667999063627
2021-02-11,20.09787713977362
2021-02-12,20.26143200726157
2021-02-16,20.278605259825575
2021-02-17,20.303839357735026
2021-02-18,19.843432094819978
2021-02-19,20.332832208192553
2021-02-22,19.978643714799386
2021-02-23,19.71442143968254
2021-02-24,19.87090475932191
2021-02-25,19.367280239295535
2021-02-26,19.429714595106024
2021-03-01,20.10869463488326
2021-03-02,19.811117759437355
2021-03-03,19.408167992212768
2021-03-04,18.822091829999568
2021-03-05,19.169167524838354
2021-03-08,19.174825781043438
2021-03-09,19.628894313661192
2021-03-10,19.89935395052638
2021-03-11,20.819327236093695
2021-03-12,20.942476588461176
2021-03-15,21.28408682558354
2021-03-16,21.058485761986056
2021-03-17,21.28779215157101
2021-03-18,20.745099793830654
2021-03-19,21.10930701719659
2021-03-22,20.89938607767245
2021-03-23,19.817006885059058
2021-03-24,19.003681068613194
2021-03-25,19.154069697772684
2021-03-26,19.217998142164905
2021-03-29,18.79357745664187
2021-03-30,19.011899477580194
2021-03-31,19.446090756084452
2021-04-01,19.694897361693492
2021-04-05,19.499865133422354
2021-04-06,19.522733730448326
2021-04-07,19.476636070275113
2021-04-08,19.432595924958623
2021-04-09,19.440081171010526
2021-04-12,19.354341005118535
2021-04-13,19.221244137847915
2021-04-14,19.720588907393548
2021-04-15,19.707474533405033
2021-04-16,19.629838614494517
2021-04-19,19.505718003942448
2021-04-20,18.857358590264266
2021-04-21,19.18645120904699
2021-04-22,19.03415994432065
2021-04-23,19.362932153375382
2021-04-26,19.68163198443567
2021-04-27,19.849736127487443
2021-04-28,20.29823250165088
2021-04-29,20.14170244623604
2021-04-30,19.82351777543146
2021-05-03,20.135259268784985
2021-05-04,20.033092762971847
2021-05-05,20.56798527081368
2021-05-06,20.536742142114765
2021-05-07,21.180427370589303
2021-05-10,20.98194129122373
2021-05-11,20.761744052703044
2021-05-12,20.16015258239416
2021-05-13,20.232015874901066
2021-05-14,20.771681985779807
2021-05-17,20.987593199021774
2021-05-18,20.595730754154086
2021-05-19,20.170474511965256
2021-05-20,20.267772023754777
2021-05-21,20.182433874357567
2021-05-24,20.409427322567595
2021-05-25,20.21977778823859
2021-05-26,20.443417697477063
2021-05-27,20.627488144835013
2021-05-28,20.531046560127525
2021-06-01,21.25601746159832
2021-06-02,21.184107205382052
2021-06-03,21.22465894252261
2021-06-04,21.440647142936157
2021-06-07,21.40449998764191
2021-06-08,21.499591818147408
2021-06-09,21.265619037228255
2021-06-10,21.12867876740505
2021-06-11,21.24346573813347
2021-06-14,20.93293027836523
2021-06-15,20.898284112892703
2021-06-16,20.725985631845006
2021-06-17,20.182393692806574
2021-06-18,19.751698636461594
2021-06-21,20.264475365732103
2021-06-22,20.3812271962843
2021-06-23,20.358869250890823
2021-06-24,20.621446425130028
2021-06-25,20.66645415711217
2021-06-28,20.485937396908415
2021-06-29,20.546073850878535
2021-06-30,20.664512551416458
2021-07-01,20.74324217654647
2021-07-02,20.728388001647364
2021-07-06,20.563119247299436
2021-07-07,20.40494013489178
2021-07-08,20.44439915666844
2021-07-09,20.771593847640716
2021-07-12,20.90394161798772
2021-07-13,20.786995280513448
2021-07-14,20.5219680295705
2021-07-15,20.479912781003108
2021-07-16,20.441561835138742
2021-07-19,20.36151905478098
2021-07-20,20.657102559592104
2021-07-21,21.11024114570441
2021-07-22,21.154129434475507
2021-07-23,21.40956829593424
2021-07-26,21.48614178700286
2021-07-27,21.27234531004914
2021-07-28,21.516648994583058
2021-07-29,21.499107918398483
2021-07-30,21.374852663404212
2021-08-02,21.20915221365869
2021-08-03,21.66762317306416
2021-08-04,21.746249138013436
2021-08-05,21.83164258352642
2021-08-06,21.99621300357381
2021-08-09,22.284592958785407
2021-08-10,22.358133372373143
2021-08-11,22.139128837689068
2021-08-12,22.337131729683726
2021-08-13,22.39984501436029
2021-08-16,22.27293562505197
2021-08-17,22.014433255430745
2021-08-18,21.843931450064556
2021-08-19,21.772897297488377
2021-08-20,21.992769191431925
2021-08-23,22.449402200013985
2021-08-24,22.453696944447017
2021-08-25,22.660078385436464
2021-08-26,22.644496754228687
2021-08-27,22.818452608719447
2021-08-30,22.904698328194996
2021-08-31,22.836206889766693
2021-09-01,22.90288614375897
2021-09-02,23.161131734944036
2021-09-03,23.38142343373442
2021-09-07,23.316093249377644
2021-09-08,23.255667352099437
2021-09-09,23.375799815908728
2021-09-10,23.228819397067422
2021-09-13,22.753434213579276
2021-09-14,22.91931329102388
2021-09-15,23.103246831409088
2021-09-16,23.13795608891711
2021-09-17,22.911646334527553
2021-09-20,22.51177517128318
2021-09-21,22.675774052925195
2021-09-22,22.89974811184342
2021-09-23,23.179926561946097
2021-09-24,22.96045145500569
2021-09-27,22.387302394891744
2021-09-28,21.69710603334957
2021-09-29,21.758868934833004
2021-09-30,21.639918215494873
2021-10-01,21.449589400377402
2021-10-04,21.117965041073592
2021-10-05,21.570560136950093
2021-10-06,21.55593730665691
2021-10-07,21.627912132124735
2021-10-08,21.620516714696198
2021-10-11,21.59571074485049
2021-10-12,21.781735116056577
2021-10-13,22.159172092123494
2021-10-14,22.39395297468788
2021-10-15,22.477054745142972
2021-10-18,22.68953778364583
2021-10-19,22.79516288544892
2021-10-20,22.89398378383146
2021-10-21,23.009039985820383
2021-10-22,23.154854492926358
2021-10-25,23.191951881353454
2021-10-26,23.30768118091062
2021-10-27,22.902635403370912
2021-10-28,23.338358855459767
2021-10-29,23.59996003008591
2021-11-01,23.62841163821001
2021-11-02,23.68901177681609
2021-11-03,23.68822401484567
2021-11-04,23.87689361247926
2021-11-05,24.283214241702815
2021-11-08,24.533898490355686
2021-11-09,24.401728736752084
2021-11-10,23.81741102468293
2021-11-11,23.948466206322237
2021-11-12,24.076740885464048
2021-11-15,24.09364688029161
2021-11-16,24.2510933275488
2021-11-17,24.02765309240175
2021-11-18,24.10034195235927
2021-11-19,23.82672452092745
2021-11-22,23.65583945861471
2021-11-23,24.00863358503531
2021-11-24,24.27096725189802
2021-11-26,23.53666059752095
2021-11-29,23.918536032944868
2021-11-30,23.22338897638531
2021-12-01,22.56214434913669
2021-12-02,22.914363963096257
2021-12-03,22.37255310211537
2021-12-06,22.0975584362987
2021-12-07,23.127174909364417
2021-12-08,23.211008520104297
2021-12-09,22.526862925124412
2021-12-10,22.861922980869576
2021-12-13,22.27449132521581
2021-12-14,21.926287013519467
2021-12-15,22.675723926694758
2021-12-16,22.15402655911384
2021-12-17,22.027490034871597
2021-12-20,21.69216097201512
2021-12-21,22.535860991361222
2021-12-22,22.921211824008562
2021-12-23,23.172944437428413
2021-12-27,23.854879326164674
2021-12-28,23.683220441199435
2021-12-29,23.60410399526721
2021-12-30,23.397669089917247
2021-12-31,23.37098661860924
2022-01-03,23.664199793571708
2022-01-04,23.647479140298987
2022-01-05,22.8667607222748
2022-01-06,22.960140154656973
2022-01-07,22.589963895691998
2022-01-10,22.597121755598753
2022-01-11,22.9162265608246
2022-01-12,22.974499725595777
2022-01-13,22.51590782149481
2022-01-14,22.613018702259254
2022-01-18,22.05769747199736
2022-01-19,21.516684726011615
2022-01-20,20.991787811596488
2022-01-21,20.525466966279033
2022-01-24,20.691024246454532
2022-01-25,20.27600447585202
2022-01-26,20.376921355158945
2022-01-27,19.991391803277473
2022-01-28,20.36332017591191
2022-01-31,20.949946802646657
2022-02-01,21.091449315113543
2022-02-02,21.218718160645448
2022-02-03,21.015748994565513
2022-02-04,21.05101223114212
2022-02-07,21.08538703655458
2022-02-08,21.098895343425053
2022-02-09,21.18307937191333
2022-02-10,21.033238783421414
2022-02-11,21.06990154119523
2022-02-14,20.83115408226424
2022-02-15,20.896754059119377
2022-02-16,21.02566083126499
2022-02-17,20.975000232579998
2022-02-18,20.866953316201446
2022-02-22,20.714434552262134
2022-02-23,20.657535231910014
2022-02-24,20.68351377707417
2022-02-25,21.025802913426897
2022-02-28,21.177014481627907
2022-03-01,21.12408291462744
2022-03-02,21.338034450132685
2022-03-03,21.37587917102094
2022-03-04,21.51158422815113
2022-03-07,21.39911269104463
2022-03-08,21.317481748168213
2022-03-09,21.370738463865163
2022-03-10,21.479787935861776
2022-03-11,21.386798378514612
2022-03-14,21.29329515434794
2022-03-15,21.312816021537973
2022-03-16,21.36762696795377
2022-03-17,21.631822635710662
2022-03-18,21.6372357499866
2022-03-21,21.82828023851297
2022-03-22,21.833907348230365
2022-03-23,21.816649513886276
2022-03-24,21.874463703150433
2022-03-25,22.03126321249687
2022-03-28,21.903567885130123
2022-03-29,21.942542275728023
2022-03-30,21.95661753159977
2022-03-31,21.819208800343432
2022-04-01,21.87328473153706
2022-04-04,21.872329407752762
2022-04-05,21.7430158501501
2022-04-06,21.82409132870682
2022-04-07,21.995275851033703
2022-04-08,22.293905314532754
2022-04-11,22.00865796583836
2022-04-12,22.10392293716543
2022-04-13,22.18816397156594
2022-04-14,22.221332390369344
2022-04-18,22.312080685488567
2022-04-19,22.319403233464627
2022-04-20,22.388921169336445
2022-04-21,22.05678940747127
2022-04-22,21.639847956941495
2022-04-25,21.400921020760773
2022-04-26,21.27144351484341
2022-04-27,21.421303057248647
2022-04-28,21.651560895293485
2022-04-29,21.207043065886268
2022-05-02,21.26618459082534
2022-05-03,21.33607048909478
2022-05-04,21.41570903540383
2022-05-05,21.309432174891715
2022-05-06,21.321326415307592
2022-05-09,21.13060310785336
2022-05-10,21.137184057487865
2022-05-11,21.15067818875527
2022-05-12,21.145656058084548
2022-05-13,21.220101992831758
2022-05-16,21.27314273697966
2022-05-17,21.33798594914252
2022-05-18,21.182678940929026
2022-05-19,21.18885398264142
2022-05-20,21.158119197055424
2022-05-23,21.266170832973383
2022-05-24,21.271609406116415
2022-05-25,21.334212190432925
2022-05-26,21.44017380997661
2022-05-27,21.491568195062143
2022-05-31,21.44371643061838
2022-06-01,21.43718611830695
2022-06-02,21.493032834531846
2022-06-03,21.446480780854838
2022-06-06,21.482023796927248
2022-06-07,21.635156467433184
2022-06-08,21.499213023940857
2022-06-09,21.28460542703413
2022-06-10,21.074661470427074
2022-06-13,20.699948002098
2022-06-14,20.64060935309646
2022-06-15,20.629996868468393
2022-06-16,20.311780508877888
2022-06-17,20.180800133752445
2022-06-21,20.46345103494646
2022-06-22,20.364327973834904
2022-06-23,20.288940779453814
2022-06-24,20.525772943865473
2022-06-27,20.603053691458854
2022-06-28,20.55636782253078
2022-06-29,20.469528807186347
2022-06-30,20.420040856044796
2022-07-01,20.508743601914325
2022-07-05,20.504988586041186
2022-07-06,20.502452480100494
2022-07-07,20.505154083108398
2022-07-08,20.503908743749278
2022-07-11,20.49109756873953
2022-07-12,20.486803863101773
2022-07-13,20.48338159865293
2022-07-14,20.471462558360724
2022-07-15,20.485492501647364
2022-07-18,20.468068922479397
2022-07-19,20.479441250475176
2022-07-20,20.46731902273626
2022-07-21,20.46513832960122
2022-07-22,20.45698037679918
2022-07-25,20.48146121589075
2022-07-26,20.479010089659766
2022-07-27,20.4772326466822
2022-07-28,20.465963990730813
2022-07-29,20.462014580900547
2022-08-01,20.44967350047233
2022-08-02,20.437716362279062
2022-08-03,20.39921005083022
2022-08-04,20.34170153340124
2022-08-05,20.382211671822883
2022-08-08,20.417956823667524
2022-08-09,20.44695341141082
2022-08-10,20.493325125583524
2022-08-11,20.515856813336246
2022-08-12,20.54101501581425
2022-08-15,20.54081127413617
2022-08-16,20.548369097037174
2022-08-17,20.55186858577808
2022-08-18,20.584546825601656
2022-08-19,20.59058750799368
2022-08-22,20.575609040401133
2022-08-23,20.56996760325731
2022-08-24,20.61658916547898
2022-08-25,20.638413729024368
2022-08-26,20.601500170740973
2022-08-29,20.603312892107002
2022-08-30,20.53273623722545
2022-08-31,20.576446233392197
2022-09-01,20.550751209300582
2022-09-02,20.561409293274153
2022-09-06,20.53864192400455
2022-09-07,20.606607648366953
2022-09-08,20.660659287195966
2022-09-09,20.659835686324847
2022-09-12,20.641099838302946
2022-09-13,20.551531089229602
2022-09-14,20.571723819193526
2022-09-15,20.530092685565453
2022-09-16,20.524771163775913
2022-09-19,20.550061401519326
2022-09-20,20.498610980488298
2022-09-21,20.471055008814577
2022-09-22,20.430995912697174
2022-09-23,20.36050202196157
2022-09-26,20.319034096555093
2022-09-27,20.355827454364434
2022-09-28,20.459445444057145
2022-09-29,20.411871193866688
2022-09-30,20.401638009132533
2022-10-03,20.46959879483257
2022-10-04,20.51936223238724
2022-10-05,20.518861284362657
2022-10-06,20.511093569182357
2022-10-07,20.501216875079013
2022-10-10,20.503311346352593
2022-10-11,20.508092418353524
2022-10-12,20.49645947781795
2022-10-13,20.521502805998757
2022-10-14,20.488333725445244
2022-10-17,20.493942885680113
2022-10-18,20.5123010334225
2022-10-19,20.5124788431482
2022-10-20,20.50179500474539
2022-10-21,20.532035232452102
2022-10-24,20.545549190071515
2022-10-25,20.550278714023335
2022-10-26,20.568357385340057
2022-10-27,20.579528320302845
2022-10-28,20.59566898263752
2022-10-31,20.60560984368088
2022-11-01,20.611092305735006
2022-11-02,20.54144073400054
2022-11-03,20.580528972801858
2022-11-04,20.664345215881895
2022-11-07,20.712785515546724
2022-11-08,20.735229622667543
2022-11-09,20.644637795331345
2022-11-10,20.849153499408008
2022-11-11,20.78362130629143
2022-11-14,20.781503574089047
2022-11-15,20.828368561539612
2022-11-16,20.790193646822974
2022-11-17,20.804307610276094
2022-11-18,20.872864718785095
2022-11-21,20.83950354477937
2022-11-22,20.93987350838273
2022-11-23,20.948094916130277
2022-11-25,20.97806000255804
2022-11-28,20.863869140858853
2022-11-29,20.871539004340473
2022-11-30,21.04792566136155
2022-12-01,21.013570045426356
2022-12-02,21.04552887469406
2022-12-05,20.7904217542643
2022-12-06,20.591696715030537
2022-12-07,20.568039890185855
2022-12-08,20.65343479421054
2022-12-09,20.50345273739845
2022-12-12,20.64059851124975
2022-12-13,20.74925302965563
2022-12-14,20.75395311506277
2022-12-15,20.505078408845794
2022-12-16,20.394333808052377
2022-12-19,20.340526621527044
2022-12-20,20.395905346289116
2022-12-21,20.617133761509784
2022-12-22,20.426925017425617
2022-12-23,20.464832090864405
2022-12-27,20.393599967908514
2022-12-28,20.153068752687307
2022-12-29,20.294300311257388
2022-12-30,20.308574742252922
2023-01-03,20.179944715607437
2023-01-04,20.243745827269063
2023-01-05,20.171248137586197
2023-01-06,20.39644208161475
2023-01-09,20.3458049423738
2023-01-10,20.37296010824224
2023-01-11,20.388356669738847
2023-01-12,20.475086566786324
2023-01-13,20.52372746891326
2023-01-17,20.500640353398662
2023-01-18,20.324906522381717
2023-01-19,20.16945281492224
2023-01-20,20.2666655505804
2023-01-23,20.31172664431227
2023-01-24,20.36540800638733
2023-01-25,20.38691777739476
2023-01-26,20.437299165470005
2023-01-27,20.429785892447924
2023-01-30,20.34725979961623
2023-01-31,20.426231863936138
2023-02-01,20.479728261868992
2023-02-02,20.19810987220557
2023-02-03,20.050248753136238
2023-02-06,19.963908865155055
2023-02-07,20.057597723117585
2023-02-08,19.922491740999956
2023-02-09,19.9322872913357
2023-02-10,19.968115759318675
2023-02-13,20.197976868760257
2023-02-14,20.18318183865197
2023-02-15,20.259873456193098
2023-02-16,20.09375677146418
2023-02-17,20.00452322454964
2023-02-21,19.656751248863518
2023-02-22,19.705937199259985
2023-02-23,19.75534223154982
2023-02-24,19.609676226118978
2023-02-27,19.696748943018434
2023-02-28,19.81202083264494
2023-03-01,20.168421864596233
2023-03-02,20.345182488739233
2023-03-03,20.649948959970587
2023-03-06,20.618769249011283
2023-03-07,20.410457359570277
2023-03-08,20.43075391877346
2023-03-09,20.01889405824989
2023-03-10,19.705016619019556
2023-03-13,19.49036422497382
2023-03-14,19.811035070891663
2023-03-15,19.435162507938003
2023-03-16,19.788253025576086
2023-03-17,19.49036662659879
2023-03-20,19.671951940219685
2023-03-21,19.99928521491881
2023-03-22,19.683875650188725
2023-03-23,19.690427224951332
2023-03-24,19.672776556633973
2023-03-27,19.76494121945016
2023-03-28,19.81722716337546
2023-03-29,20.037135867284466
2023-03-30,20.163334698869217
2023-03-31,20.52191075927792
2023-04-03,20.596222383241372
2023-04-04,20.3457995686108
2023-04-05,19.966619348353863
2023-04-06,19.937237433000476
2023-04-10,20.39586601083967
2023-04-11,20.54102190958677
2023-04-12,20.382341392094713
2023-04-13,20.692537023918778
2023-04-14,20.714977968309686
2023-04-17,20.709471619821073
2023-04-18,21.005851064825315
2023-04-19,20.718892729922693
2023-04-20,20.384773723329655
2023-04-21,20.325375267764663
2023-04-24,20.108468115970815
2023-04-25,19.843142518310074
2023-04-26,19.698553238071312
2023-04-27,20.018042517601728
2023-04-28,20.15931132551195
2023-05-01,20.128131655341324
2023-05-02,19.75307355107639
2023-05-03,20.11458908359738
2023-05-04,20.12531577924932
2023-05-05,20.413839874743164
2023-05-08,20.51628753741885
2023-05-09,20.35520825664548
2023-05-10,20.43115854440884
2023-05-11,20.355638342705735
2023-05-12,20.22149220381504
2023-05-15,20.446234915122737
2023-05-16,20.52673320537257
2023-05-17,20.911344191624394
2023-05-18,21.37443858834554
2023-05-19,21.299250061854664
2023-05-22,21.328431733087896
2023-05-23,20.932098306758828
2023-05-24,20.937131565321888
2023-05-25,22.24068922479342
2023-05-26,22.763511831491552
2023-05-30,22.96346191323116
2023-05-31,22.50963896790249
2023-06-01,22.92235873286383
2023-06-02,23.071422356141415
2023-06-05,23.08820587179874
2023-06-06,23.267479263006138
2023-06-07,22.877992048816697
2023-06-08,23.155930192054868
2023-06-09,23.237437135490406
2023-06-12,23.567790197894812
2023-06-13,23.747179707613824
2023-06-14,23.866399175228853
2023-06-15,24.08443523036115
2023-06-16,24.004671193725745
2023-06-20,24.07660732006346
2023-06-21,23.985138200755205
2023-06-22,23.96099792353064
2023-06-23,23.79370880158311
2023-06-26,23.563002718368793
2023-06-27,24.245530776597995
2023-06-28,24.37085138213665
2023-06-29,24.40581255395662
2023-06-30,24.76314943942948
2023-07-03,24.911585211737723
2023-07-05,25.012436717512077
2023-07-06,24.453587480762383
2023-07-07,24.954212823989387
2023-07-10,25.748143173292892
2023-07-11,26.054126932098765
2023-07-12,26.5544399977713
2023-07-13,27.161109976982406
2023-07-14,26.923483089889757
2023-07-17,27.18484410550375
2023-07-18,27.63673417272914
2023-07-19,28.241837457593732
2023-07-20,27.414900821892576
2023-07-21,27.15486101220901
2023-07-24,27.234863001991986
2023-07-25,27.51344404223995
2023-07-26,27.58954301606459
2023-07-27,27.579658648840176
2023-07-28,28.44825403683811
2023-07-31,28.887058193910054
2023-08-01,29.05975252693419
2023-08-02,29.460739373968465
2023-08-03,29.337579411302258
2023-08-04,29.39428031090549
2023-08-07,29.703854831357337
2023-08-08,29.2966573313919
2023-08-09,27.67540871446958
2023-08-10,28.43191251826687
2023-08-11,28.1686646629061
2023-08-14,28.843705469250907
2023-08-15,28.53924959957847
2023-08-16,28.041300265266692
2023-08-17,27.195535777680448
2023-08-18,27.471672117543115
2023-08-21,27.927342491613715
2023-08-22,27.79493400531051
2023-08-23,28.417524280394456
2023-08-24,27.76724056034613
2023-08-25,28.17030555711266
2023-08-28,28.693236717346053
2023-08-29,29.37494874643794
2023-08-30,29.792186516814624
2023-08-31,29.631017498611154
2023-09-01,29.7018853576046
2023-09-05,29.18073983778015
2023-09-06,29.13363767195538
2023-09-07,29.0609120054177
2023-09-08,28.980511929118382
2023-09-11,29.515186087507033
2023-09-12,29.03968853361177
2023-09-13,28.77330911263811
2023-09-14,29.554803760159427
2023-09-15,28.793123641058596
2023-09-18,28.803584824679792
2023-09-19,28.403339748999837
2023-09-20,27.821731412831895
2023-09-21,27.079328132492964
2023-09-22,27.020766348095954
2023-09-25,27.053192148819242
2023-09-26,26.679536321893885
2023-09-27,27.001526207587304
2023-09-28,27.303145637102734
2023-09-29,27.35201375362748
2023-10-02,27.25944228374876
2023-10-03,26.788433413347036
2023-10-04,27.073715038868574
2023-10-05,27.124549088643946
2023-10-06,27.60848263395419
2023-10-09,27.895904793656328
2023-10-10,28.1570087026715
2023-10-11,28.47879229353521
2023-10-12,28.20152852953021
2023-10-13,27.803328028985153
2023-10-16,28.183822087598642
2023-10-17,28.353539696285882
2023-10-18,27.933449605949725
2023-10-19,27.590436338059146
2023-10-20,27.14870828128109
2023-10-23,27.10289445269642
2023-10-24,27.522610599765844
2023-10-25,27.132446039433194
2023-10-26,26.93943537130194
2023-10-27,26.736282257781546
2023-10-30,27.01855293334857
2023-10-31,27.12432222461705
2023-11-01,27.421862333020172
2023-11-02,27.49525518913303
2023-11-03,27.843910786591742
2023-11-06,28.072375867801057
2023-11-07,28.05807727615147
2023-11-08,28.109845718503315
2023-11-09,27.985875091740088
2023-11-10,28.25725256039397
2023-11-13,28.368235451135902
2023-11-14,28.700909899704367
2023-11-15,28.708545381646
2023-11-16,28.56526304100852
2023-11-17,28.750564049725753
2023-11-20,28.94781942064408
2023-11-21,28.8538511576522
2023-11-22,29.009220150930208
2023-11-24,29.06075474507816
2023-11-27,29.06118221614408
2023-11-28,29.71862656820667
2023-11-29,29.771408637261416
2023-11-30,30.13093060351761
2023-12-01,29.9345115956728
2023-12-04,30.13508212129233
2023-12-05,30.14728691580892
2023-12-06,29.69714760656185
2023-12-07,29.87354735309638
2023-12-08,30.316857529963563
2023-12-11,30.226576021806444
2023-12-12,30.389338825313825
2023-12-13,30.99894164132728
2023-12-14,31.211146786265967
2023-12-15,31.22581473185036
2023-12-18,31.26839980014135
2023-12-19,31.587272062448577
2023-12-20,31.126240256864836
2023-12-21,31.62015318345854
2023-12-22,31.871121820902765
2023-12-26,31.915612496591738
2023-12-27,32.455496484738205
2023-12-28,32.51276985410913
2023-12-29,32.06038626090052
2024-01-02,31.791737722269808
2024-01-03,31.308655949965367
2024-01-04,31.404264200482064
2024-01-05,31.278404851829787
2024-01-08,31.80267378761076
2024-01-09,31.793541404580463
2024-01-10,31.763961395331663
2024-01-11,31.58872500193035
2024-01-12,31.068999327631012
2024-01-16,30.932890066820914
2024-01-17,30.806822492068868
2024-01-18,30.867072749747265
2024-01-19,31.341042234801087
2024-01-22,31.48084694095329
2024-01-23,31.395483974469972
2024-01-24,31.277986289860845
2024-01-25,31.407432097476082
2024-01-26,31.171704592343822
2024-01-29,31.388613755991482
2024-01-30,31.212079104388597
2024-01-31,30.82997809548017
2024-02-01,31.244789594849966
2024-02-02,31.839734450718566
2024-02-05,31.61260646512717
2024-02-06,31.425633450298097
2024-02-07,31.988080090987104
2024-02-08,32.18794864398955
2024-02-09,32.53139251308604
2024-02-12,32.264287070653324
2024-02-13,31.868092334636152
2024-02-14,32.6839024289096
2024-02-15,32.756006307415184
2024-02-16,32.50879121503369
2024-02-20,32.059388897536365
2024-02-21,31.170753463409678
2024-02-22,32.28031644896463
2024-02-23,32.31003013800148
2024-02-26,32.59863419295123
2024-02-27,32.77229523790127
2024-02-28,32.77536189102296
2024-02-29,33.45332463132082
2024-03-01,34.3956795788711
2024-03-04,35.2698784720562
2024-03-05,34.92558671472002
2024-03-06,35.89761824683551
2024-03-07,36.34638781966734
2024-03-08,35.922201829572565
2024-03-11,35.06384235112882
2024-03-12,36.10313202759073
2024-03-13,36.1613836595729
2024-03-14,35.571645991444555
2024-03-15,35.57802667514814
2024-03-18,35.84660260285428
2024-03-19,35.479296050327676
2024-03-20,36.21593154980069
2024-03-21,36.91253713404805
2024-03-22,36.94246729923065
2024-03-25,37.40974551865724
2024-03-26,37.18160011951651
2024-03-27,36.95909948181242
2024-03-28,37.098179613261664
2024-04-01,36.97435070620137
2024-04-02,36.664653205663726
2024-04-03,37.190570686862905
2024-04-04,36.31841927122699
2024-04-05,36.753827808213245
2024-04-08,36.865830727409204
2024-04-09,35.9624020472952
2024-04-10,36.34166596103373
2024-04-11,36.90499312200724
2024-04-12,36.01897862906995
2024-04-15,35.02193922836043
2024-04-16,35.360547791725814
2024-04-17,34.79939922570509
2024-04-18,34.56746334727325
2024-04-19,32.872609345183555
2024-04-22,33.65108478504404
2024-04-23,34.408437924332624
2024-04-24,34.36241540168047
2024-04-25,34.91678160916312
2024-04-26,35.567520558312594
2024-04-29,35.82246537887617
2024-04-30,34.8629781451051
2024-05-01,34.52018261844967
2024-05-02,36.50647103010618
2024-05-03,37.32491760270466
2024-05-06,38.2336946038562
2024-05-07,37.74442992309921
2024-05-08,38.008336743459424
2024-05-09,39.153334160615245
2024-05-10,39.06131389908888
2024-05-13,38.746303294220944
2024-05-14,39.09247528156318
2024-05-15,40.158860737303335
2024-05-16,39.27228354153868
2024-05-17,39.126923161487554
2024-05-20,39.381516765803525
2024-05-21,39.49832685869537
2024-05-22,39.0480658528697
2024-05-23,39.36124803328918
2024-05-24,40.350804063119426
2024-05-28,40.47781290876231
2024-05-29,40.41113172506815
2024-05-30,40.08215748151377
2024-05-31,39.22591583392093
2024-06-03,38.817540428312874
2024-06-04,38.355554491339106
2024-06-05,39.2645148768265
2024-06-06,38.32139956511239
2024-06-07,38.13139454099011
2024-06-10,38.78669861858035
2024-06-11,38.51583919701654
2024-06-12,38.863418709881316
2024-06-13,38.736835980208184
2024-06-14,38.272846171651835
2024-06-17,38.26616222866734
2024-06-18,38.876742215640625
2024-06-20,38.56544075067516
2024-06-21,38.50123889001885
2024-06-24,38.37731250244023
2024-06-25,39.00174094933822
2024-06-26,38.322995145478636
2024-06-27,38.60416840259114
2024-06-28,37.91941638539156
2024-07-01,37.86708891156682
2024-07-02,37.83898383275262
2024-07-03,38.1089625088487
2024-07-05,38.156777088976135
2024-07-08,38.18115355466137
2024-07-09,38.39694420100506
2024-07-10,38.874413950208826
2024-07-11,38.45469087047463
2024-07-12,38.93701622518668
2024-07-15,39.281380363029925
2024-07-16,39.29543790753206
2024-07-17,37.7433596824852
2024-07-18,37.591414909591364
2024-07-19,37.354146419716635
2024-07-22,37.62951554822715
2024-07-23,37.52467469868951
2024-07-24,36.09432106104316
2024-07-25,35.74648963016544
2024-07-26,36.325639579242
2024-07-29,36.087240179568326
2024-07-30,35.42251517631366
2024-07-31,36.47854219743111
2024-08-01,36.26186043434391
2024-08-02,34.89590549609104
2024-08-05,33.833381142550806
2024-08-06,34.53658096924201
2024-08-07,33.7348138498233
2024-08-08,35.00281582603145
2024-08-09,35.29737879245588
2024-08-12,35.28397838746316
2024-08-13,35.96925587585737
2024-08-14,35.74632026101494
2024-08-15,36.405498592943204
2024-08-16,36.80838678568066
2024-08-19,37.19369988180946
2024-08-20,36.95420424166064
2024-08-21,37.49910055942928
2024-08-22,37.21223079802401
2024-08-23,38.078570138522174
2024-08-26,37.70313531088932
2024-08-27,37.74810579560683
2024-08-28,37.283051809657586
2024-08-29,37.08742226967688
2024-08-30,37.09679265947091
2024-09-03,35.7968158914602
2024-09-04,35.8310132169214
2024-09-05,35.3946819643561
2024-09-06,34.85751871994204
2024-09-09,35.39148564195038
2024-09-10,35.38107096411064
2024-09-11,35.543294278221595
2024-09-12,36.01376523901137
2024-09-13,36.40240135086203
2024-09-16,37.01932696932153
2024-09-17,37.23647654648724
2024-09-18,37.313942291231506
2024-09-19,37.89462205777918
2024-09-20,38.104779233352986
2024-09-23,38.259293902947974
2024-09-24,38.24042919469128
2024-09-25,38.05698811526274
2024-09-26,37.83417683552417
2024-09-27,37.78460452227029
2024-09-30,37.99892573258255
2024-10-01,38.218045898045986
2024-10-02,38.372675278303014
2024-10-03,38.36180006448391
2024-10-04,38.52835408269554
2024-10-07,38.256368366917364
2024-10-08,38.767025487753564
2024-10-09,39.029803004523814
2024-10-10,38.83171480534317
2024-10-11,39.36070669406736
2024-10-14,39.51665789942524
2024-10-15,39.453738242888264
2024-10-16,39.63547254174256
2024-10-17,39.5511159694601
2024-10-18,39.576111830803164
2024-10-21,39.21904600796201
2024-10-22,39.285199677123266
2024-10-23,39.2549372200534
2024-10-24,39.43423574365575
2024-10-25,39.22980995435777
2024-10-28,39.432649495120984
2024-10-29,39.60607082064427
2024-10-30,39.62490772058482
2024-10-31,39.54860990734784
2024-11-01,38.98856444910324
2024-11-04,38.55663218143969
2024-11-05,40.42553860571475
2024-11-06,41.79162799513699
2024-11-07,44.84820349814698
2024-11-08,46.55793563190591
2024-11-11,46.609176010885555
2024-11-12,46.248043927522914
2024-11-13,46.020278966316106
2024-11-14,45.53220974175903
2024-11-15,45.866248148370516
2024-11-18,45.98504537520553
2024-11-19,47.50207325053418
2024-11-20,47.51349105822052
2024-11-21,48.18358271752367
2024-11-22,49.1704587755062
2024-11-25,48.49445862762797
2024-11-26,49.033638078841946
2024-11-27,48.6569964776939
2024-11-29,49.19859607420847
2024-12-02,48.81636627159444
2024-12-03,49.509211363214334
2024-12-04,50.027709856405636
2024-12-05,49.817597465486045
2024-12-06,50.09296123190984
2024-12-09,47.92057357499087
2024-12-10,47.16815936819414
2024-12-11,48.02773155719505
2024-12-12,47.595528141092
2024-12-13,47.81267392004615
2024-12-16,48.287210598397024
2024-12-17,47.56436541452341
2024-12-18,45.134499448414
2024-12-19,45.15121579417904
2024-12-20,46.484871845994036
2024-12-23,46.301707223627886
2024-12-24,47.039218087003135
2024-12-26,46.863959046406215
2024-12-27,45.97208626418663
2024-12-30,45.31451152426234
2024-12-31,44.6763604214406
2025-01-02,45.07750392391204
2025-01-03,45.96774865660925
2025-01-06,45.937409966059235
2025-01-07,44.800330268018676
2025-01-08,45.07459133491947
2025-01-10,44.55285297447644
2025-01-13,44.246134776013626
2025-01-14,45.08228969792081
2025-01-15,45.96353630295909
2025-01-16,46.28945517485322
2025-01-17,47.18046308831795
2025-01-21,48.0039935707124
2025-01-22,48.32178722645732
2025-01-23,48.38365776070967
2025-01-24,48.555304085809716
2025-01-27,47.61576938472744
2025-01-28,49.12476323763627
2025-01-29,49.49257946001219
2025-01-30,50.2554770187122
2025-01-31,49.755733353277684
2025-02-03,49.6731570339364
2025-02-04,51.568528812272014
2025-02-05,51.67159294564413
2025-02-06,52.426242538211355
2025-02-07,52.24971301836114
2025-02-10,52.419282362262706
2025-02-11,51.48873909468805
2025-02-12,52.40590790332507
2025-02-13,55.166203965255455
2025-02-14,56.19359964404672
2025-02-18,56.08298830850915
2025-02-19,55.04180957918232
2025-02-20,52.85726864746291
2025-02-21,50.41305901854121
2025-02-24,49.25513509035131
2025-02-25,47.35154286889692
2025-02-26,47.41208009782166
2025-02-27,46.33408013110359
2025-02-28,47.00209074432439
2025-03-03,45.97361318847385
2025-03-04,45.098630869757116
2025-03-05,45.43488274204801
2025-03-06,44.021602539604714
2025-03-07,43.72698710726699
2025-03-10,41.41994431479125
2025-03-11,41.54394792505665
2025-03-12,41.892849092044514
2025-03-13,40.998284352538896
2025-03-14,42.03287390771097
2025-03-17,42.72444349991378
2025-03-18,42.27541202351553
2025-03-19,43.144269849592646
2025-03-20,43.25884981344944
2025-03-21,43.39666349367536
2025-03-24,44.47511610181007
2025-03-25,44.488809989247315
2025-03-26,43.91809045461406
2025-03-27,43.707565793128076
2025-03-28,42.81626840338813
2025-03-31,43.290191074733045
2025-04-01,43.567942394943735
2025-04-02,43.61967381801784
2025-04-03,42.948918592891026
2025-04-04,41.72568381432418
2025-04-07,41.48540033178626
2025-04-08,41.173879940236965
2025-04-09,42.36826868908163
2025-04-10,41.83992038213008
2025-04-11,42.09678793901005
2025-04-14,42.36137524357821
2025-04-15,42.32110828642947
2025-04-16,42.05036507131195
2025-04-17,42.16109202058666
2025-04-21,41.784864834445415
2025-04-22,42.189426509249024
2025-04-23,42.27659926776809
2025-04-24,42.47994899167432
2025-04-25,42.4022755312741
2025-04-28,42.522138313483474
2025-04-29,42.62350367336991
2025-04-30,42.69787245742557
2025-05-01,42.595014725599896
2025-05-02,42.64056571333626
2025-05-05,42.663555207014625
2025-05-06,42.627500026976435
2025-05-07,42.657175304699315
2025-05-08,42.611148545155224
2025-05-09,42.59336113281114
2025-05-12,42.48806022453502
2025-05-13,42.4924414422928
2025-05-14,42.49661000645805
2025-05-15,42.6381233858396
2025-05-16,42.68572824575943
2025-05-19,42.72934138184661
2025-05-20,42.720014424459755
2025-05-21,42.66214472496758
2025-05-22,42.647612943933865
2025-05-23,42.69020085653766
2025-05-27,42.696171332725214
2025-05-28,42.68096296407965
2025-05-29,42.664052335630586
2025-05-30,42.77340677357942
2025-06-02,42.76838506956122
2025-06-03,43.46291502382658
2025-06-04,43.169910611418025
2025-06-05,42.85461271435817
2025-06-06,43.240775293223706
2025-06-09,43.10836800500796
2025-06-10,42.69112650118541
2025-06-11,43.172588299242605
2025-06-12,43.232980144690494
2025-06-13,43.09848463561004
2025-06-16,43.55539485415904
2025-06-17,43.40184449305903
2025-06-18,43.67889102471664
2025-06-20,43.62682560059425
2025-06-23,43.98006799521791
2025-06-24,44.408888607437675
2025-06-25,44.198183889704104
2025-06-26,44.65169111481662
2025-06-27,44.57527110535561
2025-06-30,45.35184822648759
2025-07-01,44.75969105127518
2025-07-02,45.145148290492635
2025-07-03,45.498885323992695
2025-07-07,45.74566850908819
2025-07-08,45.101322491986515
2025-07-09,45.320620559112406
2025-07-10,45.2686673916224
2025-07-11,45.183251222591906
2025-07-14,45.66966826529113
2025-07-15,45.40039631961756
2025-07-16,45.48885365774662
2025-07-17,45.67488879174906
2025-07-18,46.15618422840137
2025-07-21,45.85395036727372
2025-07-22,45.37636978824635
2025-07-23,46.777695100236436
2025-07-24,46.4653487326461
2025-07-25,46.90832653841009
2025-07-28,46.91084583819026
2025-07-29,46.722724959460585
2025-07-30,46.83487597315181
2025-07-31,47.252287599657514
2025-08-01,46.68786931076606
2025-08-04,47.79888079413603
2025-08-05,47.473376695269785
2025-08-06,46.395551758661206
2025-08-07,46.601792195222856
2025-08-08,46.85764807610981
2025-08-11,46.77998144975136
2025-08-12,47.57751033522073
2025-08-13,46.944345451906
2025-08-14,46.64813729681879
2025-08-15,46.60474427490124
2025-08-18,47.01062831944952
2025-08-19,45.5761866201646
2025-08-20,45.27934703174194
2025-08-21,45.17010430638271
2025-08-22,46.073614336594936
2025-08-25,46.15012723752119
2025-08-26,46.620692514846134
2025-08-27,46.45024079685016
2025-08-28,47.020870968379626
2025-08-29,46.02981618438463
2025-09-02,45.473288648773426
2025-09-03,45.493801232126906
2025-09-04,46.56392575806505
2025-09-05,46.37539674617733
2025-09-08,47.97739512442296
2025-09-09,48.596408821727415
2025-09-10,49.66181510313934
2025-09-11,49.68191688934463
2025-09-12,49.39278225031631
2025-09-15,49.76612894117526
2025-09-16,49.74801552734655
2025-09-17,49.391220656970006
2025-09-18,50.21445252913954
2025-09-19,50.65102257184136
2025-09-22,51.139881993875086
2025-09-23,51.025682291669284
2025-09-24,50.364466338039854
2025-09-25,49.90717222943059
2025-09-26,50.14992862911673
2025-09-29,51.21460581036602
2025-09-30,52.1056256575172
2025-10-01,52.8043944492387
2025-10-02,52.86756122282421
2025-10-03,52.40807819481217
2025-10-06,51.643055007395766
2025-10-07,51.13464250431228
2025-10-08,52.05775936753564
2025-10-09,51.76802720866849
2025-10-10,49.59110538025414
2025-10-13,50.971814545360274
2025-10-14,50.280717984642486
2025-10-15,50.92628883613716
2025-10-16,51.219557732584924
2025-10-17,51.04551445792188
2025-10-20,51.01626851040919
2025-10-21,50.70643367769642
2025-10-22,49.937834459305094
2025-10-23,51.786026242410145
2025-10-24,54.08950323937638
2025-10-27,55.01870225140002
2025-10-28,54.78381560781188
2025-10-29,57.175640110246704
2025-10-30,56.01636821556516
2025-10-31,56.685663568138295
2025-11-03,57.10818981894716
2025-11-04,54.83312525109804
2025-11-05,57.99237374983043
2025-11-06,57.461490278405655
2025-11-07,57.917093697775286
2025-11-10,60.135211205528165
2025-11-11,58.52262632388585
2025-11-12,58.362373381320566
2025-11-13,55.49588019779533
2025-11-14,55.32063146105131
2025-11-17,54.920794235799626
2025-11-18,54.35143418629481
2025-11-19,55.330994217524214
2025-11-20,52.067625776721286
2025-11-21,53.07082737609507
2025-11-24,56.45601224219482
2025-11-25,56.812758676837724
2025-11-26,58.777696363556956
2025-11-28,60.270912134187355
2025-12-01,59.75957317993505
2025-12-02,59.71087605870128
2025-12-03,58.85783364207709
2025-12-04,59.599699155434216
2025-12-05,61.6284514158153
2025-12-08,62.5839797248483
2025-12-09,63.06375089170603
2025-12-10,65.41192523536824
2025-12-11,66.63782864665568
2025-12-12,63.133659437933666
2025-12-15,62.70402121270538
2025-12-16,62.361902356140064
2025-12-17,60.984918437653214
2025-12-18,62.611840173088325
2025-12-19,65.3374271488179
2025-12-22,66.17452485130944
2025-12-23,66.42748594911755
2025-12-24,67.12925981750105
2025-12-26,67.09109859947054
2025-12-29,66.82666553386015
2025-12-30,66.47913564496388
